0,0,0,0,0,0,0,0,0,0,0,0,0,0
1765976265173886,0,-4,1.49998,-1.64008,-0.00197519,-0.00786463,0,-0.392265,-1.56629,0,2.12688e-08,0,0
1765976265178897,0,-4.00002,1.49992,-1.64008,-0.00392812,-0.0156848,0,-0.387197,-1.55491,0,1.70238e-07,0,0
1765976265183883,0,-4.00004,1.49982,-1.64008,-0.00584615,-0.0234094,0,-0.382171,-1.54363,0,5.71076e-07,0,0
1765976265188993,0,-4.00008,1.49968,-1.64008,-0.00778592,-0.0312679,0,-0.377035,-1.53209,0,1.37348e-06,0,0
1765976265193985,0,-4.00012,1.49951,-1.64008,-0.00965559,-0.038888,0,-0.372033,-1.52084,0,2.66621e-06,0,0
1765976265199000,0,-4.00018,1.49929,-1.64008,-0.0115088,-0.0464868,0,-0.367024,-1.50958,0,4.59603e-06,0,0
1765976265203999,0,-4.00024,1.49904,-1.64008,-0.0133311,-0.0540051,0,-0.362046,-1.49838,0,7.27184e-06,0,0
1765976265208995,0,-4.00031,1.49876,-1.64008,-0.0151275,-0.0614632,0,-0.357087,-1.48722,0,1.08177e-05,0,0
1765976265214060,0,-4.00039,1.49842,-1.64008,-0.0169234,-0.0689674,0,-0.352074,-1.47594,0,1.54252e-05,0,0
1765976265218894,0,-4.00048,1.49807,-1.64008,-0.0186138,-0.0760761,0,-0.347305,-1.46519,0,2.08873e-05,0,0
1765976265223887,0,-4.00057,1.49768,-1.64008,-0.0203356,-0.0833641,0,-0.342394,-1.45413,0,2.77362e-05,0,0
1765976265228893,0,-4.00068,1.49724,-1.64008,-0.0220373,-0.0906158,0,-0.337485,-1.44306,0,3.59511e-05,0,0
1765976265233892,0,-4.00079,1.49677,-1.64008,-0.0237122,-0.0978021,0,-0.332598,-1.43204,0,4.56182e-05,0,0
1765976265238894,0,-4.00092,1.49626,-1.64008,-0.0253637,-0.104938,0,-0.327724,-1.42105,0,5.68712e-05,0,0
1765976265244020,0,-4.00105,1.49571,-1.64008,-0.0270308,-0.112193,0,-0.322745,-1.40981,0,7.01632e-05,0,0
1765976265249062,0,-4.00119,1.49512,-1.64008,-0.0286458,-0.119274,0,-0.317863,-1.39879,0,8.50937e-05,0,0
1765976265253979,0,-4.00134,1.49452,-1.64008,-0.030197,-0.126125,0,-0.313117,-1.38806,0,0.000101538,0,0
1765976265258906,0,-4.00149,1.49388,-1.64008,-0.0317281,-0.132938,0,-0.308375,-1.37735,0,0.000119991,0,0
1765976265263880,0,-4.00165,1.4932,-1.64008,-0.0332501,-0.139762,0,-0.303604,-1.36656,0,0.000140733,0,0
1765976265268834,0,-4.00182,1.49249,-1.64008,-0.0347424,-0.146505,0,-0.298867,-1.35585,0,0.000163608,0,0
1765976265273902,0,-4.002,1.49173,-1.64008,-0.0362448,-0.153349,0,-0.294035,-1.34492,0,0.000189412,0,0
1765976265278896,0,-4.00218,1.49095,-1.64008,-0.0377013,-0.160039,0,-0.28929,-1.33417,0,0.000217323,0,0
1765976265283868,0,-4.00237,1.49014,-1.64008,-0.039128,-0.166646,0,-0.284581,-1.32351,0,0.000247669,0,0
1765976265288869,0,-4.00257,1.48929,-1.64008,-0.0405394,-0.173238,0,-0.279859,-1.31281,0,0.000280872,0,0
1765976265293848,0,-4.00278,1.48841,-1.64008,-0.0419211,-0.179748,0,-0.275172,-1.30219,0,0.000316704,0,0
1765976265298876,0,-4.00299,1.48749,-1.64008,-0.0432928,-0.186268,0,-0.270455,-1.29149,0,0.000355804,0,0
1765976265303856,0,-4.00321,1.48655,-1.64008,-0.0446281,-0.192673,0,-0.265798,-1.28093,0,0.000397522,0,0
1765976265308841,0,-4.00344,1.48557,-1.64008,-0.0459415,-0.199033,0,-0.261151,-1.27038,0,0.000442366,0,0
1765976265313861,0,-4.00367,1.48456,-1.64008,-0.0472407,-0.205383,0,-0.256486,-1.25979,0,0.000490746,0,0
1765976265318881,0,-4.00391,1.48351,-1.64008,-0.0485166,-0.211681,0,-0.251837,-1.24922,0,0.00054246,0,0
1765976265323853,0,-4.00416,1.48244,-1.64008,-0.0497573,-0.217866,0,-0.247247,-1.23879,0,0.000597066,0,0
1765976265328865,0,-4.00441,1.48133,-1.64008,-0.050985,-0.224049,0,-0.242634,-1.2283,0,0.000655622,0,0
1765976265333870,0,-4.00467,1.4802,-1.64008,-0.0521879,-0.23017,0,-0.238044,-1.21786,0,0.000717712,0,0
1765976265338870,0,-4.00493,1.47903,-1.64008,-0.0533667,-0.236233,0,-0.233472,-1.20746,0,0.000783447,0,0
1765976265343868,0,-4.0052,1.47783,-1.64008,-0.0545222,-0.242242,0,-0.228918,-1.19709,0,0.000852954,0,0
1765976265348866,0,-4.00548,1.47661,-1.64008,-0.0556549,-0.2482,0,-0.224378,-1.18675,0,0.000926355,0,0
1765976265353832,0,-4.00575,1.47536,-1.64008,-0.056758,-0.254068,0,-0.219882,-1.1765,0,0.00100324,0,0
1765976265358873,0,-4.00604,1.47407,-1.64008,-0.057855,-0.259972,0,-0.215333,-1.16613,0,0.0010854,0,0
1765976265363868,0,-4.00633,1.47275,-1.64008,-0.0589194,-0.265771,0,-0.21084,-1.15588,0,0.00117101,0,0
1765976265368837,0,-4.00663,1.47142,-1.64008,-0.0599559,-0.27149,0,-0.206386,-1.14571,0,0.0012604,0,0
1765976265373866,0,-4.00693,1.47004,-1.64008,-0.0609825,-0.277226,0,-0.201892,-1.13545,0,0.00135526,0,0
1765976265378864,0,-4.00724,1.46864,-1.64008,-0.0619805,-0.282875,0,-0.197441,-1.12529,0,0.001454,0,0
1765976265383838,0,-4.00755,1.46722,-1.64008,-0.0629516,-0.288447,0,-0.193026,-1.1152,0,0.00155678,0,0
1765976265388863,0,-4.00787,1.46575,-1.64008,-0.0639103,-0.294026,0,-0.188581,-1.10503,0,0.00166526,0,0
1765976265393865,0,-4.00819,1.46427,-1.64008,-0.0648426,-0.299528,0,-0.18417,-1.09494,0,0.00177799,0,0
1765976265398881,0,-4.00852,1.46275,-1.64008,-0.0657553,-0.304995,0,-0.179762,-1.08485,0,0.00189587,0,0
1765976265403886,0,-4.00885,1.46121,-1.64008,-0.0666441,-0.310399,0,-0.175379,-1.07482,0,0.00201839,0,0
1765976265408868,0,-4.00919,1.45965,-1.64008,-0.067507,-0.315729,0,-0.17103,-1.06485,0,0.00214532,0,0
1765976265413859,0,-4.00953,1.45806,-1.64008,-0.0683497,-0.321019,0,-0.166688,-1.0549,0,0.00227752,0,0
1765976265418871,0,-4.00987,1.45644,-1.64008,-0.0691743,-0.326281,0,-0.162342,-1.04494,0,0.00241543,0,0
1765976265423851,0,-4.01022,1.4548,-1.64008,-0.069972,-0.33146,0,-0.158038,-1.03506,0,0.00255768,0,0
1765976265428877,0,-4.01057,1.45313,-1.64008,-0.0707554,-0.336638,0,-0.15371,-1.02513,0,0.00270659,0,0
1765976265433875,0,-4.01093,1.45143,-1.64008,-0.0715129,-0.341737,0,-0.14942,-1.01528,0,0.00286008,0,0
1765976265438850,0,-4.01128,1.44972,-1.64008,-0.0722457,-0.346763,0,-0.145164,-1.0055,0,0.00301829,0,0
1765976265443868,0,-4.01165,1.44797,-1.64008,-0.0729634,-0.351784,0,-0.140886,-0.995663,0,0.00318345,0,0
1765976265448881,0,-4.01201,1.44619,-1.64008,-0.073659,-0.356751,0,-0.136627,-0.985867,0,0.00335412,0,0
1765976265453827,0,-4.01238,1.44441,-1.64008,-0.0743244,-0.361603,0,-0.13244,-0.97623,0,0.00352813,0,0
1765976265458883,0,-4.01276,1.44257,-1.64008,-0.0749832,-0.366514,0,-0.128173,-0.966408,0,0.00371188,0,0
1765976265463845,0,-4.01313,1.44074,-1.64008,-0.0756088,-0.371285,0,-0.124001,-0.956796,0,0.00389804,0,0
1765976265468826,0,-4.01351,1.43888,-1.64008,-0.0762161,-0.376027,0,-0.119827,-0.947176,0,0.0040908,0,0
1765976265473892,0,-4.0139,1.43696,-1.64008,-0.0768124,-0.380801,0,-0.115596,-0.93742,0,0.00429299,0,0
1765976265478948,0,-4.01429,1.43503,-1.64008,-0.0773862,-0.385516,0,-0.111388,-0.927713,0,0.00450101,0,0
1765976265483981,0,-4.01468,1.43307,-1.64008,-0.0779363,-0.390161,0,-0.107214,-0.918078,0,0.00471435,0,0
1765976265488994,0,-4.01507,1.43111,-1.64008,-0.0784634,-0.394739,0,-0.103072,-0.90851,0,0.00493312,0,0
1765976265493928,0,-4.01546,1.42915,-1.64008,-0.0789619,-0.399199,0,-0.0990081,-0.89912,0,0.00515465,0,0
1765976265499026,0,-4.01586,1.4271,-1.64008,-0.079456,-0.403758,0,-0.0948243,-0.889448,0,0.00539007,0,0
1765976265503998,0,-4.01626,1.42508,-1.64008,-0.0799173,-0.408157,0,-0.0907583,-0.880042,0,0.00562614,0,0
1765976265509025,0,-4.01666,1.42302,-1.64008,-0.0803633,-0.412557,0,-0.0866616,-0.87056,0,0.00587138,0,0
1765976265514022,0,-4.01706,1.42095,-1.64008,-0.0807862,-0.416883,0,-0.0826038,-0.861164,0,0.00612175,0,0
1765976265519013,0,-4.01747,1.41886,-1.64008,-0.0811884,-0.421158,0,-0.0785651,-0.851806,0,0.00637847,0,0
1765976265523896,0,-4.01787,1.41679,-1.64008,-0.0815624,-0.425295,0,-0.0746275,-0.842678,0,0.00663612,0,0
1765976265528971,0,-4.01828,1.41462,-1.64008,-0.0819308,-0.429548,0,-0.0705495,-0.833219,0,0.00691076,0,0
1765976265534018,0,-4.0187,1.41244,-1.64008,-0.0822766,-0.433729,0,-0.0665086,-0.823841,0,0.00719089,0,0
1765976265538903,0,-4.0191,1.41031,-1.64008,-0.082592,-0.437732,0,-0.0626111,-0.814791,0,0.00746875,0,0
1765976265544020,0,-4.01952,1.40806,-1.64008,-0.082902,-0.441877,0,-0.0585431,-0.80534,0,0.00776696,0,0
1765976265548982,0,-4.01993,1.40586,-1.64008,-0.0831827,-0.44585,0,-0.0546125,-0.796203,0,0.00806319,0,0
1765976265553893,0,-4.02034,1.40366,-1.64008,-0.0834414,-0.449738,0,-0.050736,-0.787187,0,0.00836326,0,0
1765976265559001,0,-4.02077,1.40135,-1.64008,-0.0836903,-0.453735,0,-0.0467186,-0.777838,0,0.00868271,0,0
1765976265564027,0,-4.02119,1.39906,-1.64008,-0.0839152,-0.457622,0,-0.04278,-0.768667,0,0.00900441,0,0
1765976265569012,0,-4.02161,1.39677,-1.64008,-0.0841187,-0.461431,0,-0.0388876,-0.759598,0,0.00933076,0,0
1765976265574002,0,-4.02203,1.39446,-1.64008,-0.0843031,-0.465199,0,-0.0350053,-0.750548,0,0.00966476,0,0
1765976265579082,0,-4.02246,1.39209,-1.64008,-0.0844709,-0.468988,0,-0.0310675,-0.741363,0,0.0100124,0,0
1765976265584026,0,-4.02288,1.38976,-1.64008,-0.0846151,-0.472631,0,-0.027249,-0.732451,0,0.0103581,0,0
1765976265588997,0,-4.0233,1.3874,-1.64008,-0.084741,-0.47625,0,-0.0234235,-0.723518,0,0.0107131,0,0
1765976265594023,0,-4.02372,1.385,-1.64008,-0.084849,-0.479864,0,-0.0195698,-0.714513,0,0.0110796,0,0
1765976265599020,0,-4.02415,1.38259,-1.64008,-0.0849373,-0.483412,0,-0.0157523,-0.705588,0,0.0114517,0,0
1765976265603991,0,-4.02457,1.38018,-1.64008,-0.0850062,-0.486897,0,-0.0119686,-0.696737,0,0.0118295,0,0
1765976265609001,0,-4.025,1.37773,-1.64008,-0.0850566,-0.490366,0,-0.00816921,-0.687844,0,0.012218,0,0
1765976265614019,0,-4.02542,1.37526,-1.64008,-0.0850881,-0.493795,0,-0.00437779,-0.678964,0,0.0126149,0,0
1765976265618992,0,-4.02585,1.3728,-1.64008,-0.0851005,-0.49715,0,-0.000634235,-0.670192,0,0.0130161,0,0
1765976265623956,0,-4.02627,1.37032,-1.64008,-0.0850944,-0.500455,0,0.0030888,-0.661462,0,0.0134244,0,0
1765976265628947,0,-4.02669,1.36782,-1.64008,-0.0850697,-0.503734,0,0.00681827,-0.652711,0,0.0138427,0,0
1765976265634055,0,-4.02713,1.36524,-1.64008,-0.0850252,-0.507046,0,0.0106208,-0.643784,0,0.0142792,0,0
1765976265638994,0,-4.02755,1.36272,-1.64008,-0.0849637,-0.510204,0,0.0142838,-0.635179,0,0.0147092,0,0
1765976265643940,0,-4.02797,1.36019,-1.64008,-0.084884,-0.513324,0,0.0179384,-0.626589,0,0.0151477,0,0
1765976265649015,0,-4.0284,1.35758,-1.64008,-0.0847834,-0.516482,0,0.0216742,-0.617802,0,0.0156059,0,0
1765976265653905,0,-4.02881,1.35505,-1.64008,-0.0846687,-0.519482,0,0.0252604,-0.609362,0,0.0160555,0,0
1765976265659014,0,-4.02924,1.35238,-1.64008,-0.0845301,-0.522573,0,0.0289931,-0.600572,0,0.0165336,0,0
1765976265663893,0,-4.02966,1.34983,-1.64008,-0.08438,-0.525483,0,0.0325443,-0.592204,0,0.0169982,0,0
1765976265669043,0,-4.03009,1.34711,-1.64008,-0.0842027,-0.52851,0,0.0362785,-0.583399,0,0.0174973,0,0
1765976265673898,0,-4.0305,1.34454,-1.64008,-0.0840181,-0.531322,0,0.0397854,-0.575125,0,0.0179759,0,0
1765976265678928,0,-4.03092,1.34186,-1.64008,-0.0838089,-0.534194,0,0.043405,-0.56658,0,0.0184801,0,0
1765976265684016,0,-4.03135,1.33914,-1.64008,-0.0835787,-0.537055,0,0.0470523,-0.557964,0,0.0189988,0,0
1765976265688881,0,-4.03175,1.33652,-1.64008,-0.0833414,-0.539749,0,0.0505264,-0.549751,0,0.0195031,0,0
1765976265694072,0,-4.03219,1.33371,-1.64008,-0.0830695,-0.54258,0,0.0542191,-0.541016,0,0.02005,0,0
1765976265699028,0,-4.0326,1.33101,-1.64008,-0.0827921,-0.545241,0,0.0577308,-0.532704,0,0.0205809,0,0
1765976265703923,0,-4.033,1.32834,-1.64008,-0.082501,-0.547828,0,0.0611861,-0.52452,0,0.0211135,0,0
1765976265709062,0,-4.03342,1.32551,-1.64008,-0.0821773,-0.550502,0,0.0647996,-0.515956,0,0.0216816,0,0
1765976265713974,0,-4.03383,1.3228,-1.64008,-0.0818506,-0.553016,0,0.06824,-0.507797,0,0.0222332,0,0
1765976265718987,0,-4.03424,1.32003,-1.64008,-0.0814997,-0.555541,0,0.0717376,-0.499496,0,0.0228049,0,0
1765976265723917,0,-4.03464,1.31728,-1.64008,-0.0811376,-0.557983,0,0.075164,-0.49136,0,0.0233757,0,0
1765976265729052,0,-4.03505,1.31441,-1.64008,-0.0807425,-0.560485,0,0.0787188,-0.482912,0,0.0239793,0,0
1765976265733888,0,-4.03544,1.31169,-1.64008,-0.0803537,-0.562801,0,0.0820535,-0.474982,0,0.0245563,0,0
1765976265738994,0,-4.03585,1.30881,-1.64008,-0.0799258,-0.565205,0,0.0855607,-0.466636,0,0.0251746,0,0
1765976265743928,0,-4.03624,1.30602,-1.64008,-0.0794953,-0.567488,0,0.0889363,-0.458598,0,0.0257809,0,0
1765976265749024,0,-4.03665,1.30312,-1.64008,-0.0790332,-0.569804,0,0.092409,-0.450323,0,0.0264162,0,0
1765976265753982,0,-4.03704,1.30029,-1.64008,-0.0785667,-0.572016,0,0.0957741,-0.442299,0,0.0270433,0,0
1765976265758991,0,-4.03743,1.29742,-1.64008,-0.0780785,-0.574212,0,0.0991604,-0.434219,0,0.0276859,0,0
1765976265764001,0,-4.03782,1.29454,-1.64008,-0.0775732,-0.576367,0,0.102534,-0.426164,0,0.0283376,0,0
1765976265768994,0,-4.03821,1.29165,-1.64008,-0.0770529,-0.578475,0,0.105883,-0.418162,0,0.0289963,0,0
1765976265774001,0,-4.03859,1.28875,-1.64008,-0.0765144,-0.580548,0,0.109227,-0.410165,0,0.0296659,0,0
1765976265779058,0,-4.03898,1.28581,-1.64008,-0.0759535,-0.582602,0,0.112591,-0.402114,0,0.0303515,0,0
1765976265783871,0,-4.03934,1.283,-1.64008,-0.0754039,-0.584519,0,0.115781,-0.394478,0,0.0310127,0,0
1765976265788975,0,-4.03973,1.28001,-1.64008,-0.0748044,-0.586512,0,0.119149,-0.386406,0,0.0317232,0,0
1765976265794021,0,-4.0401,1.27705,-1.64008,-0.0741948,-0.588442,0,0.122466,-0.378452,0,0.0324351,0,0
1765976265799079,0,-4.04047,1.27407,-1.64008,-0.073567,-0.590336,0,0.125777,-0.370507,0,0.0331581,0,0
1765976265804003,0,-4.04084,1.27116,-1.64008,-0.0729397,-0.592141,0,0.128987,-0.362798,0,0.0338712,0,0
1765976265809064,0,-4.0412,1.26816,-1.64008,-0.0722786,-0.593957,0,0.132272,-0.354901,0,0.0346134,0,0
1765976265814028,0,-4.04156,1.2652,-1.64008,-0.0716141,-0.5957,0,0.135482,-0.347182,0,0.0353507,0,0
1765976265818978,0,-4.04191,1.26225,-1.64008,-0.0709355,-0.597399,0,0.13867,-0.33951,0,0.0360951,0,0
1765976265824002,0,-4.04227,1.25924,-1.64008,-0.0702307,-0.599086,0,0.141892,-0.331749,0,0.0368601,0,0
1765976265829060,0,-4.04262,1.25621,-1.64008,-0.0695049,-0.600744,0,0.145122,-0.323963,0,0.0376398,0,0
1765976265834008,0,-4.04296,1.25323,-1.64008,-0.068779,-0.602328,0,0.148269,-0.316371,0,0.0384119,0,0
1765976265839001,0,-4.0433,1.25022,-1.64008,-0.0680308,-0.603889,0,0.151431,-0.308737,0,0.0392004,0,0
1765976265844055,0,-4.04365,1.24717,-1.64008,-0.0672574,-0.60543,0,0.154619,-0.301036,0,0.0400082,0,0
1765976265849027,0,-4.04398,1.24415,-1.64008,-0.0664809,-0.606907,0,0.157742,-0.293485,0,0.0408123,0,0
1765976265853986,0,-4.04431,1.24114,-1.64008,-0.065691,-0.608344,0,0.160844,-0.28598,0,0.0416236,0,0
1765976265859021,0,-4.04464,1.23807,-1.64008,-0.0648732,-0.609765,0,0.16398,-0.278386,0,0.042457,0,0
1765976265863898,0,-4.04495,1.2351,-1.64008,-0.0640661,-0.611105,0,0.167004,-0.271055,0,0.0432734,0,0
1765976265868990,0,-4.04527,1.23198,-1.64008,-0.0632077,-0.612466,0,0.170149,-0.263428,0,0.0441356,0,0
1765976265873999,0,-4.04559,1.22891,-1.64008,-0.0623477,-0.613766,0,0.17323,-0.25595,0,0.0449934,0,0
1765976265879092,0,-4.0459,1.22578,-1.64008,-0.0614575,-0.615051,0,0.176348,-0.248374,0,0.0458755,0,0
1765976265883995,0,-4.0462,1.22276,-1.64008,-0.0605855,-0.616251,0,0.179338,-0.241106,0,0.0467341,0,0
1765976265889000,0,-4.0465,1.21967,-1.64008,-0.0596803,-0.617439,0,0.182377,-0.233713,0,0.0476201,0,0
1765976265893916,0,-4.04679,1.21664,-1.64008,-0.0587765,-0.61857,0,0.185349,-0.226475,0,0.0484997,0,0
1765976265898929,0,-4.04709,1.21353,-1.64008,-0.0578397,-0.619687,0,0.188367,-0.219121,0,0.0494063,0,0
1765976265903898,0,-4.04737,1.21045,-1.64008,-0.0568963,-0.620758,0,0.191345,-0.211856,0,0.0503146,0,0
1765976265908877,0,-4.04765,1.20736,-1.64008,-0.0559362,-0.621794,0,0.194316,-0.204603,0,0.0512343,0,0
1765976265914062,0,-4.04794,1.20413,-1.64008,-0.0549207,-0.622836,0,0.197397,-0.197076,0,0.0522023,0,0
1765976265919016,0,-4.04821,1.20104,-1.64008,-0.0539355,-0.623794,0,0.200328,-0.18991,0,0.0531368,0,0
1765976265923894,0,-4.04847,1.198,-1.64008,-0.0529513,-0.624703,0,0.203201,-0.182878,0,0.0540664,0,0
1765976265928925,0,-4.04873,1.19485,-1.64008,-0.0519216,-0.625605,0,0.206151,-0.175652,0,0.0550348,0,0
1765976265933896,0,-4.04899,1.19174,-1.64008,-0.0508896,-0.626461,0,0.209054,-0.168537,0,0.0560014,0,0
1765976265938995,0,-4.04925,1.18854,-1.64008,-0.0498161,-0.627302,0,0.212018,-0.161265,0,0.0570029,0,0
1765976265943916,0,-4.04949,1.18545,-1.64008,-0.0487657,-0.628078,0,0.214866,-0.154271,0,0.057979,0,0
1765976265948944,0,-4.04973,1.18229,-1.64008,-0.0476781,-0.628836,0,0.217763,-0.147151,0,0.0589862,0,0
1765976265953926,0,-4.04997,1.17916,-1.64008,-0.0465861,-0.629551,0,0.22062,-0.140122,0,0.0599938,0,0
1765976265959020,0,-4.0502,1.17595,-1.64008,-0.0454548,-0.630247,0,0.223529,-0.13296,0,0.0610342,0,0
1765976265964058,0,-4.05043,1.17277,-1.64008,-0.0443214,-0.630899,0,0.226393,-0.125903,0,0.0620732,0,0
1765976265968908,0,-4.05064,1.16971,-1.64008,-0.0432168,-0.631493,0,0.229137,-0.119134,0,0.0630827,0,0
1765976265973914,0,-4.05085,1.16655,-1.64008,-0.0420626,-0.632072,0,0.231957,-0.112172,0,0.0641344,0,0
1765976265978930,0,-4.05106,1.16338,-1.64008,-0.0408921,-0.632617,0,0.234771,-0.105221,0,0.0651981,0,0
1765976265983989,0,-4.05127,1.16018,-1.64008,-0.0396972,-0.633132,0,0.237595,-0.0982358,0,0.0662809,0,0
1765976265988906,0,-4.05146,1.15706,-1.64008,-0.0385222,-0.633598,0,0.240327,-0.0914716,0,0.0673429,0,0
1765976265993916,0,-4.05165,1.15389,-1.64008,-0.0373113,-0.634039,0,0.243099,-0.0846045,0,0.0684348,0,0
1765976265999097,0,-4.05184,1.1506,-1.64008,-0.0360444,-0.634459,0,0.245952,-0.0775295,0,0.0695743,0,0
1765976266003915,0,-4.05201,1.14754,-1.64008,-0.034853,-0.634817,0,0.248592,-0.0709742,0,0.0706434,0,0
1765976266008922,0,-4.05218,1.14436,-1.64008,-0.0336014,-0.635155,0,0.251324,-0.0641864,0,0.0717641,0,0
1765976266013928,0,-4.05234,1.14118,-1.64008,-0.0323365,-0.63546,0,0.254043,-0.057425,0,0.0728945,0,0
1765976266018988,0,-4.05251,1.13797,-1.64008,-0.0310441,-0.635733,0,0.256778,-0.0506161,0,0.0740471,0,0
1765976266024012,0,-4.05266,1.13477,-1.64008,-0.0297473,-0.635971,0,0.259481,-0.0438808,0,0.0752014,0,0
1765976266028898,0,-4.0528,1.13166,-1.64008,-0.028473,-0.636169,0,0.262098,-0.0373547,0,0.0763335,0,0
1765976266034002,0,-4.05294,1.12842,-1.64008,-0.0271283,-0.636342,0,0.264818,-0.0305627,0,0.0775261,0,0
1765976266039015,0,-4.05307,1.12523,-1.64008,-0.0257941,-0.636479,0,0.267478,-0.023917,0,0.0787075,0,0
1765976266043928,0,-4.0532,1.1221,-1.64008,-0.0244736,-0.63658,0,0.270072,-0.0174281,0,0.0798748,0,0
1765976266049056,0,-4.05332,1.11884,-1.64008,-0.0230818,-0.636653,0,0.272766,-0.0106806,0,0.0811034,0,0
1765976266053915,0,-4.05343,1.11574,-1.64008,-0.0217503,-0.636689,0,0.275308,-0.00431119,0,0.082277,0,0
1765976266058926,0,-4.05353,1.11255,-1.64008,-0.0203641,-0.636694,0,0.277916,0.00223316,0,0.083497,0,0
1765976266064011,0,-4.05363,1.10931,-1.64008,-0.0189442,-0.636666,0,0.28055,0.00884879,0,0.0847452,0,0
1765976266068984,0,-4.05373,1.10615,-1.64008,-0.0175427,-0.636606,0,0.283114,0.0152941,0,0.0859756,0,0
1765976266074005,0,-4.05381,1.10295,-1.64008,-0.0161147,-0.636513,0,0.28569,0.0217769,0,0.0872277,0,0
1765976266079030,0,-4.05389,1.09975,-1.64008,-0.0146727,-0.636387,0,0.288255,0.0282401,0,0.0884907,0,0
1765976266083994,0,-4.05396,1.09659,-1.64008,-0.0132355,-0.636231,0,0.290777,0.0346005,0,0.0897481,0,0
1765976266088988,0,-4.05402,1.09342,-1.64008,-0.011777,-0.636042,0,0.293302,0.0409749,0,0.0910228,0,0
1765976266094027,0,-4.05407,1.09021,-1.64008,-0.0102927,-0.63582,0,0.295838,0.047382,0,0.0923188,0,0
1765976266099002,0,-4.05412,1.08705,-1.64008,-0.00881471,-0.635568,0,0.298328,0.0536834,0,0.0936082,0,0
1765976266103925,0,-4.05416,1.08392,-1.64008,-0.00734001,-0.635289,0,0.300781,0.0598951,0,0.0948935,0,0
1765976266109002,0,-4.05419,1.0807,-1.64008,-0.00580654,-0.634969,0,0.303298,0.0662764,0,0.0962289,0,0
1765976266113931,0,-4.05422,1.07757,-1.64008,-0.00430559,-0.634627,0,0.30573,0.0724477,0,0.097535,0,0
1765976266118977,0,-4.05424,1.07437,-1.64008,-0.00275662,-0.634245,0,0.308207,0.078741,0,0.0988819,0,0
1765976266123914,0,-4.05425,1.07124,-1.64008,-0.00122905,-0.633841,0,0.310618,0.0848744,0,0.100209,0,0
1765976266129028,0,-4.05425,1.068,-1.64008,0.000365819,-0.633391,0,0.313103,0.0912027,0,0.101594,0,0
1765976266134002,0,-4.05424,1.06485,-1.64008,0.00192918,-0.632922,0,0.315508,0.0973335,0,0.102951,0,0
1765976266138901,0,-4.05423,1.06175,-1.64008,0.00348064,-0.632431,0,0.317865,0.103348,0,0.104297,0,0
1765976266144000,0,-4.05421,1.05852,-1.64008,0.00510766,-0.631888,0,0.320305,0.109584,0,0.105707,0,0
1765976266148891,0,-4.05418,1.05544,-1.64008,0.00667997,-0.631337,0,0.322635,0.115542,0,0.107069,0,0
1765976266153888,0,-4.05414,1.05228,-1.64008,0.0082981,-0.630745,0,0.325002,0.121605,0,0.108471,0,0
1765976266159016,0,-4.0541,1.04905,-1.64008,0.00997092,-0.630105,0,0.327419,0.127802,0,0.109919,0,0
1765976266163884,0,-4.05404,1.04598,-1.64008,0.0115704,-0.629469,0,0.329702,0.133662,0,0.111303,0,0
1765976266168858,0,-4.05398,1.04285,-1.64008,0.0132161,-0.628789,0,0.332023,0.139626,0,0.112726,0,0
1765976266173866,0,-4.05391,1.03971,-1.64008,0.0148847,-0.628075,0,0.334347,0.145606,0,0.114169,0,0
1765976266178877,0,-4.05383,1.03656,-1.64008,0.0165659,-0.62733,0,0.336661,0.151566,0,0.115622,0,0
1765976266183872,0,-4.05375,1.03343,-1.64008,0.0182532,-0.626558,0,0.338955,0.157483,0,0.11708,0,0
1765976266188865,0,-4.05365,1.0303,-1.64008,0.0199513,-0.625757,0,0.341237,0.163374,0,0.118547,0,0
1765976266193903,0,-4.05355,1.02715,-1.64008,0.0216763,-0.624919,0,0.343527,0.169293,0,0.120037,0,0
1765976266198886,0,-4.05343,1.02404,-1.64008,0.0233937,-0.624061,0,0.34578,0.175125,0,0.12152,0,0
1765976266203876,0,-4.05331,1.02093,-1.64008,0.0251247,-0.623173,0,0.348024,0.18094,0,0.123015,0,0
1765976266208862,0,-4.05318,1.01782,-1.64008,0.0268655,-0.622256,0,0.350254,0.186728,0,0.124518,0,0
1765976266213869,0,-4.05304,1.01471,-1.64008,0.0286248,-0.621307,0,0.352482,0.192516,0,0.126036,0,0
1765976266218828,0,-4.0529,1.01163,-1.64008,0.0303782,-0.620338,0,0.354677,0.198225,0,0.12755,0,0
1765976266223862,0,-4.05274,1.00851,-1.64008,0.0321693,-0.619325,0,0.356892,0.203997,0,0.129095,0,0
1765976266228866,0,-4.05257,1.00542,-1.64008,0.0339606,-0.61829,0,0.359083,0.209711,0,0.130641,0,0
1765976266234025,0,-4.05239,1.00223,-1.64008,0.035819,-0.617193,0,0.361329,0.215577,0,0.132245,0,0
1765976266238985,0,-4.05221,0.99917,-1.64008,0.0376165,-0.61611,0,0.363477,0.221192,0,0.133796,0,0
1765976266244022,0,-4.05202,0.99607,-1.64008,0.0394527,-0.614982,0,0.365646,0.226872,0,0.13538,0,0
1765976266249055,0,-4.05182,0.992978,-1.64008,0.0412985,-0.613826,0,0.367801,0.232523,0,0.136973,0,0
1765976266253991,0,-4.05161,0.989951,-1.64008,0.0431191,-0.612664,0,0.369903,0.238042,0,0.138544,0,0
1765976266259058,0,-4.05138,0.986849,-1.64008,0.0449989,-0.611444,0,0.372049,0.243683,0,0.140166,0,0
1765976266263892,0,-4.05116,0.983896,-1.64008,0.0468023,-0.610253,0,0.374085,0.249043,0,0.141722,0,0
1765976266268997,0,-4.05092,0.980784,-1.64008,0.0487175,-0.608967,0,0.376224,0.25468,0,0.143375,0,0
1765976266273895,0,-4.05067,0.977805,-1.64008,0.0505652,-0.607706,0,0.378264,0.260065,0,0.14497,0,0
1765976266279059,0,-4.05041,0.97467,-1.64008,0.0525241,-0.606349,0,0.380402,0.265718,0,0.146661,0,0
1765976266283908,0,-4.05015,0.971733,-1.64008,0.0543735,-0.605048,0,0.382399,0.271004,0,0.148258,0,0
1765976266288990,0,-4.04987,0.968662,-1.64008,0.0563221,-0.603656,0,0.38448,0.27652,0,0.14994,0,0
1765976266293915,0,-4.04959,0.965692,-1.64008,0.0582207,-0.602281,0,0.386485,0.281844,0,0.15158,0,0
1765976266299021,0,-4.04928,0.962621,-1.64008,0.0601993,-0.600828,0,0.388552,0.287338,0,0.153289,0,0
1765976266303890,0,-4.04899,0.959699,-1.64008,0.062096,-0.599416,0,0.390512,0.292556,0,0.154927,0,0
1765976266308933,0,-4.04867,0.956679,-1.64008,0.0640704,-0.597928,0,0.39253,0.297936,0,0.156633,0,0
1765976266313864,0,-4.04835,0.953735,-1.64008,0.0660108,-0.596446,0,0.394492,0.303175,0,0.15831,0,0
1765976266318854,0,-4.04801,0.950762,-1.64008,0.0679843,-0.594919,0,0.396466,0.308453,0,0.160016,0,0
1765976266323870,0,-4.04767,0.947782,-1.64008,0.0699779,-0.593359,0,0.398438,0.313735,0,0.161739,0,0
1765976266328865,0,-4.04731,0.944822,-1.64008,0.0719729,-0.591779,0,0.400391,0.318973,0,0.163464,0,0
1765976266333864,0,-4.04695,0.941868,-1.64008,0.0739794,-0.590171,0,0.402334,0.324191,0,0.1652,0,0
1765976266338864,0,-4.04657,0.938921,-1.64008,0.0759959,-0.588537,0,0.404265,0.329388,0,0.166944,0,0
1765976266343863,0,-4.04619,0.935983,-1.64008,0.0780216,-0.586878,0,0.406185,0.334561,0,0.168697,0,0
1765976266348864,0,-4.04579,0.933052,-1.64008,0.0800577,-0.585192,0,0.408094,0.339713,0,0.17046,0,0
1765976266353852,0,-4.04539,0.930138,-1.64008,0.082098,-0.583484,0,0.409987,0.344828,0,0.172226,0,0
1765976266358867,0,-4.04497,0.927216,-1.64008,0.0841588,-0.581742,0,0.411878,0.349949,0,0.174011,0,0
1765976266363864,0,-4.04455,0.924313,-1.64008,0.0862217,-0.579981,0,0.413751,0.355028,0,0.175798,0,0
1765976266368858,0,-4.04411,0.921421,-1.64008,0.0882926,-0.578195,0,0.415612,0.360082,0,0.177592,0,0
1765976266373865,0,-4.04366,0.918531,-1.64008,0.0903782,-0.57638,0,0.417466,0.365125,0,0.1794,0,0
1765976266378903,0,-4.0432,0.915632,-1.64008,0.0924861,-0.574527,0,0.41932,0.370178,0,0.181228,0,0
1765976266383993,0,-4.04273,0.912712,-1.64008,0.0946252,-0.57263,0,0.421181,0.375258,0,0.183083,0,0
1765976266388888,0,-4.04226,0.909914,-1.64008,0.0966912,-0.570781,0,0.42296,0.380122,0,0.184876,0,0
1765976266394023,0,-4.04176,0.906988,-1.64008,0.0988679,-0.568816,0,0.424815,0.385202,0,0.186765,0,0
1765976266398888,0,-4.04127,0.904225,-1.64008,0.100939,-0.566931,0,0.426561,0.389992,0,0.188563,0,0
1765976266403896,0,-4.04076,0.901391,-1.64008,0.10308,-0.564965,0,0.428347,0.394901,0,0.190422,0,0
1765976266408864,0,-4.04024,0.898589,-1.64008,0.105212,-0.562991,0,0.430108,0.399748,0,0.192274,0,0
1765976266413861,0,-4.03971,0.89578,-1.64008,0.107366,-0.560982,0,0.431868,0.404601,0,0.194146,0,0
1765976266418840,0,-4.03917,0.892992,-1.64008,0.10952,-0.558955,0,0.43361,0.409414,0,0.196019,0,0
1765976266423870,0,-4.03861,0.890186,-1.64008,0.111706,-0.556884,0,0.435359,0.414254,0,0.197919,0,0
1765976266428861,0,-4.03805,0.887412,-1.64008,0.113883,-0.554804,0,0.437083,0.419034,0,0.199813,0,0
1765976266433862,0,-4.03748,0.884642,-1.64008,0.116073,-0.552697,0,0.438799,0.423801,0,0.201719,0,0
1765976266438871,0,-4.03689,0.881879,-1.64008,0.118275,-0.550562,0,0.440507,0.428554,0,0.203636,0,0
1765976266443876,0,-4.03629,0.879129,-1.64008,0.120484,-0.548405,0,0.442202,0.43328,0,0.205559,0,0
1765976266448854,0,-4.03569,0.876405,-1.64008,0.12269,-0.546237,0,0.443877,0.437958,0,0.207481,0,0
1765976266453861,0,-4.03507,0.873675,-1.64008,0.124916,-0.544032,0,0.44555,0.442642,0,0.209421,0,0
1765976266458880,0,-4.03443,0.87095,-1.64008,0.127157,-0.541799,0,0.447217,0.447314,0,0.211374,0,0
1765976266463840,0,-4.0338,0.868268,-1.64008,0.129379,-0.539569,0,0.448853,0.45191,0,0.213312,0,0
1765976266468850,0,-4.03314,0.865571,-1.64008,0.131632,-0.537293,0,0.450494,0.45653,0,0.215277,0,0
1765976266473827,0,-4.03248,0.862902,-1.64008,0.133878,-0.53501,0,0.452113,0.461097,0,0.217237,0,0
1765976266478900,0,-4.0318,0.860194,-1.64008,0.136176,-0.532659,0,0.453753,0.46573,0,0.219243,0,0
1765976266483832,0,-4.03112,0.857573,-1.64008,0.138418,-0.530351,0,0.455336,0.470212,0,0.221201,0,0
1765976266488862,0,-4.03042,0.854911,-1.64008,0.140712,-0.527974,0,0.456939,0.474761,0,0.223206,0,0
1765976266493853,0,-4.02971,0.852282,-1.64008,0.142997,-0.525593,0,0.458519,0.479253,0,0.225202,0,0
1765976266498883,0,-4.02899,0.849644,-1.64008,0.145307,-0.523171,0,0.460101,0.483758,0,0.227222,0,0
1765976266503852,0,-4.02826,0.847051,-1.64008,0.147597,-0.520756,0,0.461652,0.488187,0,0.229225,0,0
1765976266508878,0,-4.02751,0.84444,-1.64008,0.149921,-0.518292,0,0.46321,0.492644,0,0.231259,0,0
1765976266513815,0,-4.02676,0.841887,-1.64008,0.152212,-0.515849,0,0.464729,0.497001,0,0.233264,0,0
1765976266518854,0,-4.02599,0.839294,-1.64008,0.154558,-0.513333,0,0.466269,0.501426,0,0.235318,0,0
1765976266523859,0,-4.02521,0.836731,-1.64008,0.156895,-0.510812,0,0.467788,0.505799,0,0.237365,0,0
1765976266528858,0,-4.02442,0.834184,-1.64008,0.159237,-0.508273,0,0.469294,0.510145,0,0.239417,0,0
1765976266533868,0,-4.02362,0.831643,-1.64008,0.161592,-0.505706,0,0.470792,0.514479,0,0.241482,0,0
1765976266538840,0,-4.02281,0.829135,-1.64008,0.163937,-0.503138,0,0.472269,0.518758,0,0.243537,0,0
1765976266543871,0,-4.02198,0.826611,-1.64008,0.166316,-0.500517,0,0.473751,0.523066,0,0.245625,0,0
1765976266548871,0,-4.02114,0.824115,-1.64008,0.168689,-0.497891,0,0.475214,0.527326,0,0.247707,0,0
1765976266553855,0,-4.02029,0.82164,-1.64008,0.171061,-0.495252,0,0.476662,0.531551,0,0.249789,0,0
1765976266558818,0,-4.01944,0.819188,-1.64008,0.17343,-0.492604,0,0.478093,0.535737,0,0.25187,0,0
1765976266563860,0,-4.01856,0.816712,-1.64008,0.175844,-0.489892,0,0.479535,0.539967,0,0.25399,0,0
1765976266568874,0,-4.01767,0.814262,-1.64008,0.178252,-0.487174,0,0.480959,0.544153,0,0.256106,0,0
1765976266573855,0,-4.01678,0.811842,-1.64008,0.180651,-0.484453,0,0.482363,0.548289,0,0.258215,0,0
1765976266578866,0,-4.01587,0.809422,-1.64008,0.183072,-0.481696,0,0.483764,0.552429,0,0.260344,0,0
1765976266583837,0,-4.01495,0.807034,-1.64008,0.18548,-0.478939,0,0.485144,0.556514,0,0.262463,0,0
1765976266588872,0,-4.01401,0.80463,-1.64008,0.187926,-0.476127,0,0.486531,0.560631,0,0.264615,0,0
1765976266593875,0,-4.01306,0.802254,-1.64008,0.190364,-0.473312,0,0.487898,0.5647,0,0.266761,0,0
1765976266598866,0,-4.01211,0.799899,-1.64008,0.192802,-0.470483,0,0.489251,0.568737,0,0.268909,0,0
1765976266603870,0,-4.01114,0.797552,-1.64008,0.195254,-0.467627,0,0.490597,0.572764,0,0.271068,0,0
1765976266608849,0,-4.01016,0.795231,-1.64008,0.1977,-0.464765,0,0.491926,0.57675,0,0.273224,0,0
1765976266613862,0,-4.00916,0.792908,-1.64008,0.200169,-0.461864,0,0.493253,0.580741,0,0.275401,0,0
1765976266618829,0,-4.00816,0.790621,-1.64008,0.202623,-0.45897,0,0.494558,0.584675,0,0.277564,0,0
1765976266623863,0,-4.00713,0.788318,-1.64008,0.205116,-0.456017,0,0.495869,0.588641,0,0.279763,0,0
1765976266628852,0,-4.0061,0.786051,-1.64008,0.207593,-0.45307,0,0.497159,0.59255,0,0.281949,0,0
1765976266633865,0,-4.00506,0.783787,-1.64008,0.210088,-0.45009,0,0.498444,0.596456,0,0.284152,0,0
1765976266638846,0,-4.004,0.781552,-1.64008,0.212574,-0.447109,0,0.49971,0.600317,0,0.286347,0,0
1765976266643868,0,-4.00293,0.779314,-1.64008,0.215087,-0.444085,0,0.500976,0.604188,0,0.288566,0,0
1765976266648859,0,-4.00185,0.777106,-1.64008,0.21759,-0.44106,0,0.502224,0.608014,0,0.290778,0,0
1765976266653872,0,-4.00075,0.774902,-1.64008,0.220111,-0.438002,0,0.503467,0.611836,0,0.293006,0,0
1765976266658857,0,-3.99965,0.772726,-1.64008,0.222624,-0.434943,0,0.504693,0.615616,0,0.295227,0,0
1765976266663894,0,-3.99852,0.770543,-1.64008,0.225169,-0.431832,0,0.505921,0.619414,0,0.297478,0,0
1765976266668856,0,-3.9974,0.768408,-1.64008,0.227682,-0.42875,0,0.50712,0.623134,0,0.299701,0,0
1765976266673855,0,-3.99625,0.766273,-1.64008,0.230221,-0.425625,0,0.508318,0.626862,0,0.301947,0,0
1765976266678845,0,-3.9951,0.764157,-1.64008,0.23276,-0.422488,0,0.509503,0.630562,0,0.304195,0,0
1765976266683866,0,-3.99392,0.762043,-1.64008,0.235321,-0.419313,0,0.510685,0.634264,0,0.306463,0,0
1765976266688836,0,-3.99275,0.759967,-1.64008,0.237862,-0.416151,0,0.511845,0.637908,0,0.308713,0,0
1765976266693859,0,-3.99155,0.757885,-1.64008,0.240436,-0.412938,0,0.513007,0.64157,0,0.310993,0,0
1765976266698843,0,-3.99034,0.755835,-1.64008,0.242996,-0.409731,0,0.51415,0.645183,0,0.313261,0,0
1765976266703863,0,-3.98912,0.753786,-1.64008,0.24558,-0.406483,0,0.51529,0.648801,0,0.315552,0,0
1765976266708854,0,-3.98788,0.751765,-1.64008,0.248154,-0.403236,0,0.516414,0.652377,0,0.317834,0,0
1765976266713862,0,-3.98664,0.749754,-1.64008,0.250743,-0.39996,0,0.517531,0.655945,0,0.32013,0,0
1765976266718865,0,-3.98537,0.747762,-1.64008,0.253335,-0.39667,0,0.518637,0.659489,0,0.322429,0,0
1765976266723864,0,-3.9841,0.745787,-1.64008,0.255931,-0.393364,0,0.519732,0.663009,0,0.324732,0,0
1765976266728876,0,-3.98281,0.743824,-1.64008,0.258538,-0.390032,0,0.52082,0.666518,0,0.327046,0,0
1765976266733872,0,-3.98151,0.741883,-1.64008,0.261143,-0.386693,0,0.521893,0.669995,0,0.329358,0,0
1765976266738863,0,-3.9802,0.739962,-1.64008,0.263751,-0.383341,0,0.522956,0.673448,0,0.331674,0,0
1765976266743860,0,-3.97888,0.738055,-1.64008,0.266366,-0.379967,0,0.524009,0.676885,0,0.333997,0,0
1765976266748853,0,-3.97754,0.736166,-1.64008,0.268985,-0.376579,0,0.525052,0.680299,0,0.336323,0,0
1765976266753835,0,-3.9762,0.734298,-1.64008,0.271604,-0.373181,0,0.526083,0.683685,0,0.33865,0,0
1765976266758912,0,-3.97481,0.732412,-1.64008,0.274277,-0.369701,0,0.527122,0.687115,0,0.341025,0,0
1765976266763888,0,-3.97344,0.730581,-1.64008,0.276903,-0.366274,0,0.528131,0.690456,0,0.343359,0,0
1765976266768844,0,-3.97206,0.728774,-1.64008,0.279523,-0.362844,0,0.529126,0.693764,0,0.345688,0,0
1765976266773860,0,-3.97065,0.726963,-1.64008,0.282179,-0.359356,0,0.530123,0.697091,0,0.348051,0,0
1765976266778863,0,-3.96923,0.725174,-1.64008,0.284834,-0.35586,0,0.531107,0.70039,0,0.350412,0,0
1765976266783876,0,-3.9678,0.723399,-1.64008,0.287499,-0.352341,0,0.532083,0.703675,0,0.352782,0,0
1765976266788868,0,-3.96636,0.721649,-1.64008,0.290157,-0.34882,0,0.533045,0.706926,0,0.355148,0,0
1765976266793858,0,-3.9649,0.719917,-1.64008,0.29282,-0.345284,0,0.533997,0.710155,0,0.357517,0,0
1765976266798868,0,-3.96343,0.718196,-1.64008,0.295497,-0.341718,0,0.534943,0.713377,0,0.3599,0,0
1765976266803866,0,-3.96195,0.716497,-1.64008,0.298173,-0.338145,0,0.535876,0.716572,0,0.362282,0,0
1765976266808876,0,-3.96044,0.714812,-1.64008,0.30086,-0.334547,0,0.536802,0.719754,0,0.364674,0,0
1765976266813944,0,-3.95891,0.713126,-1.64008,0.303583,-0.330891,0,0.537728,0.722952,0,0.367098,0,0
1765976266818986,0,-3.95738,0.711467,-1.64008,0.306297,-0.327238,0,0.538639,0.726114,0,0.369515,0,0
1765976266823948,0,-3.95585,0.709852,-1.64008,0.308972,-0.323627,0,0.539526,0.729206,0,0.371897,0,0
1765976266829031,0,-3.95427,0.708216,-1.64008,0.311716,-0.319913,0,0.540425,0.732352,0,0.374342,0,0
1765976266834015,0,-3.95271,0.706631,-1.64008,0.314412,-0.316255,0,0.541296,0.735418,0,0.376744,0,0
1765976266838995,0,-3.95114,0.705065,-1.64008,0.31711,-0.312585,0,0.542157,0.738461,0,0.379148,0,0
1765976266844060,0,-3.94953,0.703492,-1.64008,0.319858,-0.308837,0,0.543022,0.741536,0,0.381597,0,0
1765976266849000,0,-3.94794,0.701975,-1.64008,0.322543,-0.305166,0,0.543857,0.744515,0,0.383989,0,0
1765976266854000,0,-3.94632,0.700458,-1.64008,0.325264,-0.301436,0,0.544692,0.747511,0,0.386415,0,0
1765976266859019,0,-3.94468,0.698955,-1.64008,0.328,-0.297677,0,0.54552,0.750499,0,0.388853,0,0
1765976266863990,0,-3.94304,0.697484,-1.64008,0.330714,-0.293939,0,0.54633,0.753438,0,0.391272,0,0
1765976266868973,0,-3.94139,0.696029,-1.64008,0.333438,-0.290177,0,0.547133,0.756365,0,0.393701,0,0
1765976266874000,0,-3.9397,0.69458,-1.64008,0.33619,-0.286368,0,0.547933,0.759298,0,0.396155,0,0
1765976266879023,0,-3.93801,0.693151,-1.64008,0.338945,-0.282546,0,0.548723,0.762209,0,0.398611,0,0
1765976266884003,0,-3.93631,0.691754,-1.64008,0.341679,-0.278743,0,0.549497,0.765075,0,0.401049,0,0
1765976266888983,0,-3.93461,0.690375,-1.64008,0.344418,-0.274926,0,0.55026,0.767922,0,0.403491,0,0
1765976266894009,0,-3.93287,0.689003,-1.64008,0.347185,-0.27106,0,0.551021,0.770776,0,0.405959,0,0
1765976266899012,0,-3.93112,0.687656,-1.64008,0.349944,-0.267196,0,0.551769,0.773597,0,0.408419,0,0
1765976266903985,0,-3.92938,0.686337,-1.64008,0.35269,-0.263342,0,0.552503,0.776381,0,0.410868,0,0
1765976266908928,0,-3.92763,0.685045,-1.64008,0.355422,-0.259498,0,0.553223,0.77913,0,0.413305,0,0
1765976266914090,0,-3.92579,0.683716,-1.64008,0.35828,-0.255469,0,0.553965,0.781981,0,0.415854,0,0
1765976266918979,0,-3.92403,0.682476,-1.64008,0.36099,-0.251639,0,0.554659,0.784661,0,0.418271,0,0
1765976266924024,0,-3.9222,0.681217,-1.64008,0.36379,-0.247673,0,0.555365,0.787408,0,0.420768,0,0
1765976266929030,0,-3.92037,0.679987,-1.64008,0.366572,-0.243725,0,0.556055,0.790114,0,0.423249,0,0
1765976266934005,0,-3.91854,0.678784,-1.64008,0.36934,-0.239787,0,0.556732,0.792784,0,0.425718,0,0
1765976266939011,0,-3.91668,0.677594,-1.64008,0.372129,-0.235812,0,0.557404,0.795452,0,0.428205,0,0
1765976266943989,0,-3.91482,0.67643,-1.64008,0.374905,-0.231846,0,0.558063,0.798085,0,0.430681,0,0
1765976266948964,0,-3.91295,0.675286,-1.64008,0.377683,-0.227869,0,0.558712,0.800698,0,0.433158,0,0
1765976266954080,0,-3.91101,0.674131,-1.64008,0.380543,-0.223766,0,0.559369,0.803365,0,0.435708,0,0
1765976266959029,0,-3.90912,0.673033,-1.64008,0.383313,-0.219783,0,0.559996,0.805926,0,0.438178,0,0
1765976266964050,0,-3.90719,0.67194,-1.64008,0.386126,-0.21573,0,0.560622,0.808505,0,0.440686,0,0
1765976266968976,0,-3.90528,0.670887,-1.64008,0.388889,-0.211742,0,0.561228,0.811017,0,0.44315,0,0
1765976266973992,0,-3.90332,0.669835,-1.64008,0.391706,-0.207667,0,0.561835,0.813555,0,0.445661,0,0
1765976266979012,0,-3.90135,0.668803,-1.64008,0.394528,-0.203577,0,0.562433,0.816077,0,0.448176,0,0
1765976266983897,0,-3.89942,0.667818,-1.64008,0.397277,-0.199584,0,0.563006,0.818512,0,0.450626,0,0
1765976266989003,0,-3.89738,0.66681,-1.64008,0.400153,-0.195398,0,0.563595,0.821038,0,0.45319,0,0
1765976266993995,0,-3.89538,0.665845,-1.64008,0.402968,-0.191294,0,0.564162,0.823488,0,0.455698,0,0
1765976266998943,0,-3.89338,0.664908,-1.64008,0.405761,-0.187213,0,0.564714,0.825899,0,0.458186,0,0
1765976267003982,0,-3.89132,0.663975,-1.64008,0.408608,-0.183045,0,0.565268,0.828335,0,0.460723,0,0
1765976267009002,0,-3.88927,0.663067,-1.64008,0.411447,-0.178881,0,0.56581,0.830742,0,0.463252,0,0
1765976267013905,0,-3.88724,0.6622,-1.64008,0.414222,-0.174802,0,0.56633,0.833075,0,0.465724,0,0
1765976267018998,0,-3.88512,0.66132,-1.64008,0.417108,-0.170553,0,0.566861,0.83548,0,0.468294,0,0
1765976267023987,0,-3.88304,0.66048,-1.64008,0.419937,-0.166379,0,0.567372,0.837816,0,0.470813,0,0
1765976267028995,0,-3.88093,0.659657,-1.64008,0.42278,-0.162178,0,0.567876,0.840143,0,0.473344,0,0
1765976267033988,0,-3.87881,0.658858,-1.64008,0.425616,-0.157977,0,0.568369,0.842444,0,0.475868,0,0
1765976267039019,0,-3.87666,0.658074,-1.64008,0.428477,-0.153733,0,0.568857,0.844743,0,0.478414,0,0
1765976267044069,0,-3.87449,0.657308,-1.64008,0.431351,-0.149461,0,0.569337,0.847033,0,0.480971,0,0
1765976267049002,0,-3.87235,0.656581,-1.64008,0.434161,-0.145277,0,0.569797,0.849251,0,0.483471,0,0
1765976267053906,0,-3.87022,0.655879,-1.64008,0.436956,-0.141107,0,0.570245,0.851438,0,0.485957,0,0
1765976267059002,0,-3.86798,0.655171,-1.64008,0.439863,-0.136763,0,0.570702,0.853692,0,0.488542,0,0
1765976267063979,0,-3.86579,0.654501,-1.64008,0.442705,-0.132508,0,0.571139,0.855875,0,0.491068,0,0
1765976267068971,0,-3.86357,0.65385,-1.64008,0.445557,-0.12823,0,0.571568,0.858046,0,0.493603,0,0
1765976267073996,0,-3.86132,0.653217,-1.64008,0.44843,-0.123913,0,0.571992,0.860213,0,0.496156,0,0
1765976267079024,0,-3.85906,0.652604,-1.64008,0.451307,-0.119583,0,0.572406,0.862362,0,0.498712,0,0
1765976267083985,0,-3.85682,0.652022,-1.64008,0.454148,-0.115299,0,0.572805,0.864465,0,0.501235,0,0
1765976267088967,0,-3.85455,0.651458,-1.64008,0.457003,-0.110987,0,0.573198,0.866558,0,0.50377,0,0
1765976267094009,0,-3.85224,0.65091,-1.64008,0.459894,-0.106613,0,0.573586,0.868658,0,0.506336,0,0
1765976267099022,0,-3.84992,0.650386,-1.64008,0.46277,-0.102253,0,0.573963,0.870728,0,0.508888,0,0
1765976267103999,0,-3.84761,0.649888,-1.64008,0.465627,-0.0979143,0,0.574328,0.872764,0,0.511423,0,0
1765976267108996,0,-3.84528,0.64941,-1.64008,0.468498,-0.093548,0,0.574686,0.874791,0,0.513969,0,0
1765976267114069,0,-3.84289,0.648946,-1.64008,0.471415,-0.0891051,0,0.57504,0.87683,0,0.516554,0,0
1765976267118985,0,-3.84057,0.648519,-1.64008,0.474242,-0.0847898,0,0.575375,0.878788,0,0.51906,0,0
1765976267123903,0,-3.83823,0.648112,-1.64008,0.477073,-0.0804631,0,0.575701,0.880729,0,0.521568,0,0
1765976267129004,0,-3.83579,0.647713,-1.64008,0.48001,-0.0759655,0,0.57603,0.882724,0,0.52417,0,0
1765976267133981,0,-3.83339,0.647346,-1.64008,0.482878,-0.0715674,0,0.576343,0.884652,0,0.526709,0,0
1765976267138987,0,-3.83097,0.646999,-1.64008,0.485764,-0.067134,0,0.576648,0.886573,0,0.529263,0,0
1765976267143971,0,-3.82854,0.646676,-1.64008,0.488639,-0.0627106,0,0.576943,0.888469,0,0.531806,0,0
1765976267148902,0,-3.82612,0.646377,-1.64008,0.491484,-0.058325,0,0.577226,0.890326,0,0.534323,0,0
1765976267153991,0,-3.82362,0.646092,-1.64008,0.494422,-0.0537892,0,0.57751,0.892225,0,0.53692,0,0
1765976267159008,0,-3.82113,0.645833,-1.64008,0.49732,-0.0493083,0,0.577781,0.894078,0,0.539481,0,0
1765976267164084,0,-3.8186,0.645594,-1.64008,0.500254,-0.0447651,0,0.578045,0.895935,0,0.542073,0,0
1765976267168995,0,-3.81613,0.645385,-1.64008,0.503093,-0.0403609,4.8699e-09,0.578293,0.897715,8.72867e-05,0.54458,0,0
1765976267174018,0,-3.8136,0.645194,-1.64008,0.505999,-0.0358471,1.02779e-05,0.578538,0.899517,0.00399653,0.547144,0,0
1765976267179020,0,-3.81106,0.645026,-1.64008,0.508893,-0.0313433,3.99234e-05,0.578773,0.901293,0.00785038,0.549697,0,0
1765976267183890,0,-3.80857,0.644884,-1.64008,0.511712,-0.0269499,8.72145e-05,0.578993,0.903006,0.0115652,0.552183,0,0
1765976267189013,0,-3.80595,0.644758,-1.64008,0.514679,-0.0223193,0.000156387,0.579216,0.90479,0.0154334,0.554798,0,0
1765976267194013,0,-3.80337,0.644658,-1.64008,0.517576,-0.0177909,0.000242913,0.579425,0.906512,0.0191699,0.55735,0,0
1765976267199048,0,-3.80075,0.644579,-1.64008,0.520494,-0.0132223,0.000348823,0.579627,0.90823,0.0228938,0.559919,0,0
1765976267203884,0,-3.79823,0.644526,-1.64008,0.523297,-0.00882612,0.000468115,0.579812,0.909862,0.0264342,0.562386,0,0
1765976267208878,0,-3.79561,0.644493,-1.64007,0.526193,-0.00427818,0.000609176,0.579995,0.91153,0.0300528,0.564934,0,0
1765976267213864,0,-3.79298,0.644483,-1.64007,0.529085,0.000270874,0.000767949,0.58017,0.913179,0.0336281,0.567477,0,0
1765976267218855,0,-3.79033,0.644496,-1.64007,0.531982,0.00483268,0.000944642,0.580335,0.914811,0.0371694,0.570022,0,0
1765976267223849,0,-3.78766,0.644532,-1.64006,0.53488,0.00940521,0.00113903,0.580493,0.916427,0.0406754,0.572568,0,0
1765976267228856,0,-3.78498,0.64459,-1.64005,0.537787,0.0139978,0.00135142,0.580642,0.91803,0.0441532,0.57512,0,0
1765976267233857,0,-3.78228,0.644672,-1.64005,0.540691,0.0185929,0.00158084,0.580783,0.919613,0.0475897,0.577668,0,0
1765976267238858,0,-3.77957,0.644776,-1.64004,0.543596,0.0231959,0.00182736,0.580915,0.921179,0.0509891,0.580215,0,0
1765976267243936,0,-3.7768,0.644906,-1.64003,0.546546,0.0278777,0.00209497,0.581041,0.922751,0.0544031,0.5828,0,0
1765976267248882,0,-3.77409,0.645055,-1.64002,0.54942,0.0324454,0.00237219,0.581155,0.924265,0.0576919,0.585318,0,0
1765976267253873,0,-3.77134,0.645229,-1.64,0.552321,0.0370622,0.00266834,0.581261,0.925776,0.0609744,0.587857,0,0
1765976267258853,0,-3.76859,0.645425,-1.63999,0.555216,0.0416764,0.00298008,0.581359,0.927266,0.0642136,0.590389,0,0
1765976267263831,0,-3.76581,0.645644,-1.63998,0.55811,0.0462959,0.00330772,0.581449,0.928739,0.0674155,0.59292,0,0
1765976267268859,0,-3.763,0.645888,-1.63996,0.561034,0.0509693,0.00365474,0.581531,0.930209,0.0706133,0.595474,0,0
1765976267273860,0,-3.76019,0.646155,-1.63994,0.563943,0.055625,0.00401576,0.581604,0.931654,0.0737579,0.598014,0,0
1765976267278865,0,-3.75736,0.646445,-1.63992,0.566854,0.0602914,0.00439271,0.581669,0.933082,0.0768691,0.600554,0,0
1765976267283863,0,-3.75452,0.646758,-1.63989,0.569761,0.0649584,0.00478459,0.581725,0.934492,0.0799404,0.603089,0,0
1765976267288857,0,-3.75167,0.647094,-1.63987,0.572666,0.0696287,0.00519139,0.581774,0.935883,0.0829738,0.605621,0,0
1765976267293891,0,-3.74878,0.647456,-1.63984,0.575595,0.0743434,0.0056167,0.581814,0.937269,0.085996,0.608172,0,0
1765976267298866,0,-3.7459,0.647838,-1.63981,0.57849,0.0790097,0.00605189,0.581845,0.938621,0.0889478,0.610691,0,0
1765976267303853,0,-3.74301,0.648243,-1.63978,0.581391,0.083694,0.00650278,0.581868,0.939959,0.091872,0.613214,0,0
1765976267308854,0,-3.7401,0.648674,-1.63975,0.584301,0.0883981,0.0069695,0.581883,0.941285,0.0947696,0.615743,0,0
1765976267313881,0,-3.73715,0.64913,-1.63971,0.587226,0.0931333,0.00745316,0.58189,0.9426,0.0976473,0.618284,0,0
1765976267318855,0,-3.73422,0.649605,-1.63967,0.590121,0.0978249,0.00794586,0.581889,0.943884,0.10046,0.620795,0,0
1765976267323882,0,-3.73125,0.650109,-1.63963,0.593046,0.102573,0.00845795,0.581879,0.945165,0.103269,0.623332,0,0
1765976267328865,0,-3.72829,0.650631,-1.63959,0.595945,0.107286,0.0089794,0.581861,0.946419,0.106018,0.625844,0,0
1765976267333860,0,-3.7253,0.651179,-1.63954,0.598852,0.112016,0.00951578,0.581836,0.947658,0.108741,0.62836,0,0
1765976267338864,0,-3.7223,0.651752,-1.63949,0.601763,0.116762,0.0100667,0.581801,0.948883,0.111434,0.630879,0,0
1765976267343843,0,-3.7193,0.652345,-1.63944,0.60466,0.121489,0.0106281,0.581759,0.950085,0.114081,0.633383,0,0
1765976267348848,0,-3.71626,0.652965,-1.63939,0.607571,0.126247,0.0112056,0.581709,0.951276,0.116707,0.635898,0,0
1765976267353850,0,-3.71322,0.653608,-1.63933,0.610481,0.131008,0.0117959,0.581651,0.95245,0.119299,0.638409,0,0
1765976267358855,0,-3.71015,0.654276,-1.63927,0.613392,0.135778,0.0123994,0.581584,0.953608,0.121859,0.640919,0,0
1765976267363889,0,-3.70706,0.654971,-1.63921,0.616319,0.140581,0.0130192,0.581509,0.954756,0.1244,0.643442,0,0
1765976267368891,0,-3.70397,0.655686,-1.63914,0.619228,0.14536,0.0136477,0.581426,0.95588,0.126892,0.645946,0,0
1765976267373866,0,-3.70088,0.656421,-1.63907,0.62212,0.150118,0.0142851,0.581336,0.956982,0.129338,0.648434,0,0
1765976267378866,0,-3.69776,0.657184,-1.639,0.625027,0.154906,0.0149379,0.581237,0.958072,0.131764,0.650931,0,0
1765976267383873,0,-3.69463,0.657972,-1.63892,0.627937,0.159706,0.0156037,0.58113,0.959148,0.13416,0.65343,0,0
1765976267388861,0,-3.69149,0.65878,-1.63884,0.630835,0.164493,0.0162788,0.581016,0.960203,0.136515,0.655917,0,0
1765976267393870,0,-3.68832,0.659616,-1.63876,0.633745,0.169305,0.0169684,0.580893,0.961246,0.138848,0.658411,0,0
1765976267398892,0,-3.68513,0.660478,-1.63867,0.636662,0.174135,0.0176715,0.580762,0.962275,0.141155,0.660908,0,0
1765976267403855,0,-3.68196,0.661354,-1.63858,0.639544,0.178913,0.0183776,0.580624,0.963276,0.143402,0.663374,0,0
1765976267408862,0,-3.67875,0.662262,-1.63849,0.642451,0.183739,0.0191013,0.580478,0.964269,0.145638,0.665858,0,0
1765976267413863,0,-3.67553,0.663193,-1.63839,0.645353,0.188564,0.0198351,0.580323,0.965245,0.14784,0.668337,0,0
1765976267418855,0,-3.6723,0.664147,-1.63829,0.64825,0.193384,0.0205786,0.580161,0.966203,0.150007,0.670808,0,0
1765976267423828,0,-3.66907,0.66512,-1.63818,0.651135,0.198192,0.0213299,0.579992,0.96714,0.152134,0.673266,0,0
1765976267428864,0,-3.66579,0.666131,-1.63808,0.654055,0.203065,0.0221014,0.579813,0.968074,0.154256,0.675753,0,0
1765976267433867,0,-3.66251,0.667159,-1.63796,0.656955,0.20791,0.0228783,0.579627,0.968985,0.156334,0.678219,0,0
1765976267438868,0,-3.65922,0.668211,-1.63785,0.659854,0.212758,0.0236653,0.579433,0.96988,0.15838,0.680682,0,0
1765976267443904,0,-3.65588,0.669294,-1.63773,0.662771,0.217645,0.024468,0.57923,0.970764,0.160409,0.683158,0,0
1765976267448857,0,-3.6526,0.670384,-1.6376,0.66564,0.222455,0.0252674,0.579023,0.971618,0.162374,0.68559,0,0
1765976267453863,0,-3.64926,0.67151,-1.63747,0.668538,0.227321,0.0260852,0.578806,0.972465,0.16433,0.688045,0,0
1765976267458882,0,-3.64589,0.672663,-1.63734,0.671442,0.232204,0.0269148,0.57858,0.973298,0.166261,0.690502,0,0
1765976267463864,0,-3.64254,0.673832,-1.6372,0.674324,0.237055,0.0277478,0.578349,0.974109,0.168148,0.692938,0,0
1765976267468871,0,-3.63916,0.675031,-1.63706,0.677219,0.241935,0.0285944,0.578108,0.974908,0.170014,0.695382,0,0
1765976267473993,0,-3.63568,0.676283,-1.63691,0.68018,0.24693,0.02947,0.577854,0.975709,0.171892,0.697878,0,0
1765976267479020,0,-3.63225,0.677537,-1.63676,0.683084,0.251837,0.0303387,0.577597,0.976479,0.173704,0.700324,0,0
1765976267483992,0,-3.62885,0.678801,-1.63661,0.685955,0.256694,0.0312068,0.577335,0.977224,0.175468,0.70274,0,0
1765976267489005,0,-3.6254,0.6801,-1.63645,0.688849,0.261595,0.0320908,0.577064,0.97796,0.177217,0.705172,0,0
1765976267494030,0,-3.62194,0.681427,-1.63629,0.691748,0.266511,0.0329856,0.576784,0.978682,0.17894,0.707605,0,0
1765976267499024,0,-3.61847,0.68277,-1.63612,0.694627,0.2714,0.0338835,0.576498,0.979383,0.180624,0.710019,0,0
1765976267503933,0,-3.61506,0.684114,-1.63595,0.697457,0.276209,0.0347741,0.576209,0.980057,0.18225,0.712389,0,0
1765976267509026,0,-3.6115,0.685534,-1.63577,0.700391,0.281202,0.0357066,0.575902,0.98074,0.183909,0.714843,0,0
1765976267513923,0,-3.60806,0.686923,-1.6356,0.70321,0.286007,0.0366111,0.575599,0.981382,0.185476,0.717198,0,0
1765976267518894,0,-3.60456,0.688357,-1.63541,0.706071,0.290887,0.037537,0.575285,0.982018,0.187038,0.719585,0,0
1765976267523894,0,-3.60102,0.689823,-1.63522,0.708946,0.295799,0.0384761,0.574961,0.982641,0.188581,0.721981,0,0
1765976267528894,0,-3.59747,0.691315,-1.63503,0.71182,0.300714,0.0394228,0.574629,0.98325,0.190096,0.724373,0,0
1765976267533990,0,-3.59383,0.69286,-1.63482,0.714748,0.305726,0.0403954,0.574284,0.983854,0.191611,0.726806,0,0
1765976267538845,0,-3.59036,0.694356,-1.63463,0.717535,0.310504,0.0413291,0.573948,0.984414,0.193027,0.72912,0,0
1765976267543977,0,-3.58667,0.695962,-1.63441,0.72048,0.315557,0.0423235,0.573584,0.984991,0.194496,0.731561,0,0
1765976267548970,0,-3.58306,0.69755,-1.6342,0.723343,0.320476,0.0432981,0.573223,0.985536,0.195897,0.733932,0,0
1765976267554002,0,-3.57942,0.699175,-1.63398,0.726226,0.325437,0.0442874,0.572852,0.98607,0.197281,0.736316,0,0
1765976267558923,0,-3.57583,0.700789,-1.63376,0.729044,0.330291,0.0452614,0.572482,0.986576,0.198608,0.738643,0,0
1765976267563991,0,-3.57213,0.702475,-1.63353,0.731945,0.335292,0.0462714,0.572093,0.987083,0.199947,0.741035,0,0
1765976267568887,0,-3.56854,0.704129,-1.6333,0.734745,0.340126,0.0472534,0.57171,0.987557,0.201214,0.74334,0,0
1765976267573910,0,-3.56484,0.705849,-1.63306,0.737615,0.345088,0.0482674,0.57131,0.988028,0.202487,0.745701,0,0
1765976267578877,0,-3.56117,0.707576,-1.63281,0.740452,0.349996,0.0492762,0.570907,0.988479,0.20372,0.748031,0,0
1765976267583903,0,-3.55744,0.709347,-1.63256,0.74332,0.354966,0.0503032,0.570492,0.98892,0.20494,0.750383,0,0
1765976267589013,0,-3.55364,0.711174,-1.6323,0.746235,0.36002,0.0513535,0.570062,0.989352,0.206153,0.752769,0,0
1765976267593943,0,-3.54995,0.712961,-1.63205,0.749044,0.364899,0.0523727,0.569641,0.989755,0.207297,0.755066,0,0
1765976267599020,0,-3.54614,0.714826,-1.63178,0.751935,0.369924,0.0534281,0.569199,0.990153,0.208449,0.757426,0,0
1765976267603882,0,-3.54248,0.716637,-1.63152,0.754701,0.37474,0.0544442,0.568769,0.99052,0.209526,0.759681,0,0
1765976267609013,0,-3.5386,0.718572,-1.63124,0.757618,0.379823,0.0555221,0.568308,0.990892,0.210637,0.762056,0,0
1765976267614118,0,-3.53473,0.720524,-1.63095,0.760518,0.384882,0.0566002,0.567841,0.991246,0.211715,0.764413,0,0
1765976267618989,0,-3.53101,0.722411,-1.63067,0.763283,0.389711,0.0576339,0.567389,0.99157,0.212718,0.766656,0,0
1765976267623978,0,-3.5272,0.724367,-1.63038,0.766113,0.394659,0.0586976,0.566919,0.991886,0.213721,0.768949,0,0
1765976267628962,0,-3.52337,0.726347,-1.63009,0.768937,0.399603,0.0597652,0.566443,0.992187,0.214698,0.771234,0,0
1765976267633875,0,-3.51959,0.728322,-1.62979,0.771719,0.404479,0.0608224,0.565966,0.99247,0.215636,0.773481,0,0
1765976267639009,0,-3.51562,0.730412,-1.62947,0.774623,0.409575,0.0619319,0.56546,0.992749,0.21659,0.775823,0,0
1765976267644103,0,-3.51167,0.732511,-1.62916,0.777502,0.414633,0.0630376,0.564951,0.993011,0.217511,0.778141,0,0
1765976267648897,0,-3.50793,0.73451,-1.62885,0.78021,0.419394,0.0640824,0.564465,0.993244,0.218354,0.780317,0,0
1765976267653902,0,-3.50402,0.736622,-1.62853,0.783033,0.424365,0.0651774,0.563951,0.993472,0.21921,0.782583,0,0
1765976267658886,0,-3.50011,0.738749,-1.6282,0.785843,0.429317,0.0662719,0.563432,0.993684,0.220038,0.784834,0,0
1765976267663898,0,-3.49617,0.740913,-1.62787,0.788665,0.434298,0.0673768,0.562903,0.993883,0.220846,0.787092,0,0
1765976267668870,0,-3.49224,0.743085,-1.62753,0.791463,0.43924,0.0684768,0.562371,0.994065,0.221623,0.789326,0,0
1765976267673897,0,-3.48825,0.745305,-1.62718,0.794289,0.444238,0.0695928,0.561826,0.994235,0.222385,0.791578,0,0
1765976267678892,0,-3.48428,0.747537,-1.62683,0.797094,0.449204,0.0707055,0.561277,0.994389,0.223118,0.79381,0,0
1765976267683900,0,-3.48028,0.749799,-1.62647,0.799903,0.454185,0.0718247,0.560721,0.994528,0.223829,0.796042,0,0
1765976267688865,0,-3.4763,0.752066,-1.62611,0.802686,0.459123,0.0729377,0.560162,0.994652,0.22451,0.798249,0,0
1765976267693923,0,-3.47223,0.754401,-1.62574,0.805517,0.464154,0.074075,0.559585,0.994763,0.22518,0.80049,0,0
1765976267698889,0,-3.46823,0.756718,-1.62537,0.808295,0.469094,0.0751948,0.559012,0.994858,0.225814,0.802685,0,0
1765976267703894,0,-3.46417,0.759079,-1.62499,0.811091,0.474074,0.0763265,0.558428,0.994939,0.22643,0.80489,0,0
1765976267708895,0,-3.46011,0.761462,-1.62461,0.813883,0.47905,0.0774604,0.557837,0.995006,0.227022,0.807088,0,0
1765976267713943,0,-3.45599,0.763893,-1.62421,0.816697,0.484073,0.0786079,0.557234,0.995058,0.227597,0.8093,0,0
1765976267718801,0,-3.45202,0.766256,-1.62383,0.819403,0.488907,0.0797149,0.556647,0.995095,0.228127,0.811422,0,0
1765976267723900,0,-3.44783,0.768762,-1.62342,0.822239,0.493981,0.0808795,0.556023,0.995118,0.228661,0.813643,0,0
1765976267728866,0,-3.44374,0.771228,-1.62302,0.824999,0.498923,0.0820163,0.555409,0.995127,0.229158,0.815799,0,0
1765976267733878,0,-3.4396,0.773741,-1.6226,0.827781,0.50391,0.083166,0.554783,0.995122,0.229637,0.817969,0,0
1765976267738924,0,-3.43542,0.776296,-1.62218,0.830579,0.508931,0.0843259,0.554146,0.995101,0.230097,0.820147,0,0
1765976267744017,0,-3.43118,0.778901,-1.62175,0.8334,0.514,0.0854989,0.553495,0.995066,0.230538,0.822338,0,0
1765976267748976,0,-3.42704,0.781462,-1.62132,0.836143,0.518934,0.0866432,0.552855,0.995018,0.230945,0.824465,0,0
1765976267753996,0,-3.42284,0.78408,-1.62088,0.838917,0.523929,0.0878035,0.5522,0.994955,0.231335,0.826611,0,0
1765976267759004,0,-3.41863,0.786716,-1.62044,0.84168,0.528911,0.088963,0.55154,0.994877,0.231703,0.828745,0,0
1765976267764026,0,-3.41439,0.789385,-1.61999,0.844449,0.533907,0.0901275,0.550872,0.994785,0.232049,0.830878,0,0
1765976267768994,0,-3.41019,0.792049,-1.61954,0.847184,0.538849,0.0912811,0.550204,0.99468,0.23237,0.832982,0,0
1765976267774009,0,-3.40594,0.794764,-1.61908,0.849941,0.543837,0.0924472,0.549523,0.99456,0.232673,0.835098,0,0
1765976267779058,0,-3.40164,0.797523,-1.61861,0.852714,0.548858,0.0936227,0.54883,0.994425,0.232956,0.837222,0,0
1765976267783879,0,-3.39752,0.80018,-1.61815,0.855358,0.553652,0.0947464,0.548163,0.994283,0.233205,0.839243,0,0
1765976267788994,0,-3.39314,0.803025,-1.61767,0.85816,0.558738,0.0959399,0.547448,0.994117,0.233449,0.84138,0,0
1765976267794018,0,-3.38882,0.805845,-1.61718,0.860909,0.563731,0.0971132,0.546739,0.993941,0.233667,0.843471,0,0
1765976267799044,0,-3.38449,0.808691,-1.61669,0.863655,0.568727,0.0982882,0.546023,0.99375,0.233864,0.845557,0,0
1765976267803994,0,-3.38021,0.811518,-1.6162,0.866356,0.573645,0.0994463,0.545311,0.993548,0.234038,0.847603,0,0
1765976267809031,0,-3.37583,0.81442,-1.6157,0.869101,0.578649,0.100626,0.54458,0.993329,0.234194,0.849679,0,0
1765976267814072,0,-3.37145,0.81735,-1.61519,0.871844,0.583656,0.101806,0.543843,0.993096,0.234329,0.851748,0,0
1765976267819004,0,-3.36714,0.820241,-1.61468,0.874525,0.588553,0.102962,0.543114,0.992854,0.234441,0.853765,0,0
1765976267823846,0,-3.3629,0.823102,-1.61418,0.877153,0.59336,0.104098,0.542393,0.992603,0.234532,0.855739,0,0
1765976267829057,0,-3.35832,0.826208,-1.61364,0.879977,0.598532,0.10532,0.54161,0.992319,0.234609,0.857855,0,0
1765976267833977,0,-3.35398,0.829164,-1.61311,0.88264,0.603413,0.106475,0.540864,0.992037,0.234662,0.859845,0,0
1765976267838988,0,-3.34956,0.832201,-1.61258,0.885349,0.608384,0.107651,0.540098,0.991736,0.234696,0.861865,0,0
1765976267844006,0,-3.34511,0.835266,-1.61203,0.888057,0.61336,0.108828,0.539324,0.991421,0.23471,0.86388,0,0
1765976267849007,0,-3.34066,0.838346,-1.61149,0.890752,0.618317,0.110002,0.538547,0.991093,0.234704,0.865881,0,0
1765976267853997,0,-3.33621,0.841444,-1.61094,0.893438,0.623262,0.111173,0.537765,0.990752,0.234679,0.867869,0,0
1765976267859076,0,-3.33166,0.844622,-1.61037,0.896167,0.628293,0.112365,0.536962,0.990392,0.234634,0.869885,0,0
1765976267863988,0,-3.32725,0.84772,-1.60981,0.898802,0.633157,0.113517,0.53618,0.99003,0.234572,0.871827,0,0
1765976267868984,0,-3.32276,0.850896,-1.60924,0.901479,0.638102,0.114689,0.535377,0.989648,0.234489,0.873795,0,0
1765976267874002,0,-3.31823,0.85411,-1.60866,0.904164,0.643067,0.115866,0.534565,0.989251,0.234387,0.875763,0,0
1765976267879070,0,-3.31364,0.857382,-1.60807,0.906871,0.64808,0.117053,0.533739,0.988837,0.234265,0.877743,0,0
1765976267883944,0,-3.30921,0.860552,-1.6075,0.90947,0.652898,0.118195,0.532938,0.988425,0.23413,0.87964,0,0
1765976267888990,0,-3.30461,0.863859,-1.6069,0.912157,0.657885,0.119376,0.532102,0.987986,0.233971,0.881595,0,0
1765976267894065,0,-3.29998,0.867211,-1.60629,0.914856,0.662897,0.120563,0.531255,0.98753,0.233792,0.883553,0,0
1765976267899004,0,-3.29545,0.870497,-1.60569,0.917477,0.667774,0.121717,0.530424,0.987073,0.233599,0.885451,0,0
1765976267904025,0,-3.29084,0.873862,-1.60508,0.920139,0.672729,0.122889,0.529574,0.986595,0.233386,0.887373,0,0
1765976267909063,0,-3.2862,0.877264,-1.60446,0.922804,0.677698,0.124065,0.528714,0.986102,0.233153,0.889293,0,0
1765976267913894,0,-3.28173,0.88055,-1.60386,0.925357,0.682461,0.12519,0.527884,0.985617,0.232913,0.891126,0,0
1765976267919014,0,-3.27699,0.884057,-1.60321,0.928057,0.687506,0.126382,0.526998,0.985089,0.23264,0.89306,0,0
1765976267923899,0,-3.27245,0.887427,-1.60259,0.930629,0.692317,0.127518,0.526146,0.984573,0.232362,0.894898,0,0
1765976267929051,0,-3.26765,0.891007,-1.60193,0.933338,0.697388,0.128714,0.525241,0.984015,0.232051,0.896827,0,0
1765976267933988,0,-3.26303,0.894462,-1.60129,0.935929,0.702245,0.129859,0.524369,0.983467,0.231736,0.898668,0,0
1765976267939049,0,-3.25829,0.898028,-1.60063,0.93858,0.70722,0.131031,0.523467,0.982892,0.231395,0.900546,0,0
1765976267944065,0,-3.25357,0.901588,-1.59997,0.941204,0.712149,0.132191,0.522568,0.982309,0.23104,0.902399,0,0
1765976267948873,0,-3.24904,0.905024,-1.59934,0.943714,0.716871,0.133301,0.521701,0.981738,0.230683,0.904168,0,0
1765976267953871,0,-3.24432,0.908619,-1.59867,0.946319,0.721776,0.134453,0.520793,0.981131,0.230296,0.905998,0,0
1765976267958861,0,-3.23959,0.912233,-1.59799,0.948916,0.72667,0.135601,0.51988,0.980513,0.229892,0.907817,0,0
1765976267963867,0,-3.23483,0.915883,-1.59731,0.951516,0.731577,0.136751,0.518959,0.979879,0.22947,0.909633,0,0
1765976267968869,0,-3.23007,0.919554,-1.59662,0.95411,0.736477,0.137898,0.518032,0.979233,0.229032,0.911439,0,0
1765976267973865,0,-3.2253,0.923246,-1.59593,0.956695,0.741368,0.139041,0.5171,0.978576,0.228578,0.913234,0,0
1765976267978877,0,-3.22049,0.926974,-1.59523,0.959285,0.746271,0.140185,0.516159,0.977903,0.228106,0.915026,0,0
1765976267983871,0,-3.2157,0.930713,-1.59453,0.96186,0.751152,0.141323,0.515216,0.977219,0.227619,0.916804,0,0
1765976267988858,0,-3.21089,0.934471,-1.59382,0.964427,0.756024,0.142457,0.514268,0.976524,0.227117,0.91857,0,0
1765976267993888,0,-3.20604,0.938286,-1.5931,0.967012,0.760934,0.143598,0.513306,0.97581,0.226595,0.920343,0,0
1765976267998863,0,-3.20122,0.942084,-1.59239,0.969563,0.765787,0.144724,0.512349,0.975092,0.226062,0.922087,0,0
1765976268003868,0,-3.19636,0.945929,-1.59166,0.972125,0.770665,0.145854,0.511379,0.974356,0.225511,0.923834,0,0
1765976268008870,0,-3.19149,0.949796,-1.59093,0.97468,0.775537,0.146981,0.510405,0.973608,0.224944,0.92557,0,0
1765976268013863,0,-3.18662,0.95368,-1.59019,0.977226,0.780397,0.148102,0.509426,0.972849,0.224362,0.927295,0,0
1765976268018854,0,-3.18173,0.957587,-1.58945,0.979766,0.78525,0.149221,0.508442,0.972077,0.223766,0.92901,0,0
1765976268023837,0,-3.17685,0.961512,-1.5887,0.982297,0.790092,0.150334,0.507454,0.971294,0.223155,0.930713,0,0
1765976268028891,0,-3.17187,0.965518,-1.58794,0.98486,0.794999,0.15146,0.506446,0.970488,0.22252,0.932432,0,0
1765976268033859,0,-3.16698,0.969479,-1.58718,0.987373,0.799818,0.152564,0.505449,0.969682,0.22188,0.934112,0,0
1765976268038865,0,-3.16203,0.973495,-1.58642,0.989901,0.804671,0.153673,0.504439,0.968858,0.221221,0.935797,0,0
1765976268043868,0,-3.15707,0.977533,-1.58564,0.992422,0.809516,0.154778,0.503423,0.968022,0.220548,0.937471,0,0
1765976268048869,0,-3.1521,0.981594,-1.58487,0.994937,0.814355,0.15588,0.502402,0.967174,0.21986,0.939136,0,0
1765976268053862,0,-3.14712,0.985672,-1.58409,0.997443,0.819182,0.156976,0.501378,0.966315,0.219158,0.940789,0,0
1765976268058882,0,-3.14211,0.989796,-1.5833,0.999957,0.82403,0.158074,0.500341,0.965439,0.218438,0.942442,0,0
1765976268063887,0,-3.1371,0.993933,-1.5825,1.00246,0.82886,0.159166,0.499303,0.964553,0.217705,0.94408,0,0
1765976268068855,0,-3.13211,0.998062,-1.58171,1.00494,0.83365,0.160245,0.498266,0.963662,0.216964,0.945698,0,0
1765976268073864,0,-3.12707,1.00225,-1.5809,1.00743,0.838474,0.16133,0.497215,0.96275,0.216203,0.94732,0,0
1765976268078895,0,-3.122,1.00648,-1.58009,1.00993,0.843316,0.162416,0.496153,0.961823,0.215424,0.948939,0,0
1765976268083864,0,-3.11697,1.01068,-1.57928,1.01239,0.848092,0.163484,0.495099,0.960895,0.214641,0.95053,0,0
1765976268088872,0,-3.1119,1.01494,-1.57846,1.01487,0.852902,0.164557,0.494032,0.959947,0.213838,0.952123,0,0
1765976268093862,0,-3.10683,1.01921,-1.57763,1.01733,0.85769,0.165622,0.492962,0.958991,0.213024,0.953702,0,0
1765976268098865,0,-3.10173,1.02351,-1.5768,1.01979,0.862485,0.166686,0.491884,0.95802,0.212194,0.955276,0,0
1765976268103880,0,-3.09661,1.02785,-1.57596,1.02226,0.867287,0.167748,0.490798,0.957035,0.211349,0.956844,0,0
1765976268108868,0,-3.09151,1.03219,-1.57512,1.0247,0.872059,0.1688,0.489712,0.956043,0.210494,0.958394,0,0
1765976268113852,0,-3.08639,1.03655,-1.57428,1.02714,0.876821,0.169847,0.488622,0.955039,0.209628,0.959934,0,0
1765976268118849,0,-3.08125,1.04094,-1.57343,1.02958,0.881591,0.170892,0.487523,0.954022,0.208746,0.961468,0,0
1765976268123851,0,-3.0761,1.04536,-1.57257,1.03202,0.88636,0.171934,0.486418,0.952991,0.20785,0.962995,0,0
1765976268128850,0,-3.07093,1.0498,-1.57171,1.03445,0.891122,0.172971,0.485307,0.951949,0.206942,0.964511,0,0
1765976268133872,0,-3.06573,1.05429,-1.57084,1.03688,0.8959,0.174008,0.484187,0.95089,0.206016,0.966025,0,0
1765976268138870,0,-3.06054,1.05878,-1.56997,1.0393,0.900649,0.175035,0.483066,0.949824,0.205082,0.967522,0,0
1765976268143865,0,-3.05535,1.06329,-1.56909,1.04171,0.905391,0.176057,0.48194,0.948747,0.204137,0.969008,0,0
1765976268148844,0,-3.05015,1.06781,-1.56821,1.0441,0.910112,0.177071,0.480812,0.947662,0.203181,0.970481,0,0
1765976268153861,0,-3.04491,1.07239,-1.56732,1.04651,0.914864,0.178088,0.479671,0.946557,0.202206,0.971955,0,0
1765976268158868,0,-3.03966,1.07698,-1.56643,1.04891,0.919601,0.179098,0.478526,0.945442,0.201221,0.973417,0,0
1765976268163874,0,-3.03441,1.0816,-1.56553,1.0513,0.924331,0.180103,0.477376,0.944316,0.200224,0.974869,0,0
1765976268168863,0,-3.02916,1.08622,-1.56463,1.05368,0.929039,0.1811,0.476225,0.943182,0.199218,0.976306,0,0
1765976268173892,0,-3.02385,1.0909,-1.56371,1.05608,0.933779,0.182099,0.475059,0.942027,0.198192,0.977745,0,0
1765976268178886,0,-3.01857,1.09558,-1.5628,1.05844,0.938481,0.183086,0.473896,0.940869,0.197161,0.979165,0,0
1765976268183857,0,-3.0133,1.10026,-1.56189,1.0608,0.943155,0.184064,0.472733,0.939704,0.196124,0.980569,0,0
1765976268188864,0,-3.00799,1.10499,-1.56096,1.06316,0.947857,0.185043,0.471557,0.938519,0.195067,0.981973,0,0
1765976268193887,0,-3.00264,1.10976,-1.56003,1.06553,0.952568,0.18602,0.470371,0.937319,0.193995,0.983372,0,0
1765976268198876,0,-2.99732,1.11453,-1.5591,1.06787,0.957242,0.186985,0.469188,0.936116,0.192919,0.984752,0,0
1765976268203870,0,-2.99198,1.11932,-1.55817,1.07021,0.961913,0.187946,0.467999,0.9349,0.191831,0.986123,0,0
1765976268208880,0,-2.98661,1.12415,-1.55722,1.07255,0.966594,0.188904,0.4668,0.933669,0.190728,0.987489,0,0
1765976268213902,0,-2.98122,1.12902,-1.55627,1.07489,0.97128,0.189859,0.465594,0.932423,0.189611,0.988849,0,0
1765976268218811,0,-2.97594,1.1338,-1.55534,1.07718,0.975854,0.190787,0.464409,0.931194,0.188509,0.990169,0,0
1765976268223832,0,-2.97052,1.13871,-1.55438,1.07951,0.980527,0.191731,0.463193,0.929926,0.18737,0.991509,0,0
1765976268228828,0,-2.96512,1.14362,-1.55342,1.08182,0.985169,0.192664,0.461977,0.928653,0.186227,0.992833,0,0
1765976268233859,0,-2.95968,1.14859,-1.55244,1.08414,0.989838,0.193598,0.460748,0.927359,0.185065,0.994156,0,0
1765976268238873,0,-2.95423,1.15356,-1.55147,1.08645,0.994485,0.194523,0.459517,0.926059,0.183896,0.995465,0,0
1765976268243865,0,-2.94881,1.15854,-1.5505,1.08874,0.999104,0.195438,0.458287,0.924753,0.182721,0.996759,0,0
1765976268248867,0,-2.94335,1.16355,-1.54952,1.09103,1.00373,0.196349,0.457049,0.923433,0.181534,0.998045,0,0
1765976268253875,0,-2.93788,1.16858,-1.54853,1.09331,1.00835,0.197255,0.455805,0.922101,0.180336,0.999323,0,0
1765976268258865,0,-2.93242,1.17363,-1.54755,1.09558,1.01295,0.198152,0.45456,0.920762,0.179131,1.00059,0,0
1765976268263860,0,-2.92694,1.1787,-1.54655,1.09785,1.01754,0.199044,0.453309,0.919411,0.177915,1.00184,0,0
1765976268268898,0,-2.92141,1.18384,-1.54555,1.10013,1.02217,0.199937,0.452042,0.918037,0.176679,1.0031,0,0
1765976268274008,0,-2.91578,1.18907,-1.54452,1.10244,1.02686,0.200837,0.450752,0.916632,0.175415,1.00436,0,0
1765976268279047,0,-2.91022,1.19426,-1.54351,1.10471,1.03147,0.201718,0.449475,0.915235,0.174158,1.0056,0,0
1765976268283993,0,-2.90475,1.19937,-1.54251,1.10693,1.036,0.202576,0.448216,0.913853,0.172916,1.0068,0,0
1765976268289046,0,-2.89915,1.20462,-1.54148,1.10919,1.04061,0.203446,0.446925,0.912431,0.171636,1.00802,0,0
1765976268294056,0,-2.89359,1.20984,-1.54046,1.11142,1.04518,0.204303,0.44564,0.911009,0.170358,1.00922,0,0
1765976268299021,0,-2.88806,1.21504,-1.53945,1.11363,1.0497,0.205146,0.444362,0.909589,0.169083,1.0104,0,0
1765976268303908,0,-2.88262,1.22018,-1.53844,1.1158,1.05414,0.205969,0.443099,0.908181,0.167818,1.01155,0,0
1765976268309028,0,-2.8769,1.22559,-1.53738,1.11807,1.05879,0.206825,0.441771,0.906695,0.166484,1.01275,0,0
1765976268313877,0,-2.87147,1.23074,-1.53638,1.1202,1.06318,0.207629,0.440508,0.905278,0.165212,1.01387,0,0
1765976268318901,0,-2.86584,1.23609,-1.53533,1.12241,1.06772,0.208456,0.439196,0.903798,0.163885,1.01503,0,0
1765976268323856,0,-2.86027,1.24139,-1.5343,1.12459,1.0722,0.209265,0.437896,0.902328,0.162567,1.01615,0,0
1765976268329016,0,-2.85446,1.24694,-1.53322,1.12684,1.07685,0.2101,0.436537,0.900787,0.161186,1.01732,0,0
1765976268334026,0,-2.84881,1.25234,-1.53216,1.12903,1.08136,0.210904,0.435214,0.899279,0.159836,1.01844,0,0
1765976268339030,0,-2.84316,1.25776,-1.53111,1.1312,1.08586,0.2117,0.433887,0.897762,0.15848,1.01955,0,0
1765976268343894,0,-2.83765,1.26306,-1.53007,1.13331,1.09022,0.212468,0.432592,0.896278,0.157153,1.02062,0,0
1765976268348986,0,-2.83187,1.26862,-1.52899,1.13551,1.09478,0.213265,0.431232,0.894713,0.155756,1.02173,0,0
1765976268353973,0,-2.8262,1.27409,-1.52793,1.13766,1.09924,0.214038,0.429895,0.89317,0.154379,1.02281,0,0
1765976268358940,0,-2.82055,1.27956,-1.52686,1.13979,1.10367,0.214801,0.42856,0.891623,0.152999,1.02387,0,0
1765976268364004,0,-2.81477,1.28516,-1.52577,1.14195,1.10818,0.215573,0.427193,0.890035,0.151585,1.02494,0,0
1765976268368962,0,-2.8091,1.29067,-1.5247,1.14407,1.11259,0.216321,0.42585,0.888469,0.150192,1.02598,0,0
1765976268374023,0,-2.80331,1.29631,-1.5236,1.14622,1.11708,0.217077,0.424474,0.886861,0.148763,1.02704,0,0
1765976268378938,0,-2.79767,1.30181,-1.52253,1.1483,1.12144,0.217805,0.423134,0.885289,0.147367,1.02805,0,0
1765976268383963,0,-2.79189,1.30746,-1.52144,1.15043,1.12588,0.218542,0.421759,0.883671,0.145932,1.02908,0,0
1765976268388995,0,-2.7861,1.31313,-1.52034,1.15255,1.13032,0.219273,0.420377,0.882041,0.144488,1.03009,0,0
1765976268394055,0,-2.78026,1.31886,-1.51923,1.15467,1.13478,0.22,0.418983,0.880391,0.143028,1.03111,0,0
1765976268399044,0,-2.7745,1.32454,-1.51813,1.15676,1.13917,0.22071,0.417604,0.878754,0.141581,1.0321,0,0
1765976268403997,0,-2.76876,1.33019,-1.51703,1.15882,1.14352,0.221408,0.416231,0.877119,0.140137,1.03307,0,0
1765976268409060,0,-2.76289,1.33599,-1.51591,1.16092,1.14796,0.222113,0.414822,0.875437,0.138654,1.03405,0,0
1765976268413908,0,-2.75726,1.34157,-1.51483,1.16293,1.1522,0.222782,0.413469,0.873817,0.137228,1.03499,0,0
1765976268418881,0,-2.75147,1.34731,-1.51372,1.16499,1.15654,0.223461,0.412076,0.872145,0.135758,1.03593,0,0
1765976268423864,0,-2.74566,1.35308,-1.5126,1.16703,1.16088,0.224134,0.410677,0.87046,0.134278,1.03687,0,0
1765976268428862,0,-2.73982,1.35889,-1.51148,1.16908,1.16523,0.224801,0.409268,0.868759,0.132786,1.03781,0,0
1765976268433863,0,-2.73397,1.36473,-1.51036,1.17113,1.16957,0.225461,0.407854,0.867048,0.131288,1.03873,0,0
1765976268438870,0,-2.7281,1.3706,-1.50923,1.17317,1.1739,0.226115,0.406435,0.865324,0.12978,1.03964,0,0
1765976268443863,0,-2.72224,1.37647,-1.5081,1.17519,1.17822,0.226759,0.405014,0.863596,0.128271,1.04055,0,0
1765976268448877,0,-2.71634,1.38239,-1.50696,1.17722,1.18254,0.227399,0.403583,0.86185,0.126749,1.04144,0,0
1765976268453874,0,-2.71045,1.38831,-1.50582,1.17923,1.18685,0.228028,0.402153,0.8601,0.125226,1.04233,0,0
1765976268458880,0,-2.70454,1.39426,-1.50468,1.18124,1.19115,0.228651,0.400716,0.858337,0.123693,1.04321,0,0
1765976268463866,0,-2.69865,1.40021,-1.50353,1.18324,1.19542,0.229264,0.39928,0.856571,0.122161,1.04407,0,0
1765976268468859,0,-2.69274,1.40619,-1.50239,1.18523,1.1997,0.22987,0.397838,0.854793,0.120621,1.04492,0,0
1765976268473860,0,-2.6868,1.4122,-1.50124,1.18721,1.20397,0.23047,0.396389,0.853002,0.119072,1.04577,0,0
1765976268478877,0,-2.68084,1.41825,-1.50008,1.1892,1.20824,0.231063,0.394931,0.851196,0.117512,1.04661,0,0
1765976268483874,0,-2.6749,1.4243,-1.49892,1.19117,1.21249,0.231646,0.393475,0.849387,0.115953,1.04744,0,0
1765976268488860,0,-2.66895,1.43036,-1.49777,1.19313,1.21672,0.232221,0.392017,0.847573,0.114392,1.04825,0,0
1765976268493847,0,-2.663,1.43643,-1.49661,1.19508,1.22094,0.232787,0.390556,0.845748,0.112825,1.04906,0,0
1765976268498856,0,-2.65701,1.44256,-1.49544,1.19703,1.22517,0.233348,0.389083,0.843906,0.111245,1.04986,0,0
1765976268503878,0,-2.65099,1.44872,-1.49427,1.19898,1.22941,0.233903,0.387602,0.842049,0.109656,1.05065,0,0
1765976268508870,0,-2.645,1.45487,-1.4931,1.20091,1.23361,0.234446,0.386126,0.840194,0.108071,1.05143,0,0
1765976268513889,0,-2.63897,1.46107,-1.49192,1.20284,1.23782,0.234985,0.384638,0.83832,0.106473,1.0522,0,0
1765976268518879,0,-2.63296,1.46726,-1.49075,1.20476,1.242,0.235512,0.383154,0.836446,0.104878,1.05296,0,0
1765976268523883,0,-2.62693,1.47349,-1.48957,1.20667,1.24618,0.236033,0.381662,0.834558,0.103274,1.05372,0,0
1765976268528857,0,-2.62092,1.47969,-1.48839,1.20857,1.25033,0.236543,0.380175,0.832672,0.101675,1.05445,0,0
1765976268533882,0,-2.61484,1.48599,-1.4872,1.21048,1.2545,0.23705,0.378668,0.830757,0.100055,1.05519,0,0
1765976268538849,0,-2.60882,1.49223,-1.48602,1.21235,1.25863,0.237543,0.377175,0.828855,0.0984482,1.05591,0,0
1765976268543859,0,-2.60275,1.49855,-1.48483,1.21424,1.26277,0.238032,0.375665,0.826927,0.0968232,1.05663,0,0
1765976268548849,0,-2.59668,1.50486,-1.48364,1.21611,1.2669,0.238511,0.374156,0.824997,0.0952,1.05733,0,0
1765976268553872,0,-2.59057,1.51123,-1.48244,1.21798,1.27103,0.238985,0.372634,0.823046,0.0935617,1.05803,0,0
1765976268558857,0,-2.58449,1.51758,-1.48125,1.21984,1.27513,0.239447,0.371119,0.821099,0.0919313,1.05871,0,0
1765976268563856,0,-2.57839,1.52396,-1.48005,1.22169,1.27923,0.239903,0.369595,0.819138,0.0902921,1.05939,0,0
1765976268568820,0,-2.57232,1.53032,-1.47886,1.22352,1.28329,0.240347,0.368079,0.817182,0.0886601,1.06006,0,0
1765976268573874,0,-2.56613,1.53682,-1.47764,1.22538,1.28742,0.240791,0.366531,0.815181,0.0869945,1.06072,0,0
1765976268578910,0,-2.55996,1.54331,-1.47643,1.22722,1.29152,0.241225,0.364984,0.813178,0.0853306,1.06138,0,0
1765976268583927,0,-2.5538,1.5498,-1.47522,1.22905,1.29559,0.241649,0.363439,0.811173,0.083669,1.06202,0,0
1765976268588884,0,-2.5477,1.55623,-1.47402,1.23084,1.29961,0.242059,0.361909,0.809183,0.0820235,1.06265,0,0
1765976268593970,0,-2.54143,1.56285,-1.47279,1.23268,1.30372,0.242472,0.360335,0.807132,0.0803313,1.06328,0,0
1765976268598986,0,-2.53525,1.5694,-1.47157,1.23448,1.30776,0.242871,0.358779,0.8051,0.0786586,1.0639,0,0
1765976268603993,0,-2.52906,1.57596,-1.47035,1.23628,1.31179,0.243261,0.357221,0.803063,0.0769852,1.0645,0,0
1765976268608910,0,-2.52298,1.58242,-1.46916,1.23803,1.31573,0.243635,0.355688,0.801054,0.0753386,1.06509,0,0
1765976268613886,0,-2.51681,1.58898,-1.46794,1.2398,1.31971,0.244006,0.354133,0.799012,0.0736688,1.06567,0,0
1765976268618885,0,-2.51061,1.59559,-1.46672,1.24156,1.3237,0.24437,0.352566,0.796951,0.071988,1.06625,0,0
1765976268623861,0,-2.50443,1.60218,-1.46551,1.24331,1.32766,0.244724,0.351003,0.794891,0.0703116,1.06682,0,0
1765976268628862,0,-2.49821,1.60883,-1.46428,1.24506,1.33163,0.245071,0.349429,0.792812,0.0686235,1.06738,0,0
1765976268633867,0,-2.49197,1.61551,-1.46305,1.24681,1.3356,0.245411,0.347849,0.790723,0.0669311,1.06793,0,0
1765976268638879,0,-2.48572,1.62221,-1.46182,1.24855,1.33955,0.245742,0.346263,0.788622,0.0652332,1.06848,0,0
1765976268643806,0,-2.47956,1.62882,-1.46061,1.25025,1.34343,0.246059,0.344701,0.786547,0.0635613,1.06901,0,0
1765976268648876,0,-2.47322,1.63564,-1.45936,1.25199,1.34742,0.246377,0.343089,0.784404,0.061838,1.06954,0,0
1765976268653874,0,-2.46696,1.64239,-1.45813,1.2537,1.35133,0.246682,0.341497,0.782283,0.0601363,1.07006,0,0
1765976268658891,0,-2.46066,1.64918,-1.45689,1.25541,1.35525,0.246979,0.339894,0.780145,0.0584254,1.07057,0,0
1765976268663876,0,-2.4544,1.65594,-1.45566,1.2571,1.35914,0.247266,0.338299,0.778011,0.0567229,1.07107,0,0
1765976268668867,0,-2.44812,1.66273,-1.45443,1.25879,1.36301,0.247545,0.336697,0.775867,0.0550157,1.07156,0,0
1765976268673878,0,-2.44181,1.66957,-1.45318,1.26047,1.3669,0.247816,0.335086,0.773705,0.0532993,1.07205,0,0
1765976268678865,0,-2.43552,1.6764,-1.45195,1.26214,1.37075,0.248078,0.333479,0.771546,0.0515888,1.07252,0,0
1765976268683853,0,-2.42922,1.68325,-1.45071,1.2638,1.37459,0.248331,0.331867,0.769377,0.0498756,1.07299,0,0
1765976268688857,0,-2.42289,1.69014,-1.44947,1.26546,1.37844,0.248576,0.330248,0.767193,0.0481548,1.07345,0,0
1765976268693882,0,-2.41653,1.69707,-1.44822,1.26711,1.38229,0.248814,0.328617,0.764992,0.0464246,1.0739,0,0
1765976268698866,0,-2.41021,1.70397,-1.44698,1.26874,1.38609,0.249041,0.326997,0.7628,0.0447065,1.07434,0,0
1765976268703879,0,-2.40384,1.71093,-1.44573,1.27038,1.38991,0.249261,0.325363,0.760587,0.0429765,1.07478,0,0
1765976268708865,0,-2.39751,1.71787,-1.44448,1.272,1.3937,0.249471,0.323735,0.758377,0.0412538,1.07521,0,0
1765976268713866,0,-2.39114,1.72485,-1.44324,1.27361,1.39749,0.249673,0.322098,0.756153,0.0395241,1.07563,0,0
1765976268718879,0,-2.38475,1.73186,-1.44198,1.27522,1.40127,0.249866,0.320454,0.753914,0.0377886,1.07604,0,0
1765976268723865,0,-2.37839,1.73886,-1.44074,1.27682,1.40502,0.250051,0.318815,0.75168,0.0360608,1.07644,0,0
1765976268728873,0,-2.37199,1.7459,-1.43949,1.27841,1.40878,0.250227,0.317165,0.749427,0.0343238,1.07684,0,0
1765976268733862,0,-2.36561,1.75294,-1.43824,1.27999,1.41252,0.250394,0.315518,0.747176,0.032592,1.07722,0,0
1765976268738843,0,-2.35923,1.75999,-1.43699,1.28155,1.41623,0.250552,0.313871,0.744919,0.0308615,1.0776,0,0
1765976268743864,0,-2.35279,1.76711,-1.43573,1.28313,1.41997,0.250702,0.312207,0.742636,0.0291157,1.07797,0,0
1765976268748826,0,-2.34642,1.77416,-1.43449,1.28467,1.42365,0.250843,0.310559,0.740372,0.0273892,1.07834,0,0
1765976268753855,0,-2.33996,1.78133,-1.43322,1.28623,1.42736,0.250976,0.308885,0.738069,0.0256383,1.0787,0,0
1765976268758806,0,-2.33358,1.78841,-1.43198,1.28775,1.43101,0.251099,0.307234,0.735794,0.0239134,1.07904,0,0
1765976268763882,0,-2.32704,1.79568,-1.43071,1.28931,1.43474,0.251215,0.305538,0.733454,0.0221439,1.07939,0,0
1765976268768855,0,-2.32063,1.80282,-1.42946,1.29083,1.43838,0.251321,0.303873,0.731153,0.0204094,1.07972,0,0
1765976268773864,0,-2.31416,1.81004,-1.4282,1.29234,1.44204,0.251419,0.302193,0.728827,0.0186615,1.08005,0,0
1765976268778810,0,-2.30776,1.81718,-1.42695,1.29383,1.44564,0.251507,0.30053,0.726523,0.0169348,1.08037,0,0
1765976268783857,0,-2.30123,1.82449,-1.42568,1.29535,1.4493,0.251588,0.298831,0.724164,0.015172,1.08068,0,0
1765976268788804,0,-2.29482,1.83166,-1.42444,1.29682,1.45288,0.251659,0.297161,0.721844,0.0134436,1.08098,0,0
1765976268793863,0,-2.28825,1.83902,-1.42317,1.29832,1.45652,0.251722,0.295451,0.719463,0.0116754,1.08128,0,0
1765976268798928,0,-2.28167,1.84641,-1.42189,1.29981,1.46016,0.251777,0.293735,0.717072,0.0099047,1.08158,0,0
1765976268803900,0,-2.27521,1.85368,-1.42064,1.30127,1.46372,0.251822,0.292048,0.714717,0.00816605,1.08186,0,0
1765976268808923,0,-2.26867,1.86104,-1.41937,1.30273,1.4673,0.251859,0.29034,0.71233,0.00640922,1.08214,0,0
1765976268813993,0,-2.26206,1.86849,-1.4181,1.3042,1.47091,0.251887,0.288613,0.709912,0.00463568,1.08242,0,0
1765976268819009,0,-2.25551,1.87587,-1.41683,1.30564,1.47446,0.251906,0.286901,0.707513,0.0028808,1.08268,0,0
1765976268823939,0,-2.24907,1.88315,-1.41559,1.30705,1.47795,0.251915,0.285215,0.705147,0.00115591,1.08293,0,0
1765976268828961,0,-2.24251,1.89058,-1.41433,1.30848,1.48148,0.251917,0.283495,0.70273,-0.000601228,1.08318,0,0
1765976268833884,0,-2.23606,1.89789,-1.41309,1.30987,1.48493,0.25191,0.281805,0.700353,-0.00232372,1.08342,0,0
1765976268838996,0,-2.22936,1.90549,-1.4118,1.31131,1.48851,0.251893,0.280048,0.697876,-0.00411218,1.08367,0,0
1765976268843939,0,-2.22288,1.91285,-1.41055,1.31269,1.49195,0.251869,0.278345,0.695475,-0.00584133,1.08389,0,0
1765976268849007,0,-2.21622,1.92042,-1.40928,1.31409,1.49547,0.251835,0.276597,0.693004,-0.00761403,1.08412,0,0
1765976268853907,0,-2.20978,1.92776,-1.40804,1.31544,1.49886,0.251793,0.274903,0.690609,-0.00932762,1.08434,0,0
1765976268858960,0,-2.20313,1.93534,-1.40677,1.31683,1.50234,0.251741,0.273154,0.688131,-0.0110944,1.08455,0,0
1765976268863979,0,-2.19651,1.94289,-1.40551,1.3182,1.50579,0.251681,0.271413,0.685663,-0.0128487,1.08476,0,0
1765976268868972,0,-2.18993,1.95042,-1.40425,1.31955,1.50921,0.251613,0.269678,0.6832,-0.0145935,1.08496,0,0
1765976268873869,0,-2.18346,1.95782,-1.40302,1.32086,1.51255,0.251537,0.267974,0.680777,-0.0163041,1.08514,0,0
1765976268878886,0,-2.17683,1.96541,-1.40176,1.3222,1.51596,0.251451,0.266225,0.678287,-0.018056,1.08533,0,0
1765976268883866,0,-2.17025,1.97297,-1.40051,1.32352,1.51933,0.251357,0.264486,0.675809,-0.0197943,1.08551,0,0
1765976268888879,0,-2.16361,1.9806,-1.39925,1.32485,1.52271,0.251253,0.262732,0.673307,-0.0215432,1.08569,0,0
1765976268893872,0,-2.15699,1.98821,-1.39799,1.32615,1.52607,0.251141,0.260983,0.670807,-0.0232843,1.08586,0,0
1765976268898867,0,-2.15036,1.99584,-1.39674,1.32745,1.52941,0.251021,0.25923,0.6683,-0.0250252,1.08603,0,0
1765976268903869,0,-2.14372,2.0035,-1.39548,1.32875,1.53275,0.250891,0.257471,0.665782,-0.0267674,1.08618,0,0
1765976268908877,0,-2.13706,2.01118,-1.39423,1.33003,1.53608,0.250753,0.255708,0.663254,-0.0285107,1.08634,0,0
1765976268913867,0,-2.13042,2.01885,-1.39298,1.3313,1.53938,0.250606,0.253948,0.660727,-0.0302465,1.08649,0,0
1765976268918835,0,-2.1238,2.02651,-1.39173,1.33256,1.54265,0.250451,0.252193,0.658205,-0.0319735,1.08663,0,0
1765976268923806,0,-2.11718,2.03419,-1.39049,1.33381,1.54592,0.250288,0.250434,0.655675,-0.0337003,1.08676,0,0
1765976268928863,0,-2.11043,2.04201,-1.38922,1.33507,1.54923,0.250113,0.248642,0.653094,-0.0354555,1.0869,0,0
1765976268933800,0,-2.10383,2.04967,-1.38799,1.33629,1.55245,0.249934,0.24689,0.650567,-0.0371677,1.08702,0,0
1765976268938806,0,-2.09714,2.05745,-1.38674,1.33752,1.5557,0.249744,0.245111,0.647997,-0.0389024,1.08715,0,0
1765976268943821,0,-2.09043,2.06526,-1.38548,1.33875,1.55894,0.249544,0.243325,0.645417,-0.0406385,1.08727,0,0
1765976268948798,0,-2.08376,2.07303,-1.38424,1.33996,1.56215,0.249338,0.241551,0.642849,-0.0423599,1.08738,0,0
1765976268953820,0,-2.07703,2.08088,-1.38299,1.34116,1.56537,0.249121,0.239757,0.640251,-0.0440952,1.08749,0,0
1765976268958800,0,-2.07035,2.08868,-1.38175,1.34235,1.56855,0.248897,0.237976,0.637668,-0.0458143,1.08759,0,0
1765976268963804,0,-2.06363,2.09654,-1.38051,1.34354,1.57174,0.248663,0.236184,0.635065,-0.0475397,1.08769,0,0
1765976268968808,0,-2.0569,2.10441,-1.37926,1.34472,1.57491,0.248421,0.234389,0.632456,-0.0492633,1.08778,0,0
1765976268973824,0,-2.05016,2.11232,-1.37802,1.34589,1.57807,0.248169,0.232587,0.629834,-0.050989,1.08787,0,0
1765976268978812,0,-2.04344,2.1202,-1.37678,1.34704,1.58121,0.247911,0.230793,0.62722,-0.0527031,1.08796,0,0
1765976268983836,0,-2.03667,2.12815,-1.37553,1.3482,1.58435,0.247642,0.228983,0.624581,-0.0544275,1.08804,0,0
1765976268988829,0,-2.02994,2.13607,-1.3743,1.34934,1.58746,0.247366,0.227181,0.621951,-0.0561391,1.08812,0,0
1765976268993805,0,-2.02322,2.14398,-1.37307,1.35046,1.59055,0.247082,0.225384,0.619323,-0.0578426,1.08819,0,0
1765976268998815,0,-2.01645,2.15195,-1.37183,1.35159,1.59365,0.246788,0.223571,0.616671,-0.0595555,1.08826,0,0
1765976269003824,0,-2.00968,2.15994,-1.3706,1.3527,1.59673,0.246485,0.221756,0.614013,-0.0612657,1.08833,0,0
1765976269008820,0,-2.00292,2.16793,-1.36937,1.35381,1.59979,0.246175,0.219943,0.611355,-0.0629691,1.08839,0,0
1765976269013820,0,-1.99614,2.17593,-1.36814,1.3549,1.60284,0.245856,0.218127,0.608689,-0.0646715,1.08845,0,0
1765976269018823,0,-1.98936,2.18396,-1.36691,1.35599,1.60588,0.245528,0.216306,0.606015,-0.0663722,1.0885,0,0
1765976269023836,0,-1.98256,2.19202,-1.36568,1.35707,1.60891,0.245191,0.21448,0.603329,-0.0680738,1.08855,0,0
1765976269028880,0,-1.97571,2.20014,-1.36444,1.35815,1.61195,0.244844,0.21264,0.60062,-0.0697832,1.0886,0,0
1765976269033876,0,-1.96893,2.2082,-1.36322,1.3592,1.61494,0.244491,0.210815,0.59793,-0.0714736,1.08865,0,0
1765976269038901,0,-1.96209,2.21633,-1.36199,1.36026,1.61794,0.244127,0.208976,0.595218,-0.073171,1.08869,0,0
1765976269043965,0,-1.9552,2.22453,-1.36075,1.36131,1.62095,0.243752,0.207122,0.592479,-0.0748787,1.08873,0,0
1765976269048865,0,-1.94853,2.23248,-1.35956,1.36232,1.62384,0.243381,0.205324,0.589823,-0.0765282,1.08876,0,0
1765976269053846,0,-1.94174,2.24057,-1.35835,1.36334,1.62677,0.242996,0.203495,0.587116,-0.0782021,1.0888,0,0
1765976269058944,0,-1.93479,2.24887,-1.35711,1.36437,1.62976,0.242593,0.201621,0.584339,-0.0799122,1.08883,0,0
1765976269063870,0,-1.92807,2.25691,-1.35592,1.36536,1.63263,0.242195,0.199807,0.581651,-0.0815616,1.08886,0,0
1765976269068827,0,-1.92129,2.26501,-1.35472,1.36635,1.63551,0.241787,0.19798,0.578939,-0.0832182,1.08888,0,0
1765976269073869,0,-1.9144,2.27326,-1.3535,1.36734,1.63842,0.241363,0.196119,0.576174,-0.0849001,1.0889,0,0
1765976269078859,0,-1.90758,2.28144,-1.3523,1.36832,1.64129,0.240935,0.194275,0.573432,-0.0865613,1.08893,0,0
1765976269083865,0,-1.90073,2.28967,-1.35109,1.36928,1.64415,0.240498,0.192422,0.570676,-0.0882246,1.08894,0,0
1765976269088893,0,-1.89384,2.29794,-1.34988,1.37025,1.64702,0.24005,0.19056,0.567901,-0.0898917,1.08896,0,0
1765976269093864,0,-1.88702,2.30614,-1.34869,1.37119,1.64983,0.239599,0.188716,0.565151,-0.0915365,1.08898,0,0
1765976269098864,0,-1.88017,2.31439,-1.3475,1.37213,1.65265,0.239137,0.186859,0.56238,-0.0931874,1.08899,0,0
1765976269103888,0,-1.87327,2.3227,-1.34629,1.37306,1.65547,0.238665,0.184991,0.559589,-0.0948426,1.089,0,0
1765976269108885,0,-1.86641,2.33098,-1.3451,1.37398,1.65826,0.238187,0.183131,0.556807,-0.0964854,1.08901,0,0
1765976269113845,0,-1.85959,2.33921,-1.34392,1.37489,1.66101,0.237704,0.181283,0.554041,-0.0981123,1.08902,0,0
1765976269118873,0,-1.85267,2.34757,-1.34273,1.37579,1.66379,0.237207,0.179407,0.55123,-0.0997578,1.08902,0,0
1765976269123841,0,-1.84584,2.35585,-1.34155,1.37668,1.66652,0.236707,0.177551,0.548448,-0.10138,1.08903,0,0
1765976269128869,0,-1.83891,2.36423,-1.34036,1.37757,1.66927,0.236193,0.175671,0.545625,-0.103018,1.08903,0,0
1765976269133871,0,-1.83202,2.37259,-1.33918,1.37844,1.672,0.235674,0.173798,0.542812,-0.104643,1.08904,0,0
1765976269138858,0,-1.82514,2.38093,-1.33801,1.3793,1.6747,0.235148,0.171929,0.540002,-0.10626,1.08904,0,0
1765976269143846,0,-1.81826,2.38929,-1.33684,1.38016,1.67738,0.234614,0.170058,0.537185,-0.107873,1.08904,0,0
1765976269148853,0,-1.81135,2.3977,-1.33566,1.381,1.68007,0.23407,0.168177,0.534352,-0.109488,1.08904,0,0
1765976269153864,0,-1.80443,2.40612,-1.33449,1.38184,1.68274,0.233517,0.166293,0.531511,-0.1111,1.08904,0,0
1765976269158883,0,-1.79749,2.41458,-1.33332,1.38267,1.6854,0.232956,0.164404,0.52866,-0.11271,1.08904,0,0
1765976269163872,0,-1.79059,2.42299,-1.33216,1.38349,1.68803,0.232389,0.162524,0.525821,-0.114307,1.08905,0,0
1765976269168866,0,-1.78368,2.43143,-1.331,1.38429,1.69065,0.231814,0.16064,0.522973,-0.115901,1.08905,0,0
1765976269173864,0,-1.77676,2.43988,-1.32984,1.38509,1.69325,0.231231,0.158753,0.520117,-0.117492,1.08905,0,0
1765976269178874,0,-1.76982,2.44837,-1.32869,1.38588,1.69585,0.230639,0.156859,0.517249,-0.119082,1.08905,0,0
1765976269183835,0,-1.76294,2.45679,-1.32755,1.38666,1.69841,0.230044,0.154982,0.514404,-0.120652,1.08905,0,0
1765976269188866,0,-1.75596,2.46534,-1.32639,1.38743,1.70099,0.229433,0.153076,0.511513,-0.12224,1.08905,0,0
1765976269193867,0,-1.74902,2.47386,-1.32524,1.38819,1.70354,0.228818,0.15118,0.508634,-0.123814,1.08905,0,0
1765976269198864,0,-1.74208,2.48238,-1.3241,1.38894,1.70608,0.228195,0.149284,0.505753,-0.125382,1.08905,0,0
1765976269203880,0,-1.73511,2.49094,-1.32296,1.38969,1.70861,0.227562,0.147378,0.502854,-0.126952,1.08905,0,0
1765976269208866,0,-1.72818,2.49947,-1.32183,1.39042,1.71111,0.226925,0.145482,0.499968,-0.128507,1.08905,0,0
1765976269213857,0,-1.72124,2.50801,-1.32069,1.39114,1.71359,0.22628,0.143583,0.497074,-0.130059,1.08905,0,0
1765976269218863,0,-1.71427,2.5166,-1.31956,1.39185,1.71607,0.225625,0.141675,0.494166,-0.131611,1.08905,0,0
1765976269223861,0,-1.70732,2.52518,-1.31844,1.39256,1.71854,0.224963,0.139769,0.491257,-0.133155,1.08905,0,0
1765976269228844,0,-1.70038,2.53375,-1.31732,1.39325,1.72098,0.224296,0.137867,0.488352,-0.13469,1.08905,0,0
1765976269233869,0,-1.69337,2.5424,-1.31619,1.39394,1.72342,0.223615,0.135947,0.485418,-0.136233,1.08905,0,0
1765976269238876,0,-1.68639,2.55104,-1.31508,1.39461,1.72585,0.22293,0.134033,0.482489,-0.137766,1.08905,0,0
1765976269243860,0,-1.67944,2.55964,-1.31397,1.39527,1.72825,0.222239,0.132125,0.479568,-0.139286,1.08905,0,0
1765976269248871,0,-1.67245,2.56831,-1.31285,1.39593,1.73064,0.221537,0.130205,0.476627,-0.140809,1.08905,0,0
1765976269253883,0,-1.66545,2.57699,-1.31175,1.39658,1.73302,0.220828,0.128283,0.473679,-0.142328,1.08905,0,0
1765976269258873,0,-1.65848,2.58565,-1.31064,1.39721,1.73538,0.220114,0.126368,0.47074,-0.143834,1.08905,0,0
1765976269263854,0,-1.65152,2.5943,-1.30955,1.39784,1.73772,0.219394,0.124455,0.467801,-0.145333,1.08905,0,0
1765976269268843,0,-1.64454,2.60297,-1.30846,1.39846,1.74004,0.218665,0.122537,0.464853,-0.146829,1.08905,0,0
1765976269273866,0,-1.63751,2.61172,-1.30736,1.39907,1.74237,0.217924,0.120604,0.461879,-0.148329,1.08905,0,0
1765976269278872,0,-1.63051,2.62044,-1.30627,1.39967,1.74468,0.217177,0.118676,0.458911,-0.149819,1.08905,0,0
1765976269283843,0,-1.62355,2.62912,-1.30519,1.40025,1.74695,0.216429,0.11676,0.455959,-0.151293,1.08905,0,0
1765976269288858,0,-1.61653,2.63789,-1.30411,1.40083,1.74923,0.215666,0.114826,0.452976,-0.152775,1.08905,0,0
1765976269293867,0,-1.60951,2.64666,-1.30303,1.4014,1.75149,0.214897,0.112892,0.449992,-0.154249,1.08905,0,0
1765976269298859,0,-1.60251,2.65541,-1.30196,1.40196,1.75373,0.214124,0.110964,0.447013,-0.155713,1.08905,0,0
1765976269303878,0,-1.59547,2.66421,-1.30089,1.40251,1.75596,0.213339,0.109023,0.444014,-0.157178,1.08905,0,0
1765976269308901,0,-1.58843,2.67304,-1.29982,1.40305,1.75819,0.212545,0.107079,0.441007,-0.15864,1.08905,0,0
1765976269313885,0,-1.58143,2.68181,-1.29876,1.40358,1.76038,0.211751,0.105149,0.438019,-0.160084,1.08905,0,0
1765976269318851,0,-1.57446,2.69056,-1.29771,1.4041,1.76255,0.210953,0.103225,0.435038,-0.161517,1.08905,0,0
1765976269323937,0,-1.56732,2.69952,-1.29664,1.40462,1.76475,0.210127,0.101252,0.431979,-0.162979,1.08905,0,0
1765976269328850,0,-1.56042,2.7082,-1.29561,1.40511,1.76687,0.209323,0.0993451,0.429021,-0.164385,1.08905,0,0
1765976269333861,0,-1.55338,2.71706,-1.29456,1.40561,1.76901,0.208496,0.0973987,0.425998,-0.165814,1.08905,0,0
1765976269338854,0,-1.54636,2.7259,-1.29353,1.40609,1.77113,0.207665,0.0954579,0.422983,-0.167231,1.08905,0,0
1765976269343848,0,-1.53933,2.73475,-1.29249,1.40656,1.77323,0.206826,0.0935154,0.419962,-0.168643,1.08905,0,0
1765976269348864,0,-1.53228,2.74365,-1.29146,1.40702,1.77533,0.205976,0.0915629,0.416923,-0.170054,1.08905,0,0
1765976269353885,0,-1.52521,2.75257,-1.29042,1.40748,1.77742,0.205119,0.089607,0.413877,-0.171461,1.08905,0,0
1765976269359017,0,-1.51799,2.76169,-1.28937,1.40793,1.77953,0.204235,0.0876064,0.410759,-0.172893,1.08905,0,0
1765976269364063,0,-1.51088,2.77068,-1.28834,1.40837,1.7816,0.203359,0.0856381,0.407689,-0.174294,1.08905,0,0
1765976269368908,0,-1.50406,2.77932,-1.28736,1.40878,1.78357,0.202512,0.0837469,0.404738,-0.175634,1.08905,0,0
1765976269373923,0,-1.49699,2.78826,-1.28635,1.4092,1.78559,0.201627,0.0817881,0.401678,-0.177014,1.08905,0,0
1765976269378932,0,-1.48993,2.79721,-1.28534,1.4096,1.78759,0.200737,0.0798303,0.398618,-0.178386,1.08905,0,0
1765976269383863,0,-1.48298,2.80603,-1.28435,1.40999,1.78955,0.199854,0.0779018,0.395601,-0.179731,1.08905,0,0
1765976269388879,0,-1.4759,2.81501,-1.28335,1.41038,1.79153,0.198949,0.0759389,0.392529,-0.181092,1.08905,0,0
1765976269393937,0,-1.46877,2.82408,-1.28235,1.41076,1.7935,0.19803,0.0739583,0.389426,-0.182458,1.08905,0,0
1765976269398961,0,-1.46168,2.8331,-1.28136,1.41112,1.79545,0.19711,0.0719897,0.38634,-0.183808,1.08905,0,0
1765976269403910,0,-1.4547,2.84199,-1.28038,1.41147,1.79736,0.196197,0.0700493,0.383296,-0.185132,1.08905,0,0
1765976269408987,0,-1.44753,2.85112,-1.27939,1.41182,1.7993,0.195254,0.0680576,0.38017,-0.186483,1.08905,0,0
1765976269413940,0,-1.44054,2.86003,-1.27842,1.41216,1.80117,0.194327,0.0661134,0.377116,-0.187795,1.08905,0,0
1765976269418869,0,-1.43358,2.86892,-1.27747,1.41248,1.80302,0.193398,0.0641774,0.374072,-0.189094,1.08905,0,0
1765976269423872,0,-1.42651,2.87794,-1.2765,1.41279,1.80489,0.192449,0.0622112,0.370979,-0.190405,1.08905,0,0
1765976269428925,0,-1.41937,2.88707,-1.27553,1.4131,1.80675,0.191483,0.0602243,0.367851,-0.191723,1.08905,0,0
1765976269433824,0,-1.41244,2.89592,-1.2746,1.41339,1.80855,0.190541,0.0582969,0.364815,-0.192994,1.08905,0,0
1765976269438868,0,-1.40532,2.90505,-1.27364,1.41368,1.81038,0.189564,0.0563113,0.361685,-0.194296,1.08905,0,0
1765976269443879,0,-1.39823,2.91412,-1.27269,1.41396,1.81218,0.188587,0.0543377,0.358572,-0.195582,1.08905,0,0
1765976269448845,0,-1.39121,2.92313,-1.27176,1.41422,1.81396,0.187613,0.0523808,0.355483,-0.19685,1.08905,0,0
1765976269453871,0,-1.3841,2.93225,-1.27082,1.41448,1.81574,0.18662,0.0503993,0.352353,-0.198126,1.08905,0,0
1765976269458881,0,-1.37701,2.94135,-1.26988,1.41473,1.81749,0.185625,0.0484229,0.349229,-0.199391,1.08905,0,0
1765976269463852,0,-1.36998,2.95039,-1.26896,1.41497,1.81922,0.18463,0.046461,0.346125,-0.20064,1.08905,0,0
1765976269468873,0,-1.36287,2.95953,-1.26804,1.41519,1.82095,0.18362,0.0444783,0.342987,-0.201893,1.08905,0,0
1765976269473881,0,-1.35579,2.96865,-1.26712,1.41541,1.82266,0.182605,0.0424998,0.339853,-0.203137,1.08905,0,0
1765976269478851,0,-1.34875,2.97772,-1.26622,1.41562,1.82434,0.181593,0.0405354,0.33674,-0.204364,1.08905,0,0
1765976269483866,0,-1.34165,2.98687,-1.26531,1.41582,1.82602,0.180565,0.0385524,0.333595,-0.205594,1.08905,0,0
1765976269488877,0,-1.33456,2.99602,-1.26441,1.416,1.82769,0.179531,0.0365699,0.330448,-0.206817,1.08905,0,0
1765976269493863,0,-1.3275,3.00514,-1.26351,1.41618,1.82933,0.178497,0.0345966,0.327314,-0.208026,1.08905,0,0
1765976269498866,0,-1.32041,3.0143,-1.26262,1.41635,1.83096,0.177454,0.0326156,0.324166,-0.209232,1.08905,0,0
1765976269503875,0,-1.31331,3.02347,-1.26174,1.41651,1.83257,0.176402,0.0306313,0.321011,-0.210432,1.08905,0,0
1765976269508866,0,-1.30624,3.03262,-1.26086,1.41666,1.83417,0.175349,0.0286533,0.317863,-0.21162,1.08905,0,0
1765976269513871,0,-1.29915,3.04181,-1.25999,1.4168,1.83575,0.174287,0.026669,0.314704,-0.212804,1.08905,0,0
1765976269518852,0,-1.2921,3.05095,-1.25912,1.41692,1.83731,0.173224,0.0246934,0.311556,-0.213976,1.08905,0,0
1765976269523873,0,-1.28498,3.06018,-1.25825,1.41704,1.83887,0.172147,0.0227011,0.308379,-0.215149,1.08905,0,0
1765976269528885,0,-1.27788,3.0694,-1.25739,1.41715,1.8404,0.171066,0.0207116,0.305205,-0.216312,1.08905,0,0
1765976269533861,0,-1.27083,3.07856,-1.25654,1.41725,1.84191,0.169986,0.0187358,0.302051,-0.21746,1.08905,0,0
1765976269538877,0,-1.26372,3.08781,-1.25569,1.41734,1.84342,0.168893,0.0167433,0.298868,-0.218609,1.08905,0,0
1765976269543852,0,-1.25667,3.09698,-1.25486,1.41742,1.8449,0.167802,0.0147664,0.295708,-0.219741,1.08905,0,0
1765976269548857,0,-1.24957,3.10622,-1.25402,1.41749,1.84637,0.1667,0.0127768,0.292525,-0.220872,1.08905,0,0
1765976269553830,0,-1.24252,3.1154,-1.25319,1.41754,1.84782,0.165599,0.0107993,0.28936,-0.221989,1.08905,0,0
1765976269558860,0,-1.23539,3.1247,-1.25236,1.41759,1.84927,0.164479,0.00879831,0.286155,-0.22311,1.08905,0,0
1765976269563865,0,-1.2283,3.13396,-1.25154,1.41763,1.85069,0.16336,0.00680673,0.282963,-0.224218,1.08905,0,0
1765976269568854,0,-1.22123,3.1432,-1.25073,1.41766,1.8521,0.162238,0.00482078,0.279779,-0.225315,1.08905,0,0
1765976269573865,0,-1.21412,3.15248,-1.24992,1.41768,1.85349,0.161107,0.00282548,0.276577,-0.226409,1.08905,0,0
1765976269578930,0,-1.20694,3.16187,-1.24911,1.41769,1.85488,0.159957,0.000808111,0.273338,-0.227507,1.08905,0,0
1765976269583862,0,-1.19995,3.17103,-1.24832,1.41769,1.85622,0.158832,-0.00115685,0.270181,-0.228568,1.08905,0,0
1765976269588866,0,-1.19285,3.18032,-1.24753,1.41768,1.85757,0.157686,-0.00315106,0.266975,-0.229636,1.08905,0,0
1765976269593846,0,-1.18579,3.18957,-1.24675,1.41766,1.85889,0.15654,-0.00513632,0.263781,-0.230692,1.08905,0,0
1765976269598904,0,-1.17862,3.19898,-1.24596,1.41763,1.86021,0.15537,-0.00715311,0.260535,-0.231756,1.08905,0,0
1765976269603949,0,-1.17147,3.20836,-1.24518,1.41759,1.86152,0.154198,-0.0091653,0.257294,-0.232809,1.08905,0,0
1765976269608875,0,-1.16449,3.21754,-1.24442,1.41754,1.86278,0.153049,-0.0111306,0.254127,-0.233829,1.08905,0,0
1765976269613943,0,-1.15731,3.22698,-1.24365,1.41747,1.86406,0.151861,-0.0131529,0.250865,-0.234871,1.08905,0,0
1765976269618868,0,-1.15033,3.23617,-1.2429,1.4174,1.86529,0.150702,-0.0151186,0.247694,-0.235875,1.08905,0,0
1765976269623847,0,-1.14327,3.24546,-1.24216,1.41732,1.86651,0.149525,-0.0171065,0.244484,-0.236882,1.08905,0,0
1765976269628920,0,-1.13608,3.25493,-1.2414,1.41723,1.86774,0.148321,-0.0191322,0.241211,-0.2379,1.08905,0,0
1765976269633928,0,-1.12898,3.26428,-1.24066,1.41713,1.86894,0.147127,-0.0211325,0.237978,-0.238897,1.08905,0,0
1765976269638934,0,-1.12189,3.27364,-1.23993,1.41702,1.87013,0.145929,-0.0231323,0.234743,-0.239885,1.08905,0,0
1765976269643918,0,-1.11483,3.28297,-1.2392,1.4169,1.87129,0.144731,-0.0251237,0.23152,-0.24086,1.08905,0,0
1765976269648937,0,-1.10771,3.29236,-1.23848,1.41677,1.87244,0.143519,-0.0271295,0.228271,-0.241834,1.08905,0,0
1765976269653940,0,-1.10063,3.30173,-1.23776,1.41663,1.87358,0.142307,-0.0291292,0.225031,-0.242797,1.08905,0,0
1765976269658916,0,-1.09358,3.31106,-1.23706,1.41648,1.87469,0.141096,-0.0311184,0.221806,-0.243745,1.08905,0,0
1765976269663934,0,-1.08647,3.32047,-1.23635,1.41632,1.87579,0.139871,-0.0331249,0.21855,-0.244694,1.08905,0,0
1765976269668932,0,-1.07939,3.32985,-1.23566,1.41615,1.87688,0.138646,-0.0351236,0.215306,-0.245631,1.08905,0,0
1765976269673958,0,-1.07227,3.33928,-1.23496,1.41596,1.87795,0.137409,-0.0371337,0.21204,-0.246564,1.08905,0,0
1765976269678984,0,-1.06516,3.34872,-1.23428,1.41577,1.87901,0.136167,-0.0391441,0.208773,-0.247488,1.08905,0,0
1765976269683880,0,-1.05823,3.35793,-1.23361,1.41558,1.88002,0.134953,-0.0411028,0.205588,-0.248381,1.08905,0,0
1765976269688894,0,-1.05113,3.36735,-1.23294,1.41537,1.88105,0.133706,-0.0431089,0.202323,-0.249287,1.08905,0,0
1765976269693903,0,-1.04404,3.37678,-1.23227,1.41514,1.88205,0.132455,-0.0451133,0.19906,-0.250183,1.08905,0,0
1765976269698863,0,-1.03702,3.38612,-1.23162,1.41492,1.88303,0.131212,-0.0470982,0.195826,-0.251062,1.08905,0,0
1765976269703941,0,-1.02984,3.39568,-1.23096,1.41467,1.88402,0.129934,-0.0491305,0.192513,-0.251953,1.08905,0,0
1765976269708962,0,-1.02273,3.40514,-1.23031,1.41442,1.88498,0.128667,-0.0511402,0.189235,-0.252825,1.08905,0,0
1765976269713885,0,-1.01577,3.41443,-1.22968,1.41416,1.8859,0.12742,-0.0531107,0.186019,-0.253672,1.08905,0,0
1765976269718937,0,-1.00863,3.42396,-1.22904,1.41389,1.88683,0.126137,-0.0551331,0.182717,-0.254532,1.08905,0,0
1765976269723885,0,-1.00163,3.43329,-1.22841,1.41361,1.88773,0.124875,-0.057114,0.17948,-0.255366,1.08905,0,0
1765976269728961,0,-0.994459,3.44288,-1.22778,1.41332,1.88863,0.123577,-0.0591461,0.176158,-0.256213,1.08905,0,0
1765976269733934,0,-0.987431,3.45227,-1.22717,1.41302,1.8895,0.122301,-0.0611371,0.172901,-0.257034,1.08905,0,0
1765976269738894,0,-0.980423,3.46165,-1.22657,1.41271,1.89035,0.121024,-0.063123,0.169651,-0.257844,1.08905,0,0
1765976269743935,0,-0.973302,3.47118,-1.22596,1.41239,1.89119,0.119722,-0.0651414,0.166346,-0.258658,1.08905,0,0
1765976269748918,0,-0.966265,3.4806,-1.22537,1.41206,1.89201,0.118431,-0.0671366,0.163076,-0.259454,1.08905,0,0
1765976269753878,0,-0.959262,3.48999,-1.22478,1.41172,1.89281,0.117142,-0.0691226,0.15982,-0.260238,1.08905,0,0
1765976269758993,0,-0.952042,3.49967,-1.22419,1.41136,1.89362,0.115809,-0.0711706,0.156461,-0.261037,1.08905,0,0
1765976269763870,0,-0.94516,3.50891,-1.22363,1.41101,1.89438,0.114534,-0.0731234,0.153255,-0.261791,1.08905,0,0
1765976269768937,0,-0.938011,3.51851,-1.22305,1.41063,1.89515,0.113206,-0.0751521,0.149924,-0.262565,1.08905,0,0
1765976269774020,0,-0.930842,3.52815,-1.22248,1.41025,1.8959,0.111869,-0.0771872,0.146579,-0.263332,1.08905,0,0
1765976269778990,0,-0.923834,3.53757,-1.22193,1.40986,1.89662,0.110558,-0.079177,0.143308,-0.264073,1.08905,0,0
1765976269784017,0,-0.916748,3.54711,-1.22137,1.40945,1.89733,0.109229,-0.0811895,0.139997,-0.264814,1.08905,0,0
1765976269788954,0,-0.90979,3.55648,-1.22084,1.40905,1.89802,0.10792,-0.083166,0.136744,-0.265532,1.08905,0,0
1765976269794049,0,-0.902612,3.56615,-1.22029,1.40862,1.8987,0.106565,-0.0852055,0.133385,-0.266264,1.08905,0,0
1765976269799000,0,-0.895639,3.57555,-1.21977,1.40819,1.89936,0.105245,-0.0871872,0.130119,-0.266967,1.08905,0,0
1765976269803931,0,-0.888696,3.58492,-1.21925,1.40776,1.89999,0.103927,-0.0891608,0.126865,-0.267658,1.08905,0,0
1765976269808921,0,-0.881673,3.5944,-1.21874,1.40731,1.90062,0.10259,-0.0911578,0.123571,-0.268348,1.08905,0,0
1765976269813880,0,-0.874695,3.60383,-1.21823,1.40685,1.90122,0.101257,-0.0931423,0.120295,-0.269025,1.08905,0,0
1765976269818870,0,-0.867676,3.61332,-1.21773,1.40638,1.90181,0.099913,-0.095139,0.116997,-0.269698,1.08905,0,0
1765976269823830,0,-0.860701,3.62275,-1.21724,1.4059,1.90238,0.0985736,-0.0971234,0.113718,-0.270357,1.08905,0,0
1765976269828881,0,-0.853601,3.63236,-1.21674,1.40541,1.90295,0.0972063,-0.099144,0.110377,-0.271019,1.08905,0,0
1765976269833871,0,-0.846589,3.64186,-1.21626,1.40491,1.90349,0.0958523,-0.10114,0.107076,-0.271664,1.08905,0,0
1765976269838891,0,-0.839538,3.65142,-1.21578,1.4044,1.90402,0.0944869,-0.103148,0.103753,-0.272304,1.08905,0,0
1765976269843870,0,-0.832546,3.6609,-1.21531,1.40388,1.90453,0.0931295,-0.105139,0.100455,-0.272929,1.08905,0,0
1765976269848853,0,-0.825552,3.67039,-1.21485,1.40335,1.90502,0.091768,-0.107131,0.0971542,-0.273545,1.08905,0,0
1765976269853857,0,-0.818531,3.67992,-1.2144,1.40281,1.9055,0.0903976,-0.109131,0.0938379,-0.274155,1.08905,0,0
1765976269858866,0,-0.811505,3.68947,-1.21395,1.40226,1.90596,0.0890228,-0.111133,0.0905169,-0.274757,1.08905,0,0
1765976269863872,0,-0.804487,3.69901,-1.21351,1.40169,1.90641,0.087646,-0.113134,0.0871968,-0.275348,1.08905,0,0
1765976269868864,0,-0.797492,3.70853,-1.21307,1.40112,1.90683,0.08627,-0.115128,0.0838848,-0.275929,1.08905,0,0
1765976269873862,0,-0.79049,3.71806,-1.21264,1.40054,1.90724,0.0848894,-0.117125,0.0805675,-0.276501,1.08905,0,0
1765976269878861,0,-0.78349,3.7276,-1.21222,1.39995,1.90764,0.0835057,-0.119121,0.0772485,-0.277064,1.08905,0,0
1765976269883856,0,-0.776499,3.73713,-1.21181,1.39935,1.90802,0.0821204,-0.121115,0.0739312,-0.277617,1.08905,0,0
1765976269888881,0,-0.769469,3.74671,-1.2114,1.39874,1.90838,0.080724,-0.123121,0.0705929,-0.278164,1.08905,0,0
1765976269893859,0,-0.762507,3.75622,-1.211,1.39812,1.90872,0.0793379,-0.125108,0.0672846,-0.278697,1.08905,0,0
1765976269898859,0,-0.755518,3.76576,-1.21061,1.39749,1.90905,0.0779431,-0.127103,0.0639607,-0.279223,1.08905,0,0
1765976269903851,0,-0.748543,3.77529,-1.21022,1.39685,1.90936,0.0765479,-0.129095,0.0606413,-0.279738,1.08905,0,0
1765976269908837,0,-0.74158,3.78481,-1.20985,1.3962,1.90966,0.075152,-0.131083,0.057325,-0.280244,1.08905,0,0
1765976269913889,0,-0.734528,3.79446,-1.20947,1.39554,1.90994,0.0737349,-0.133097,0.0539637,-0.280747,1.08905,0,0
1765976269918884,0,-0.727559,3.804,-1.2091,1.39487,1.9102,0.0723313,-0.135088,0.0506397,-0.281234,1.08905,0,0
1765976269923882,0,-0.720589,3.81355,-1.20875,1.39419,1.91044,0.0709245,-0.13708,0.0473125,-0.281713,1.08905,0,0
1765976269928866,0,-0.713642,3.82307,-1.2084,1.3935,1.91067,0.0695193,-0.139065,0.0439941,-0.28218,1.08905,0,0
1765976269933865,0,-0.706678,3.83262,-1.20805,1.3928,1.91088,0.0681075,-0.141056,0.0406647,-0.28264,1.08905,0,0
1765976269938865,0,-0.699715,3.84218,-1.20772,1.39209,1.91108,0.0666931,-0.143047,0.037334,-0.28309,1.08905,0,0
1765976269943862,0,-0.692761,3.85173,-1.20739,1.39137,1.91126,0.0652775,-0.145036,0.0340047,-0.28353,1.08905,0,0
1765976269948850,0,-0.685823,3.86126,-1.20706,1.39064,1.91142,0.0638621,-0.14702,0.0306805,-0.283961,1.08905,0,0
1765976269953850,0,-0.678871,3.87082,-1.20675,1.3899,1.91156,0.0624412,-0.149009,0.0273477,-0.284382,1.08905,0,0
1765976269958854,0,-0.671918,3.88039,-1.20644,1.38915,1.91169,0.0610171,-0.150999,0.0240117,-0.284795,1.08905,0,0
1765976269963890,0,-0.664925,3.89001,-1.20614,1.38838,1.9118,0.0595819,-0.153,0.0206538,-0.285201,1.08905,0,0
1765976269968844,0,-0.658049,3.89948,-1.20584,1.38762,1.9119,0.0581681,-0.154969,0.01735,-0.28559,1.08905,0,0
1765976269973931,0,-0.650992,3.90921,-1.20555,1.38683,1.91198,0.0567143,-0.156989,0.0139569,-0.28598,1.08905,0,0
1765976269978870,0,-0.644144,3.91865,-1.20528,1.38605,1.91204,0.0553009,-0.15895,0.010662,-0.28635,1.08905,0,0
1765976269983881,0,-0.637201,3.92823,-1.205,1.38525,1.91208,0.0538651,-0.160939,0.00731849,-0.286715,1.08905,0,0
1765976269988862,0,-0.630303,3.93776,-1.20474,1.38444,1.91211,0.0524361,-0.162915,0.00399463,-0.287068,1.08905,0,0
1765976269993888,0,-0.623347,3.94737,-1.20448,1.38362,1.91212,0.0509924,-0.164908,0.00064044,-0.287415,1.08905,0,0
1765976269998825,0,-0.616517,3.95681,-1.20423,1.3828,1.91212,0.0495726,-0.166865,-0.00265494,-0.287746,1.08905,0,0
1765976270003865,0,-0.60955,3.96645,-1.20398,1.38195,1.9121,0.0481215,-0.168862,-0.00601941,-0.288075,1.08905,0,0
1765976270008805,0,-0.602725,3.97589,-1.20375,1.38111,1.91206,0.0466976,-0.170819,-0.00931736,-0.288388,1.08905,0,0
1765976270013881,0,-0.595717,3.9856,-1.20351,1.38024,1.912,0.045233,-0.172828,-0.0127063,-0.288699,1.08905,0,0
1765976270018856,0,-0.588853,3.99511,-1.20329,1.37937,1.91193,0.043796,-0.174797,-0.0160281,-0.288994,1.08905,0,0
1765976270023849,0,-0.581968,4.00466,-1.20308,1.3785,1.91184,0.0423523,-0.176772,-0.0193621,-0.289281,1.08905,0,0
1765976270028855,0,-0.575069,4.01423,-1.20287,1.37761,1.91174,0.0409035,-0.178751,-0.022705,-0.28956,1.08905,0,0
1765976270033871,0,-0.568162,4.02381,-1.20267,1.37671,1.91161,0.0394505,-0.180733,-0.0260547,-0.289828,1.08905,0,0
1765976270038886,0,-0.56126,4.0334,-1.20247,1.37579,1.91148,0.0379964,-0.182714,-0.0294039,-0.290088,1.08905,0,0
1765976270043866,0,-0.554411,4.04292,-1.20229,1.37488,1.91132,0.0365511,-0.18468,-0.03273,-0.290335,1.08905,0,0
1765976270048872,0,-0.547531,4.05249,-1.20211,1.37395,1.91115,0.0350971,-0.186655,-0.0360733,-0.290574,1.08905,0,0
1765976270053864,0,-0.540674,4.06203,-1.20194,1.37301,1.91096,0.033646,-0.188624,-0.0394075,-0.290803,1.08905,0,0
1765976270058863,0,-0.533813,4.07158,-1.20177,1.37207,1.91076,0.0321917,-0.190595,-0.0427464,-0.291023,1.08905,0,0
1765976270063861,0,-0.526957,4.08113,-1.20162,1.37111,1.91053,0.0307365,-0.192564,-0.0460847,-0.291233,1.08905,0,0
1765976270068851,0,-0.520118,4.09066,-1.20147,1.37014,1.91029,0.0292828,-0.194529,-0.0494175,-0.291432,1.08905,0,0
1765976270073871,0,-0.513242,4.10025,-1.20132,1.36916,1.91004,0.0278192,-0.196504,-0.0527703,-0.291624,1.08905,0,0
1765976270078882,0,-0.506383,4.10982,-1.20119,1.36817,1.90977,0.0263574,-0.198476,-0.056117,-0.291805,1.08905,0,0
1765976270083878,0,-0.499551,4.11936,-1.20106,1.36717,1.90948,0.0248992,-0.200439,-0.0594533,-0.291975,1.08905,0,0
1765976270088861,0,-0.492741,4.12888,-1.20094,1.36617,1.90917,0.0234439,-0.202397,-0.0627808,-0.292136,1.08905,0,0
1765976270093871,0,-0.485898,4.13844,-1.20082,1.36515,1.90885,0.0219799,-0.204365,-0.0661263,-0.292288,1.08905,0,0
1765976270098865,0,-0.479084,4.14797,-1.20072,1.36413,1.90851,0.0205199,-0.206324,-0.0694607,-0.292429,1.08905,0,0
1765976270103864,0,-0.472267,4.15751,-1.20062,1.36309,1.90816,0.0190576,-0.208285,-0.0727984,-0.292561,1.08905,0,0
1765976270108891,0,-0.465417,4.1671,-1.20053,1.36204,1.90778,0.0175867,-0.210256,-0.0761542,-0.292684,1.08905,0,0
1765976270113879,0,-0.458626,4.17662,-1.20044,1.36098,1.90739,0.0161264,-0.21221,-0.0794839,-0.292796,1.08905,0,0
1765976270118886,0,-0.451814,4.18617,-1.20037,1.35992,1.90699,0.0146602,-0.21417,-0.0828257,-0.292899,1.08905,0,0
1765976270123884,0,-0.44502,4.1957,-1.2003,1.35884,1.90656,0.013196,-0.216125,-0.0861614,-0.292992,1.08905,0,0
1765976270128881,0,-0.438233,4.20522,-1.20023,1.35776,1.90613,0.0117317,-0.218079,-0.0894957,-0.293075,1.08905,0,0
1765976270133867,0,-0.431466,4.21473,-1.20018,1.35666,1.90567,0.0102703,-0.220027,-0.0928222,-0.293148,1.08905,0,0
1765976270139075,0,-0.424403,4.22465,-1.20013,1.35551,1.90518,0.00874345,-0.222061,-0.0962964,-0.293214,1.08905,0,0
1765976270143910,0,-0.417852,4.23386,-1.20009,1.35443,1.9047,0.00732559,-0.223947,-0.0995215,-0.293266,1.08905,0,0
1765976270148985,0,-0.410981,4.24353,-1.20006,1.35329,1.90419,0.00583716,-0.225927,-0.102906,-0.29331,1.08905,0,0
1765976270153994,0,-0.404205,4.25306,-1.20003,1.35216,1.90367,0.00436782,-0.227879,-0.106246,-0.293344,1.08905,0,0
1765976270159050,0,-0.397372,4.26269,-1.20001,1.351,1.90312,0.00288464,-0.229847,-0.109616,-0.293369,1.08905,0,0
1765976270164022,0,-0.390657,4.27215,-1.2,1.34985,1.90257,0.00142597,-0.231782,-0.11293,-0.293383,1.08905,0,0
1765976270168971,0,-0.38398,4.28156,-1.2,1.3487,1.902,-2.60211e-05,-0.233707,-0.116228,-0.293388,1.08905,0,0
1765976270174074,0,-0.3771,4.29127,-1.2,1.3475,1.9014,-0.0015232,-0.23569,-0.119628,-0.293382,1.08905,0,0
1765976270178969,0,-0.370507,4.30057,-1.20001,1.34634,1.90081,-0.00295934,-0.23759,-0.122889,-0.293368,1.08905,0,0
1765976270183909,0,-0.363859,4.30996,-1.20003,1.34517,1.90019,-0.00440853,-0.239507,-0.126179,-0.293344,1.08905,0,0
1765976270188938,0,-0.357097,4.31952,-1.20006,1.34396,1.89955,-0.00588373,-0.241457,-0.129527,-0.293309,1.08905,0,0
1765976270194031,0,-0.350255,4.32919,-1.20009,1.34272,1.89888,-0.00737747,-0.24343,-0.132917,-0.293264,1.08905,0,0
1765976270198884,0,-0.343742,4.3384,-1.20013,1.34154,1.89823,-0.00880049,-0.245309,-0.136147,-0.293212,1.08905,0,0
1765976270203871,0,-0.337055,4.34787,-1.20018,1.34031,1.89754,-0.0102625,-0.247238,-0.139464,-0.293148,1.08905,0,0
1765976270208918,0,-0.330294,4.35744,-1.20024,1.33905,1.89683,-0.0117418,-0.249189,-0.142821,-0.293074,1.08905,0,0
1765976270213874,0,-0.323661,4.36684,-1.2003,1.33781,1.89611,-0.013194,-0.251103,-0.146116,-0.292992,1.08905,0,0
1765976270218887,0,-0.316957,4.37634,-1.20037,1.33655,1.89537,-0.0146625,-0.253038,-0.149449,-0.292899,1.08905,0,0
1765976270223879,0,-0.310288,4.3858,-1.20044,1.33528,1.89462,-0.0161244,-0.254963,-0.152766,-0.292796,1.08905,0,0
1765976270228875,0,-0.303621,4.39527,-1.20053,1.334,1.89384,-0.0175869,-0.256887,-0.156085,-0.292684,1.08905,0,0
1765976270233865,0,-0.296967,4.40471,-1.20062,1.33272,1.89306,-0.0190472,-0.258808,-0.159399,-0.292562,1.08905,0,0
1765976270238883,0,-0.290283,4.41421,-1.20072,1.33141,1.89225,-0.020515,-0.260739,-0.16273,-0.29243,1.08905,0,0
1765976270243865,0,-0.283653,4.42364,-1.20082,1.33011,1.89143,-0.0219715,-0.262653,-0.166036,-0.292289,1.08905,0,0
1765976270248866,0,-0.277004,4.43309,-1.20094,1.32879,1.89059,-0.0234329,-0.264574,-0.169354,-0.292137,1.08905,0,0
1765976270253876,0,-0.27035,4.44256,-1.20106,1.32746,1.88973,-0.0248961,-0.266496,-0.172677,-0.291976,1.08905,0,0
1765976270258862,0,-0.263735,4.45198,-1.20119,1.32613,1.88887,-0.0263514,-0.268407,-0.175982,-0.291805,1.08905,0,0
1765976270263894,0,-0.257065,4.46149,-1.20132,1.32477,1.88797,-0.0278194,-0.270334,-0.179317,-0.291624,1.08905,0,0
1765976270268868,0,-0.250479,4.47088,-1.20146,1.32342,1.88707,-0.0292694,-0.272237,-0.182612,-0.291434,1.08905,0,0
1765976270273868,0,-0.243865,4.48031,-1.20161,1.32206,1.88615,-0.0307261,-0.274148,-0.185923,-0.291234,1.08905,0,0
1765976270278870,0,-0.237256,4.48974,-1.20177,1.32068,1.88521,-0.0321824,-0.276059,-0.189234,-0.291024,1.08905,0,0
1765976270283868,0,-0.230658,4.49916,-1.20194,1.3193,1.88426,-0.0336364,-0.277966,-0.19254,-0.290805,1.08905,0,0
1765976270288884,0,-0.224044,4.50861,-1.20211,1.3179,1.88328,-0.0350945,-0.279878,-0.195858,-0.290575,1.08905,0,0
1765976270293875,0,-0.21747,4.51801,-1.20229,1.3165,1.8823,-0.0365442,-0.281779,-0.199157,-0.290336,1.08905,0,0
1765976270298871,0,-0.210897,4.52741,-1.20247,1.31508,1.88129,-0.037994,-0.28368,-0.202458,-0.290088,1.08905,0,0
1765976270303865,0,-0.204333,4.5368,-1.20267,1.31366,1.88028,-0.039442,-0.285578,-0.205756,-0.28983,1.08905,0,0
1765976270308857,0,-0.197779,4.54618,-1.20287,1.31223,1.87924,-0.0408882,-0.287474,-0.209052,-0.289562,1.08905,0,0
1765976270313855,0,-0.191223,4.55557,-1.20308,1.31079,1.87819,-0.0423348,-0.28937,-0.21235,-0.289285,1.08905,0,0
1765976270318856,0,-0.184672,4.56496,-1.20329,1.30934,1.87712,-0.0437808,-0.291265,-0.215648,-0.288998,1.08905,0,0
1765976270323863,0,-0.17812,4.57436,-1.20351,1.30788,1.87603,-0.045227,-0.293161,-0.218949,-0.2887,1.08905,0,0
1765976270328873,0,-0.171571,4.58376,-1.20374,1.3064,1.87492,-0.0466727,-0.295056,-0.22225,-0.288393,1.08905,0,0
1765976270333854,0,-0.165067,4.59309,-1.20398,1.30493,1.87381,-0.0481084,-0.296938,-0.22553,-0.288078,1.08905,0,0
1765976270338862,0,-0.158535,4.60247,-1.20422,1.30344,1.87267,-0.0495504,-0.298828,-0.228826,-0.287752,1.08905,0,0
1765976270343859,0,-0.152026,4.61183,-1.20448,1.30194,1.87152,-0.0509874,-0.300712,-0.232114,-0.287416,1.08905,0,0
1765976270348868,0,-0.145508,4.6212,-1.20474,1.30043,1.87035,-0.0524262,-0.302599,-0.235407,-0.287071,1.08905,0,0
1765976270353871,0,-0.139006,4.63056,-1.205,1.29891,1.86916,-0.0538615,-0.304482,-0.238695,-0.286716,1.08905,0,0
1765976270358866,0,-0.132522,4.63989,-1.20527,1.29738,1.86796,-0.0552927,-0.306359,-0.241975,-0.286352,1.08905,0,0
1765976270363872,0,-0.126031,4.64924,-1.20555,1.29584,1.86674,-0.0567252,-0.308238,-0.245261,-0.285977,1.08905,0,0
1765976270368873,0,-0.119555,4.65857,-1.20584,1.2943,1.86551,-0.0581545,-0.310114,-0.248542,-0.285594,1.08905,0,0
1765976270373867,0,-0.113095,4.66788,-1.20614,1.29274,1.86426,-0.0595797,-0.311985,-0.251816,-0.285201,1.08905,0,0
1765976270378865,0,-0.106637,4.6772,-1.20644,1.29118,1.86299,-0.0610042,-0.313855,-0.255091,-0.284799,1.08905,0,0
1765976270383864,0,-0.100187,4.68651,-1.20675,1.28961,1.86171,-0.062427,-0.315723,-0.258364,-0.284387,1.08905,0,0
1765976270388875,0,-0.0937283,4.69583,-1.20706,1.28802,1.8604,-0.063851,-0.317594,-0.261644,-0.283964,1.08905,0,0
1765976270393884,0,-0.0872803,4.70515,-1.20738,1.28642,1.85909,-0.0652723,-0.319462,-0.26492,-0.283532,1.08905,0,0
1765976270398857,0,-0.080887,4.71439,-1.20771,1.28483,1.85776,-0.0666812,-0.321315,-0.26817,-0.283094,1.08905,0,0
1765976270403876,0,-0.0744422,4.72371,-1.20805,1.28321,1.85641,-0.068101,-0.323182,-0.271448,-0.282642,1.08905,0,0
1765976270408862,0,-0.0680484,4.73296,-1.20839,1.2816,1.85504,-0.0695091,-0.325035,-0.274703,-0.282184,1.08905,0,0
1765976270413886,0,-0.0616138,4.74228,-1.20875,1.27996,1.85366,-0.0709256,-0.3269,-0.27798,-0.281712,1.08905,0,0
1765976270418874,0,-0.0552332,4.75152,-1.2091,1.27833,1.85226,-0.0723296,-0.328749,-0.281232,-0.281235,1.08905,0,0
1765976270423854,0,-0.0488711,4.76074,-1.20947,1.27668,1.85085,-0.073729,-0.330593,-0.284476,-0.280749,1.08905,0,0
1765976270428857,0,-0.042488,4.77,-1.20984,1.27503,1.84942,-0.0751323,-0.332443,-0.287733,-0.280251,1.08905,0,0
1765976270433867,0,-0.0361042,4.77926,-1.21022,1.27335,1.84797,-0.0765351,-0.334294,-0.290992,-0.279743,1.08905,0,0
1765976270438873,0,-0.0297342,4.78851,-1.21061,1.27168,1.84651,-0.0779342,-0.33614,-0.294246,-0.279226,1.08905,0,0
1765976270443915,0,-0.0233265,4.79782,-1.211,1.26998,1.84502,-0.0793407,-0.337998,-0.297521,-0.278696,1.08905,0,0
1765976270448868,0,-0.0170406,4.80695,-1.2114,1.2683,1.84353,-0.0807198,-0.339821,-0.300736,-0.278166,1.08905,0,0
1765976270453891,0,-0.0106742,4.81621,-1.21181,1.26659,1.84201,-0.0821156,-0.341667,-0.303994,-0.277619,1.08905,0,0
1765976270458862,0,-0.00438223,4.82536,-1.21222,1.26488,1.8405,-0.0834943,-0.343491,-0.307215,-0.277069,1.08905,0,0
1765976270463858,0,0.00193261,4.83455,-1.21264,1.26316,1.83895,-0.0848771,-0.345322,-0.310451,-0.276506,1.08905,0,0
1765976270468875,0,0.0082653,4.84377,-1.21307,1.26143,1.83739,-0.0862629,-0.347159,-0.313697,-0.275932,1.08905,0,0
1765976270473862,0,0.0145514,4.85293,-1.2135,1.25969,1.83581,-0.0876374,-0.348982,-0.316922,-0.275352,1.08905,0,0
1765976270478876,0,0.020863,4.86213,-1.21395,1.25794,1.83422,-0.0890165,-0.350813,-0.320161,-0.274759,1.08905,0,0
1765976270483878,0,0.0271509,4.8713,-1.2144,1.25618,1.83261,-0.0903894,-0.352637,-0.32339,-0.274159,1.08905,0,0
1765976270488865,0,0.0334107,4.88044,-1.21485,1.25441,1.83099,-0.091755,-0.354453,-0.326607,-0.273551,1.08905,0,0
1765976270493905,0,0.0397287,4.88966,-1.21532,1.25262,1.82933,-0.0931322,-0.356285,-0.329855,-0.272928,1.08905,0,0
1765976270498864,0,0.0459362,4.89873,-1.21578,1.25085,1.82769,-0.0944842,-0.358086,-0.333049,-0.272305,1.08905,0,0
1765976270503863,0,0.0521849,4.90786,-1.21626,1.24906,1.82602,-0.0958439,-0.359899,-0.336265,-0.271668,1.08905,0,0
1765976270508880,0,0.0584466,4.91702,-1.21674,1.24725,1.82432,-0.0972052,-0.361716,-0.33949,-0.27102,1.08905,0,0
1765976270513965,0,0.0647842,4.92629,-1.21724,1.2454,1.82259,-0.0985816,-0.363555,-0.342756,-0.270353,1.08905,0,0
1765976270519086,0,0.0711574,4.93562,-1.21775,1.24354,1.82082,-0.0999644,-0.365404,-0.346043,-0.269672,1.08905,0,0
1765976270523911,0,0.0771534,4.9444,-1.21823,1.24177,1.81915,-0.101264,-0.367144,-0.349136,-0.269022,1.08905,0,0
1765976270528929,0,0.0833802,4.95353,-1.21874,1.23992,1.81739,-0.102612,-0.368951,-0.352351,-0.268337,1.08905,0,0
1765976270533917,0,0.0895606,4.96259,-1.21926,1.23808,1.81562,-0.103949,-0.370744,-0.355543,-0.267646,1.08905,0,0
1765976270539012,0,0.0958638,4.97183,-1.21979,1.23618,1.8138,-0.105311,-0.372573,-0.358801,-0.266932,1.08905,0,0
1765976270543892,0,0.101892,4.98068,-1.22031,1.23436,1.81204,-0.106612,-0.374323,-0.361918,-0.266239,1.08905,0,0
1765976270548874,0,0.108037,4.9897,-1.22084,1.23249,1.81023,-0.107937,-0.376106,-0.365098,-0.265523,1.08905,0,0
1765976270553867,0,0.114186,4.99874,-1.22139,1.23061,1.8084,-0.10926,-0.37789,-0.368282,-0.264796,1.08905,0,0
1765976270558842,0,0.120303,5.00773,-1.22193,1.22873,1.80656,-0.110576,-0.379666,-0.371451,-0.264063,1.08905,0,0
1765976270563815,0,0.126409,5.01671,-1.22249,1.22683,1.8047,-0.111887,-0.381438,-0.374615,-0.263321,1.08905,0,0
1765976270568865,0,0.1326,5.02582,-1.22305,1.2249,1.8028,-0.113215,-0.383235,-0.377826,-0.262559,1.08905,0,0
1765976270573882,0,0.13874,5.03486,-1.22363,1.22297,1.8009,-0.11453,-0.385017,-0.381012,-0.261793,1.08905,0,0
1765976270578870,0,0.144836,5.04384,-1.2242,1.22105,1.79899,-0.115834,-0.386786,-0.384177,-0.261022,1.08905,0,0
1765976270583869,0,0.150935,5.05282,-1.22478,1.21911,1.79706,-0.117137,-0.388557,-0.387346,-0.260241,1.08905,0,0
1765976270588898,0,0.157061,5.06186,-1.22537,1.21715,1.79511,-0.118444,-0.390335,-0.39053,-0.259446,1.08905,0,0
1765976270593908,0,0.163154,5.07085,-1.22597,1.21519,1.79314,-0.119742,-0.392103,-0.393699,-0.258645,1.08905,0,0
1765976270598877,0,0.169188,5.07975,-1.22657,1.21324,1.79118,-0.121025,-0.393855,-0.396839,-0.257843,1.08905,0,0
1765976270603878,0,0.175251,5.0887,-1.22718,1.21127,1.78919,-0.122313,-0.395614,-0.399995,-0.257026,1.08905,0,0
1765976270608850,0,0.181268,5.0976,-1.22779,1.20929,1.78719,-0.123589,-0.397361,-0.40313,-0.256205,1.08905,0,0
1765976270613811,0,0.187263,5.10646,-1.22841,1.20732,1.78518,-0.124858,-0.399101,-0.406255,-0.255378,1.08905,0,0
1765976270618874,0,0.19337,5.11549,-1.22904,1.20529,1.78312,-0.126148,-0.400874,-0.40944,-0.254524,1.08905,0,0
1765976270623854,0,0.199368,5.12436,-1.22967,1.20329,1.78107,-0.127414,-0.402615,-0.41257,-0.253676,1.08905,0,0
1765976270628895,0,0.205428,5.13334,-1.23032,1.20126,1.77898,-0.128691,-0.404374,-0.415734,-0.252809,1.08905,0,0
1765976270633868,0,0.211397,5.14218,-1.23096,1.19924,1.77691,-0.129946,-0.406106,-0.418853,-0.251945,1.08905,0,0
1765976270638871,0,0.217392,5.15106,-1.23161,1.19721,1.7748,-0.131204,-0.407846,-0.421986,-0.251067,1.08905,0,0
1765976270643870,0,0.223372,5.15993,-1.23227,1.19516,1.77269,-0.132457,-0.409582,-0.425114,-0.250181,1.08905,0,0
1765976270648872,0,0.229345,5.16879,-1.23294,1.19311,1.77055,-0.133706,-0.411315,-0.428239,-0.249286,1.08905,0,0
1765976270653870,0,0.235303,5.17764,-1.23361,1.19105,1.7684,-0.13495,-0.413045,-0.431359,-0.248384,1.08905,0,0
1765976270658876,0,0.24126,5.18648,-1.23429,1.18898,1.76624,-0.136191,-0.414774,-0.43448,-0.247471,1.08905,0,0
1765976270663822,0,0.247136,5.19522,-1.23497,1.18692,1.76408,-0.137413,-0.416479,-0.437559,-0.246561,1.08905,0,0
1765976270668863,0,0.253114,5.2041,-1.23566,1.18482,1.76187,-0.138653,-0.418214,-0.440695,-0.245625,1.08905,0,0
1765976270673803,0,0.258962,5.2128,-1.23635,1.18275,1.75968,-0.139864,-0.419911,-0.443763,-0.244699,1.08905,0,0
1765976270678889,0,0.264972,5.22174,-1.23706,1.18061,1.75742,-0.141106,-0.421655,-0.446918,-0.243738,1.08905,0,0
1765976270683871,0,0.270849,5.23049,-1.23777,1.1785,1.75518,-0.142318,-0.42336,-0.450005,-0.242788,1.08905,0,0
1765976270688869,0,0.276734,5.23926,-1.23848,1.17638,1.75293,-0.143529,-0.425068,-0.453099,-0.241826,1.08905,0,0
1765976270693868,0,0.28261,5.24802,-1.23921,1.17426,1.75065,-0.144736,-0.426773,-0.456188,-0.240856,1.08905,0,0
1765976270698860,0,0.288466,5.25675,-1.23993,1.17212,1.74837,-0.145936,-0.428472,-0.45927,-0.239879,1.08905,0,0
1765976270703882,0,0.294347,5.26553,-1.24067,1.16996,1.74605,-0.147138,-0.430178,-0.462366,-0.238888,1.08905,0,0
1765976270708870,0,0.300178,5.27423,-1.2414,1.16781,1.74374,-0.148327,-0.43187,-0.465437,-0.237895,1.08905,0,0
1765976270713889,0,0.306034,5.28298,-1.24215,1.16564,1.7414,-0.149519,-0.433569,-0.468523,-0.236888,1.08905,0,0
1765976270718888,0,0.311856,5.29168,-1.2429,1.16347,1.73905,-0.1507,-0.435258,-0.471593,-0.235877,1.08905,0,0
1765976270723900,0,0.317681,5.30039,-1.24366,1.16128,1.73668,-0.15188,-0.436948,-0.474667,-0.234855,1.08905,0,0
1765976270728893,0,0.323474,5.30905,-1.24442,1.1591,1.7343,-0.15305,-0.438628,-0.477725,-0.233828,1.08905,0,0
1765976270734014,0,0.329405,5.31793,-1.24521,1.15685,1.73184,-0.154245,-0.440348,-0.480857,-0.232767,1.08905,0,0
1765976270738897,0,0.335048,5.32638,-1.24596,1.15469,1.72949,-0.155379,-0.441984,-0.483839,-0.231748,1.08905,0,0
1765976270743992,0,0.340925,5.33518,-1.24676,1.15244,1.72701,-0.156557,-0.443689,-0.486946,-0.230676,1.08905,0,0
1765976270748880,0,0.346553,5.34362,-1.24753,1.15027,1.72463,-0.157682,-0.445321,-0.489923,-0.22964,1.08905,0,0
1765976270754010,0,0.352448,5.35246,-1.24834,1.14798,1.72211,-0.158857,-0.44703,-0.493043,-0.228544,1.08905,0,0
1765976270758943,0,0.358105,5.36095,-1.24912,1.14577,1.71967,-0.159982,-0.44867,-0.496039,-0.227483,1.08905,0,0
1765976270763938,0,0.363823,5.36953,-1.24993,1.14352,1.71718,-0.161116,-0.450328,-0.499069,-0.2264,1.08905,0,0
1765976270768882,0,0.369471,5.37802,-1.25073,1.14129,1.71471,-0.162232,-0.451965,-0.502063,-0.225321,1.08905,0,0
1765976270773897,0,0.375188,5.38661,-1.25154,1.13902,1.71218,-0.163359,-0.453622,-0.505095,-0.224219,1.08905,0,0
1765976270778878,0,0.380856,5.39513,-1.25236,1.13676,1.70966,-0.164473,-0.455265,-0.508103,-0.223116,1.08905,0,0
1765976270783874,0,0.38653,5.40367,-1.25318,1.13448,1.70711,-0.165585,-0.456909,-0.511115,-0.222002,1.08905,0,0
1765976270788873,0,0.392195,5.41219,-1.25401,1.13219,1.70455,-0.166692,-0.458551,-0.514125,-0.22088,1.08905,0,0
1765976270793889,0,0.397869,5.42074,-1.25485,1.12989,1.70196,-0.167797,-0.460194,-0.51714,-0.219746,1.08905,0,0
1765976270798861,0,0.403481,5.42919,-1.25569,1.12759,1.69938,-0.168887,-0.46182,-0.520125,-0.218615,1.08905,0,0
1765976270804027,0,0.4093,5.43796,-1.25657,1.1252,1.69669,-0.170014,-0.463506,-0.523221,-0.217431,1.08905,0,0
1765976270809061,0,0.414958,5.4465,-1.25742,1.12287,1.69405,-0.171105,-0.465145,-0.526233,-0.21627,1.08905,0,0
1765976270813837,0,0.420315,5.45458,-1.25824,1.12064,1.69153,-0.172135,-0.466696,-0.529086,-0.215161,1.08905,0,0
1765976270818884,0,0.425965,5.46311,-1.25911,1.11828,1.68885,-0.173218,-0.468332,-0.532097,-0.213982,1.08905,0,0
1765976270823989,0,0.431668,5.47173,-1.26,1.11589,1.68613,-0.174308,-0.469983,-0.535138,-0.212782,1.08905,0,0
1765976270828989,0,0.437242,5.48015,-1.26088,1.11353,1.68344,-0.175369,-0.471597,-0.538111,-0.211598,1.08905,0,0
1765976270833998,0,0.442814,5.48858,-1.26176,1.11117,1.68074,-0.176426,-0.47321,-0.541085,-0.210406,1.08905,0,0
1765976270839027,0,0.448396,5.49702,-1.26265,1.10878,1.67801,-0.177481,-0.474825,-0.544065,-0.209201,1.08905,0,0
1765976270843930,0,0.453826,5.50525,-1.26352,1.10645,1.67534,-0.178503,-0.476397,-0.546967,-0.208019,1.08905,0,0
1765976270849028,0,0.459461,5.51378,-1.26443,1.10402,1.67254,-0.179561,-0.478027,-0.549978,-0.206782,1.08905,0,0
1765976270854000,0,0.464944,5.52209,-1.26533,1.10164,1.6698,-0.180586,-0.479613,-0.552911,-0.205569,1.08905,0,0
1765976270859030,0,0.470479,5.53048,-1.26624,1.09922,1.66701,-0.181617,-0.481214,-0.555873,-0.204335,1.08905,0,0
1765976270863974,0,0.475908,5.53871,-1.26714,1.09684,1.66425,-0.182624,-0.482784,-0.558779,-0.203114,1.08905,0,0
1765976270869064,0,0.481485,5.54718,-1.26807,1.09438,1.6614,-0.183655,-0.484397,-0.561766,-0.20185,1.08905,0,0
1765976270874065,0,0.486952,5.55548,-1.26899,1.09195,1.65859,-0.184661,-0.485978,-0.564695,-0.200601,1.08905,0,0
1765976270878906,0,0.492232,5.5635,-1.26989,1.08959,1.65585,-0.185629,-0.487504,-0.567526,-0.199385,1.08905,0,0
1765976270883889,0,0.497655,5.57175,-1.27082,1.08716,1.65301,-0.18662,-0.489071,-0.570435,-0.198127,1.08905,0,0
1765976270888829,0,0.50302,5.57991,-1.27174,1.08474,1.65019,-0.187595,-0.490621,-0.573314,-0.196873,1.08905,0,0
1765976270893887,0,0.5085,5.58824,-1.27269,1.08226,1.64728,-0.188588,-0.492205,-0.576257,-0.195581,1.08905,0,0
1765976270898874,0,0.513891,5.59645,-1.27363,1.0798,1.6444,-0.18956,-0.493762,-0.579153,-0.194301,1.08905,0,0
1765976270903853,0,0.519261,5.60463,-1.27458,1.07733,1.64151,-0.190524,-0.495313,-0.582039,-0.193016,1.08905,0,0
1765976270908866,0,0.524656,5.61285,-1.27554,1.07485,1.63858,-0.191488,-0.49687,-0.58494,-0.191716,1.08905,0,0
1765976270913876,0,0.530034,5.62106,-1.2765,1.07235,1.63564,-0.192446,-0.498423,-0.587834,-0.190409,1.08905,0,0
1765976270918856,0,0.535369,5.62919,-1.27746,1.06987,1.63271,-0.193391,-0.499963,-0.590705,-0.189104,1.08905,0,0
1765976270923901,0,0.54076,5.63742,-1.27844,1.06734,1.62972,-0.194341,-0.501519,-0.593608,-0.187774,1.08905,0,0
1765976270928867,0,0.546054,5.64551,-1.27941,1.06485,1.62677,-0.195271,-0.503046,-0.596461,-0.186459,1.08905,0,0
1765976270933859,0,0.551363,5.65362,-1.28038,1.06233,1.62378,-0.196198,-0.504577,-0.599323,-0.185131,1.08905,0,0
1765976270938881,0,0.556692,5.66177,-1.28137,1.05979,1.62076,-0.197124,-0.506114,-0.602196,-0.183787,1.08905,0,0
1765976270943885,0,0.561989,5.66987,-1.28236,1.05726,1.61774,-0.198041,-0.507641,-0.605054,-0.182442,1.08905,0,0
1765976270948864,0,0.567247,5.67792,-1.28335,1.05473,1.61472,-0.198946,-0.509157,-0.607893,-0.181098,1.08905,0,0
1765976270953870,0,0.57252,5.686,-1.28435,1.05217,1.61167,-0.199849,-0.510677,-0.610741,-0.179739,1.08905,0,0
1765976270959026,0,0.577938,5.6943,-1.28538,1.04954,1.60852,-0.200772,-0.512237,-0.613669,-0.178333,1.08905,0,0
1765976270963992,0,0.583144,5.70228,-1.28638,1.04699,1.60546,-0.201654,-0.513737,-0.616483,-0.176972,1.08905,0,0
1765976270968913,0,0.58829,5.71017,-1.28737,1.04446,1.60242,-0.202522,-0.515219,-0.619266,-0.175618,1.08905,0,0
1765976270973930,0,0.593523,5.7182,-1.28839,1.04187,1.59931,-0.203399,-0.516725,-0.622098,-0.174231,1.08905,0,0
1765976270978967,0,0.598764,5.72625,-1.28942,1.03926,1.59617,-0.204273,-0.518234,-0.624935,-0.172832,1.08905,0,0
1765976270984001,0,0.603989,5.73428,-1.29045,1.03665,1.59302,-0.20514,-0.519737,-0.627765,-0.171427,1.08905,0,0
1765976270988896,0,0.609058,5.74207,-1.29145,1.0341,1.58994,-0.205976,-0.521195,-0.630512,-0.170056,1.08905,0,0
1765976270994048,0,0.614379,5.75025,-1.29252,1.03141,1.58668,-0.206848,-0.522725,-0.633396,-0.168605,1.08905,0,0
1765976270999009,0,0.619489,5.75811,-1.29355,1.02882,1.58353,-0.207681,-0.524194,-0.636168,-0.167203,1.08905,0,0
1765976271003974,0,0.624591,5.76597,-1.29458,1.02621,1.58037,-0.208508,-0.525661,-0.638936,-0.165793,1.08905,0,0
1765976271009026,0,0.629768,5.77394,-1.29563,1.02355,1.57713,-0.209342,-0.527148,-0.641747,-0.164353,1.08905,0,0
1765976271014030,0,0.634884,5.78183,-1.29668,1.02091,1.57391,-0.210161,-0.528618,-0.644526,-0.162921,1.08905,0,0
1765976271019062,0,0.640014,5.78974,-1.29774,1.01825,1.57066,-0.210977,-0.530091,-0.647313,-0.161474,1.08905,0,0
1765976271023855,0,0.644889,5.79726,-1.29876,1.0157,1.56755,-0.211747,-0.53149,-0.649963,-0.160091,1.08905,0,0
1765976271028928,0,0.650034,5.8052,-1.29983,1.013,1.56425,-0.212556,-0.532967,-0.652762,-0.158621,1.08905,0,0
1765976271033951,0,0.655116,5.81305,-1.3009,1.01032,1.56096,-0.213349,-0.534424,-0.655527,-0.157159,1.08905,0,0
1765976271038916,0,0.660126,5.8208,-1.30196,1.00766,1.5577,-0.214126,-0.535861,-0.658254,-0.155709,1.08905,0,0
1765976271044059,0,0.665301,5.8288,-1.30307,1.0049,1.55431,-0.214923,-0.537345,-0.661073,-0.154201,1.08905,0,0
1765976271048896,0,0.670156,5.83631,-1.30411,1.0023,1.5511,-0.215665,-0.538736,-0.663718,-0.152777,1.08905,0,0
1765976271054028,0,0.675292,5.84426,-1.30522,0.999533,1.54769,-0.216445,-0.540207,-0.666518,-0.151261,1.08905,0,0
1765976271058937,0,0.680193,5.85185,-1.30628,0.996878,1.54441,-0.217184,-0.541611,-0.66919,-0.149805,1.08905,0,0
1765976271063896,0,0.68513,5.8595,-1.30736,0.994188,1.54109,-0.217923,-0.543024,-0.671884,-0.148329,1.08905,0,0
1765976271068890,0,0.690088,5.86719,-1.30845,0.991473,1.53772,-0.21866,-0.544443,-0.67459,-0.146838,1.08905,0,0
1765976271074046,0,0.695193,5.87511,-1.30958,0.988662,1.53424,-0.219414,-0.545903,-0.677377,-0.145292,1.08905,0,0
1765976271079009,0,0.700092,5.88271,-1.31067,0.985949,1.53087,-0.220131,-0.547304,-0.680054,-0.143798,1.08905,0,0
1765976271083911,0,0.704919,5.89021,-1.31175,0.983263,1.52753,-0.220832,-0.548684,-0.682692,-0.142318,1.08905,0,0
1765976271089069,0,0.709983,5.89808,-1.31289,0.980429,1.524,-0.221562,-0.55013,-0.685461,-0.140756,1.08905,0,0
1765976271093929,0,0.714742,5.90548,-1.31397,0.977752,1.52067,-0.222243,-0.551489,-0.688064,-0.139278,1.08905,0,0
1765976271098869,0,0.719565,5.91298,-1.31507,0.975024,1.51726,-0.222927,-0.552866,-0.690703,-0.137771,1.08905,0,0
1765976271104066,0,0.724625,5.92086,-1.31623,0.972147,1.51366,-0.223639,-0.55431,-0.693473,-0.136181,1.08905,0,0
1765976271109062,0,0.729474,5.92841,-1.31735,0.969375,1.51019,-0.224315,-0.555693,-0.696129,-0.134647,1.08905,0,0
1765976271113883,0,0.734141,5.93568,-1.31843,0.966693,1.50683,-0.224961,-0.557024,-0.698686,-0.133161,1.08905,0,0
1765976271118883,0,0.738968,5.94321,-1.31956,0.963904,1.50333,-0.225623,-0.558399,-0.701332,-0.131616,1.08905,0,0
1765976271123882,0,0.743779,5.95072,-1.32069,0.961109,1.49982,-0.226277,-0.55977,-0.703971,-0.130067,1.08905,0,0
1765976271128864,0,0.748561,5.95818,-1.32182,0.958317,1.4963,-0.226921,-0.561131,-0.706594,-0.128517,1.08905,0,0
1765976271133865,0,0.753346,5.96565,-1.32295,0.955507,1.49276,-0.22756,-0.562493,-0.70922,-0.126957,1.08905,0,0
1765976271138883,0,0.758134,5.97314,-1.3241,0.952681,1.4892,-0.228193,-0.563855,-0.711849,-0.125387,1.08905,0,0
1765976271143866,0,0.762874,5.98055,-1.32524,0.949868,1.48564,-0.228814,-0.565203,-0.714453,-0.123824,1.08905,0,0
1765976271148880,0,0.76763,5.98799,-1.32639,0.947031,1.48205,-0.229431,-0.566554,-0.717066,-0.122246,1.08905,0,0
1765976271153867,0,0.772345,5.99537,-1.32753,0.944202,1.47847,-0.230037,-0.567893,-0.719658,-0.120672,1.08905,0,0
1765976271158879,0,0.777071,6.00277,-1.32869,0.941352,1.47486,-0.230637,-0.569235,-0.722256,-0.119085,1.08905,0,0
1765976271163852,0,0.781745,6.0101,-1.32983,0.938518,1.47126,-0.231226,-0.570561,-0.724828,-0.117507,1.08905,0,0
1765976271168866,0,0.786443,6.01746,-1.33099,0.935654,1.46762,-0.231811,-0.571893,-0.727414,-0.115911,1.08905,0,0
1765976271173914,0,0.791159,6.02486,-1.33217,0.932764,1.46394,-0.232392,-0.57323,-0.73001,-0.1143,1.08905,0,0
1765976271178865,0,0.79577,6.0321,-1.33332,0.929923,1.46032,-0.232954,-0.574536,-0.73255,-0.112715,1.08905,0,0
1765976271183868,0,0.800415,6.0394,-1.33449,0.927045,1.45665,-0.233514,-0.575851,-0.735109,-0.11111,1.08905,0,0
1765976271188871,0,0.805046,6.04668,-1.33565,0.924161,1.45297,-0.234066,-0.577161,-0.737662,-0.1095,1.08905,0,0
1765976271193864,0,0.809653,6.05392,-1.33683,0.921276,1.44928,-0.234608,-0.578464,-0.740202,-0.10789,1.08905,0,0
1765976271198871,0,0.814259,6.06117,-1.338,0.918376,1.44556,-0.235144,-0.579765,-0.742743,-0.106271,1.08905,0,0
1765976271203901,0,0.818871,6.06843,-1.33919,0.915457,1.44182,-0.235675,-0.581068,-0.745288,-0.10464,1.08905,0,0
1765976271208883,0,0.823424,6.0756,-1.34036,0.912559,1.4381,-0.236192,-0.582353,-0.747802,-0.103021,1.08905,0,0
1765976271213865,0,0.827964,6.08276,-1.34154,0.909654,1.43437,-0.236701,-0.583634,-0.750308,-0.101399,1.08905,0,0
1765976271218871,0,0.83251,6.08993,-1.34272,0.906729,1.43061,-0.237205,-0.584916,-0.75282,-0.0997642,1.08905,0,0
1765976271223859,0,0.837026,6.09706,-1.34391,0.903809,1.42685,-0.237698,-0.586188,-0.755315,-0.0981318,1.08905,0,0
1765976271228863,0,0.841541,6.10419,-1.3451,0.900872,1.42306,-0.238185,-0.587459,-0.757812,-0.0964905,1.08905,0,0
1765976271233872,0,0.846046,6.11131,-1.34629,0.897926,1.41926,-0.238665,-0.588727,-0.760303,-0.0948438,1.08905,0,0
1765976271238883,0,0.850538,6.11841,-1.34749,0.894973,1.41544,-0.239136,-0.58999,-0.762788,-0.0931928,1.08905,0,0
1765976271243870,0,0.854994,6.12546,-1.34868,0.892028,1.41163,-0.239596,-0.591242,-0.765254,-0.0915463,1.08905,0,0
1765976271248864,0,0.859441,6.1325,-1.34988,0.889072,1.4078,-0.240049,-0.59249,-0.767716,-0.0898939,1.08905,0,0
1765976271253865,0,0.86388,6.13953,-1.35108,0.886106,1.40396,-0.240495,-0.593736,-0.770175,-0.0882357,1.08905,0,0
1765976271258868,0,0.868306,6.14654,-1.35229,0.883132,1.4001,-0.240932,-0.594977,-0.772627,-0.0865735,1.08905,0,0
1765976271263893,0,0.872736,6.15357,-1.3535,0.880139,1.39621,-0.241363,-0.596218,-0.775082,-0.0849007,1.08905,0,0
1765976271268871,0,0.87711,6.16051,-1.3547,0.877168,1.39235,-0.241781,-0.597443,-0.777506,-0.0832402,1.08905,0,0
1765976271273957,0,0.881564,6.16758,-1.35593,0.874127,1.38839,-0.242201,-0.598689,-0.779976,-0.0815405,1.08905,0,0
1765976271278992,0,0.885957,6.17456,-1.35715,0.871109,1.38445,-0.242607,-0.599917,-0.782413,-0.0798545,1.08905,0,0
1765976271283919,0,0.890242,6.18137,-1.35835,0.86815,1.38059,-0.242996,-0.601114,-0.784791,-0.0782017,1.08905,0,0
1765976271289063,0,0.8947,6.18847,-1.3596,0.865055,1.37655,-0.243394,-0.602358,-0.787265,-0.0764729,1.08905,0,0
1765976271293925,0,0.898898,6.19515,-1.36079,0.862123,1.37272,-0.243762,-0.603529,-0.789597,-0.0748362,1.08905,0,0
1765976271298995,0,0.903262,6.2021,-1.36202,0.85906,1.36871,-0.244137,-0.604745,-0.79202,-0.0731263,1.08905,0,0
1765976271303927,0,0.907491,6.20884,-1.36323,0.856075,1.36479,-0.244493,-0.605922,-0.79437,-0.0714603,1.08905,0,0
1765976271309023,0,0.911846,6.21578,-1.36447,0.852984,1.36074,-0.244853,-0.607133,-0.79679,-0.069736,1.08905,0,0
1765976271313897,0,0.915996,6.22241,-1.36567,0.850022,1.35685,-0.245189,-0.608287,-0.799098,-0.0680841,1.08905,0,0
1765976271318893,0,0.920235,6.22918,-1.36689,0.84698,1.35285,-0.245525,-0.609464,-0.801455,-0.0663884,1.08905,0,0
1765976271324062,0,0.924605,6.23616,-1.36816,0.843827,1.3487,-0.245864,-0.610677,-0.803886,-0.0646312,1.08905,0,0
1765976271328910,0,0.928689,6.24269,-1.36936,0.840863,1.3448,-0.246173,-0.611809,-0.806158,-0.0629807,1.08905,0,0
1765976271333882,0,0.932862,6.24936,-1.37058,0.837819,1.34079,-0.246482,-0.612964,-0.80848,-0.0612855,1.08905,0,0
1765976271338850,0,0.937017,6.25601,-1.37181,0.834771,1.33676,-0.246782,-0.614114,-0.810793,-0.0595892,1.08905,0,0
1765976271343862,0,0.941193,6.2627,-1.37304,0.83169,1.33269,-0.247077,-0.615268,-0.813119,-0.0578757,1.08905,0,0
1765976271348856,0,0.945339,6.26935,-1.37428,0.828614,1.32863,-0.247361,-0.616413,-0.815428,-0.056166,1.08905,0,0
1765976271354001,0,0.949594,6.27617,-1.37555,0.82544,1.32443,-0.247646,-0.617587,-0.817799,-0.0544023,1.08905,0,0
1765976271358899,0,0.95363,6.28265,-1.37677,0.822412,1.32042,-0.247908,-0.618699,-0.820048,-0.0527211,1.08905,0,0
1765976271363997,0,0.957814,6.28937,-1.37803,0.819255,1.31623,-0.248172,-0.619851,-0.822381,-0.0509693,1.08905,0,0
1765976271368891,0,0.961816,6.2958,-1.37925,0.816219,1.3122,-0.248418,-0.620952,-0.824612,-0.0492856,1.08905,0,0
1765976271373928,0,0.965919,6.3024,-1.3805,0.813088,1.30804,-0.248662,-0.622079,-0.826901,-0.0475507,1.08905,0,0
1765976271378843,0,0.969908,6.30882,-1.38172,0.810028,1.30397,-0.248891,-0.623174,-0.829126,-0.0458559,1.08905,0,0
1765976271383884,0,0.973984,6.31538,-1.38298,0.806884,1.29978,-0.249118,-0.624291,-0.8314,-0.0441158,1.08905,0,0
1765976271388889,0,0.978014,6.32188,-1.38422,0.803756,1.29562,-0.249334,-0.625395,-0.83365,-0.0423865,1.08905,0,0
1765976271393874,0,0.982013,6.32833,-1.38547,0.800636,1.29146,-0.249541,-0.626489,-0.835882,-0.0406624,1.08905,0,0
1765976271398862,0,0.985999,6.33476,-1.38671,0.797508,1.28728,-0.24974,-0.627578,-0.838108,-0.0389355,1.08905,0,0
1765976271403884,0,0.989996,6.34121,-1.38797,0.794354,1.28307,-0.249931,-0.628669,-0.84034,-0.0371953,1.08905,0,0
1765976271408888,0,0.993963,6.34762,-1.38922,0.791205,1.27886,-0.250113,-0.629751,-0.842556,-0.0354599,1.08905,0,0
1765976271413892,0,0.997914,6.35401,-1.39047,0.788051,1.27463,-0.250286,-0.630826,-0.844763,-0.0337231,1.08905,0,0
1765976271418985,0,1.00192,6.36049,-1.39174,0.784836,1.27033,-0.250453,-0.631916,-0.847002,-0.0319539,1.08905,0,0
1765976271423983,0,1.00583,6.36683,-1.393,0.781675,1.26609,-0.250609,-0.632979,-0.84919,-0.0302164,1.08905,0,0
1765976271429023,0,1.00977,6.3732,-1.39426,0.778482,1.2618,-0.250756,-0.634045,-0.851388,-0.0284631,1.08905,0,0
1765976271433886,0,1.01354,6.37933,-1.39548,0.775396,1.25766,-0.250891,-0.635069,-0.8535,-0.0267704,1.08905,0,0
1765976271439002,0,1.0175,6.38575,-1.39676,0.772144,1.25328,-0.251023,-0.63614,-0.855714,-0.0249884,1.08905,0,0
1765976271443933,0,1.0213,6.39192,-1.398,0.769005,1.24906,-0.251142,-0.637167,-0.857839,-0.0232699,1.08905,0,0
1765976271448878,0,1.0251,6.39809,-1.39924,0.765852,1.24481,-0.251253,-0.638191,-0.859962,-0.0215456,1.08905,0,0
1765976271453887,0,1.02893,6.40431,-1.4005,0.762652,1.2405,-0.251356,-0.639222,-0.862104,-0.019798,1.08905,0,0
1765976271459024,0,1.03284,6.41067,-1.40179,0.759366,1.23607,-0.251454,-0.640274,-0.864292,-0.018005,1.08905,0,0
1765976271463897,0,1.03653,6.41668,-1.40302,0.756244,1.23185,-0.251537,-0.641267,-0.866358,-0.0163035,1.08905,0,0
1765976271468884,0,1.04029,6.42282,-1.40427,0.753043,1.22752,-0.251614,-0.642276,-0.868465,-0.0145615,1.08905,0,0
1765976271474064,0,1.04418,6.42916,-1.40558,0.749714,1.22302,-0.251685,-0.643319,-0.870644,-0.0127514,1.08905,0,0
1765976271479000,0,1.04788,6.43519,-1.40682,0.746536,1.21872,-0.251744,-0.644307,-0.872711,-0.0110259,1.08905,0,0
1765976271483909,0,1.05153,6.44116,-1.40806,0.74337,1.21443,-0.251793,-0.645284,-0.874759,-0.00930953,1.08905,0,0
1765976271489019,0,1.05532,6.44736,-1.40934,0.74007,1.20995,-0.251836,-0.646295,-0.876881,-0.00752255,1.08905,0,0
1765976271493921,0,1.05894,6.45328,-1.41058,0.7369,1.20565,-0.251869,-0.647259,-0.878909,-0.00580797,1.08905,0,0
1765976271499015,0,1.06269,6.45941,-1.41186,0.7336,1.20117,-0.251894,-0.648255,-0.881007,-0.00402594,1.08905,0,0
1765976271503894,0,1.06626,6.46526,-1.41309,0.730435,1.19686,-0.25191,-0.649203,-0.883007,-0.00231897,1.08905,0,0
1765976271509023,0,1.07,6.47138,-1.41438,0.727103,1.19233,-0.251917,-0.650193,-0.885101,-0.000524482,1.08905,0,0
1765976271513989,0,1.0736,6.47729,-1.41563,0.723872,1.18793,-0.251915,-0.651146,-0.887119,0.00121297,1.08905,0,0
1765976271518893,0,1.07714,6.48311,-1.41687,0.720677,1.18357,-0.251905,-0.652082,-0.889104,0.00292868,1.08905,0,0
1765976271524019,0,1.08083,6.48916,-1.41816,0.717331,1.17901,-0.251886,-0.653054,-0.891169,0.00472201,1.08905,0,0
1765976271528890,0,1.08431,6.4949,-1.41939,0.714148,1.17466,-0.251858,-0.653971,-0.893122,0.0064259,1.08905,0,0
1765976271533902,0,1.08789,6.50077,-1.42065,0.710868,1.17018,-0.251822,-0.654909,-0.895123,0.00817889,1.08905,0,0
1765976271538923,0,1.09145,6.50664,-1.42191,0.707577,1.16568,-0.251776,-0.655843,-0.897119,0.00993471,1.08905,0,0
1765976271543993,0,1.09503,6.51254,-1.42319,0.70425,1.16113,-0.251721,-0.65678,-0.899125,0.0117073,1.08905,0,0
1765976271548989,0,1.09854,6.51832,-1.42445,0.700966,1.15663,-0.251659,-0.657697,-0.901092,0.0134533,1.08905,0,0
1765976271553896,0,1.10197,6.52399,-1.42568,0.697737,1.15221,-0.251588,-0.658592,-0.903015,0.0151678,1.08905,0,0
1765976271558928,0,1.10547,6.52978,-1.42695,0.69442,1.14766,-0.251508,-0.659504,-0.904978,0.0169254,1.08905,0,0
1765976271563892,0,1.10891,6.53546,-1.4282,0.691144,1.14316,-0.251419,-0.660397,-0.906905,0.0186583,1.08905,0,0
1765976271568990,0,1.11242,6.54128,-1.42948,0.687776,1.13853,-0.25132,-0.661308,-0.908874,0.0204373,1.08905,0,0
1765976271574026,0,1.11588,6.547,-1.43074,0.684443,1.13395,-0.251212,-0.662202,-0.91081,0.0221937,1.08905,0,0
1765976271579000,0,1.11928,6.55263,-1.43199,0.681147,1.12942,-0.251098,-0.663078,-0.912713,0.0239276,1.08905,0,0
1765976271584013,0,1.12268,6.55828,-1.43325,0.677821,1.12484,-0.250973,-0.663956,-0.914621,0.0256741,1.08905,0,0
1765976271589084,0,1.12611,6.56397,-1.43452,0.674452,1.12019,-0.250839,-0.664837,-0.916542,0.0274397,1.08905,0,0
1765976271593902,0,1.12935,6.56936,-1.43573,0.671246,1.11577,-0.250702,-0.665668,-0.918358,0.029116,1.08905,0,0
1765976271599002,0,1.13277,6.57504,-1.43701,0.667849,1.11108,-0.250549,-0.666542,-0.920271,0.0308891,1.08905,0,0
1765976271604014,0,1.13611,6.58059,-1.43826,0.664507,1.10647,-0.25039,-0.667394,-0.922141,0.0326304,1.08905,0,0
1765976271608910,0,1.13935,6.586,-1.43949,0.661237,1.10195,-0.250226,-0.668221,-0.923959,0.03433,1.08905,0,0
1765976271613891,0,1.14264,6.59148,-1.44074,0.657906,1.09734,-0.250051,-0.669055,-0.925798,0.0360577,1.08905,0,0
1765976271618905,0,1.14593,6.59697,-1.44199,0.65455,1.09269,-0.249866,-0.669889,-0.92764,0.0377952,1.08905,0,0
1765976271623925,0,1.1492,6.60244,-1.44324,0.651185,1.08803,-0.249672,-0.670718,-0.929475,0.0395331,1.08905,0,0
1765976271628975,0,1.15248,6.60792,-1.4445,0.647795,1.08333,-0.249468,-0.671545,-0.931311,0.0412798,1.08905,0,0
1765976271633999,0,1.15573,6.61335,-1.44576,0.644419,1.07865,-0.249256,-0.672362,-0.933127,0.0430155,1.08905,0,0
1765976271639030,0,1.15896,6.61877,-1.44701,0.641035,1.07395,-0.249035,-0.673173,-0.934937,0.0447518,1.08905,0,0
1765976271643874,0,1.16206,6.62396,-1.44822,0.637772,1.06942,-0.248814,-0.673948,-0.936669,0.0464217,1.08905,0,0
1765976271648998,0,1.16532,6.62943,-1.44949,0.634316,1.06461,-0.248572,-0.674761,-0.938492,0.048186,1.08905,0,0
1765976271654030,0,1.1685,6.63477,-1.45074,0.630919,1.05989,-0.248325,-0.675554,-0.940272,0.0499164,1.08905,0,0
1765976271659007,0,1.17164,6.64004,-1.45198,0.627555,1.0552,-0.248072,-0.676331,-0.942023,0.0516258,1.08905,0,0
1765976271663903,0,1.1747,6.64519,-1.45319,0.624241,1.05059,-0.247815,-0.677089,-0.943736,0.0533052,1.08905,0,0
1765976271668891,0,1.17781,6.65042,-1.45442,0.620862,1.04587,-0.247545,-0.677855,-0.945471,0.0550138,1.08905,0,0
1765976271673898,0,1.18091,6.65565,-1.45566,0.617466,1.04114,-0.247266,-0.678618,-0.947202,0.0567263,1.08905,0,0
1765976271678860,0,1.18396,6.6608,-1.45689,0.614097,1.03643,-0.24698,-0.679367,-0.948909,0.058421,1.08905,0,0
1765976271683986,0,1.1871,6.6661,-1.45815,0.610613,1.03156,-0.246676,-0.680135,-0.950661,0.060169,1.08905,0,0
1765976271689026,0,1.19017,6.67129,-1.4594,0.607183,1.02677,-0.246368,-0.680882,-0.952374,0.0618849,1.08905,0,0
1765976271693895,0,1.19312,6.67628,-1.4606,0.603866,1.02213,-0.246063,-0.681599,-0.954018,0.06354,1.08905,0,0
1765976271698996,0,1.19619,6.68148,-1.46185,0.600387,1.01725,-0.245734,-0.682342,-0.955731,0.065271,1.08905,0,0
1765976271703897,0,1.19912,6.68645,-1.46305,0.597041,1.01257,-0.24541,-0.68305,-0.957367,0.0669312,1.08905,0,0
1765976271709019,0,1.20217,6.69163,-1.46431,0.593541,1.00766,-0.245063,-0.683784,-0.959066,0.0686632,1.08905,0,0
1765976271713984,0,1.20511,6.69662,-1.46553,0.590144,1.00289,-0.244718,-0.684488,-0.960703,0.070339,1.08905,0,0
1765976271718890,0,1.208,6.70153,-1.46673,0.586784,0.998176,-0.244369,-0.685177,-0.96231,0.0719918,1.08905,0,0
1765976271723934,0,1.21095,6.70655,-1.46796,0.583326,0.993318,-0.244002,-0.685879,-0.963953,0.0736878,1.08905,0,0
1765976271729018,0,1.21391,6.71159,-1.4692,0.579837,0.988413,-0.243623,-0.68658,-0.965597,0.0753938,1.08905,0,0
1765976271734002,0,1.21679,6.7165,-1.47041,0.576414,0.983596,-0.243243,-0.687261,-0.9672,0.0770627,1.08905,0,0
1765976271739021,0,1.21967,6.72142,-1.47163,0.572963,0.978738,-0.242852,-0.687939,-0.968802,0.0787399,1.08905,0,0
1765976271743977,0,1.2225,6.72626,-1.47283,0.569552,0.973933,-0.242457,-0.688603,-0.970375,0.0803923,1.08905,0,0
1765976271749009,0,1.22536,6.73115,-1.47405,0.566085,0.969046,-0.242049,-0.689269,-0.971961,0.0820665,1.08905,0,0
1765976271754028,0,1.22819,6.736,-1.47527,0.562624,0.964163,-0.241633,-0.689928,-0.973533,0.0837325,1.08905,0,0
1765976271759027,0,1.231,6.74081,-1.47647,0.559173,0.959293,-0.24121,-0.690576,-0.975088,0.085388,1.08905,0,0
1765976271763985,0,1.23376,6.74556,-1.47767,0.555747,0.954454,-0.240782,-0.691213,-0.976619,0.0870261,1.08905,0,0
1765976271769010,0,1.23654,6.75034,-1.47888,0.552273,0.949543,-0.240341,-0.691852,-0.978161,0.0886821,1.08905,0,0
1765976271774026,0,1.23931,6.75509,-1.48008,0.548801,0.944633,-0.239892,-0.692483,-0.979689,0.090331,1.08905,0,0
1765976271778922,0,1.24198,6.7597,-1.48125,0.545409,0.939832,-0.239446,-0.693092,-0.981171,0.0919364,1.08905,0,0
1765976271784000,0,1.24474,6.76446,-1.48247,0.541888,0.934846,-0.238975,-0.693717,-0.982697,0.0935971,1.08905,0,0
1765976271789063,0,1.24748,6.76918,-1.48368,0.538374,0.929867,-0.238497,-0.694332,-0.984207,0.0952484,1.08905,0,0
1765976271794002,0,1.25013,6.77376,-1.48485,0.534943,0.925002,-0.238022,-0.694926,-0.98567,0.0968549,1.08905,0,0
1765976271798924,0,1.25275,6.7783,-1.48602,0.531521,0.920147,-0.237542,-0.695512,-0.987117,0.0984513,1.08905,0,0
1765976271804055,0,1.25547,6.78301,-1.48724,0.527951,0.915079,-0.237032,-0.696115,-0.988615,0.100111,1.08905,0,0
1765976271809023,0,1.25809,6.78755,-1.48842,0.524491,0.910164,-0.236531,-0.696692,-0.990054,0.101713,1.08905,0,0
1765976271813987,0,1.26068,6.79205,-1.48959,0.521032,0.905246,-0.236022,-0.697261,-0.991482,0.103309,1.08905,0,0
1765976271818994,0,1.26328,6.79657,-1.49077,0.517539,0.900278,-0.235501,-0.697829,-0.992911,0.104913,1.08905,0,0
1765976271823879,0,1.2658,6.80096,-1.49192,0.514129,0.895424,-0.234984,-0.698376,-0.994294,0.106474,1.08905,0,0
1765976271829007,0,1.26843,6.80554,-1.49312,0.510546,0.890321,-0.234434,-0.698943,-0.995736,0.108107,1.08905,0,0
1765976271833891,0,1.27091,6.80987,-1.49427,0.507131,0.885455,-0.233902,-0.699476,-0.997098,0.109658,1.08905,0,0
1765976271838877,0,1.27343,6.81428,-1.49543,0.503643,0.88048,-0.233352,-0.700014,-0.998477,0.111235,1.08905,0,0
1765976271844028,0,1.27602,6.8188,-1.49663,0.500036,0.875334,-0.232775,-0.700562,-0.999891,0.11286,1.08905,0,0
1765976271849025,0,1.27851,6.82316,-1.4978,0.496534,0.870334,-0.232207,-0.701086,-1.00125,0.11443,1.08905,0,0
1765976271854032,0,1.28099,6.8275,-1.49896,0.493022,0.865318,-0.23163,-0.701604,-1.0026,0.115997,1.08905,0,0
1765976271859078,0,1.28346,6.83186,-1.50012,0.489481,0.860255,-0.231041,-0.70212,-1.00395,0.117572,1.08905,0,0
1765976271863890,0,1.28581,6.83599,-1.50123,0.486101,0.855421,-0.230471,-0.702604,-1.00523,0.119067,1.08905,0,0
1765976271868995,0,1.28828,6.84034,-1.50241,0.482513,0.850286,-0.229859,-0.703111,-1.00658,0.120648,1.08905,0,0
1765976271873938,0,1.29066,6.84453,-1.50354,0.479036,0.845308,-0.229259,-0.703595,-1.00787,0.122173,1.08905,0,0
1765976271878914,0,1.29304,6.84872,-1.50468,0.475534,0.84029,-0.228648,-0.704075,-1.00916,0.123702,1.08905,0,0
1765976271883999,0,1.29544,6.85298,-1.50584,0.471953,0.835155,-0.228015,-0.704558,-1.01046,0.125258,1.08905,0,0
1765976271888924,0,1.29776,6.85708,-1.50697,0.468482,0.830175,-0.227394,-0.705019,-1.01171,0.12676,1.08905,0,0
1765976271894018,0,1.30014,6.8613,-1.50812,0.464889,0.825018,-0.226744,-0.705488,-1.013,0.128306,1.08905,0,0
1765976271898886,0,1.30239,6.8653,-1.50922,0.461454,0.820084,-0.226116,-0.70593,-1.01422,0.129778,1.08905,0,0
1765976271903935,0,1.30471,6.86943,-1.51036,0.457888,0.81496,-0.225457,-0.70638,-1.01547,0.131297,1.08905,0,0
1765976271908941,0,1.307,6.8735,-1.51149,0.454351,0.809874,-0.224796,-0.70682,-1.01669,0.132798,1.08905,0,0
1765976271913896,0,1.30924,6.8775,-1.5126,0.450848,0.804833,-0.224134,-0.707248,-1.0179,0.134276,1.08905,0,0
1765976271918872,0,1.31147,6.88149,-1.51372,0.447328,0.799765,-0.223463,-0.70767,-1.0191,0.135754,1.08905,0,0
1765976271923867,0,1.3137,6.88547,-1.51483,0.443792,0.794672,-0.222781,-0.708087,-1.02029,0.13723,1.08905,0,0
1765976271928862,0,1.31591,6.88943,-1.51594,0.440254,0.789573,-0.222092,-0.708497,-1.02147,0.1387,1.08905,0,0
1765976271933875,0,1.3181,6.89337,-1.51705,0.436701,0.784449,-0.221393,-0.7089,-1.02264,0.140168,1.08905,0,0
1765976271938881,0,1.32028,6.89729,-1.51816,0.433152,0.779327,-0.220687,-0.709296,-1.0238,0.141627,1.08905,0,0
1765976271943861,0,1.32243,6.90116,-1.51926,0.429618,0.774226,-0.219979,-0.709682,-1.02494,0.143071,1.08905,0,0
1765976271948872,0,1.32457,6.90502,-1.52036,0.426061,0.769087,-0.219258,-0.710064,-1.02608,0.144517,1.08905,0,0
1765976271953869,0,1.32669,6.90885,-1.52145,0.422512,0.763957,-0.218532,-0.710436,-1.0272,0.145951,1.08905,0,0
1765976271958882,0,1.3288,6.91267,-1.52255,0.41895,0.758805,-0.217797,-0.710803,-1.02831,0.147382,1.08905,0,0
1765976271963847,0,1.33087,6.91643,-1.52363,0.41542,0.753697,-0.217062,-0.711159,-1.0294,0.148792,1.08905,0,0
1765976271968865,0,1.33295,6.9202,-1.52471,0.41185,0.748528,-0.216312,-0.711511,-1.0305,0.150209,1.08905,0,0
1765976271973877,0,1.33501,6.92393,-1.5258,0.408283,0.743361,-0.215555,-0.711855,-1.03157,0.151617,1.08905,0,0
1765976271978880,0,1.33704,6.92764,-1.52687,0.404721,0.738197,-0.214793,-0.712191,-1.03264,0.153014,1.08905,0,0
1765976271983867,0,1.33905,6.93131,-1.52794,0.401169,0.733045,-0.214027,-0.712519,-1.03369,0.154399,1.08905,0,0
1765976271988887,0,1.34105,6.93498,-1.52901,0.397591,0.727853,-0.213248,-0.712841,-1.03473,0.155785,1.08905,0,0
1765976271993868,0,1.34303,6.93859,-1.53007,0.39404,0.722696,-0.212469,-0.713153,-1.03576,0.157152,1.08905,0,0
1765976271998894,0,1.345,6.94221,-1.53114,0.390455,0.717488,-0.211675,-0.71346,-1.03678,0.158523,1.08905,0,0
1765976272003866,0,1.34693,6.94576,-1.53219,0.386907,0.712331,-0.210884,-0.713757,-1.03778,0.15987,1.08905,0,0
1765976272008880,0,1.34886,6.94932,-1.53325,0.383327,0.707125,-0.210079,-0.714048,-1.03877,0.161221,1.08905,0,0
1765976272013873,0,1.35077,6.95284,-1.53429,0.379761,0.701936,-0.209271,-0.71433,-1.03975,0.162557,1.08905,0,0
1765976272018807,0,1.35263,6.95629,-1.53532,0.376236,0.696804,-0.208465,-0.714602,-1.04071,0.163869,1.08905,0,0
1765976272023872,0,1.35453,6.9598,-1.53638,0.372616,0.69153,-0.207632,-0.714873,-1.04167,0.165207,1.08905,0,0
1765976272028855,0,1.35637,6.96324,-1.53741,0.369053,0.686337,-0.206805,-0.715133,-1.04262,0.166514,1.08905,0,0
1765976272033860,0,1.35821,6.96666,-1.53844,0.365473,0.681117,-0.205969,-0.715385,-1.04355,0.167819,1.08905,0,0
1765976272038912,0,1.36005,6.97009,-1.53948,0.361859,0.675842,-0.205118,-0.715633,-1.04448,0.169126,1.08905,0,0
1765976272043927,0,1.36186,6.97346,-1.54051,0.358269,0.670602,-0.204266,-0.71587,-1.04539,0.170414,1.08905,0,0
1765976272048910,0,1.36363,6.97679,-1.54152,0.354701,0.665391,-0.203414,-0.716099,-1.04628,0.171684,1.08905,0,0
1765976272054063,0,1.36545,6.98021,-1.54257,0.351011,0.659997,-0.202526,-0.716327,-1.04719,0.172989,1.08905,0,0
1765976272058935,0,1.36715,6.98341,-1.54355,0.34752,0.654893,-0.20168,-0.716535,-1.04804,0.174212,1.08905,0,0
1765976272063900,0,1.36887,6.98665,-1.54455,0.343962,0.649687,-0.200812,-0.716739,-1.04889,0.17545,1.08905,0,0
1765976272069054,0,1.37063,6.98998,-1.54559,0.340268,0.644279,-0.199905,-0.716944,-1.04976,0.176725,1.08905,0,0
1765976272074057,0,1.37233,6.99319,-1.54658,0.33668,0.639025,-0.199017,-0.717134,-1.05059,0.177952,1.08905,0,0
1765976272078999,0,1.37398,6.99634,-1.54756,0.333136,0.633831,-0.198135,-0.717314,-1.0514,0.179155,1.08905,0,0
1765976272083904,0,1.37561,6.99943,-1.54853,0.329617,0.628672,-0.197253,-0.717485,-1.0522,0.180339,1.08905,0,0
1765976272089024,0,1.37728,7.00264,-1.54954,0.325943,0.623283,-0.196327,-0.717656,-1.05301,0.181564,1.08905,0,0
1765976272094010,0,1.3789,7.00573,-1.55052,0.322364,0.61803,-0.195419,-0.717815,-1.05379,0.182747,1.08905,0,0
1765976272098996,0,1.3805,7.0088,-1.55149,0.318785,0.612775,-0.194504,-0.717965,-1.05456,0.183919,1.08905,0,0
1765976272104055,0,1.3821,7.01189,-1.55247,0.315153,0.607438,-0.193571,-0.71811,-1.05533,0.185099,1.08905,0,0
1765976272109058,0,1.38367,7.01491,-1.55344,0.31156,0.602156,-0.192642,-0.718245,-1.05607,0.186254,1.08905,0,0
1765976272114022,0,1.38521,7.01789,-1.55439,0.307994,0.596912,-0.191715,-0.718371,-1.0568,0.18739,1.08905,0,0
1765976272118921,0,1.38671,7.0208,-1.55533,0.304475,0.591733,-0.190794,-0.718488,-1.0575,0.188501,1.08905,0,0
1765976272123935,0,1.38822,7.02376,-1.55628,0.300872,0.586429,-0.189846,-0.718599,-1.05821,0.189627,1.08905,0,0
1765976272128967,0,1.38973,7.02669,-1.55724,0.297256,0.581102,-0.188889,-0.718704,-1.05891,0.190745,1.08905,0,0
1765976272134020,0,1.39122,7.02962,-1.55819,0.293624,0.57575,-0.187922,-0.7188,-1.0596,0.191858,1.08905,0,0
1765976272139056,0,1.39269,7.0325,-1.55913,0.290004,0.570412,-0.186953,-0.718888,-1.06027,0.192955,1.08905,0,0
1765976272143889,0,1.39409,7.03525,-1.56003,0.286529,0.565286,-0.186018,-0.718964,-1.06091,0.193997,1.08905,0,0
1765976272148994,0,1.39554,7.03812,-1.56098,0.282858,0.559868,-0.185025,-0.719037,-1.06156,0.195086,1.08905,0,0
1765976272154003,0,1.39695,7.04091,-1.5619,0.279256,0.554549,-0.184045,-0.7191,-1.0622,0.196143,1.08905,0,0
1765976272159043,0,1.39835,7.04369,-1.56283,0.275632,0.549194,-0.183054,-0.719155,-1.06282,0.197195,1.08905,0,0
1765976272163985,0,1.3997,7.04639,-1.56373,0.272078,0.54394,-0.182077,-0.719202,-1.06341,0.198214,1.08905,0,0
1765976272169009,0,1.40106,7.04911,-1.56464,0.268464,0.538596,-0.181079,-0.719241,-1.06401,0.199239,1.08905,0,0
1765976272173970,0,1.40238,7.05177,-1.56554,0.264896,0.533316,-0.180088,-0.719271,-1.06458,0.200239,1.08905,0,0
1765976272179001,0,1.4037,7.05444,-1.56644,0.261277,0.527959,-0.179078,-0.719294,-1.06515,0.201241,1.08905,0,0
1765976272183950,0,1.40499,7.05704,-1.56733,0.257718,0.522686,-0.178079,-0.719308,-1.0657,0.202215,1.08905,0,0
1765976272189008,0,1.40628,7.05967,-1.56823,0.254079,0.517294,-0.177054,-0.719314,-1.06624,0.203198,1.08905,0,0
1765976272193945,0,1.40753,7.06221,-1.5691,0.250528,0.512029,-0.176049,-0.719312,-1.06676,0.204145,1.08905,0,0
1765976272199000,0,1.40878,7.06479,-1.56998,0.246892,0.506635,-0.175014,-0.719301,-1.06728,0.205102,1.08905,0,0
1765976272203972,0,1.41,7.06729,-1.57085,0.243316,0.501327,-0.173992,-0.719283,-1.06777,0.20603,1.08905,0,0
1765976272209050,0,1.41123,7.06982,-1.57173,0.239663,0.495904,-0.172944,-0.719255,-1.06827,0.206966,1.08905,0,0
1765976272214006,0,1.41241,7.07227,-1.57259,0.236099,0.490609,-0.171916,-0.719221,-1.06874,0.207866,1.08905,0,0
1765976272219001,0,1.41358,7.0747,-1.57344,0.232507,0.48527,-0.170875,-0.719177,-1.0692,0.208761,1.08905,0,0
1765976272223878,0,1.4147,7.07706,-1.57427,0.228999,0.480054,-0.169855,-0.719127,-1.06963,0.209621,1.08905,0,0
1765976272228857,0,1.41584,7.07944,-1.57512,0.225419,0.474727,-0.168809,-0.719067,-1.07006,0.210487,1.08905,0,0
1765976272233877,0,1.41696,7.08181,-1.57596,0.221809,0.469354,-0.16775,-0.718999,-1.07048,0.211347,1.08905,0,0
1765976272238944,0,1.41807,7.08417,-1.57681,0.218166,0.463929,-0.166677,-0.718921,-1.07089,0.212201,1.08905,0,0
1765976272243956,0,1.41916,7.08648,-1.57764,0.214563,0.458561,-0.165611,-0.718836,-1.07129,0.213032,1.08905,0,0
1765976272248915,0,1.42021,7.08874,-1.57846,0.210999,0.453247,-0.164553,-0.718743,-1.07166,0.213841,1.08905,0,0
1765976272253921,0,1.42126,7.091,-1.57928,0.207401,0.447882,-0.163481,-0.718641,-1.07203,0.214644,1.08905,0,0
1765976272258922,0,1.42229,7.09322,-1.5801,0.203807,0.442519,-0.162405,-0.718531,-1.07238,0.215432,1.08905,0,0
1765976272263897,0,1.42329,7.09541,-1.5809,0.200233,0.437184,-0.161331,-0.718413,-1.07272,0.216202,1.08905,0,0
1765976272268863,0,1.42428,7.09757,-1.5817,0.196666,0.431856,-0.160256,-0.718286,-1.07304,0.216957,1.08905,0,0
1765976272273870,0,1.42525,7.09972,-1.5825,0.19307,0.426483,-0.159168,-0.71815,-1.07335,0.217704,1.08905,0,0
1765976272278856,0,1.42621,7.10183,-1.58329,0.18949,0.421131,-0.158081,-0.718007,-1.07365,0.218434,1.08905,0,0
1765976272283877,0,1.42715,7.10393,-1.58408,0.185885,0.415739,-0.156982,-0.717854,-1.07393,0.219154,1.08905,0,0
1765976272288866,0,1.42807,7.10599,-1.58486,0.182304,0.41038,-0.155887,-0.717693,-1.0742,0.219855,1.08905,0,0
1765976272293881,0,1.42897,7.10804,-1.58564,0.178705,0.404993,-0.154783,-0.717523,-1.07446,0.220545,1.08905,0,0
1765976272298872,0,1.42986,7.11005,-1.58641,0.175124,0.399629,-0.15368,-0.717345,-1.0747,0.221217,1.08905,0,0
1765976272303997,0,1.43074,7.11208,-1.5872,0.171448,0.394121,-0.152545,-0.717153,-1.07494,0.221892,1.08905,0,0
1765976272309062,0,1.4316,7.11406,-1.58797,0.167816,0.388676,-0.151419,-0.716955,-1.07515,0.222543,1.08905,0,0
1765976272313910,0,1.43241,7.11593,-1.5887,0.164341,0.383463,-0.150339,-0.716757,-1.07535,0.223152,1.08905,0,0
1765976272318874,0,1.43322,7.11782,-1.58944,0.160784,0.378125,-0.14923,-0.716546,-1.07553,0.223761,1.08905,0,0
1765976272323863,0,1.43401,7.1197,-1.59018,0.157209,0.372758,-0.148112,-0.716325,-1.07571,0.224358,1.08905,0,0
1765976272328860,0,1.43479,7.12155,-1.59092,0.153631,0.367383,-0.146989,-0.716095,-1.07586,0.22494,1.08905,0,0
1765976272333885,0,1.43555,7.12338,-1.59166,0.150033,0.361976,-0.145857,-0.715855,-1.07601,0.225509,1.08905,0,0
1765976272338861,0,1.43629,7.12517,-1.59238,0.146472,0.356622,-0.144734,-0.715609,-1.07614,0.226058,1.08905,0,0
1765976272343858,0,1.43701,7.12694,-1.5931,0.142896,0.351244,-0.143603,-0.715353,-1.07626,0.226593,1.08905,0,0
1765976272348858,0,1.43771,7.12868,-1.59381,0.13932,0.345863,-0.142469,-0.715088,-1.07636,0.227112,1.08905,0,0
1765976272353849,0,1.4384,7.13039,-1.59452,0.135752,0.34049,-0.141334,-0.714815,-1.07645,0.227615,1.08905,0,0
1765976272358873,0,1.43907,7.13209,-1.59523,0.132161,0.335082,-0.140189,-0.714532,-1.07652,0.228104,1.08905,0,0
1765976272363867,0,1.43973,7.13375,-1.59593,0.128594,0.329706,-0.139049,-0.714241,-1.07658,0.228575,1.08905,0,0
1765976272368878,0,1.44036,7.13539,-1.59662,0.125015,0.324311,-0.137902,-0.71394,-1.07663,0.22903,1.08905,0,0
1765976272373880,0,1.44098,7.137,-1.59731,0.121445,0.318925,-0.136756,-0.713632,-1.07666,0.229468,1.08905,0,0
1765976272378866,0,1.44157,7.13857,-1.59799,0.117888,0.313557,-0.13561,-0.713315,-1.07668,0.229888,1.08905,0,0
1765976272383872,0,1.44216,7.14013,-1.59866,0.114318,0.308168,-0.134459,-0.712988,-1.07668,0.230294,1.08905,0,0
1765976272388866,0,1.44272,7.14165,-1.59933,0.110758,0.302791,-0.133308,-0.712653,-1.07667,0.230681,1.08905,0,0
1765976272393866,0,1.44326,7.14315,-1.6,0.107196,0.297407,-0.132153,-0.712309,-1.07664,0.231052,1.08905,0,0
1765976272398882,0,1.44379,7.14463,-1.60065,0.103624,0.292007,-0.130993,-0.711955,-1.0766,0.231406,1.08905,0,0
1765976272403872,0,1.4443,7.14608,-1.60131,0.100072,0.286635,-0.129838,-0.711594,-1.07655,0.231742,1.08905,0,0
1765976272408887,0,1.44479,7.1475,-1.60195,0.0965042,0.281236,-0.128675,-0.711222,-1.07648,0.232062,1.08905,0,0
1765976272413860,0,1.44526,7.14889,-1.60259,0.0929683,0.275883,-0.12752,-0.710844,-1.07639,0.232362,1.08905,0,0
1765976272418867,0,1.44572,7.15025,-1.60323,0.0894102,0.270494,-0.126356,-0.710455,-1.0763,0.232646,1.08905,0,0
1765976272423871,0,1.44616,7.15159,-1.60386,0.0858562,0.265109,-0.125191,-0.710057,-1.07618,0.232913,1.08905,0,0
1765976272428851,0,1.44658,7.1529,-1.60448,0.082321,0.25975,-0.124031,-0.709651,-1.07606,0.23316,1.08905,0,0
1765976272433863,0,1.44698,7.15419,-1.6051,0.0787653,0.254357,-0.122861,-0.709235,-1.07591,0.233391,1.08905,0,0
1765976272438882,0,1.44737,7.15545,-1.60571,0.0752066,0.248957,-0.121689,-0.708808,-1.07576,0.233604,1.08905,0,0
1765976272443872,0,1.44773,7.15668,-1.60631,0.0716706,0.243589,-0.120523,-0.708375,-1.07559,0.233798,1.08905,0,0
1765976272448877,0,1.44808,7.15789,-1.60691,0.0681264,0.238207,-0.119353,-0.707932,-1.0754,0.233974,1.08905,0,0
1765976272453880,0,1.44842,7.15906,-1.60751,0.0645858,0.232827,-0.118182,-0.707479,-1.0752,0.234131,1.08905,0,0
1765976272458865,0,1.44873,7.16021,-1.60809,0.0610602,0.227468,-0.117014,-0.70702,-1.07498,0.234269,1.08905,0,0
1765976272463859,0,1.44902,7.16133,-1.60868,0.0575306,0.2221,-0.115844,-0.70655,-1.07475,0.234389,1.08905,0,0
1765976272468850,0,1.4493,7.16243,-1.60925,0.0540053,0.216736,-0.114674,-0.706071,-1.07451,0.23449,1.08905,0,0
1765976272473858,0,1.44956,7.1635,-1.60982,0.0504704,0.211356,-0.113499,-0.705582,-1.07425,0.234573,1.08905,0,0
1765976272478870,0,1.44981,7.16455,-1.61039,0.0469352,0.205972,-0.112323,-0.705083,-1.07397,0.234636,1.08905,0,0
1765976272483858,0,1.45003,7.16556,-1.61095,0.0434194,0.200616,-0.111153,-0.704577,-1.07368,0.23468,1.08905,0,0
1765976272488889,0,1.45024,7.16656,-1.6115,0.0398759,0.195215,-0.109972,-0.704058,-1.07337,0.234705,1.08905,0,0
1765976272493888,0,1.45043,7.16752,-1.61205,0.0363575,0.189849,-0.108799,-0.703533,-1.07305,0.23471,1.08905,0,0
1765976272498860,0,1.45061,7.16845,-1.61259,0.0328609,0.184515,-0.107632,-0.703001,-1.07272,0.234695,1.08905,0,0
1765976272503853,0,1.45076,7.16936,-1.61312,0.0293522,0.17916,-0.10646,-0.702458,-1.07237,0.234661,1.08905,0,0
1765976272508803,0,1.4509,7.17023,-1.61365,0.0258763,0.173852,-0.105299,-0.701911,-1.07201,0.234608,1.08905,0,0
1765976272513859,0,1.45102,7.1711,-1.61417,0.022329,0.168433,-0.104113,-0.701342,-1.07163,0.234533,1.08905,0,0
1765976272518879,0,1.45112,7.17193,-1.61469,0.0188096,0.163055,-0.102936,-0.700768,-1.07123,0.234439,1.08905,0,0
1765976272523870,0,1.45121,7.17273,-1.6152,0.0153134,0.157709,-0.101766,-0.700188,-1.07082,0.234324,1.08905,0,0
1765976272528864,0,1.45128,7.1735,-1.61571,0.0118182,0.152363,-0.100596,-0.699598,-1.07039,0.23419,1.08905,0,0
1765976272533857,0,1.45133,7.17425,-1.61621,0.00832665,0.147019,-0.0994269,-0.699,-1.06995,0.234035,1.08905,0,0
1765976272538875,0,1.45136,7.17498,-1.61671,0.00482044,0.141651,-0.0982529,-0.698388,-1.06949,0.233859,1.08905,0,0
1765976272543885,0,1.45137,7.17567,-1.61719,0.00132297,0.136294,-0.0970817,-0.697769,-1.06902,0.233662,1.08905,0,0
1765976272548867,0,1.45137,7.17634,-1.61768,-0.00215175,0.130969,-0.0959181,-0.697143,-1.06853,0.233445,1.08905,0,0
1765976272553883,0,1.45135,7.17698,-1.61815,-0.00564692,0.125611,-0.0947478,-0.696504,-1.06803,0.233206,1.08905,0,0
1765976272558882,0,1.45132,7.1776,-1.61862,-0.00912724,0.120273,-0.0935826,-0.695857,-1.06751,0.232946,1.08905,0,0
1765976272563845,0,1.45126,7.17818,-1.61909,-0.0125791,0.114976,-0.0924272,-0.695206,-1.06698,0.232668,1.08905,0,0
1765976272568877,0,1.45119,7.17874,-1.61955,-0.0160757,0.109609,-0.0912572,-0.694536,-1.06643,0.232364,1.08905,0,0
1765976272573865,0,1.4511,7.17928,-1.62,-0.0195385,0.104291,-0.0900989,-0.693862,-1.06587,0.232041,1.08905,0,0
1765976272578837,0,1.451,7.17978,-1.62045,-0.0229867,0.0989925,-0.088946,-0.693181,-1.06529,0.231697,1.08905,0,0
1765976272583837,0,1.45087,7.18027,-1.62089,-0.026451,0.0936674,-0.0877884,-0.692487,-1.06469,0.23133,1.08905,0,0
1765976272588871,0,1.45073,7.18072,-1.62133,-0.0299352,0.0883093,-0.0866249,-0.691779,-1.06408,0.230939,1.08905,0,0
1765976272593868,0,1.45057,7.18115,-1.62176,-0.03339,0.0829939,-0.085472,-0.691066,-1.06345,0.230528,1.08905,0,0
1765976272598870,0,1.4504,7.18155,-1.62218,-0.036845,0.0776761,-0.0843199,-0.690343,-1.06281,0.230095,1.08905,0,0
1765976272603890,0,1.4502,7.18193,-1.6226,-0.0403087,0.0723423,-0.083166,-0.689607,-1.06215,0.229637,1.08905,0,0
1765976272608872,0,1.44999,7.18228,-1.62301,-0.0437425,0.0670523,-0.0820231,-0.688868,-1.06148,0.229161,1.08905,0,0
1765976272613872,0,1.44977,7.1826,-1.62342,-0.0471851,0.0617465,-0.0808785,-0.688116,-1.06079,0.228661,1.08905,0,0
1765976272618866,0,1.44952,7.18289,-1.62382,-0.0506196,0.0564508,-0.0797379,-0.687356,-1.06008,0.228138,1.08905,0,0
1765976272623877,0,1.44926,7.18316,-1.62422,-0.054062,0.0511405,-0.078596,-0.686583,-1.05936,0.227591,1.08905,0,0
1765976272628850,0,1.44898,7.1834,-1.62461,-0.0574744,0.0458741,-0.0774656,-0.685807,-1.05863,0.227025,1.08905,0,0
1765976272633862,0,1.44869,7.18362,-1.62499,-0.0609097,0.0405702,-0.0763292,-0.685014,-1.05787,0.226431,1.08905,0,0
1765976272638850,0,1.44837,7.18381,-1.62537,-0.0643247,0.0352952,-0.0752013,-0.684216,-1.05711,0.225818,1.08905,0,0
1765976272643877,0,1.44804,7.18397,-1.62574,-0.0677621,0.0299833,-0.0740677,-0.683402,-1.05632,0.225175,1.08905,0,0
1765976272648857,0,1.4477,7.18411,-1.62611,-0.0711635,0.0247247,-0.072948,-0.682586,-1.05552,0.224516,1.08905,0,0
1765976272653886,0,1.44733,7.18422,-1.62647,-0.0745943,0.0194184,-0.0718206,-0.681752,-1.0547,0.223826,1.08905,0,0
1765976272658935,0,1.44694,7.18431,-1.62683,-0.0780345,0.0140951,-0.0706922,-0.680904,-1.05386,0.223109,1.08905,0,0
1765976272663912,0,1.44655,7.18436,-1.62718,-0.0814214,0.00885191,-0.0695836,-0.680059,-1.05301,0.222379,1.08905,0,0
1765976272668884,0,1.44613,7.18439,-1.62753,-0.0848005,0.00361849,-0.0684798,-0.679205,-1.05215,0.221625,1.08905,0,0
1765976272674066,0,1.44568,7.1844,-1.62788,-0.0883177,-0.00183117,-0.0673334,-0.678305,-1.05124,0.220815,1.08905,0,0
1765976272678894,0,1.44525,7.18438,-1.6282,-0.0915905,-0.00690443,-0.0662692,-0.677457,-1.05037,0.220036,1.08905,0,0
1765976272683926,0,1.44478,7.18433,-1.62853,-0.0949972,-0.0121877,-0.0651641,-0.676563,-1.04945,0.2192,1.08905,0,0
1765976272688921,0,1.4443,7.18426,-1.62885,-0.0983743,-0.0174272,-0.0640713,-0.675665,-1.04852,0.218345,1.08905,0,0
1765976272693911,0,1.4438,7.18416,-1.62917,-0.101744,-0.0226571,-0.0629839,-0.674759,-1.04758,0.217467,1.08905,0,0
1765976272698872,0,1.44329,7.18403,-1.62948,-0.105089,-0.0278518,-0.0619073,-0.673848,-1.04662,0.216569,1.08905,0,0
1765976272703877,0,1.44275,7.18388,-1.62979,-0.108459,-0.0330875,-0.0608257,-0.67292,-1.04564,0.215639,1.08905,0,0
1765976272708873,0,1.4422,7.1837,-1.63009,-0.111819,-0.0383089,-0.0597508,-0.671983,-1.04465,0.214685,1.08905,0,0
1765976272713859,0,1.44164,7.1835,-1.63039,-0.115167,-0.0435148,-0.0586828,-0.671038,-1.04364,0.213708,1.08905,0,0
1765976272718866,0,1.44105,7.18327,-1.63068,-0.118524,-0.0487376,-0.0576154,-0.670079,-1.04261,0.212701,1.08905,0,0
1765976272723862,0,1.44045,7.18301,-1.63096,-0.121869,-0.0539437,-0.0565553,-0.669112,-1.04157,0.211671,1.08905,0,0
1765976272728858,0,1.43983,7.18273,-1.63124,-0.125209,-0.0591445,-0.0555005,-0.668135,-1.04051,0.210615,1.08905,0,0
1765976272733875,0,1.4392,7.18242,-1.63152,-0.128559,-0.0643618,-0.0544466,-0.667144,-1.03943,0.209529,1.08905,0,0
1765976272738862,0,1.43855,7.18208,-1.63179,-0.131883,-0.0695425,-0.0534044,-0.666149,-1.03834,0.208423,1.08905,0,0
1765976272743867,0,1.43788,7.18172,-1.63205,-0.135215,-0.0747365,-0.0523641,-0.66514,-1.03723,0.207287,1.08905,0,0
1765976272748863,0,1.43719,7.18134,-1.63231,-0.138535,-0.0799155,-0.0513315,-0.664123,-1.0361,0.206128,1.08905,0,0
1765976272753856,0,1.43649,7.18092,-1.63256,-0.141849,-0.0850858,-0.0503052,-0.663096,-1.03496,0.204942,1.08905,0,0
1765976272758892,0,1.43577,7.18048,-1.63281,-0.145185,-0.0902948,-0.0492762,-0.662051,-1.03379,0.20372,1.08905,0,0
1765976272763869,0,1.43504,7.18002,-1.63306,-0.148478,-0.0954373,-0.0482653,-0.661007,-1.03262,0.202485,1.08905,0,0
1765976272768872,0,1.43429,7.17953,-1.6333,-0.151782,-0.100601,-0.0472555,-0.659948,-1.03143,0.201217,1.08905,0,0
1765976272773864,0,1.43352,7.17901,-1.63353,-0.155074,-0.105746,-0.0462542,-0.658881,-1.03022,0.199925,1.08905,0,0
1765976272778863,0,1.43274,7.17847,-1.63376,-0.158365,-0.110894,-0.045258,-0.657803,-1.02899,0.198604,1.08905,0,0
1765976272783870,0,1.43194,7.1779,-1.63398,-0.161656,-0.116042,-0.044267,-0.656712,-1.02775,0.197253,1.08905,0,0
1765976272788857,0,1.43112,7.17731,-1.6342,-0.164928,-0.121164,-0.0432868,-0.655616,-1.02649,0.195881,1.08905,0,0
1765976272793882,0,1.43029,7.17669,-1.63442,-0.16822,-0.126319,-0.042306,-0.654501,-1.0252,0.194471,1.08905,0,0
1765976272798875,0,1.42944,7.17605,-1.63462,-0.171485,-0.131435,-0.0413386,-0.653383,-1.02391,0.193042,1.08905,0,0
1765976272803863,0,1.42858,7.17538,-1.63483,-0.174741,-0.136539,-0.0403793,-0.652256,-1.0226,0.191586,1.08905,0,0
1765976272808866,0,1.42769,7.17468,-1.63503,-0.178001,-0.141652,-0.0394245,-0.651115,-1.02128,0.190099,1.08905,0,0
1765976272813873,0,1.42679,7.17396,-1.63522,-0.181259,-0.146762,-0.0384765,-0.649963,-1.01993,0.188582,1.08905,0,0
1765976272818878,0,1.42588,7.17321,-1.63541,-0.184509,-0.151863,-0.0375365,-0.648801,-1.01857,0.187037,1.08905,0,0
1765976272823878,0,1.42495,7.17244,-1.6356,-0.18775,-0.156952,-0.0366052,-0.64763,-1.01719,0.185466,1.08905,0,0
1765976272828861,0,1.424,7.17165,-1.63578,-0.190974,-0.162018,-0.035685,-0.646452,-1.01579,0.183871,1.08905,0,0
1765976272833887,0,1.42304,7.17082,-1.63596,-0.19422,-0.167119,-0.034765,-0.645254,-1.01437,0.182234,1.08905,0,0
1765976272838877,0,1.42206,7.16997,-1.63613,-0.197437,-0.172178,-0.0338598,-0.644054,-1.01295,0.18058,1.08905,0,0
1765976272843878,0,1.42106,7.1691,-1.63629,-0.200655,-0.17724,-0.0329609,-0.642841,-1.0115,0.178893,1.08905,0,0
1765976272848859,0,1.42006,7.1682,-1.63646,-0.203854,-0.182274,-0.0320741,-0.641623,-1.01004,0.177184,1.08905,0,0
1765976272853862,0,1.41903,7.16728,-1.63661,-0.207061,-0.187324,-0.031192,-0.640389,-1.00856,0.175438,1.08905,0,0
1765976272858875,0,1.41798,7.16633,-1.63677,-0.210268,-0.192376,-0.0303169,-0.639141,-1.00705,0.173659,1.08905,0,0
1765976272863858,0,1.41693,7.16536,-1.63692,-0.21345,-0.19739,-0.0294561,-0.637891,-1.00554,0.171862,1.08905,0,0
1765976272868868,0,1.41585,7.16436,-1.63706,-0.216642,-0.202424,-0.0285996,-0.636624,-1.004,0.170025,1.08905,0,0
1765976272873864,0,1.41476,7.16333,-1.6372,-0.21982,-0.207436,-0.0277548,-0.63535,-1.00245,0.168163,1.08905,0,0
1765976272878859,0,1.41365,7.16228,-1.63734,-0.22299,-0.21244,-0.0269196,-0.634065,-1.00089,0.166272,1.08905,0,0
1765976272883840,0,1.41253,7.16121,-1.63747,-0.226145,-0.217421,-0.0260961,-0.632774,-0.999308,0.164356,1.08905,0,0
1765976272888866,0,1.41139,7.16011,-1.6376,-0.229322,-0.222439,-0.025275,-0.63146,-0.997696,0.162393,1.08905,0,0
1765976272893880,0,1.41023,7.15898,-1.63773,-0.232485,-0.227438,-0.0244658,-0.630139,-0.99607,0.160403,1.08905,0,0
1765976272898865,0,1.40907,7.15783,-1.63785,-0.235623,-0.232399,-0.0236712,-0.628814,-0.994437,0.158395,1.08905,0,0
1765976272903867,0,1.40788,7.15666,-1.63796,-0.238765,-0.237369,-0.022884,-0.627475,-0.99278,0.156349,1.08905,0,0
1765976272908869,0,1.40668,7.15546,-1.63807,-0.2419,-0.242331,-0.0221071,-0.626125,-0.991106,0.154272,1.08905,0,0
1765976272913874,0,1.40546,7.15423,-1.63818,-0.24503,-0.247287,-0.0213403,-0.624764,-0.989413,0.152163,1.08905,0,0
1765976272918872,0,1.40423,7.15299,-1.63829,-0.248149,-0.252228,-0.0205851,-0.623394,-0.987704,0.150025,1.08905,0,0
1765976272923886,0,1.40297,7.15171,-1.63839,-0.251272,-0.257176,-0.0198383,-0.622009,-0.985973,0.147849,1.08905,0,0
1765976272928851,0,1.40172,7.15042,-1.63849,-0.254356,-0.262067,-0.0191096,-0.620626,-0.984241,0.145664,1.08905,0,0
1765976272933867,0,1.40044,7.14909,-1.63858,-0.257466,-0.266999,-0.0183846,-0.619219,-0.982473,0.143424,1.08905,0,0
1765976272938881,0,1.39914,7.14774,-1.63867,-0.260567,-0.271921,-0.0176712,-0.617802,-0.980689,0.141154,1.08905,0,0
1765976272943987,0,1.3978,7.14634,-1.63876,-0.263718,-0.276923,-0.0169564,-0.616347,-0.978853,0.138808,1.08905,0,0
1765976272948894,0,1.3965,7.14497,-1.63884,-0.266739,-0.281722,-0.0162809,-0.614939,-0.977071,0.136523,1.08905,0,0
1765976272953873,0,1.39516,7.14355,-1.63892,-0.269797,-0.286583,-0.0156069,-0.613499,-0.975245,0.134172,1.08905,0,0
1765976272958874,0,1.3938,7.14211,-1.639,-0.272862,-0.291456,-0.0149419,-0.612042,-0.973394,0.131778,1.08905,0,0
1765976272963865,0,1.39243,7.14064,-1.63907,-0.275913,-0.296309,-0.0142902,-0.610578,-0.971528,0.129357,1.08905,0,0
1765976272968859,0,1.39105,7.13915,-1.63914,-0.278958,-0.301156,-0.0136503,-0.609101,-0.969644,0.126902,1.08905,0,0
1765976272973869,0,1.38964,7.13763,-1.63921,-0.282006,-0.306009,-0.0130208,-0.607609,-0.967735,0.124406,1.08905,0,0
1765976272978874,0,1.38822,7.13609,-1.63927,-0.285043,-0.310848,-0.0124045,-0.606108,-0.96581,0.12188,1.08905,0,0
1765976272983809,0,1.38681,7.13454,-1.63933,-0.288031,-0.315609,-0.0118092,-0.604617,-0.963895,0.119356,1.08905,0,0
1765976272988862,0,1.38535,7.13293,-1.63939,-0.291082,-0.320475,-0.0112127,-0.60308,-0.961915,0.116739,1.08905,0,0
1765976272993856,0,1.38389,7.13132,-1.63944,-0.29409,-0.325274,-0.0106363,-0.601549,-0.95994,0.114118,1.08905,0,0
1765976272998872,0,1.3824,7.12968,-1.63949,-0.297103,-0.330084,-0.0100705,-0.600001,-0.957939,0.111453,1.08905,0,0
1765976273003879,0,1.38091,7.12801,-1.63954,-0.300103,-0.334875,-0.00951923,-0.598444,-0.955923,0.108758,1.08905,0,0
1765976273008879,0,1.3794,7.12633,-1.63959,-0.303092,-0.339649,-0.00898223,-0.596879,-0.953891,0.106033,1.08905,0,0
1765976273013867,0,1.37788,7.12462,-1.63963,-0.306065,-0.344403,-0.00846017,-0.595306,-0.951846,0.103281,1.08905,0,0
1765976273018888,0,1.37634,7.12288,-1.63967,-0.30905,-0.349177,-0.00794861,-0.593712,-0.949769,0.100476,1.08905,0,0
1765976273023878,0,1.37479,7.12112,-1.63971,-0.312009,-0.353911,-0.00745425,-0.592117,-0.947687,0.0976536,1.08905,0,0
1765976273028870,0,1.37322,7.11935,-1.63975,-0.314961,-0.358637,-0.00697388,-0.590511,-0.945586,0.0947962,1.08905,0,0
1765976273033868,0,1.37164,7.11754,-1.63978,-0.317908,-0.363358,-0.0065073,-0.588891,-0.943464,0.0919006,1.08905,0,0
1765976273038868,0,1.37004,7.11571,-1.63981,-0.320849,-0.36807,-0.0060551,-0.587259,-0.941322,0.0889691,1.08905,0,0
1765976273043880,0,1.36843,7.11386,-1.63984,-0.323788,-0.372782,-0.00561662,-0.585613,-0.939157,0.0859954,1.08905,0,0
1765976273048868,0,1.36681,7.11199,-1.63987,-0.326705,-0.377461,-0.00519511,-0.583963,-0.936984,0.0830009,1.08905,0,0
1765976273053860,0,1.36517,7.11009,-1.63989,-0.329616,-0.382133,-0.00478832,-0.582301,-0.934791,0.0799689,1.08905,0,0
1765976273058877,0,1.36351,7.10816,-1.63992,-0.332533,-0.386817,-0.00439485,-0.58062,-0.932569,0.0768863,1.08905,0,0
1765976273063867,0,1.36184,7.10622,-1.63994,-0.335426,-0.391466,-0.0040189,-0.578936,-0.930339,0.0737846,1.08905,0,0
1765976273068843,0,1.36016,7.10426,-1.63996,-0.338303,-0.396089,-0.00365954,-0.577247,-0.928098,0.0706562,1.08905,0,0
1765976273073852,0,1.35846,7.10226,-1.63997,-0.34119,-0.400732,-0.00331357,-0.575534,-0.925823,0.067471,1.08905,0,0
1765976273078850,0,1.35675,7.10025,-1.63999,-0.344062,-0.405354,-0.00298435,-0.573814,-0.923535,0.0642566,1.08905,0,0
1765976273083860,0,1.35502,7.09821,-1.64,-0.346933,-0.409975,-0.00267057,-0.572079,-0.921222,0.0609983,1.08905,0,0
1765976273088880,0,1.35327,7.09614,-1.64002,-0.3498,-0.414594,-0.00237262,-0.570329,-0.918886,0.0576968,1.08905,0,0
1765976273093861,0,1.35152,7.09406,-1.64003,-0.352637,-0.419165,-0.00209346,-0.568582,-0.916549,0.0543846,1.08905,0,0
1765976273098881,0,1.34974,7.09194,-1.64004,-0.355487,-0.423761,-0.0018289,-0.566809,-0.914175,0.0510095,1.08905,0,0
1765976273103994,0,1.34792,7.08977,-1.64005,-0.35838,-0.428429,-0.00157695,-0.564992,-0.911738,0.0475338,1.08905,0,0
1765976273109006,0,1.34611,7.08761,-1.64005,-0.361208,-0.432992,-0.00134733,-0.5632,-0.90933,0.0440892,1.08905,0,0
1765976273114029,0,1.34429,7.08542,-1.64006,-0.364032,-0.437554,-0.00113461,-0.561392,-0.906898,0.0405995,1.08905,0,0
1765976273118888,0,1.34252,7.08328,-1.64007,-0.366756,-0.441955,-0.000945617,-0.559632,-0.904527,0.0371879,1.08905,0,0
1765976273124087,0,1.3406,7.08097,-1.64007,-0.36966,-0.446651,-0.000761852,-0.557738,-0.90197,0.0334985,1.08905,0,0
1765976273128890,0,1.33882,7.07882,-1.64007,-0.372335,-0.450977,-0.000609212,-0.555976,-0.89959,0.0300536,1.08905,0,0
1765976273133924,0,1.33694,7.07654,-1.64008,-0.375129,-0.455499,-0.000467088,-0.554119,-0.897076,0.0264058,1.08905,0,0
1765976273138918,0,1.33506,7.07425,-1.64008,-0.377892,-0.459973,-0.000344335,-0.552265,-0.894564,0.022749,1.08905,0,0
1765976273143909,0,1.33317,7.07194,-1.64008,-0.380643,-0.464432,-0.000239992,-0.550401,-0.892034,0.0190563,1.08905,0,0
1765976273149049,0,1.3312,7.06954,-1.64008,-0.383467,-0.46901,-0.000151905,-0.548469,-0.889409,0.0152136,1.08905,0,0
1765976273154018,0,1.32929,7.0672,-1.64008,-0.386188,-0.473423,-8.56171e-05,-0.54659,-0.886851,0.0114598,1.08905,0,0
1765976273159008,0,1.32736,7.06483,-1.64008,-0.388911,-0.477842,-3.79164e-05,-0.544692,-0.884264,0.00765185,1.08905,0,0
1765976273163975,0,1.32542,7.06245,-1.64008,-0.391612,-0.482228,-9.40165e-06,-0.542791,-0.88167,0.00382295,1.08905,0,0
1765976273169089,0,1.32341,7.05997,-1.64008,-0.394382,-0.48673,0,-0.540822,-0.87898,0,1.08905,0,0
1765976273174026,0,1.32146,7.05755,-1.64008,-0.397048,-0.491063,0,-0.538909,-0.876364,0,1.08905,0,0
1765976273178897,0,1.31951,7.05515,-1.64008,-0.399668,-0.495326,0,-0.537011,-0.873764,0,1.08905,0,0
1765976273183969,0,1.31748,7.05263,-1.64008,-0.402387,-0.49975,0,-0.535024,-0.871037,0,1.08905,0,0
1765976273189031,0,1.31544,7.05009,-1.64008,-0.40509,-0.504152,0,-0.533028,-0.868296,0,1.08905,0,0
1765976273194028,0,1.31341,7.04756,-1.64008,-0.407749,-0.508485,0,-0.531046,-0.865571,0,1.08905,0,0
1765976273199092,0,1.31133,7.04497,-1.64008,-0.410433,-0.512861,0,-0.529026,-0.862789,0,1.08905,0,0
1765976273204077,0,1.30928,7.0424,-1.64008,-0.413065,-0.517155,0,-0.527026,-0.860032,0,1.08905,0,0
1765976273209011,0,1.30724,7.03984,-1.64008,-0.415661,-0.521392,0,-0.525035,-0.857283,0,1.08905,0,0
1765976273214011,0,1.30515,7.03722,-1.64008,-0.418281,-0.525671,0,-0.523005,-0.854479,0,1.08905,0,0
1765976273219027,0,1.30305,7.03458,-1.64008,-0.420899,-0.529951,0,-0.520958,-0.851646,0,1.08905,0,0
1765976273223880,0,1.301,7.03199,-1.64008,-0.423423,-0.534077,0,-0.518965,-0.848886,0,1.08905,0,0
1765976273228854,0,1.29889,7.02933,-1.64008,-0.425999,-0.538293,0,-0.516912,-0.846038,0,1.08905,0,0
1765976273233862,0,1.29675,7.02662,-1.64008,-0.428583,-0.542522,0,-0.514833,-0.843152,0,1.08905,0,0
1765976273238869,0,1.29459,7.02389,-1.64008,-0.431155,-0.546737,0,-0.512743,-0.840246,0,1.08905,0,0
1765976273243891,0,1.29242,7.02114,-1.64008,-0.433725,-0.550949,0,-0.510634,-0.837312,0,1.08905,0,0
1765976273248856,0,1.29026,7.01839,-1.64008,-0.436255,-0.555099,0,-0.508538,-0.834392,0,1.08905,0,0
1765976273253851,0,1.28808,7.01561,-1.64008,-0.43879,-0.559259,0,-0.506417,-0.831434,0,1.08905,0,0
1765976273258873,0,1.28587,7.01279,-1.64008,-0.441328,-0.563428,0,-0.504273,-0.82844,0,1.08905,0,0
1765976273263876,0,1.28365,7.00996,-1.64008,-0.443845,-0.567565,0,-0.502126,-0.825439,0,1.08905,0,0
1765976273268858,0,1.28144,7.00712,-1.64008,-0.446341,-0.57167,0,-0.499975,-0.82243,0,1.08905,0,0
1765976273273872,0,1.27919,7.00425,-1.64008,-0.448843,-0.575786,0,-0.497799,-0.819381,0,1.08905,0,0
1765976273278857,0,1.27695,7.00137,-1.64008,-0.451319,-0.579863,0,-0.495624,-0.816331,0,1.08905,0,0
1765976273283854,0,1.27469,6.99846,-1.64008,-0.45379,-0.583934,0,-0.493431,-0.813253,0,1.08905,0,0
1765976273288883,0,1.2724,6.99551,-1.64008,-0.456266,-0.588016,0,-0.491213,-0.810136,0,1.08905,0,0
1765976273293870,0,1.27012,6.99257,-1.64008,-0.45871,-0.592049,0,-0.489001,-0.807025,0,1.08905,0,0
1765976273298868,0,1.26782,6.9896,-1.64008,-0.461149,-0.596074,0,-0.486772,-0.803887,0,1.08905,0,0
1765976273303865,0,1.26551,6.98661,-1.64008,-0.463576,-0.600084,0,-0.484532,-0.800729,0,1.08905,0,0
1765976273308863,0,1.26318,6.9836,-1.64008,-0.465992,-0.604078,0,-0.482279,-0.797551,0,1.08905,0,0
1765976273313873,0,1.26084,6.98056,-1.64008,-0.468402,-0.608065,0,-0.480009,-0.794345,0,1.08905,0,0
1765976273318878,0,1.25849,6.97751,-1.64008,-0.470799,-0.612033,0,-0.47773,-0.791123,0,1.08905,0,0
1765976273323887,0,1.25613,6.97444,-1.64008,-0.473186,-0.615987,0,-0.475436,-0.787877,0,1.08905,0,0
1765976273328880,0,1.25376,6.97135,-1.64008,-0.475554,-0.619913,0,-0.473137,-0.784622,0,1.08905,0,0
1765976273333902,0,1.25137,6.96823,-1.64008,-0.477925,-0.623846,0,-0.470814,-0.781327,0,1.08905,0,0
1765976273339067,0,1.24889,6.96499,-1.64008,-0.48035,-0.627872,0,-0.468411,-0.777917,0,1.08905,0,0
1765976273343908,0,1.24656,6.96195,-1.64008,-0.482612,-0.63163,0,-0.466147,-0.774702,0,1.08905,0,0
1765976273349072,0,1.24406,6.95867,-1.64008,-0.485013,-0.635622,0,-0.46372,-0.771251,0,1.08905,0,0
1765976273353929,0,1.2417,6.95558,-1.64008,-0.48726,-0.63936,0,-0.461425,-0.767986,0,1.08905,0,0
1765976273358992,0,1.23923,6.95233,-1.64008,-0.48959,-0.64324,0,-0.459021,-0.764561,0,1.08905,0,0
1765976273364002,0,1.23677,6.9491,-1.64008,-0.491884,-0.647062,0,-0.45663,-0.761152,0,1.08905,0,0
1765976273368911,0,1.23435,6.94591,-1.64008,-0.494119,-0.65079,0,-0.454275,-0.757792,0,1.08905,0,0
1765976273373924,0,1.23187,6.94264,-1.64008,-0.496391,-0.65458,0,-0.451858,-0.75434,0,1.08905,0,0
1765976273378992,0,1.22935,6.93931,-1.64008,-0.498674,-0.658394,0,-0.449402,-0.75083,0,1.08905,0,0
1765976273383958,0,1.22686,6.93604,-1.64008,-0.5009,-0.662114,0,-0.446983,-0.747369,0,1.08905,0,0
1765976273389024,0,1.22432,6.93267,-1.64008,-0.503158,-0.665891,0,-0.444504,-0.743818,0,1.08905,0,0
1765976273393898,0,1.22186,6.92942,-1.64008,-0.505319,-0.669508,0,-0.442106,-0.740382,0,1.08905,0,0
1765976273398907,0,1.21933,6.92605,-1.64008,-0.507527,-0.673208,0,-0.43963,-0.73683,0,1.08905,0,0
1765976273403978,0,1.21675,6.92263,-1.64008,-0.50975,-0.676935,0,-0.43711,-0.733214,0,1.08905,0,0
1765976273408991,0,1.21419,6.91923,-1.64008,-0.511935,-0.680602,0,-0.434607,-0.729617,0,1.08905,0,0
1765976273414025,0,1.2116,6.91579,-1.64008,-0.514117,-0.684266,0,-0.432081,-0.725984,0,1.08905,0,0
1765976273418893,0,1.2091,6.91245,-1.64008,-0.516214,-0.687791,0,-0.429626,-0.722452,0,1.08905,0,0
1765976273423861,0,1.20653,6.90903,-1.64008,-0.518342,-0.691371,0,-0.427109,-0.718827,0,1.08905,0,0
1765976273428867,0,1.20393,6.90556,-1.64008,-0.520474,-0.69496,0,-0.42456,-0.715153,0,1.08905,0,0
1765976273433895,0,1.2013,6.90205,-1.64008,-0.522602,-0.698546,0,-0.421988,-0.711442,0,1.08905,0,0
1765976273438862,0,1.1987,6.89858,-1.64008,-0.524691,-0.702071,0,-0.419435,-0.707755,0,1.08905,0,0
1765976273443870,0,1.19607,6.89505,-1.64008,-0.526785,-0.705606,0,-0.416848,-0.704017,0,1.08905,0,0
1765976273448865,0,1.19343,6.89152,-1.64008,-0.528861,-0.709113,0,-0.414255,-0.700268,0,1.08905,0,0
1765976273453893,0,1.19077,6.88794,-1.64008,-0.530937,-0.712624,0,-0.411632,-0.696473,0,1.08905,0,0
1765976273458871,0,1.18812,6.88439,-1.64008,-0.53298,-0.716082,0,-0.409023,-0.692695,0,1.08905,0,0
1765976273463866,0,1.18545,6.8808,-1.64008,-0.535017,-0.719533,0,-0.406393,-0.688882,0,1.08905,0,0
1765976273468878,0,1.18277,6.87719,-1.64008,-0.537047,-0.722976,0,-0.403741,-0.685036,0,1.08905,0,0
1765976273473865,0,1.18008,6.87357,-1.64008,-0.539053,-0.726382,0,-0.401091,-0.681189,0,1.08905,0,0
1765976273478867,0,1.17738,6.86993,-1.64008,-0.541053,-0.72978,0,-0.398419,-0.677308,0,1.08905,0,0
1765976273483862,0,1.17467,6.86628,-1.64008,-0.543037,-0.733153,0,-0.395739,-0.673412,0,1.08905,0,0
1765976273488893,0,1.17194,6.86258,-1.64008,-0.545021,-0.736531,0,-0.393027,-0.669466,0,1.08905,0,0
1765976273493904,0,1.1692,6.85888,-1.64008,-0.546983,-0.739876,0,-0.390313,-0.665515,0,1.08905,0,0
1765976273498941,0,1.16644,6.85515,-1.64008,-0.548942,-0.743218,0,-0.387572,-0.661522,0,1.08905,0,0
1765976273503987,0,1.16367,6.85139,-1.64008,-0.550891,-0.746546,0,-0.384813,-0.6575,0,1.08905,0,0
1765976273508988,0,1.16091,6.84765,-1.64008,-0.552809,-0.749824,0,-0.382066,-0.653492,0,1.08905,0,0
1765976273514009,0,1.15813,6.84387,-1.64008,-0.55472,-0.753095,0,-0.379295,-0.649447,0,1.08905,0,0
1765976273518872,0,1.15542,6.8402,-1.64008,-0.556558,-0.756244,0,-0.3766,-0.645509,0,1.08905,0,0
1765976273523936,0,1.1526,6.83637,-1.64008,-0.558458,-0.759502,0,-0.37378,-0.641386,0,1.08905,0,0
1765976273528884,0,1.14983,6.8326,-1.64008,-0.5603,-0.762666,0,-0.371013,-0.637338,0,1.08905,0,0
1765976273534018,0,1.14695,6.82868,-1.64008,-0.562198,-0.765927,0,-0.368128,-0.633114,0,1.08905,0,0
1765976273538935,0,1.14418,6.8249,-1.64008,-0.564001,-0.76903,0,-0.365352,-0.629048,0,1.08905,0,0
1765976273543998,0,1.14132,6.821,-1.64008,-0.565844,-0.772204,0,-0.362481,-0.624839,0,1.08905,0,0
1765976273549016,0,1.13848,6.81712,-1.64008,-0.567655,-0.775329,0,-0.359623,-0.620645,0,1.08905,0,0
1765976273554059,0,1.13561,6.8132,-1.64008,-0.569462,-0.778448,0,-0.356737,-0.616409,0,1.08905,0,0
1765976273558998,0,1.13279,6.80935,-1.64008,-0.571217,-0.781482,0,-0.353899,-0.61224,0,1.08905,0,0
1765976273563860,0,1.13001,6.80554,-1.64008,-0.57293,-0.784449,0,-0.351092,-0.608114,0,1.08905,0,0
1765976273568878,0,1.12713,6.8016,-1.64008,-0.574685,-0.78749,0,-0.348183,-0.603835,0,1.08905,0,0
1765976273573879,0,1.12426,6.79765,-1.64008,-0.576419,-0.790499,0,-0.34527,-0.599548,0,1.08905,0,0
1765976273578868,0,1.12138,6.7937,-1.64008,-0.578134,-0.793479,0,-0.342352,-0.595251,0,1.08905,0,0
1765976273583858,0,1.11849,6.78973,-1.64008,-0.579835,-0.796439,0,-0.33942,-0.590931,0,1.08905,0,0
1765976273588869,0,1.11558,6.78574,-1.64008,-0.581528,-0.799389,0,-0.336464,-0.586571,0,1.08905,0,0
1765976273593876,0,1.11266,6.78173,-1.64008,-0.583206,-0.802315,0,-0.333496,-0.582192,0,1.08905,0,0
1765976273598876,0,1.10974,6.77771,-1.64008,-0.584866,-0.805215,0,-0.33052,-0.577798,0,1.08905,0,0
1765976273603884,0,1.10681,6.77367,-1.64008,-0.586513,-0.808097,0,-0.327526,-0.573374,0,1.08905,0,0
1765976273608876,0,1.10388,6.76963,-1.64008,-0.588141,-0.810948,0,-0.324528,-0.568944,0,1.08905,0,0
1765976273613872,0,1.10093,6.76557,-1.64008,-0.589755,-0.813779,0,-0.321515,-0.564487,0,1.08905,0,0
1765976273618847,0,1.098,6.76151,-1.64008,-0.591347,-0.816577,0,-0.318502,-0.560027,0,1.08905,0,0
1765976273623885,0,1.09501,6.75739,-1.64008,-0.592944,-0.819387,0,-0.315437,-0.555488,0,1.08905,0,0
1765976273628863,0,1.09206,6.75331,-1.64008,-0.594507,-0.822141,0,-0.312396,-0.550982,0,1.08905,0,0
1765976273633868,0,1.08908,6.74918,-1.64008,-0.596062,-0.824887,0,-0.309326,-0.54643,0,1.08905,0,0
1765976273638886,0,1.08608,6.74504,-1.64008,-0.597607,-0.827618,0,-0.306234,-0.541843,0,1.08905,0,0
1765976273643871,0,1.0831,6.74091,-1.64008,-0.599126,-0.830308,0,-0.30315,-0.537264,0,1.08905,0,0
1765976273648875,0,1.0801,6.73674,-1.64008,-0.600635,-0.832984,0,-0.30004,-0.532646,0,1.08905,0,0
1765976273653891,0,1.07708,6.73256,-1.64008,-0.602132,-0.835645,0,-0.29691,-0.527994,0,1.08905,0,0
1765976273658871,0,1.07408,6.72839,-1.64008,-0.603603,-0.838263,0,-0.29379,-0.523354,0,1.08905,0,0
1765976273663884,0,1.07105,6.72418,-1.64008,-0.605068,-0.840875,0,-0.290635,-0.51866,0,1.08905,0,0
1765976273668884,0,1.06802,6.71997,-1.64008,-0.606513,-0.843456,0,-0.287475,-0.513957,0,1.08905,0,0
1765976273673889,0,1.06498,6.71574,-1.64008,-0.607944,-0.846017,0,-0.2843,-0.509227,0,1.08905,0,0
1765976273678871,0,1.06195,6.71152,-1.64008,-0.609353,-0.848542,0,-0.281125,-0.504496,0,1.08905,0,0
1765976273683869,0,1.0589,6.70727,-1.64008,-0.61075,-0.851052,0,-0.277928,-0.499727,0,1.08905,0,0
1765976273688898,0,1.05582,6.70299,-1.64008,-0.612139,-0.853552,0,-0.274697,-0.494907,0,1.08905,0,0
1765976273693881,0,1.05277,6.69873,-1.64008,-0.6135,-0.856007,0,-0.271482,-0.490108,0,1.08905,0,0
1765976273698882,0,1.0497,6.69444,-1.64008,-0.61485,-0.858446,0,-0.268243,-0.48527,0,1.08905,0,0
1765976273703875,0,1.04663,6.69015,-1.64008,-0.616181,-0.860857,0,-0.264995,-0.480416,0,1.08905,0,0
1765976273708870,0,1.04354,6.68584,-1.64008,-0.617497,-0.863244,0,-0.261732,-0.475538,0,1.08905,0,0
1765976273713860,0,1.04046,6.68153,-1.64008,-0.618794,-0.865605,0,-0.25846,-0.470643,0,1.08905,0,0
1765976273718885,0,1.03735,6.67717,-1.64008,-0.620085,-0.867957,0,-0.255152,-0.465691,0,1.08905,0,0
1765976273723876,0,1.03425,6.67284,-1.64008,-0.62135,-0.870269,0,-0.251853,-0.46075,0,1.08905,0,0
1765976273728878,0,1.03114,6.66848,-1.64008,-0.622601,-0.872561,0,-0.248532,-0.455775,0,1.08905,0,0
1765976273733889,0,1.02802,6.6641,-1.64008,-0.623838,-0.874833,0,-0.245193,-0.450769,0,1.08905,0,0
1765976273738883,0,1.0249,6.65973,-1.64008,-0.625055,-0.877071,0,-0.241851,-0.445757,0,1.08905,0,0
1765976273743837,0,1.0218,6.65537,-1.64008,-0.626245,-0.879267,0,-0.238523,-0.440762,0,1.08905,0,0
1765976273748874,0,1.01864,6.65094,-1.64008,-0.627438,-0.881475,0,-0.235125,-0.43566,0,1.08905,0,0
1765976273753881,0,1.0155,6.64652,-1.64008,-0.628606,-0.883643,0,-0.231734,-0.430567,0,1.08905,0,0
1765976273758875,0,1.01235,6.6421,-1.64008,-0.629755,-0.885781,0,-0.228339,-0.425463,0,1.08905,0,0
1765976273763864,0,1.00921,6.63768,-1.64008,-0.630886,-0.887891,0,-0.224933,-0.420343,0,1.08905,0,0
1765976273768862,0,1.00605,6.63323,-1.64008,-0.632002,-0.889979,0,-0.221508,-0.41519,0,1.08905,0,0
1765976273773887,0,1.00287,6.62876,-1.64008,-0.633106,-0.892052,0,-0.218051,-0.409986,0,1.08905,0,0
1765976273778864,0,0.99972,6.62431,-1.64008,-0.634183,-0.89408,0,-0.214613,-0.404809,0,1.08905,0,0
1765976273783873,0,0.996541,6.61983,-1.64008,-0.635249,-0.896094,0,-0.21114,-0.399576,0,1.08905,0,0
1765976273788869,0,0.993365,6.61535,-1.64008,-0.636295,-0.898078,0,-0.207661,-0.394333,0,1.08905,0,0
1765976273793860,0,0.990187,6.61086,-1.64008,-0.637323,-0.900032,0,-0.204174,-0.389073,0,1.08905,0,0
1765976273798837,0,0.987012,6.60638,-1.64008,-0.63833,-0.901956,0,-0.200682,-0.383805,0,1.08905,0,0
1765976273803864,0,0.983801,6.60184,-1.64008,-0.63933,-0.903872,0,-0.197141,-0.37846,0,1.08905,0,0
1765976273808883,0,0.980589,6.5973,-1.64008,-0.640311,-0.905758,0,-0.193592,-0.373101,0,1.08905,0,0
1765976273813885,0,0.977384,6.59276,-1.64008,-0.64127,-0.907611,0,-0.190042,-0.367736,0,1.08905,0,0
1765976273818884,0,0.974176,6.58822,-1.64008,-0.642211,-0.909436,0,-0.18648,-0.362351,0,1.08905,0,0
1765976273823877,0,0.970967,6.58367,-1.64008,-0.643134,-0.911232,0,-0.182908,-0.35695,0,1.08905,0,0
1765976273828868,0,0.967755,6.57912,-1.64008,-0.644038,-0.912999,0,-0.179325,-0.351528,0,1.08905,0,0
1765976273833862,0,0.964536,6.57456,-1.64008,-0.644924,-0.914742,0,-0.175725,-0.346079,0,1.08905,0,0
1765976273838876,0,0.9613,6.56997,-1.64008,-0.645796,-0.916463,0,-0.172097,-0.340585,0,1.08905,0,0
1765976273843862,0,0.958078,6.56539,-1.64008,-0.646645,-0.918148,0,-0.168476,-0.335098,0,1.08905,0,0
1765976273848881,0,0.95483,6.56078,-1.64008,-0.647482,-0.919816,0,-0.164817,-0.329552,0,1.08905,0,0
1765976273853862,0,0.951603,6.55619,-1.64008,-0.648294,-0.921443,0,-0.161172,-0.324024,0,1.08905,0,0
1765976273858880,0,0.948348,6.55157,-1.64008,-0.649093,-0.923055,0,-0.157486,-0.318432,0,1.08905,0,0
1765976273863865,0,0.94511,6.54696,-1.64008,-0.649869,-0.924629,0,-0.153811,-0.312853,0,1.08905,0,0
1765976273868847,0,0.941871,6.54235,-1.64008,-0.650626,-0.926173,0,-0.150123,-0.307255,0,1.08905,0,0
1765976273873864,0,0.938605,6.5377,-1.64008,-0.65137,-0.927701,0,-0.146396,-0.301593,0,1.08905,0,0
1765976273878872,0,0.935341,6.53305,-1.64008,-0.652094,-0.929197,0,-0.142662,-0.295918,0,1.08905,0,0
1765976273883861,0,0.932086,6.52841,-1.64008,-0.652796,-0.930659,0,-0.138929,-0.290241,0,1.08905,0,0
1765976273888879,0,0.928808,6.52374,-1.64008,-0.653484,-0.932101,0,-0.135159,-0.284507,0,1.08905,0,0
1765976273893888,0,0.925534,6.51906,-1.64008,-0.654151,-0.933512,0,-0.131383,-0.27876,0,1.08905,0,0
1765976273898842,0,0.922291,6.51444,-1.64008,-0.654793,-0.934879,0,-0.127633,-0.273052,0,1.08905,0,0
1765976273903867,0,0.918999,6.50974,-1.64008,-0.655425,-0.936236,0,-0.123817,-0.267239,0,1.08905,0,0
1765976273908893,0,0.915704,6.50503,-1.64008,-0.656037,-0.937565,0,-0.119985,-0.2614,0,1.08905,0,0
1765976273913872,0,0.912436,6.50036,-1.64008,-0.656625,-0.938852,0,-0.116175,-0.255593,0,1.08905,0,0
1765976273918894,0,0.909137,6.49564,-1.64008,-0.657199,-0.940121,0,-0.112318,-0.249711,0,1.08905,0,0
1765976273923887,0,0.905854,6.49094,-1.64008,-0.65775,-0.941353,0,-0.108469,-0.243839,0,1.08905,0,0
1765976273928808,0,0.902615,6.4863,-1.64008,-0.658275,-0.942538,0,-0.104662,-0.238029,0,1.08905,0,0
1765976273933869,0,0.899283,6.48153,-1.64008,-0.658795,-0.943728,0,-0.100733,-0.23203,0,1.08905,0,0
1765976273938928,0,0.895948,6.47675,-1.64008,-0.659294,-0.944887,0,-0.0967906,-0.226008,0,1.08905,0,0
1765976273943908,0,0.892664,6.47204,-1.64008,-0.659767,-0.945997,0,-0.0928958,-0.220056,0,1.08905,0,0
1765976273948895,0,0.889372,6.46732,-1.64008,-0.66022,-0.94708,0,-0.0889817,-0.214073,0,1.08905,0,0
1765976273954020,0,0.885988,6.46247,-1.64008,-0.660666,-0.948161,0,-0.0849444,-0.207899,0,1.08905,0,0
1765976273959027,0,0.882679,6.45772,-1.64008,-0.661081,-0.949187,0,-0.0809859,-0.201843,0,1.08905,0,0
1765976273963939,0,0.87943,6.45305,-1.64008,-0.661469,-0.950164,0,-0.0770883,-0.195877,0,1.08905,0,0
1765976273968936,0,0.876124,6.4483,-1.64008,-0.661845,-0.951127,0,-0.0731092,-0.189785,0,1.08905,0,0
1765976273974045,0,0.872742,6.44344,-1.64008,-0.662208,-0.952081,0,-0.0690267,-0.183531,0,1.08905,0,0
1765976273978893,0,0.869531,6.43882,-1.64008,-0.662533,-0.952956,0,-0.0651392,-0.177575,0,1.08905,0,0
1765976273983858,0,0.866241,6.43409,-1.64008,-0.662847,-0.953823,0,-0.0611437,-0.17145,0,1.08905,0,0
1765976273988910,0,0.862891,6.42927,-1.64008,-0.663145,-0.954673,0,-0.057064,-0.165194,0,1.08905,0,0
1765976273993889,0,0.859589,6.42451,-1.64008,-0.663419,-0.95548,0,-0.0530286,-0.159003,0,1.08905,0,0
1765976273999022,0,0.856183,6.41961,-1.64008,-0.663681,-0.95628,0,-0.0488539,-0.152596,0,1.08905,0,0
1765976274003926,0,0.852928,6.41492,-1.64008,-0.66391,-0.957013,0,-0.0448513,-0.146451,0,1.08905,0,0
1765976274009050,0,0.849525,6.41001,-1.64008,-0.664129,-0.957747,0,-0.0406541,-0.140005,0,1.08905,0,0
1765976274013900,0,0.846304,6.40536,-1.64008,-0.664317,-0.958411,0,-0.0366673,-0.13388,0,1.08905,0,0
1765976274019018,0,0.842903,6.40046,-1.64008,-0.664494,-0.95908,0,-0.0324455,-0.127391,0,1.08905,0,0
1765976274023873,0,0.839676,6.3958,-1.64008,-0.664642,-0.959683,0,-0.0284269,-0.121213,0,1.08905,0,0
1765976274028864,0,0.836359,6.39101,-1.64008,-0.664773,-0.960272,0,-0.0242821,-0.114837,0,1.08905,0,0
1765976274033868,0,0.833032,6.3862,-1.64008,-0.664884,-0.960831,0,-0.0201118,-0.108421,0,1.08905,0,0
1765976274038861,0,0.829712,6.3814,-1.64008,-0.664974,-0.961356,0,-0.0159358,-0.101993,0,1.08905,0,0
1765976274043869,0,0.826382,6.37659,-1.64008,-0.665044,-0.961851,0,-0.0117334,-0.0955222,0,1.08905,0,0
1765976274048867,0,0.823058,6.37178,-1.64008,-0.665092,-0.962312,0,-0.00752452,-0.0890391,0,1.08905,0,0
1765976274053874,0,0.819728,6.36696,-1.64008,-0.665119,-0.962742,0,-0.00329391,-0.0825203,0,1.08905,0,0
1765976274058902,0,0.816384,6.36212,-1.64008,-0.665125,-0.96314,0,0.000969056,-0.0759492,0,1.08905,0,0
1765976274063866,0,0.813082,6.35734,-1.64008,-0.665109,-0.963501,0,0.00519224,-0.0694371,0,1.08905,0,0
1765976274068880,0,0.809747,6.3525,-1.64008,-0.665073,-0.963833,0,0.00947296,-0.062834,0,1.08905,0,0
1765976274073884,0,0.806419,6.34768,-1.64008,-0.665015,-0.96413,0,0.0137593,-0.0562198,0,1.08905,0,0
1765976274078866,0,0.803106,6.34288,-1.64008,-0.664935,-0.964394,0,0.0180414,-0.04961,0,1.08905,0,0
1765976274083875,0,0.799776,6.33804,-1.64008,-0.664834,-0.964626,0,0.022361,-0.0429399,0,1.08905,0,0
1765976274088872,0,0.796454,6.33322,-1.64008,-0.664712,-0.964824,0,0.0266853,-0.0362602,0,1.08905,0,0
1765976274093867,0,0.793134,6.3284,-1.64008,-0.664567,-0.964988,0,0.0310225,-0.0295583,0,1.08905,0,0
1765976274098883,0,0.789801,6.32356,-1.64008,-0.664401,-0.96512,0,0.0353927,-0.0228031,0,1.08905,0,0
1765976274103864,0,0.786492,6.31875,-1.64008,-0.664214,-0.965216,0,0.0397467,-0.0160706,0,1.08905,0,0
1765976274108867,0,0.783169,6.31393,-1.64008,-0.664004,-0.96528,0,0.0441345,-0.00928351,0,1.08905,0,0
1765976274113872,0,0.779846,6.30909,-1.64008,-0.663772,-0.965309,0,0.0485388,-0.00246878,0,1.08905,0,0
1765976274118879,0,0.776524,6.30426,-1.64008,-0.663518,-0.965304,0,0.0529594,0.00437364,0,1.08905,0,0
1765976274123861,0,0.773219,6.29945,-1.64008,-0.663243,-0.965266,0,0.0573728,0.0112071,0,1.08905,0,0
1765976274128872,0,0.769896,6.29462,-1.64008,-0.662944,-0.965192,0,0.0618262,0.018105,0,1.08905,0,0
1765976274133879,0,0.766578,6.28978,-1.64008,-0.662624,-0.965084,0,0.0662911,0.0250228,0,1.08905,0,0
1765976274138885,0,0.763262,6.28495,-1.64008,-0.662281,-0.964942,0,0.0707699,0.0319645,0,1.08905,0,0
1765976274143864,0,0.759965,6.28015,-1.64008,-0.661917,-0.964765,0,0.0752396,0.0388943,0,1.08905,0,0
1765976274148874,0,0.75665,6.27532,-1.64008,-0.661529,-0.964553,0,0.0797514,0.0458917,0,1.08905,0,0
1765976274153857,0,0.753355,6.27051,-1.64008,-0.66112,-0.964307,0,0.0842539,0.0528771,0,1.08905,0,0
1765976274158865,0,0.750045,6.26568,-1.64008,-0.660687,-0.964024,0,0.0887937,0.0599224,0,1.08905,0,0
1765976274163872,0,0.746738,6.26086,-1.64008,-0.660231,-0.963707,0,0.0933475,0.0669918,0,1.08905,0,0
1765976274168886,0,0.743429,6.25602,-1.64008,-0.659752,-0.963353,0,0.0979232,0.0740975,0,1.08905,0,0
