1765976261163935,0,0.62983,0.62983,0.62983,0.62983,54.1654,0,54.1654,0,54.1654,0,54.1654,0
1765976261169097,0,0.629831,0.629831,0.629831,0.629831,54.1654,0,54.1654,0,54.1654,0,54.1654,0
1765976261173997,0,0.629831,0.629831,0.629831,0.629831,54.1655,0,54.1655,0,54.1655,0,54.1655,0
1765976261179020,0,0.629831,0.629831,0.629831,0.629831,54.1655,0,54.1655,0,54.1655,0,54.1655,0
1765976261184009,0,0.628836,0.628836,0.628836,0.628836,54.0799,0,54.0799,0,54.0799,0,54.0799,0
1765976261189063,0,0.628835,0.628835,0.628835,0.628835,54.0798,0,54.0798,0,54.0798,0,54.0798,0
1765976261194030,0,0.628833,0.628833,0.628833,0.628833,54.0797,0,54.0797,0,54.0797,0,54.0797,0
1765976261199029,0,0.628832,0.628832,0.628832,0.628832,54.0795,0,54.0795,0,54.0795,0,54.0795,0
1765976261204088,0,0.628019,0.628019,0.628019,0.628019,54.0096,0,54.0096,0,54.0096,0,54.0096,0
1765976261209026,0,0.628016,0.628016,0.628016,0.628016,54.0094,0,54.0094,0,54.0094,0,54.0094,0
1765976261214030,0,0.628013,0.628013,0.628013,0.628013,54.0091,0,54.0091,0,54.0091,0,54.0091,0
1765976261219060,0,0.628009,0.628009,0.628009,0.628009,54.0088,0,54.0088,0,54.0088,0,54.0088,0
1765976261224025,0,0.628019,0.628019,0.628019,0.628019,54.0096,0,54.0096,0,54.0096,0,54.0096,0
1765976261228915,0,0.628018,0.628018,0.628018,0.628018,54.0095,0,54.0095,0,54.0095,0,54.0095,0
1765976261234067,0,0.628017,0.628017,0.628017,0.628017,54.0095,0,54.0095,0,54.0095,0,54.0095,0
1765976261238973,0,0.628016,0.628016,0.628016,0.628016,54.0094,0,54.0094,0,54.0094,0,54.0094,0
1765976261244025,0,0.628693,0.628693,0.628693,0.628693,54.0676,0,54.0676,0,54.0676,0,54.0676,0
1765976261248937,0,0.628694,0.628694,0.628694,0.628694,54.0677,0,54.0677,0,54.0677,0,54.0677,0
1765976261253945,0,0.628695,0.628695,0.628695,0.628695,54.0678,0,54.0678,0,54.0678,0,54.0678,0
1765976261258937,0,0.628697,0.628697,0.628697,0.628697,54.0679,0,54.0679,0,54.0679,0,54.0679,0
1765976261263894,0,0.628698,0.628698,0.628698,0.628698,54.068,0,54.068,0,54.068,0,54.068,0
1765976261268873,0,0.630859,0.630859,0.630859,0.630859,54.2539,0,54.2539,0,54.2539,0,54.2539,0
1765976261273874,0,0.630862,0.630862,0.630862,0.630862,54.2541,0,54.2541,0,54.2541,0,54.2541,0
1765976261278889,0,0.630865,0.630865,0.630865,0.630865,54.2544,0,54.2544,0,54.2544,0,54.2544,0
1765976261283867,0,0.630867,0.630867,0.630867,0.630867,54.2546,0,54.2546,0,54.2546,0,54.2546,0
1765976261288889,0,0.633629,0.633629,0.633629,0.633629,54.4921,0,54.4921,0,54.4921,0,54.4921,0
1765976261293887,0,0.633632,0.633632,0.633632,0.633632,54.4923,0,54.4923,0,54.4923,0,54.4923,0
1765976261298881,0,0.633634,0.633634,0.633634,0.633634,54.4925,0,54.4925,0,54.4925,0,54.4925,0
1765976261303843,0,0.633636,0.633636,0.633636,0.633636,54.4927,0,54.4927,0,54.4927,0,54.4927,0
1765976261308883,0,0.635436,0.635436,0.635436,0.635436,54.6475,0,54.6475,0,54.6475,0,54.6475,0
1765976261313887,0,0.635437,0.635437,0.635437,0.635437,54.6476,0,54.6476,0,54.6476,0,54.6476,0
1765976261318912,0,0.635438,0.635438,0.635438,0.635438,54.6477,0,54.6477,0,54.6477,0,54.6477,0
1765976261323896,0,0.63547,0.63547,0.63547,0.63547,54.6504,0,54.6504,0,54.6504,0,54.6504,0
1765976261328885,0,0.635471,0.635471,0.635471,0.635471,54.6505,0,54.6505,0,54.6505,0,54.6505,0
1765976261333888,0,0.635471,0.635471,0.635471,0.635471,54.6505,0,54.6505,0,54.6505,0,54.6505,0
1765976261338903,0,0.635472,0.635472,0.635472,0.635472,54.6506,0,54.6506,0,54.6506,0,54.6506,0
1765976261343873,0,0.635472,0.635472,0.635472,0.635472,54.6506,0,54.6506,0,54.6506,0,54.6506,0
1765976261348865,0,0.633448,0.633448,0.633448,0.633448,54.4765,0,54.4765,0,54.4765,0,54.4765,0
1765976261353865,0,0.633447,0.633447,0.633447,0.633447,54.4764,0,54.4764,0,54.4764,0,54.4764,0
1765976261358876,0,0.633446,0.633446,0.633446,0.633446,54.4764,0,54.4764,0,54.4764,0,54.4764,0
1765976261363909,0,0.633446,0.633446,0.633446,0.633446,54.4763,0,54.4763,0,54.4763,0,54.4763,0
1765976261368892,0,0.630238,0.630238,0.630238,0.630238,54.2005,0,54.2005,0,54.2005,0,54.2005,0
1765976261373874,0,0.630236,0.630236,0.630236,0.630236,54.2003,0,54.2003,0,54.2003,0,54.2003,0
1765976261378875,0,0.630234,0.630234,0.630234,0.630234,54.2001,0,54.2001,0,54.2001,0,54.2001,0
1765976261383863,0,0.630232,0.630232,0.630232,0.630232,54.1999,0,54.1999,0,54.1999,0,54.1999,0
1765976261388874,0,0.627578,0.627578,0.627578,0.627578,53.9717,0,53.9717,0,53.9717,0,53.9717,0
1765976261393867,0,0.627576,0.627576,0.627576,0.627576,53.9715,0,53.9715,0,53.9715,0,53.9715,0
1765976261398876,0,0.627574,0.627574,0.627574,0.627574,53.9714,0,53.9714,0,53.9714,0,53.9714,0
1765976261403900,0,0.627572,0.627572,0.627572,0.627572,53.9712,0,53.9712,0,53.9712,0,53.9712,0
1765976261408883,0,0.626322,0.626322,0.626322,0.626322,53.8637,0,53.8637,0,53.8637,0,53.8637,0
1765976261413885,0,0.626321,0.626321,0.626321,0.626321,53.8636,0,53.8636,0,53.8636,0,53.8636,0
1765976261418900,0,0.626321,0.626321,0.626321,0.626321,53.8636,0,53.8636,0,53.8636,0,53.8636,0
1765976261423867,0,0.62632,0.62632,0.62632,0.62632,53.8636,0,53.8636,0,53.8636,0,53.8636,0
1765976261428864,0,0.62707,0.62707,0.62707,0.62707,53.928,0,53.928,0,53.928,0,53.928,0
1765976261433873,0,0.627071,0.627071,0.627071,0.627071,53.9281,0,53.9281,0,53.9281,0,53.9281,0
1765976261438867,0,0.627071,0.627071,0.627071,0.627071,53.9281,0,53.9281,0,53.9281,0,53.9281,0
1765976261443881,0,0.627072,0.627072,0.627072,0.627072,53.9282,0,53.9282,0,53.9282,0,53.9282,0
1765976261448907,0,0.629521,0.629521,0.629521,0.629521,54.1388,0,54.1388,0,54.1388,0,54.1388,0
1765976261453918,0,0.629523,0.629523,0.629523,0.629523,54.139,0,54.139,0,54.139,0,54.139,0
1765976261458879,0,0.629524,0.629524,0.629524,0.629524,54.1391,0,54.1391,0,54.1391,0,54.1391,0
1765976261463880,0,0.629526,0.629526,0.629526,0.629526,54.1393,0,54.1393,0,54.1393,0,54.1393,0
1765976261468872,0,0.632136,0.632136,0.632136,0.632136,54.3637,0,54.3637,0,54.3637,0,54.3637,0
1765976261473885,0,0.632137,0.632137,0.632137,0.632137,54.3638,0,54.3638,0,54.3638,0,54.3638,0
1765976261478875,0,0.632138,0.632138,0.632138,0.632138,54.3639,0,54.3639,0,54.3639,0,54.3639,0
1765976261483908,0,0.632139,0.632139,0.632139,0.632139,54.364,0,54.364,0,54.364,0,54.364,0
1765976261488888,0,0.633647,0.633647,0.633647,0.633647,54.4936,0,54.4936,0,54.4936,0,54.4936,0
1765976261493867,0,0.633647,0.633647,0.633647,0.633647,54.4936,0,54.4936,0,54.4936,0,54.4936,0
1765976261498874,0,0.633647,0.633647,0.633647,0.633647,54.4936,0,54.4936,0,54.4936,0,54.4936,0
1765976261503886,0,0.633647,0.633647,0.633647,0.633647,54.4936,0,54.4936,0,54.4936,0,54.4936,0
1765976261508883,0,0.633755,0.633755,0.633755,0.633755,54.5029,0,54.5029,0,54.5029,0,54.5029,0
1765976261513885,0,0.633755,0.633755,0.633755,0.633755,54.5029,0,54.5029,0,54.5029,0,54.5029,0
1765976261518904,0,0.633755,0.633755,0.633755,0.633755,54.5029,0,54.5029,0,54.5029,0,54.5029,0
1765976261523875,0,0.633755,0.633755,0.633755,0.633755,54.5029,0,54.5029,0,54.5029,0,54.5029,0
1765976261528877,0,0.632617,0.632617,0.632617,0.632617,54.405,0,54.405,0,54.405,0,54.405,0
1765976261533873,0,0.632617,0.632617,0.632617,0.632617,54.4051,0,54.4051,0,54.4051,0,54.4051,0
1765976261538875,0,0.632617,0.632617,0.632617,0.632617,54.4051,0,54.4051,0,54.4051,0,54.4051,0
1765976261543853,0,0.632617,0.632617,0.632617,0.632617,54.4051,0,54.4051,0,54.4051,0,54.4051,0
1765976261548872,0,0.631129,0.631129,0.631129,0.631129,54.2771,0,54.2771,0,54.2771,0,54.2771,0
1765976261553879,0,0.631129,0.631129,0.631129,0.631129,54.2771,0,54.2771,0,54.2771,0,54.2771,0
1765976261558883,0,0.631129,0.631129,0.631129,0.631129,54.2771,0,54.2771,0,54.2771,0,54.2771,0
1765976261563890,0,0.631129,0.631129,0.631129,0.631129,54.2771,0,54.2771,0,54.2771,0,54.2771,0
1765976261568898,0,0.630017,0.630017,0.630017,0.630017,54.1815,0,54.1815,0,54.1815,0,54.1815,0
1765976261574013,0,0.630017,0.630017,0.630017,0.630017,54.1815,0,54.1815,0,54.1815,0,54.1815,0
1765976261578940,0,0.630017,0.630017,0.630017,0.630017,54.1814,0,54.1814,0,54.1814,0,54.1814,0
1765976261583965,0,0.629624,0.629624,0.629624,0.629624,54.1476,0,54.1476,0,54.1476,0,54.1476,0
1765976261589019,0,0.629624,0.629624,0.629624,0.629624,54.1477,0,54.1477,0,54.1477,0,54.1477,0
1765976261593940,0,0.629624,0.629624,0.629624,0.629624,54.1477,0,54.1477,0,54.1477,0,54.1477,0
1765976261598961,0,0.629624,0.629624,0.629624,0.629624,54.1477,0,54.1477,0,54.1477,0,54.1477,0
1765976261603952,0,0.629624,0.629624,0.629624,0.629624,54.1477,0,54.1477,0,54.1477,0,54.1477,0
1765976261608925,0,0.629668,0.629668,0.629668,0.629668,54.1514,0,54.1514,0,54.1514,0,54.1514,0
1765976261613950,0,0.629668,0.629668,0.629668,0.629668,54.1514,0,54.1514,0,54.1514,0,54.1514,0
1765976261619113,0,0.629668,0.629668,0.629668,0.629668,54.1515,0,54.1515,0,54.1515,0,54.1515,0
1765976261623917,0,0.629668,0.629668,0.629668,0.629668,54.1515,0,54.1515,0,54.1515,0,54.1515,0
1765976261629030,0,0.630038,0.630038,0.630038,0.630038,54.1833,0,54.1833,0,54.1833,0,54.1833,0
1765976261633980,0,0.630038,0.630038,0.630038,0.630038,54.1833,0,54.1833,0,54.1833,0,54.1833,0
1765976261638952,0,0.630038,0.630038,0.630038,0.630038,54.1833,0,54.1833,0,54.1833,0,54.1833,0
1765976261643948,0,0.630038,0.630038,0.630038,0.630038,54.1833,0,54.1833,0,54.1833,0,54.1833,0
1765976261649084,0,0.630668,0.630668,0.630668,0.630668,54.2374,0,54.2374,0,54.2374,0,54.2374,0
1765976261654094,0,0.630668,0.630668,0.630668,0.630668,54.2375,0,54.2375,0,54.2375,0,54.2375,0
1765976261659058,0,0.630668,0.630668,0.630668,0.630668,54.2375,0,54.2375,0,54.2375,0,54.2375,0
1765976261663988,0,0.631072,0.631072,0.631072,0.631072,54.2722,0,54.2722,0,54.2722,0,54.2722,0
1765976261669004,0,0.631072,0.631072,0.631072,0.631072,54.2722,0,54.2722,0,54.2722,0,54.2722,0
1765976261673912,0,0.631072,0.631072,0.631072,0.631072,54.2722,0,54.2722,0,54.2722,0,54.2722,0
1765976261678979,0,0.631072,0.631072,0.631072,0.631072,54.2722,0,54.2722,0,54.2722,0,54.2722,0
1765976261684111,0,0.631244,0.631244,0.631244,0.631244,54.287,0,54.287,0,54.287,0,54.287,0
1765976261688935,0,0.631244,0.631244,0.631244,0.631244,54.287,0,54.287,0,54.287,0,54.287,0
1765976261694108,0,0.631244,0.631244,0.631244,0.631244,54.287,0,54.287,0,54.287,0,54.287,0
1765976261698993,0,0.631244,0.631244,0.631244,0.631244,54.287,0,54.287,0,54.287,0,54.287,0
1765976261703988,0,0.63171,0.63171,0.63171,0.63171,54.327,0,54.327,0,54.327,0,54.327,0
1765976261709016,0,0.631711,0.631711,0.631711,0.631711,54.3271,0,54.3271,0,54.3271,0,54.3271,0
1765976261713952,0,0.631712,0.631712,0.631712,0.631712,54.3273,0,54.3273,0,54.3273,0,54.3273,0
1765976261718964,0,0.631714,0.631714,0.631714,0.631714,54.3274,0,54.3274,0,54.3274,0,54.3274,0
1765976261724053,0,0.631782,0.631782,0.631782,0.631782,54.3333,0,54.3333,0,54.3333,0,54.3333,0
1765976261728882,0,0.631783,0.631783,0.631783,0.631783,54.3333,0,54.3333,0,54.3333,0,54.3333,0
1765976261733898,0,0.631784,0.631784,0.631784,0.631784,54.3334,0,54.3334,0,54.3334,0,54.3334,0
1765976261738887,0,0.631785,0.631785,0.631785,0.631785,54.3335,0,54.3335,0,54.3335,0,54.3335,0
1765976261743871,0,0.631786,0.631786,0.631786,0.631786,54.3336,0,54.3336,0,54.3336,0,54.3336,0
1765976261748871,0,0.631674,0.631674,0.631674,0.631674,54.324,0,54.324,0,54.324,0,54.324,0
1765976261753882,0,0.631674,0.631674,0.631674,0.631674,54.324,0,54.324,0,54.324,0,54.324,0
1765976261758870,0,0.631674,0.631674,0.631674,0.631674,54.324,0,54.324,0,54.324,0,54.324,0
1765976261763875,0,0.631674,0.631674,0.631674,0.631674,54.324,0,54.324,0,54.324,0,54.324,0
1765976261768902,0,0.631693,0.631693,0.631693,0.631693,54.3256,0,54.3256,0,54.3256,0,54.3256,0
1765976261773886,0,0.631694,0.631694,0.631694,0.631694,54.3256,0,54.3256,0,54.3256,0,54.3256,0
1765976261778875,0,0.631694,0.631694,0.631694,0.631694,54.3257,0,54.3257,0,54.3257,0,54.3257,0
1765976261783877,0,0.631695,0.631695,0.631695,0.631695,54.3258,0,54.3258,0,54.3258,0,54.3258,0
1765976261788876,0,0.631042,0.631042,0.631042,0.631042,54.2696,0,54.2696,0,54.2696,0,54.2696,0
1765976261794049,0,0.631042,0.631042,0.631042,0.631042,54.2696,0,54.2696,0,54.2696,0,54.2696,0
1765976261798961,0,0.631042,0.631042,0.631042,0.631042,54.2696,0,54.2696,0,54.2696,0,54.2696,0
1765976261804061,0,0.630189,0.630189,0.630189,0.630189,54.1962,0,54.1962,0,54.1962,0,54.1962,0
1765976261809053,0,0.630188,0.630188,0.630188,0.630188,54.1961,0,54.1961,0,54.1961,0,54.1961,0
1765976261813909,0,0.630187,0.630187,0.630187,0.630187,54.1961,0,54.1961,0,54.1961,0,54.1961,0
1765976261819018,0,0.630186,0.630186,0.630186,0.630186,54.196,0,54.196,0,54.196,0,54.196,0
1765976261823919,0,0.630185,0.630185,0.630185,0.630185,54.1959,0,54.1959,0,54.1959,0,54.1959,0
1765976261828920,0,0.629802,0.629802,0.629802,0.629802,54.163,0,54.163,0,54.163,0,54.163,0
1765976261834091,0,0.629802,0.629802,0.629802,0.629802,54.163,0,54.163,0,54.163,0,54.163,0
1765976261839075,0,0.629802,0.629802,0.629802,0.629802,54.163,0,54.163,0,54.163,0,54.163,0
1765976261843949,0,0.629802,0.629802,0.629802,0.629802,54.163,0,54.163,0,54.163,0,54.163,0
1765976261849084,0,0.629849,0.629849,0.629849,0.629849,54.167,0,54.167,0,54.167,0,54.167,0
1765976261853946,0,0.62985,0.62985,0.62985,0.62985,54.1671,0,54.1671,0,54.1671,0,54.1671,0
1765976261859016,0,0.62985,0.62985,0.62985,0.62985,54.1671,0,54.1671,0,54.1671,0,54.1671,0
1765976261863982,0,0.630057,0.630057,0.630057,0.630057,54.1849,0,54.1849,0,54.1849,0,54.1849,0
1765976261868905,0,0.630057,0.630057,0.630057,0.630057,54.1849,0,54.1849,0,54.1849,0,54.1849,0
1765976261873865,0,0.630057,0.630057,0.630057,0.630057,54.1849,0,54.1849,0,54.1849,0,54.1849,0
1765976261878874,0,0.630057,0.630057,0.630057,0.630057,54.1849,0,54.1849,0,54.1849,0,54.1849,0
1765976261883884,0,0.630058,0.630058,0.630058,0.630058,54.185,0,54.185,0,54.185,0,54.185,0
1765976261888893,0,0.630782,0.630782,0.630782,0.630782,54.2473,0,54.2473,0,54.2473,0,54.2473,0
1765976261893880,0,0.630783,0.630783,0.630783,0.630783,54.2473,0,54.2473,0,54.2473,0,54.2473,0
1765976261898905,0,0.630783,0.630783,0.630783,0.630783,54.2473,0,54.2473,0,54.2473,0,54.2473,0
1765976261903893,0,0.630783,0.630783,0.630783,0.630783,54.2473,0,54.2473,0,54.2473,0,54.2473,0
1765976261908886,0,0.631417,0.631417,0.631417,0.631417,54.3019,0,54.3019,0,54.3019,0,54.3019,0
1765976261913880,0,0.631418,0.631418,0.631418,0.631418,54.3019,0,54.3019,0,54.3019,0,54.3019,0
1765976261918881,0,0.631419,0.631419,0.631419,0.631419,54.302,0,54.302,0,54.302,0,54.302,0
1765976261923895,0,0.631419,0.631419,0.631419,0.631419,54.3021,0,54.3021,0,54.3021,0,54.3021,0
1765976261928895,0,0.631613,0.631613,0.631613,0.631613,54.3187,0,54.3187,0,54.3187,0,54.3187,0
1765976261933897,0,0.631614,0.631614,0.631614,0.631614,54.3188,0,54.3188,0,54.3188,0,54.3188,0
1765976261938872,0,0.631614,0.631614,0.631614,0.631614,54.3188,0,54.3188,0,54.3188,0,54.3188,0
1765976261943864,0,0.631615,0.631615,0.631615,0.631615,54.3189,0,54.3189,0,54.3189,0,54.3189,0
1765976261948871,0,0.631603,0.631603,0.631603,0.631603,54.3179,0,54.3179,0,54.3179,0,54.3179,0
1765976261953871,0,0.631604,0.631604,0.631604,0.631604,54.3179,0,54.3179,0,54.3179,0,54.3179,0
1765976261958874,0,0.631604,0.631604,0.631604,0.631604,54.3179,0,54.3179,0,54.3179,0,54.3179,0
1765976261963857,0,0.631604,0.631604,0.631604,0.631604,54.3179,0,54.3179,0,54.3179,0,54.3179,0
1765976261968871,0,0.631514,0.631514,0.631514,0.631514,54.3102,0,54.3102,0,54.3102,0,54.3102,0
1765976261973874,0,0.631515,0.631515,0.631515,0.631515,54.3103,0,54.3103,0,54.3103,0,54.3103,0
1765976261978860,0,0.631515,0.631515,0.631515,0.631515,54.3103,0,54.3103,0,54.3103,0,54.3103,0
1765976261983990,0,0.630779,0.630779,0.630779,0.630779,54.247,0,54.247,0,54.247,0,54.247,0
1765976261989029,0,0.630778,0.630778,0.630778,0.630778,54.2469,0,54.2469,0,54.2469,0,54.2469,0
1765976261994029,0,0.630778,0.630778,0.630778,0.630778,54.2469,0,54.2469,0,54.2469,0,54.2469,0
1765976261999109,0,0.630777,0.630777,0.630777,0.630777,54.2468,0,54.2468,0,54.2468,0,54.2468,0
1765976262004092,0,0.629695,0.629695,0.629695,0.629695,54.1538,0,54.1538,0,54.1538,0,54.1538,0
1765976262009014,0,0.629693,0.629693,0.629693,0.629693,54.1536,0,54.1536,0,54.1536,0,54.1536,0
1765976262014077,0,0.629691,0.629691,0.629691,0.629691,54.1535,0,54.1535,0,54.1535,0,54.1535,0
1765976262019101,0,0.629689,0.629689,0.629689,0.629689,54.1533,0,54.1533,0,54.1533,0,54.1533,0
1765976262023972,0,0.62955,0.62955,0.62955,0.62955,54.1413,0,54.1413,0,54.1413,0,54.1413,0
1765976262029031,0,0.62955,0.62955,0.62955,0.62955,54.1413,0,54.1413,0,54.1413,0,54.1413,0
1765976262034101,0,0.629551,0.629551,0.629551,0.629551,54.1414,0,54.1414,0,54.1414,0,54.1414,0
1765976262039047,0,0.629551,0.629551,0.629551,0.629551,54.1414,0,54.1414,0,54.1414,0,54.1414,0
1765976262044066,0,0.629564,0.629564,0.629564,0.629564,54.1425,0,54.1425,0,54.1425,0,54.1425,0
1765976262049003,0,0.629565,0.629565,0.629565,0.629565,54.1426,0,54.1426,0,54.1426,0,54.1426,0
1765976262054031,0,0.629566,0.629566,0.629566,0.629566,54.1427,0,54.1427,0,54.1427,0,54.1427,0
1765976262059061,0,0.629567,0.629567,0.629567,0.629567,54.1427,0,54.1427,0,54.1427,0,54.1427,0
1765976262063922,0,0.629568,0.629568,0.629568,0.629568,54.1428,0,54.1428,0,54.1428,0,54.1428,0
1765976262069103,0,0.630152,0.630152,0.630152,0.630152,54.1931,0,54.1931,0,54.1931,0,54.1931,0
1765976262074018,0,0.630152,0.630152,0.630152,0.630152,54.193,0,54.193,0,54.193,0,54.193,0
1765976262079074,0,0.630151,0.630151,0.630151,0.630151,54.193,0,54.193,0,54.193,0,54.193,0
1765976262084113,0,0.631204,0.631204,0.631204,0.631204,54.2836,0,54.2836,0,54.2836,0,54.2836,0
1765976262089020,0,0.631204,0.631204,0.631204,0.631204,54.2836,0,54.2836,0,54.2836,0,54.2836,0
1765976262094051,0,0.631204,0.631204,0.631204,0.631204,54.2836,0,54.2836,0,54.2836,0,54.2836,0
1765976262099095,0,0.631204,0.631204,0.631204,0.631204,54.2836,0,54.2836,0,54.2836,0,54.2836,0
1765976262104020,0,0.631532,0.631532,0.631532,0.631532,54.3118,0,54.3118,0,54.3118,0,54.3118,0
1765976262109005,0,0.631532,0.631532,0.631532,0.631532,54.3118,0,54.3118,0,54.3118,0,54.3118,0
1765976262114073,0,0.631532,0.631532,0.631532,0.631532,54.3118,0,54.3118,0,54.3118,0,54.3118,0
1765976262118910,0,0.631532,0.631532,0.631532,0.631532,54.3118,0,54.3118,0,54.3118,0,54.3118,0
1765976262123925,0,0.631532,0.631532,0.631532,0.631532,54.3117,0,54.3117,0,54.3117,0,54.3117,0
1765976262128989,0,0.63176,0.63176,0.63176,0.63176,54.3313,0,54.3313,0,54.3313,0,54.3313,0
1765976262133985,0,0.63176,0.63176,0.63176,0.63176,54.3314,0,54.3314,0,54.3314,0,54.3314,0
1765976262138917,0,0.631761,0.631761,0.631761,0.631761,54.3315,0,54.3315,0,54.3315,0,54.3315,0
1765976262143893,0,0.631762,0.631762,0.631762,0.631762,54.3315,0,54.3315,0,54.3315,0,54.3315,0
1765976262148872,0,0.631752,0.631752,0.631752,0.631752,54.3307,0,54.3307,0,54.3307,0,54.3307,0
1765976262153875,0,0.631753,0.631753,0.631753,0.631753,54.3307,0,54.3307,0,54.3307,0,54.3307,0
1765976262158872,0,0.631754,0.631754,0.631754,0.631754,54.3308,0,54.3308,0,54.3308,0,54.3308,0
1765976262163918,0,0.631754,0.631754,0.631754,0.631754,54.3309,0,54.3309,0,54.3309,0,54.3309,0
1765976262168881,0,0.631672,0.631672,0.631672,0.631672,54.3238,0,54.3238,0,54.3238,0,54.3238,0
1765976262173927,0,0.631673,0.631673,0.631673,0.631673,54.3238,0,54.3238,0,54.3238,0,54.3238,0
1765976262178986,0,0.631673,0.631673,0.631673,0.631673,54.3239,0,54.3239,0,54.3239,0,54.3239,0
1765976262183922,0,0.631673,0.631673,0.631673,0.631673,54.3239,0,54.3239,0,54.3239,0,54.3239,0
1765976262188942,0,0.631461,0.631461,0.631461,0.631461,54.3057,0,54.3057,0,54.3057,0,54.3057,0
1765976262193932,0,0.631461,0.631461,0.631461,0.631461,54.3057,0,54.3057,0,54.3057,0,54.3057,0
1765976262198962,0,0.631461,0.631461,0.631461,0.631461,54.3057,0,54.3057,0,54.3057,0,54.3057,0
1765976262204044,0,0.630701,0.630701,0.630701,0.630701,54.2403,0,54.2403,0,54.2403,0,54.2403,0
1765976262208929,0,0.6307,0.6307,0.6307,0.6307,54.2402,0,54.2402,0,54.2402,0,54.2402,0
1765976262213882,0,0.6307,0.6307,0.6307,0.6307,54.2402,0,54.2402,0,54.2402,0,54.2402,0
1765976262218848,0,0.630699,0.630699,0.630699,0.630699,54.2401,0,54.2401,0,54.2401,0,54.2401,0
1765976262223846,0,0.630698,0.630698,0.630698,0.630698,54.24,0,54.24,0,54.24,0,54.24,0
1765976262228926,0,0.630611,0.630611,0.630611,0.630611,54.2326,0,54.2326,0,54.2326,0,54.2326,0
1765976262233893,0,0.630612,0.630612,0.630612,0.630612,54.2327,0,54.2327,0,54.2327,0,54.2327,0
1765976262239028,0,0.630613,0.630613,0.630613,0.630613,54.2327,0,54.2327,0,54.2327,0,54.2327,0
1765976262243995,0,0.6307,0.6307,0.6307,0.6307,54.2402,0,54.2402,0,54.2402,0,54.2402,0
1765976262249109,0,0.630702,0.630702,0.630702,0.630702,54.2404,0,54.2404,0,54.2404,0,54.2404,0
1765976262253935,0,0.630703,0.630703,0.630703,0.630703,54.2405,0,54.2405,0,54.2405,0,54.2405,0
1765976262258913,0,0.630705,0.630705,0.630705,0.630705,54.2406,0,54.2406,0,54.2406,0,54.2406,0
1765976262263910,0,0.630706,0.630706,0.630706,0.630706,54.2407,0,54.2407,0,54.2407,0,54.2407,0
1765976262268994,0,0.63034,0.63034,0.63034,0.63034,54.2092,0,54.2092,0,54.2092,0,54.2092,0
1765976262273905,0,0.630338,0.630338,0.630338,0.630338,54.2091,0,54.2091,0,54.2091,0,54.2091,0
1765976262278936,0,0.630337,0.630337,0.630337,0.630337,54.209,0,54.209,0,54.209,0,54.209,0
1765976262283967,0,0.630335,0.630335,0.630335,0.630335,54.2088,0,54.2088,0,54.2088,0,54.2088,0
1765976262288930,0,0.630061,0.630061,0.630061,0.630061,54.1853,0,54.1853,0,54.1853,0,54.1853,0
1765976262293922,0,0.630059,0.630059,0.630059,0.630059,54.1851,0,54.1851,0,54.1851,0,54.1851,0
1765976262298984,0,0.630057,0.630057,0.630057,0.630057,54.1849,0,54.1849,0,54.1849,0,54.1849,0
1765976262303915,0,0.630055,0.630055,0.630055,0.630055,54.1847,0,54.1847,0,54.1847,0,54.1847,0
1765976262308914,0,0.629321,0.629321,0.629321,0.629321,54.1216,0,54.1216,0,54.1216,0,54.1216,0
1765976262313931,0,0.62932,0.62932,0.62932,0.62932,54.1215,0,54.1215,0,54.1215,0,54.1215,0
1765976262319057,0,0.629319,0.629319,0.629319,0.629319,54.1214,0,54.1214,0,54.1214,0,54.1214,0
1765976262323922,0,0.629467,0.629467,0.629467,0.629467,54.1342,0,54.1342,0,54.1342,0,54.1342,0
1765976262329047,0,0.629469,0.629469,0.629469,0.629469,54.1343,0,54.1343,0,54.1343,0,54.1343,0
1765976262333957,0,0.62947,0.62947,0.62947,0.62947,54.1344,0,54.1344,0,54.1344,0,54.1344,0
1765976262338936,0,0.629472,0.629472,0.629472,0.629472,54.1346,0,54.1346,0,54.1346,0,54.1346,0
1765976262343999,0,0.6304,0.6304,0.6304,0.6304,54.2144,0,54.2144,0,54.2144,0,54.2144,0
1765976262348919,0,0.630402,0.630402,0.630402,0.630402,54.2145,0,54.2145,0,54.2145,0,54.2145,0
1765976262354004,0,0.630403,0.630403,0.630403,0.630403,54.2147,0,54.2147,0,54.2147,0,54.2147,0
1765976262358915,0,0.630405,0.630405,0.630405,0.630405,54.2148,0,54.2148,0,54.2148,0,54.2148,0
1765976262364058,0,0.631431,0.631431,0.631431,0.631431,54.3031,0,54.3031,0,54.3031,0,54.3031,0
1765976262369051,0,0.63143,0.63143,0.63143,0.63143,54.303,0,54.303,0,54.303,0,54.303,0
1765976262374056,0,0.631429,0.631429,0.631429,0.631429,54.3029,0,54.3029,0,54.3029,0,54.3029,0
1765976262379107,0,0.631429,0.631429,0.631429,0.631429,54.3029,0,54.3029,0,54.3029,0,54.3029,0
1765976262384027,0,0.631833,0.631833,0.631833,0.631833,54.3376,0,54.3376,0,54.3376,0,54.3376,0
1765976262389000,0,0.631831,0.631831,0.631831,0.631831,54.3375,0,54.3375,0,54.3375,0,54.3375,0
1765976262394070,0,0.631829,0.631829,0.631829,0.631829,54.3373,0,54.3373,0,54.3373,0,54.3373,0
1765976262399131,0,0.631827,0.631827,0.631827,0.631827,54.3372,0,54.3372,0,54.3372,0,54.3372,0
1765976262404031,0,0.630854,0.630854,0.630854,0.630854,54.2535,0,54.2535,0,54.2535,0,54.2535,0
1765976262409027,0,0.630853,0.630853,0.630853,0.630853,54.2533,0,54.2533,0,54.2533,0,54.2533,0
1765976262413965,0,0.630851,0.630851,0.630851,0.630851,54.2532,0,54.2532,0,54.2532,0,54.2532,0
1765976262419092,0,0.630849,0.630849,0.630849,0.630849,54.253,0,54.253,0,54.253,0,54.253,0
1765976262423921,0,0.630847,0.630847,0.630847,0.630847,54.2529,0,54.2529,0,54.2529,0,54.2529,0
1765976262429086,0,0.6299,0.6299,0.6299,0.6299,54.1714,0,54.1714,0,54.1714,0,54.1714,0
1765976262434084,0,0.6299,0.6299,0.6299,0.6299,54.1714,0,54.1714,0,54.1714,0,54.1714,0
1765976262439014,0,0.6299,0.6299,0.6299,0.6299,54.1714,0,54.1714,0,54.1714,0,54.1714,0
1765976262444115,0,0.629388,0.629388,0.629388,0.629388,54.1273,0,54.1273,0,54.1273,0,54.1273,0
1765976262449016,0,0.629388,0.629388,0.629388,0.629388,54.1273,0,54.1273,0,54.1273,0,54.1273,0
1765976262454065,0,0.629388,0.629388,0.629388,0.629388,54.1274,0,54.1274,0,54.1274,0,54.1274,0
1765976262458956,0,0.629388,0.629388,0.629388,0.629388,54.1274,0,54.1274,0,54.1274,0,54.1274,0
1765976262464072,0,0.63002,0.63002,0.63002,0.63002,54.1817,0,54.1817,0,54.1817,0,54.1817,0
1765976262468913,0,0.63002,0.63002,0.63002,0.63002,54.1817,0,54.1817,0,54.1817,0,54.1817,0
1765976262474011,0,0.63002,0.63002,0.63002,0.63002,54.1817,0,54.1817,0,54.1817,0,54.1817,0
1765976262479105,0,0.63002,0.63002,0.63002,0.63002,54.1817,0,54.1817,0,54.1817,0,54.1817,0
1765976262484117,0,0.631283,0.631283,0.631283,0.631283,54.2903,0,54.2903,0,54.2903,0,54.2903,0
1765976262488930,0,0.631283,0.631283,0.631283,0.631283,54.2904,0,54.2904,0,54.2904,0,54.2904,0
1765976262494026,0,0.631284,0.631284,0.631284,0.631284,54.2904,0,54.2904,0,54.2904,0,54.2904,0
1765976262499111,0,0.631285,0.631285,0.631285,0.631285,54.2905,0,54.2905,0,54.2905,0,54.2905,0
1765976262504013,0,0.632293,0.632293,0.632293,0.632293,54.3772,0,54.3772,0,54.3772,0,54.3772,0
1765976262509012,0,0.632294,0.632294,0.632294,0.632294,54.3773,0,54.3773,0,54.3773,0,54.3773,0
1765976262514084,0,0.632295,0.632295,0.632295,0.632295,54.3774,0,54.3774,0,54.3774,0,54.3774,0
1765976262519102,0,0.632296,0.632296,0.632296,0.632296,54.3775,0,54.3775,0,54.3775,0,54.3775,0
1765976262524019,0,0.632877,0.632877,0.632877,0.632877,54.4275,0,54.4275,0,54.4275,0,54.4275,0
1765976262529090,0,0.632878,0.632878,0.632878,0.632878,54.4275,0,54.4275,0,54.4275,0,54.4275,0
1765976262534111,0,0.632879,0.632879,0.632879,0.632879,54.4276,0,54.4276,0,54.4276,0,54.4276,0
1765976262538932,0,0.63288,0.63288,0.63288,0.63288,54.4277,0,54.4277,0,54.4277,0,54.4277,0
1765976262543856,0,0.632881,0.632881,0.632881,0.632881,54.4278,0,54.4278,0,54.4278,0,54.4278,0
1765976262549006,0,0.633324,0.633324,0.633324,0.633324,54.4659,0,54.4659,0,54.4659,0,54.4659,0
1765976262553899,0,0.633326,0.633326,0.633326,0.633326,54.466,0,54.466,0,54.466,0,54.466,0
1765976262558998,0,0.633327,0.633327,0.633327,0.633327,54.4662,0,54.4662,0,54.4662,0,54.4662,0
1765976262564095,0,0.632441,0.632441,0.632441,0.632441,54.39,0,54.39,0,54.39,0,54.39,0
1765976262568952,0,0.632441,0.632441,0.632441,0.632441,54.3899,0,54.3899,0,54.3899,0,54.3899,0
1765976262573853,0,0.63244,0.63244,0.63244,0.63244,54.3899,0,54.3899,0,54.3899,0,54.3899,0
1765976262579085,0,0.63244,0.63244,0.63244,0.63244,54.3898,0,54.3898,0,54.3898,0,54.3898,0
1765976262583913,0,0.632439,0.632439,0.632439,0.632439,54.3898,0,54.3898,0,54.3898,0,54.3898,0
1765976262588873,0,0.630971,0.630971,0.630971,0.630971,54.2635,0,54.2635,0,54.2635,0,54.2635,0
1765976262593900,0,0.630969,0.630969,0.630969,0.630969,54.2633,0,54.2633,0,54.2633,0,54.2633,0
1765976262598891,0,0.630967,0.630967,0.630967,0.630967,54.2632,0,54.2632,0,54.2632,0,54.2632,0
1765976262603879,0,0.630965,0.630965,0.630965,0.630965,54.263,0,54.263,0,54.263,0,54.263,0
1765976262608894,0,0.629959,0.629959,0.629959,0.629959,54.1764,0,54.1764,0,54.1764,0,54.1764,0
1765976262613870,0,0.629959,0.629959,0.629959,0.629959,54.1765,0,54.1765,0,54.1765,0,54.1765,0
1765976262618942,0,0.629959,0.629959,0.629959,0.629959,54.1765,0,54.1765,0,54.1765,0,54.1765,0
1765976262623885,0,0.62996,0.62996,0.62996,0.62996,54.1765,0,54.1765,0,54.1765,0,54.1765,0
1765976262628897,0,0.628733,0.628733,0.628733,0.628733,54.071,0,54.071,0,54.071,0,54.071,0
1765976262633917,0,0.628733,0.628733,0.628733,0.628733,54.071,0,54.071,0,54.071,0,54.071,0
1765976262638881,0,0.628733,0.628733,0.628733,0.628733,54.071,0,54.071,0,54.071,0,54.071,0
1765976262643883,0,0.628733,0.628733,0.628733,0.628733,54.071,0,54.071,0,54.071,0,54.071,0
1765976262648882,0,0.628822,0.628822,0.628822,0.628822,54.0787,0,54.0787,0,54.0787,0,54.0787,0
1765976262653849,0,0.628822,0.628822,0.628822,0.628822,54.0787,0,54.0787,0,54.0787,0,54.0787,0
1765976262658823,0,0.628822,0.628822,0.628822,0.628822,54.0787,0,54.0787,0,54.0787,0,54.0787,0
1765976262663931,0,0.628788,0.628788,0.628788,0.628788,54.0757,0,54.0757,0,54.0757,0,54.0757,0
1765976262668920,0,0.629564,0.629564,0.629564,0.629564,54.1425,0,54.1425,0,54.1425,0,54.1425,0
1765976262674024,0,0.629563,0.629563,0.629563,0.629563,54.1425,0,54.1425,0,54.1425,0,54.1425,0
1765976262678971,0,0.629563,0.629563,0.629563,0.629563,54.1424,0,54.1424,0,54.1424,0,54.1424,0
1765976262684109,0,0.629608,0.629608,0.629608,0.629608,54.1463,0,54.1463,0,54.1463,0,54.1463,0
1765976262689017,0,0.629606,0.629606,0.629606,0.629606,54.1461,0,54.1461,0,54.1461,0,54.1461,0
1765976262694076,0,0.629604,0.629604,0.629604,0.629604,54.1459,0,54.1459,0,54.1459,0,54.1459,0
1765976262699091,0,0.629602,0.629602,0.629602,0.629602,54.1457,0,54.1457,0,54.1457,0,54.1457,0
1765976262703921,0,0.6296,0.6296,0.6296,0.6296,54.1456,0,54.1456,0,54.1456,0,54.1456,0
1765976262709049,0,0.629914,0.629914,0.629914,0.629914,54.1726,0,54.1726,0,54.1726,0,54.1726,0
1765976262713952,0,0.629913,0.629913,0.629913,0.629913,54.1725,0,54.1725,0,54.1725,0,54.1725,0
1765976262718916,0,0.629912,0.629912,0.629912,0.629912,54.1724,0,54.1724,0,54.1724,0,54.1724,0
1765976262723952,0,0.629911,0.629911,0.629911,0.629911,54.1724,0,54.1724,0,54.1724,0,54.1724,0
1765976262728969,0,0.630377,0.630377,0.630377,0.630377,54.2125,0,54.2125,0,54.2125,0,54.2125,0
1765976262734104,0,0.630378,0.630378,0.630378,0.630378,54.2125,0,54.2125,0,54.2125,0,54.2125,0
1765976262738943,0,0.630379,0.630379,0.630379,0.630379,54.2126,0,54.2126,0,54.2126,0,54.2126,0
1765976262743970,0,0.631053,0.631053,0.631053,0.631053,54.2706,0,54.2706,0,54.2706,0,54.2706,0
1765976262748907,0,0.631054,0.631054,0.631054,0.631054,54.2706,0,54.2706,0,54.2706,0,54.2706,0
1765976262754000,0,0.631055,0.631055,0.631055,0.631055,54.2707,0,54.2707,0,54.2707,0,54.2707,0
1765976262759059,0,0.631056,0.631056,0.631056,0.631056,54.2708,0,54.2708,0,54.2708,0,54.2708,0
1765976262763977,0,0.632511,0.632511,0.632511,0.632511,54.396,0,54.396,0,54.396,0,54.396,0
1765976262769064,0,0.632513,0.632513,0.632513,0.632513,54.3961,0,54.3961,0,54.3961,0,54.3961,0
1765976262774049,0,0.632514,0.632514,0.632514,0.632514,54.3962,0,54.3962,0,54.3962,0,54.3962,0
1765976262779095,0,0.632516,0.632516,0.632516,0.632516,54.3964,0,54.3964,0,54.3964,0,54.3964,0
1765976262784030,0,0.632483,0.632483,0.632483,0.632483,54.3935,0,54.3935,0,54.3935,0,54.3935,0
1765976262789025,0,0.632481,0.632481,0.632481,0.632481,54.3934,0,54.3934,0,54.3934,0,54.3934,0
1765976262794089,0,0.63248,0.63248,0.63248,0.63248,54.3933,0,54.3933,0,54.3933,0,54.3933,0
1765976262799085,0,0.632479,0.632479,0.632479,0.632479,54.3932,0,54.3932,0,54.3932,0,54.3932,0
1765976262804057,0,0.63131,0.63131,0.63131,0.63131,54.2926,0,54.2926,0,54.2926,0,54.2926,0
1765976262809053,0,0.631307,0.631307,0.631307,0.631307,54.2924,0,54.2924,0,54.2924,0,54.2924,0
1765976262813979,0,0.631304,0.631304,0.631304,0.631304,54.2921,0,54.2921,0,54.2921,0,54.2921,0
1765976262818965,0,0.631301,0.631301,0.631301,0.631301,54.2918,0,54.2918,0,54.2918,0,54.2918,0
1765976262823840,0,0.631298,0.631298,0.631298,0.631298,54.2916,0,54.2916,0,54.2916,0,54.2916,0
1765976262828960,0,0.630205,0.630205,0.630205,0.630205,54.1977,0,54.1977,0,54.1977,0,54.1977,0
1765976262833895,0,0.630205,0.630205,0.630205,0.630205,54.1977,0,54.1977,0,54.1977,0,54.1977,0
1765976262838890,0,0.630205,0.630205,0.630205,0.630205,54.1976,0,54.1976,0,54.1976,0,54.1976,0
1765976262843992,0,0.6296,0.6296,0.6296,0.6296,54.1456,0,54.1456,0,54.1456,0,54.1456,0
1765976262849110,0,0.629602,0.629602,0.629602,0.629602,54.1458,0,54.1458,0,54.1458,0,54.1458,0
1765976262854087,0,0.629604,0.629604,0.629604,0.629604,54.146,0,54.146,0,54.146,0,54.146,0
1765976262858896,0,0.629606,0.629606,0.629606,0.629606,54.1461,0,54.1461,0,54.1461,0,54.1461,0
1765976262863872,0,0.629608,0.629608,0.629608,0.629608,54.1463,0,54.1463,0,54.1463,0,54.1463,0
1765976262868923,0,0.62967,0.62967,0.62967,0.62967,54.1516,0,54.1516,0,54.1516,0,54.1516,0
1765976262873912,0,0.62967,0.62967,0.62967,0.62967,54.1516,0,54.1516,0,54.1516,0,54.1516,0
1765976262879090,0,0.62967,0.62967,0.62967,0.62967,54.1516,0,54.1516,0,54.1516,0,54.1516,0
1765976262884104,0,0.630194,0.630194,0.630194,0.630194,54.1967,0,54.1967,0,54.1967,0,54.1967,0
1765976262888917,0,0.630192,0.630192,0.630192,0.630192,54.1965,0,54.1965,0,54.1965,0,54.1965,0
1765976262893949,0,0.630189,0.630189,0.630189,0.630189,54.1963,0,54.1963,0,54.1963,0,54.1963,0
1765976262899031,0,0.630187,0.630187,0.630187,0.630187,54.1961,0,54.1961,0,54.1961,0,54.1961,0
1765976262904004,0,0.6306,0.6306,0.6306,0.6306,54.2316,0,54.2316,0,54.2316,0,54.2316,0
1765976262909021,0,0.630599,0.630599,0.630599,0.630599,54.2315,0,54.2315,0,54.2315,0,54.2315,0
1765976262913978,0,0.630598,0.630598,0.630598,0.630598,54.2314,0,54.2314,0,54.2314,0,54.2314,0
1765976262919118,0,0.630597,0.630597,0.630597,0.630597,54.2313,0,54.2313,0,54.2313,0,54.2313,0
1765976262923917,0,0.630596,0.630596,0.630596,0.630596,54.2313,0,54.2313,0,54.2313,0,54.2313,0
1765976262929027,0,0.630649,0.630649,0.630649,0.630649,54.2358,0,54.2358,0,54.2358,0,54.2358,0
1765976262934122,0,0.63065,0.63065,0.63065,0.63065,54.2359,0,54.2359,0,54.2359,0,54.2359,0
1765976262939031,0,0.630651,0.630651,0.630651,0.630651,54.236,0,54.236,0,54.236,0,54.236,0
1765976262943943,0,0.630652,0.630652,0.630652,0.630652,54.2361,0,54.2361,0,54.2361,0,54.2361,0
1765976262949108,0,0.630998,0.630998,0.630998,0.630998,54.2658,0,54.2658,0,54.2658,0,54.2658,0
1765976262954051,0,0.630999,0.630999,0.630999,0.630999,54.2659,0,54.2659,0,54.2659,0,54.2659,0
1765976262959074,0,0.631,0.631,0.631,0.631,54.266,0,54.266,0,54.266,0,54.266,0
1765976262963960,0,0.632243,0.632243,0.632243,0.632243,54.3729,0,54.3729,0,54.3729,0,54.3729,0
1765976262969052,0,0.632244,0.632244,0.632244,0.632244,54.373,0,54.373,0,54.373,0,54.373,0
1765976262973954,0,0.632245,0.632245,0.632245,0.632245,54.3731,0,54.3731,0,54.3731,0,54.3731,0
1765976262979067,0,0.632247,0.632247,0.632247,0.632247,54.3732,0,54.3732,0,54.3732,0,54.3732,0
1765976262984029,0,0.632634,0.632634,0.632634,0.632634,54.4065,0,54.4065,0,54.4065,0,54.4065,0
1765976262989008,0,0.632633,0.632633,0.632633,0.632633,54.4065,0,54.4065,0,54.4065,0,54.4065,0
1765976262993970,0,0.632633,0.632633,0.632633,0.632633,54.4064,0,54.4064,0,54.4064,0,54.4064,0
1765976262999108,0,0.632632,0.632632,0.632632,0.632632,54.4064,0,54.4064,0,54.4064,0,54.4064,0
1765976263004065,0,0.631536,0.631536,0.631536,0.631536,54.3121,0,54.3121,0,54.3121,0,54.3121,0
1765976263008943,0,0.631533,0.631533,0.631533,0.631533,54.3118,0,54.3118,0,54.3118,0,54.3118,0
1765976263014103,0,0.63153,0.63153,0.63153,0.63153,54.3116,0,54.3116,0,54.3116,0,54.3116,0
1765976263019074,0,0.631527,0.631527,0.631527,0.631527,54.3113,0,54.3113,0,54.3113,0,54.3113,0
1765976263023925,0,0.631525,0.631525,0.631525,0.631525,54.3111,0,54.3111,0,54.3111,0,54.3111,0
1765976263029100,0,0.630286,0.630286,0.630286,0.630286,54.2046,0,54.2046,0,54.2046,0,54.2046,0
1765976263034103,0,0.630285,0.630285,0.630285,0.630285,54.2045,0,54.2045,0,54.2045,0,54.2045,0
1765976263039080,0,0.630284,0.630284,0.630284,0.630284,54.2045,0,54.2045,0,54.2045,0,54.2045,0
1765976263044068,0,0.628803,0.628803,0.628803,0.628803,54.0771,0,54.0771,0,54.0771,0,54.0771,0
1765976263049102,0,0.628803,0.628803,0.628803,0.628803,54.0771,0,54.0771,0,54.0771,0,54.0771,0
1765976263053935,0,0.628803,0.628803,0.628803,0.628803,54.0771,0,54.0771,0,54.0771,0,54.0771,0
1765976263059022,0,0.628803,0.628803,0.628803,0.628803,54.077,0,54.077,0,54.077,0,54.077,0
1765976263063942,0,0.628803,0.628803,0.628803,0.628803,54.077,0,54.077,0,54.077,0,54.077,0
1765976263069057,0,0.628733,0.628733,0.628733,0.628733,54.071,0,54.071,0,54.071,0,54.071,0
1765976263073913,0,0.628733,0.628733,0.628733,0.628733,54.071,0,54.071,0,54.071,0,54.071,0
1765976263079068,0,0.628733,0.628733,0.628733,0.628733,54.0711,0,54.0711,0,54.0711,0,54.0711,0
1765976263084103,0,0.629867,0.629867,0.629867,0.629867,54.1686,0,54.1686,0,54.1686,0,54.1686,0
1765976263088944,0,0.629867,0.629867,0.629867,0.629867,54.1686,0,54.1686,0,54.1686,0,54.1686,0
1765976263093948,0,0.629868,0.629868,0.629868,0.629868,54.1686,0,54.1686,0,54.1686,0,54.1686,0
1765976263099067,0,0.629868,0.629868,0.629868,0.629868,54.1687,0,54.1687,0,54.1687,0,54.1687,0
1765976263104047,0,0.630924,0.630924,0.630924,0.630924,54.2595,0,54.2595,0,54.2595,0,54.2595,0
1765976263109016,0,0.630924,0.630924,0.630924,0.630924,54.2595,0,54.2595,0,54.2595,0,54.2595,0
1765976263113947,0,0.630923,0.630923,0.630923,0.630923,54.2594,0,54.2594,0,54.2594,0,54.2594,0
1765976263118949,0,0.630923,0.630923,0.630923,0.630923,54.2594,0,54.2594,0,54.2594,0,54.2594,0
1765976263123945,0,0.630922,0.630922,0.630922,0.630922,54.2593,0,54.2593,0,54.2593,0,54.2593,0
1765976263129092,0,0.632021,0.632021,0.632021,0.632021,54.3538,0,54.3538,0,54.3538,0,54.3538,0
1765976263134110,0,0.632021,0.632021,0.632021,0.632021,54.3538,0,54.3538,0,54.3538,0,54.3538,0
1765976263138929,0,0.632022,0.632022,0.632022,0.632022,54.3539,0,54.3539,0,54.3539,0,54.3539,0
1765976263143899,0,0.632022,0.632022,0.632022,0.632022,54.3539,0,54.3539,0,54.3539,0,54.3539,0
1765976263149017,0,0.632581,0.632581,0.632581,0.632581,54.402,0,54.402,0,54.402,0,54.402,0
1765976263154012,0,0.632583,0.632583,0.632583,0.632583,54.4021,0,54.4021,0,54.4021,0,54.4021,0
1765976263159103,0,0.632584,0.632584,0.632584,0.632584,54.4022,0,54.4022,0,54.4022,0,54.4022,0
1765976263163993,0,0.632514,0.632514,0.632514,0.632514,54.3962,0,54.3962,0,54.3962,0,54.3962,0
1765976263169070,0,0.632514,0.632514,0.632514,0.632514,54.3962,0,54.3962,0,54.3962,0,54.3962,0
1765976263173958,0,0.632515,0.632515,0.632515,0.632515,54.3963,0,54.3963,0,54.3963,0,54.3963,0
1765976263178961,0,0.632515,0.632515,0.632515,0.632515,54.3963,0,54.3963,0,54.3963,0,54.3963,0
1765976263184044,0,0.631695,0.631695,0.631695,0.631695,54.3258,0,54.3258,0,54.3258,0,54.3258,0
1765976263188911,0,0.631694,0.631694,0.631694,0.631694,54.3257,0,54.3257,0,54.3257,0,54.3257,0
1765976263194100,0,0.631692,0.631692,0.631692,0.631692,54.3255,0,54.3255,0,54.3255,0,54.3255,0
1765976263199116,0,0.631691,0.631691,0.631691,0.631691,54.3254,0,54.3254,0,54.3254,0,54.3254,0
1765976263204071,0,0.630355,0.630355,0.630355,0.630355,54.2106,0,54.2106,0,54.2106,0,54.2106,0
1765976263209051,0,0.630353,0.630353,0.630353,0.630353,54.2104,0,54.2104,0,54.2104,0,54.2104,0
1765976263213971,0,0.630351,0.630351,0.630351,0.630351,54.2102,0,54.2102,0,54.2102,0,54.2102,0
1765976263218968,0,0.63035,0.63035,0.63035,0.63035,54.2101,0,54.2101,0,54.2101,0,54.2101,0
1765976263224050,0,0.628933,0.628933,0.628933,0.628933,54.0882,0,54.0882,0,54.0882,0,54.0882,0
1765976263228990,0,0.628932,0.628932,0.628932,0.628932,54.0881,0,54.0881,0,54.0881,0,54.0881,0
1765976263234102,0,0.628931,0.628931,0.628931,0.628931,54.0881,0,54.0881,0,54.0881,0,54.0881,0
1765976263238916,0,0.62893,0.62893,0.62893,0.62893,54.088,0,54.088,0,54.088,0,54.088,0
1765976263243875,0,0.628929,0.628929,0.628929,0.628929,54.0879,0,54.0879,0,54.0879,0,54.0879,0
1765976263248883,0,0.628646,0.628646,0.628646,0.628646,54.0636,0,54.0636,0,54.0636,0,54.0636,0
1765976263253874,0,0.628647,0.628647,0.628647,0.628647,54.0637,0,54.0637,0,54.0637,0,54.0637,0
1765976263258900,0,0.628648,0.628648,0.628648,0.628648,54.0637,0,54.0637,0,54.0637,0,54.0637,0
1765976263264008,0,0.629539,0.629539,0.629539,0.629539,54.1404,0,54.1404,0,54.1404,0,54.1404,0
1765976263268925,0,0.62954,0.62954,0.62954,0.62954,54.1405,0,54.1405,0,54.1405,0,54.1405,0
1765976263274063,0,0.629542,0.629542,0.629542,0.629542,54.1406,0,54.1406,0,54.1406,0,54.1406,0
1765976263279097,0,0.629543,0.629543,0.629543,0.629543,54.1407,0,54.1407,0,54.1407,0,54.1407,0
1765976263283954,0,0.629544,0.629544,0.629544,0.629544,54.1408,0,54.1408,0,54.1408,0,54.1408,0
1765976263288914,0,0.630813,0.630813,0.630813,0.630813,54.2499,0,54.2499,0,54.2499,0,54.2499,0
1765976263293901,0,0.630813,0.630813,0.630813,0.630813,54.2499,0,54.2499,0,54.2499,0,54.2499,0
1765976263299095,0,0.630812,0.630812,0.630812,0.630812,54.2499,0,54.2499,0,54.2499,0,54.2499,0
1765976263303965,0,0.632066,0.632066,0.632066,0.632066,54.3577,0,54.3577,0,54.3577,0,54.3577,0
1765976263309031,0,0.632066,0.632066,0.632066,0.632066,54.3577,0,54.3577,0,54.3577,0,54.3577,0
1765976263313971,0,0.632066,0.632066,0.632066,0.632066,54.3577,0,54.3577,0,54.3577,0,54.3577,0
1765976263318926,0,0.632066,0.632066,0.632066,0.632066,54.3577,0,54.3577,0,54.3577,0,54.3577,0
1765976263323899,0,0.632066,0.632066,0.632066,0.632066,54.3577,0,54.3577,0,54.3577,0,54.3577,0
1765976263328893,0,0.632446,0.632446,0.632446,0.632446,54.3904,0,54.3904,0,54.3904,0,54.3904,0
1765976263333898,0,0.632447,0.632447,0.632447,0.632447,54.3904,0,54.3904,0,54.3904,0,54.3904,0
1765976263338878,0,0.632447,0.632447,0.632447,0.632447,54.3905,0,54.3905,0,54.3905,0,54.3905,0
1765976263343890,0,0.632651,0.632651,0.632651,0.632651,54.408,0,54.408,0,54.408,0,54.408,0
1765976263348939,0,0.632652,0.632652,0.632652,0.632652,54.4081,0,54.4081,0,54.4081,0,54.4081,0
1765976263354006,0,0.632654,0.632654,0.632654,0.632654,54.4083,0,54.4083,0,54.4083,0,54.4083,0
1765976263358898,0,0.632656,0.632656,0.632656,0.632656,54.4084,0,54.4084,0,54.4084,0,54.4084,0
1765976263363980,0,0.632658,0.632658,0.632658,0.632658,54.4086,0,54.4086,0,54.4086,0,54.4086,0
1765976263369093,0,0.631988,0.631988,0.631988,0.631988,54.351,0,54.351,0,54.351,0,54.351,0
1765976263374030,0,0.631988,0.631988,0.631988,0.631988,54.3509,0,54.3509,0,54.3509,0,54.3509,0
1765976263378994,0,0.631987,0.631987,0.631987,0.631987,54.3509,0,54.3509,0,54.3509,0,54.3509,0
1765976263383997,0,0.630671,0.630671,0.630671,0.630671,54.2377,0,54.2377,0,54.2377,0,54.2377,0
1765976263388877,0,0.630668,0.630668,0.630668,0.630668,54.2374,0,54.2374,0,54.2374,0,54.2374,0
1765976263393935,0,0.630665,0.630665,0.630665,0.630665,54.2372,0,54.2372,0,54.2372,0,54.2372,0
1765976263399009,0,0.630662,0.630662,0.630662,0.630662,54.237,0,54.237,0,54.237,0,54.237,0
1765976263404030,0,0.62923,0.62923,0.62923,0.62923,54.1138,0,54.1138,0,54.1138,0,54.1138,0
1765976263408991,0,0.629228,0.629228,0.629228,0.629228,54.1136,0,54.1136,0,54.1136,0,54.1136,0
1765976263413973,0,0.629227,0.629227,0.629227,0.629227,54.1135,0,54.1135,0,54.1135,0,54.1135,0
1765976263418918,0,0.629225,0.629225,0.629225,0.629225,54.1133,0,54.1133,0,54.1133,0,54.1133,0
1765976263423907,0,0.630183,0.630183,0.630183,0.630183,54.1957,0,54.1957,0,54.1957,0,54.1957,0
1765976263428957,0,0.628647,0.628647,0.628647,0.628647,54.0636,0,54.0636,0,54.0636,0,54.0636,0
1765976263433976,0,0.628648,0.628648,0.628648,0.628648,54.0638,0,54.0638,0,54.0638,0,54.0638,0
1765976263438911,0,0.62865,0.62865,0.62865,0.62865,54.0639,0,54.0639,0,54.0639,0,54.0639,0
1765976263443950,0,0.628651,0.628651,0.628651,0.628651,54.064,0,54.064,0,54.064,0,54.064,0
1765976263449097,0,0.629096,0.629096,0.629096,0.629096,54.1023,0,54.1023,0,54.1023,0,54.1023,0
1765976263454045,0,0.629098,0.629098,0.629098,0.629098,54.1024,0,54.1024,0,54.1024,0,54.1024,0
1765976263458931,0,0.629099,0.629099,0.629099,0.629099,54.1025,0,54.1025,0,54.1025,0,54.1025,0
1765976263463999,0,0.630133,0.630133,0.630133,0.630133,54.1914,0,54.1914,0,54.1914,0,54.1914,0
1765976263469018,0,0.630131,0.630131,0.630131,0.630131,54.1913,0,54.1913,0,54.1913,0,54.1913,0
1765976263474017,0,0.63013,0.63013,0.63013,0.63013,54.1912,0,54.1912,0,54.1912,0,54.1912,0
1765976263479063,0,0.630129,0.630129,0.630129,0.630129,54.1911,0,54.1911,0,54.1911,0,54.1911,0
1765976263484096,0,0.631258,0.631258,0.631258,0.631258,54.2882,0,54.2882,0,54.2882,0,54.2882,0
1765976263488927,0,0.631257,0.631257,0.631257,0.631257,54.2881,0,54.2881,0,54.2881,0,54.2881,0
1765976263493960,0,0.631256,0.631256,0.631256,0.631256,54.288,0,54.288,0,54.288,0,54.288,0
1765976263499101,0,0.631254,0.631254,0.631254,0.631254,54.2879,0,54.2879,0,54.2879,0,54.2879,0
1765976263504031,0,0.631247,0.631247,0.631247,0.631247,54.2873,0,54.2873,0,54.2873,0,54.2873,0
1765976263508926,0,0.631247,0.631247,0.631247,0.631247,54.2872,0,54.2872,0,54.2872,0,54.2872,0
1765976263513972,0,0.631246,0.631246,0.631246,0.631246,54.2872,0,54.2872,0,54.2872,0,54.2872,0
1765976263518938,0,0.631246,0.631246,0.631246,0.631246,54.2871,0,54.2871,0,54.2871,0,54.2871,0
1765976263523953,0,0.631245,0.631245,0.631245,0.631245,54.2871,0,54.2871,0,54.2871,0,54.2871,0
1765976263528941,0,0.63106,0.63106,0.63106,0.63106,54.2712,0,54.2712,0,54.2712,0,54.2712,0
1765976263534092,0,0.631061,0.631061,0.631061,0.631061,54.2712,0,54.2712,0,54.2712,0,54.2712,0
1765976263538955,0,0.631062,0.631062,0.631062,0.631062,54.2713,0,54.2713,0,54.2713,0,54.2713,0
1765976263544023,0,0.631132,0.631132,0.631132,0.631132,54.2774,0,54.2774,0,54.2774,0,54.2774,0
1765976263548921,0,0.631133,0.631133,0.631133,0.631133,54.2774,0,54.2774,0,54.2774,0,54.2774,0
1765976263554048,0,0.631134,0.631134,0.631134,0.631134,54.2775,0,54.2775,0,54.2775,0,54.2775,0
1765976263558903,0,0.631135,0.631135,0.631135,0.631135,54.2776,0,54.2776,0,54.2776,0,54.2776,0
1765976263564115,0,0.631502,0.631502,0.631502,0.631502,54.3092,0,54.3092,0,54.3092,0,54.3092,0
1765976263568960,0,0.631502,0.631502,0.631502,0.631502,54.3092,0,54.3092,0,54.3092,0,54.3092,0
1765976263574098,0,0.631502,0.631502,0.631502,0.631502,54.3092,0,54.3092,0,54.3092,0,54.3092,0
1765976263579091,0,0.631502,0.631502,0.631502,0.631502,54.3092,0,54.3092,0,54.3092,0,54.3092,0
1765976263584026,0,0.63188,0.63188,0.63188,0.63188,54.3417,0,54.3417,0,54.3417,0,54.3417,0
1765976263588994,0,0.63188,0.63188,0.63188,0.63188,54.3417,0,54.3417,0,54.3417,0,54.3417,0
1765976263594072,0,0.631881,0.631881,0.631881,0.631881,54.3417,0,54.3417,0,54.3417,0,54.3417,0
1765976263599108,0,0.631881,0.631881,0.631881,0.631881,54.3418,0,54.3418,0,54.3418,0,54.3418,0
1765976263604046,0,0.631835,0.631835,0.631835,0.631835,54.3378,0,54.3378,0,54.3378,0,54.3378,0
1765976263609055,0,0.631835,0.631835,0.631835,0.631835,54.3378,0,54.3378,0,54.3378,0,54.3378,0
1765976263614092,0,0.631836,0.631836,0.631836,0.631836,54.3379,0,54.3379,0,54.3379,0,54.3379,0
1765976263618935,0,0.631836,0.631836,0.631836,0.631836,54.3379,0,54.3379,0,54.3379,0,54.3379,0
1765976263623919,0,0.632284,0.632284,0.632284,0.632284,54.3764,0,54.3764,0,54.3764,0,54.3764,0
1765976263628914,0,0.632287,0.632287,0.632287,0.632287,54.3767,0,54.3767,0,54.3767,0,54.3767,0
1765976263634002,0,0.632289,0.632289,0.632289,0.632289,54.3769,0,54.3769,0,54.3769,0,54.3769,0
1765976263638846,0,0.632292,0.632292,0.632292,0.632292,54.3771,0,54.3771,0,54.3771,0,54.3771,0
1765976263644090,0,0.631995,0.631995,0.631995,0.631995,54.3516,0,54.3516,0,54.3516,0,54.3516,0
1765976263648954,0,0.631995,0.631995,0.631995,0.631995,54.3516,0,54.3516,0,54.3516,0,54.3516,0
1765976263654068,0,0.631996,0.631996,0.631996,0.631996,54.3516,0,54.3516,0,54.3516,0,54.3516,0
1765976263658893,0,0.631996,0.631996,0.631996,0.631996,54.3517,0,54.3517,0,54.3517,0,54.3517,0
1765976263663992,0,0.63104,0.63104,0.63104,0.63104,54.2695,0,54.2695,0,54.2695,0,54.2695,0
1765976263668991,0,0.631038,0.631038,0.631038,0.631038,54.2693,0,54.2693,0,54.2693,0,54.2693,0
1765976263674010,0,0.631036,0.631036,0.631036,0.631036,54.2691,0,54.2691,0,54.2691,0,54.2691,0
1765976263679066,0,0.631033,0.631033,0.631033,0.631033,54.2689,0,54.2689,0,54.2689,0,54.2689,0
1765976263684098,0,0.629983,0.629983,0.629983,0.629983,54.1786,0,54.1786,0,54.1786,0,54.1786,0
1765976263688929,0,0.629982,0.629982,0.629982,0.629982,54.1785,0,54.1785,0,54.1785,0,54.1785,0
1765976263694084,0,0.629981,0.629981,0.629981,0.629981,54.1784,0,54.1784,0,54.1784,0,54.1784,0
1765976263699090,0,0.629979,0.629979,0.629979,0.629979,54.1782,0,54.1782,0,54.1782,0,54.1782,0
1765976263704005,0,0.628568,0.628568,0.628568,0.628568,54.0568,0,54.0568,0,54.0568,0,54.0568,0
1765976263709026,0,0.628567,0.628567,0.628567,0.628567,54.0568,0,54.0568,0,54.0568,0,54.0568,0
1765976263714072,0,0.628567,0.628567,0.628567,0.628567,54.0568,0,54.0568,0,54.0568,0,54.0568,0
1765976263719080,0,0.628567,0.628567,0.628567,0.628567,54.0567,0,54.0567,0,54.0567,0,54.0567,0
1765976263723933,0,0.628566,0.628566,0.628566,0.628566,54.0567,0,54.0567,0,54.0567,0,54.0567,0
1765976263729024,0,0.628659,0.628659,0.628659,0.628659,54.0647,0,54.0647,0,54.0647,0,54.0647,0
1765976263733960,0,0.628661,0.628661,0.628661,0.628661,54.0648,0,54.0648,0,54.0648,0,54.0648,0
1765976263739019,0,0.628662,0.628662,0.628662,0.628662,54.0649,0,54.0649,0,54.0649,0,54.0649,0
1765976263744010,0,0.629822,0.629822,0.629822,0.629822,54.1647,0,54.1647,0,54.1647,0,54.1647,0
1765976263748916,0,0.629823,0.629823,0.629823,0.629823,54.1648,0,54.1648,0,54.1648,0,54.1648,0
1765976263754007,0,0.629824,0.629824,0.629824,0.629824,54.1649,0,54.1649,0,54.1649,0,54.1649,0
1765976263758915,0,0.629825,0.629825,0.629825,0.629825,54.165,0,54.165,0,54.165,0,54.165,0
1765976263764107,0,0.631198,0.631198,0.631198,0.631198,54.283,0,54.283,0,54.283,0,54.283,0
1765976263768917,0,0.631198,0.631198,0.631198,0.631198,54.283,0,54.283,0,54.283,0,54.283,0
1765976263773904,0,0.631198,0.631198,0.631198,0.631198,54.283,0,54.283,0,54.283,0,54.283,0
1765976263779062,0,0.631197,0.631197,0.631197,0.631197,54.283,0,54.283,0,54.283,0,54.283,0
1765976263784011,0,0.632159,0.632159,0.632159,0.632159,54.3656,0,54.3656,0,54.3656,0,54.3656,0
1765976263788990,0,0.632159,0.632159,0.632159,0.632159,54.3656,0,54.3656,0,54.3656,0,54.3656,0
1765976263794022,0,0.632159,0.632159,0.632159,0.632159,54.3656,0,54.3656,0,54.3656,0,54.3656,0
1765976263799080,0,0.632158,0.632158,0.632158,0.632158,54.3656,0,54.3656,0,54.3656,0,54.3656,0
1765976263804012,0,0.632141,0.632141,0.632141,0.632141,54.3641,0,54.3641,0,54.3641,0,54.3641,0
1765976263809072,0,0.632141,0.632141,0.632141,0.632141,54.3642,0,54.3642,0,54.3642,0,54.3642,0
1765976263814088,0,0.632142,0.632142,0.632142,0.632142,54.3642,0,54.3642,0,54.3642,0,54.3642,0
1765976263819048,0,0.632142,0.632142,0.632142,0.632142,54.3642,0,54.3642,0,54.3642,0,54.3642,0
1765976263824025,0,0.631542,0.631542,0.631542,0.631542,54.3126,0,54.3126,0,54.3126,0,54.3126,0
1765976263829055,0,0.631542,0.631542,0.631542,0.631542,54.3126,0,54.3126,0,54.3126,0,54.3126,0
1765976263834105,0,0.631542,0.631542,0.631542,0.631542,54.3126,0,54.3126,0,54.3126,0,54.3126,0
1765976263839044,0,0.631543,0.631543,0.631543,0.631543,54.3127,0,54.3127,0,54.3127,0,54.3127,0
1765976263844071,0,0.631068,0.631068,0.631068,0.631068,54.2718,0,54.2718,0,54.2718,0,54.2718,0
1765976263849092,0,0.631068,0.631068,0.631068,0.631068,54.2718,0,54.2718,0,54.2718,0,54.2718,0
1765976263853907,0,0.631068,0.631068,0.631068,0.631068,54.2718,0,54.2718,0,54.2718,0,54.2718,0
1765976263859054,0,0.631068,0.631068,0.631068,0.631068,54.2718,0,54.2718,0,54.2718,0,54.2718,0
1765976263863882,0,0.631068,0.631068,0.631068,0.631068,54.2719,0,54.2719,0,54.2719,0,54.2719,0
1765976263869023,0,0.631184,0.631184,0.631184,0.631184,54.2818,0,54.2818,0,54.2818,0,54.2818,0
1765976263873961,0,0.631185,0.631185,0.631185,0.631185,54.2819,0,54.2819,0,54.2819,0,54.2819,0
1765976263879027,0,0.631187,0.631187,0.631187,0.631187,54.282,0,54.282,0,54.282,0,54.282,0
1765976263884074,0,0.631019,0.631019,0.631019,0.631019,54.2676,0,54.2676,0,54.2676,0,54.2676,0
1765976263888868,0,0.631019,0.631019,0.631019,0.631019,54.2676,0,54.2676,0,54.2676,0,54.2676,0
1765976263894017,0,0.631019,0.631019,0.631019,0.631019,54.2677,0,54.2677,0,54.2677,0,54.2677,0
1765976263899135,0,0.63102,0.63102,0.63102,0.63102,54.2677,0,54.2677,0,54.2677,0,54.2677,0
1765976263904017,0,0.630664,0.630664,0.630664,0.630664,54.2371,0,54.2371,0,54.2371,0,54.2371,0
1765976263909068,0,0.630663,0.630663,0.630663,0.630663,54.237,0,54.237,0,54.237,0,54.237,0
1765976263914088,0,0.630662,0.630662,0.630662,0.630662,54.2369,0,54.2369,0,54.2369,0,54.2369,0
1765976263919072,0,0.630661,0.630661,0.630661,0.630661,54.2368,0,54.2368,0,54.2368,0,54.2368,0
1765976263924081,0,0.630402,0.630402,0.630402,0.630402,54.2146,0,54.2146,0,54.2146,0,54.2146,0
1765976263928974,0,0.630402,0.630402,0.630402,0.630402,54.2146,0,54.2146,0,54.2146,0,54.2146,0
1765976263933965,0,0.630402,0.630402,0.630402,0.630402,54.2145,0,54.2145,0,54.2145,0,54.2145,0
1765976263939011,0,0.630401,0.630401,0.630401,0.630401,54.2145,0,54.2145,0,54.2145,0,54.2145,0
1765976263944010,0,0.629989,0.629989,0.629989,0.629989,54.1791,0,54.1791,0,54.1791,0,54.1791,0
1765976263948879,0,0.62999,0.62999,0.62999,0.62999,54.1791,0,54.1791,0,54.1791,0,54.1791,0
1765976263953898,0,0.62999,0.62999,0.62999,0.62999,54.1791,0,54.1791,0,54.1791,0,54.1791,0
1765976263959015,0,0.62999,0.62999,0.62999,0.62999,54.1792,0,54.1792,0,54.1792,0,54.1792,0
1765976263964074,0,0.62996,0.62996,0.62996,0.62996,54.1766,0,54.1766,0,54.1766,0,54.1766,0
1765976263968920,0,0.629961,0.629961,0.629961,0.629961,54.1766,0,54.1766,0,54.1766,0,54.1766,0
1765976263973957,0,0.629961,0.629961,0.629961,0.629961,54.1766,0,54.1766,0,54.1766,0,54.1766,0
1765976263979081,0,0.629961,0.629961,0.629961,0.629961,54.1767,0,54.1767,0,54.1767,0,54.1767,0
1765976263983912,0,0.629962,0.629962,0.629962,0.629962,54.1767,0,54.1767,0,54.1767,0,54.1767,0
1765976263988922,0,0.630673,0.630673,0.630673,0.630673,54.2378,0,54.2378,0,54.2378,0,54.2378,0
1765976263994095,0,0.630674,0.630674,0.630674,0.630674,54.2379,0,54.2379,0,54.2379,0,54.2379,0
1765976263999089,0,0.630674,0.630674,0.630674,0.630674,54.238,0,54.238,0,54.238,0,54.238,0
1765976264003918,0,0.632118,0.632118,0.632118,0.632118,54.3621,0,54.3621,0,54.3621,0,54.3621,0
1765976264009017,0,0.63212,0.63212,0.63212,0.63212,54.3624,0,54.3624,0,54.3624,0,54.3624,0
1765976264014104,0,0.632123,0.632123,0.632123,0.632123,54.3626,0,54.3626,0,54.3626,0,54.3626,0
1765976264018934,0,0.632125,0.632125,0.632125,0.632125,54.3628,0,54.3628,0,54.3628,0,54.3628,0
1765976264023932,0,0.632128,0.632128,0.632128,0.632128,54.363,0,54.363,0,54.363,0,54.363,0
1765976264028945,0,0.632715,0.632715,0.632715,0.632715,54.4135,0,54.4135,0,54.4135,0,54.4135,0
1765976264033896,0,0.632716,0.632716,0.632716,0.632716,54.4135,0,54.4135,0,54.4135,0,54.4135,0
1765976264038898,0,0.632717,0.632717,0.632717,0.632717,54.4136,0,54.4136,0,54.4136,0,54.4136,0
1765976264044117,0,0.631899,0.631899,0.631899,0.631899,54.3433,0,54.3433,0,54.3433,0,54.3433,0
1765976264049110,0,0.631897,0.631897,0.631897,0.631897,54.3431,0,54.3431,0,54.3431,0,54.3431,0
1765976264054048,0,0.631894,0.631894,0.631894,0.631894,54.3429,0,54.3429,0,54.3429,0,54.3429,0
1765976264059098,0,0.631892,0.631892,0.631892,0.631892,54.3427,0,54.3427,0,54.3427,0,54.3427,0
1765976264063904,0,0.631889,0.631889,0.631889,0.631889,54.3425,0,54.3425,0,54.3425,0,54.3425,0
1765976264068897,0,0.630614,0.630614,0.630614,0.630614,54.2328,0,54.2328,0,54.2328,0,54.2328,0
1765976264073882,0,0.630612,0.630612,0.630612,0.630612,54.2327,0,54.2327,0,54.2327,0,54.2327,0
1765976264078950,0,0.630611,0.630611,0.630611,0.630611,54.2325,0,54.2325,0,54.2325,0,54.2325,0
1765976264083902,0,0.630609,0.630609,0.630609,0.630609,54.2324,0,54.2324,0,54.2324,0,54.2324,0
1765976264088862,0,0.629099,0.629099,0.629099,0.629099,54.1025,0,54.1025,0,54.1025,0,54.1025,0
1765976264093880,0,0.629099,0.629099,0.629099,0.629099,54.1025,0,54.1025,0,54.1025,0,54.1025,0
1765976264098819,0,0.629099,0.629099,0.629099,0.629099,54.1025,0,54.1025,0,54.1025,0,54.1025,0
1765976264103882,0,0.6291,0.6291,0.6291,0.6291,54.1026,0,54.1026,0,54.1026,0,54.1026,0
1765976264108859,0,0.628544,0.628544,0.628544,0.628544,54.0548,0,54.0548,0,54.0548,0,54.0548,0
1765976264113881,0,0.628545,0.628545,0.628545,0.628545,54.0549,0,54.0549,0,54.0549,0,54.0549,0
1765976264118828,0,0.628546,0.628546,0.628546,0.628546,54.0549,0,54.0549,0,54.0549,0,54.0549,0
1765976264123876,0,0.628547,0.628547,0.628547,0.628547,54.055,0,54.055,0,54.055,0,54.055,0
1765976264128866,0,0.629611,0.629611,0.629611,0.629611,54.1465,0,54.1465,0,54.1465,0,54.1465,0
1765976264133888,0,0.629612,0.629612,0.629612,0.629612,54.1466,0,54.1466,0,54.1466,0,54.1466,0
1765976264138887,0,0.629612,0.629612,0.629612,0.629612,54.1467,0,54.1467,0,54.1467,0,54.1467,0
1765976264143869,0,0.629613,0.629613,0.629613,0.629613,54.1467,0,54.1467,0,54.1467,0,54.1467,0
1765976264148877,0,0.631233,0.631233,0.631233,0.631233,54.286,0,54.286,0,54.286,0,54.286,0
1765976264154005,0,0.631233,0.631233,0.631233,0.631233,54.2861,0,54.2861,0,54.2861,0,54.2861,0
1765976264159076,0,0.631234,0.631234,0.631234,0.631234,54.2861,0,54.2861,0,54.2861,0,54.2861,0
1765976264163966,0,0.631234,0.631234,0.631234,0.631234,54.2862,0,54.2862,0,54.2862,0,54.2862,0
1765976264168947,0,0.631991,0.631991,0.631991,0.631991,54.3512,0,54.3512,0,54.3512,0,54.3512,0
1765976264173902,0,0.63199,0.63199,0.63199,0.63199,54.3512,0,54.3512,0,54.3512,0,54.3512,0
1765976264178923,0,0.63199,0.63199,0.63199,0.63199,54.3511,0,54.3511,0,54.3511,0,54.3511,0
1765976264183959,0,0.631674,0.631674,0.631674,0.631674,54.324,0,54.324,0,54.324,0,54.324,0
1765976264189064,0,0.631673,0.631673,0.631673,0.631673,54.3239,0,54.3239,0,54.3239,0,54.3239,0
1765976264193948,0,0.631672,0.631672,0.631672,0.631672,54.3238,0,54.3238,0,54.3238,0,54.3238,0
1765976264199075,0,0.631671,0.631671,0.631671,0.631671,54.3237,0,54.3237,0,54.3237,0,54.3237,0
1765976264203915,0,0.63167,0.63167,0.63167,0.63167,54.3236,0,54.3236,0,54.3236,0,54.3236,0
1765976264209078,0,0.6308,0.6308,0.6308,0.6308,54.2488,0,54.2488,0,54.2488,0,54.2488,0
1765976264213901,0,0.630799,0.630799,0.630799,0.630799,54.2487,0,54.2487,0,54.2487,0,54.2487,0
1765976264218912,0,0.630799,0.630799,0.630799,0.630799,54.2487,0,54.2487,0,54.2487,0,54.2487,0
1765976264223895,0,0.630798,0.630798,0.630798,0.630798,54.2486,0,54.2486,0,54.2486,0,54.2486,0
1765976264228908,0,0.629997,0.629997,0.629997,0.629997,54.1797,0,54.1797,0,54.1797,0,54.1797,0
1765976264233967,0,0.629997,0.629997,0.629997,0.629997,54.1797,0,54.1797,0,54.1797,0,54.1797,0
1765976264239071,0,0.629997,0.629997,0.629997,0.629997,54.1797,0,54.1797,0,54.1797,0,54.1797,0
1765976264244105,0,0.629441,0.629441,0.629441,0.629441,54.1319,0,54.1319,0,54.1319,0,54.1319,0
1765976264249107,0,0.62944,0.62944,0.62944,0.62944,54.1319,0,54.1319,0,54.1319,0,54.1319,0
1765976264254018,0,0.629439,0.629439,0.629439,0.629439,54.1318,0,54.1318,0,54.1318,0,54.1318,0
1765976264258942,0,0.629439,0.629439,0.629439,0.629439,54.1317,0,54.1317,0,54.1317,0,54.1317,0
1765976264264005,0,0.629672,0.629672,0.629672,0.629672,54.1517,0,54.1517,0,54.1517,0,54.1517,0
1765976264269024,0,0.629671,0.629671,0.629671,0.629671,54.1517,0,54.1517,0,54.1517,0,54.1517,0
1765976264274058,0,0.62967,0.62967,0.62967,0.62967,54.1517,0,54.1517,0,54.1517,0,54.1517,0
1765976264279092,0,0.62967,0.62967,0.62967,0.62967,54.1516,0,54.1516,0,54.1516,0,54.1516,0
1765976264284089,0,0.630293,0.630293,0.630293,0.630293,54.2052,0,54.2052,0,54.2052,0,54.2052,0
1765976264289066,0,0.630293,0.630293,0.630293,0.630293,54.2052,0,54.2052,0,54.2052,0,54.2052,0
1765976264294007,0,0.630294,0.630294,0.630294,0.630294,54.2053,0,54.2053,0,54.2053,0,54.2053,0
1765976264299102,0,0.630294,0.630294,0.630294,0.630294,54.2053,0,54.2053,0,54.2053,0,54.2053,0
1765976264303921,0,0.630295,0.630295,0.630295,0.630295,54.2053,0,54.2053,0,54.2053,0,54.2053,0
1765976264309029,0,0.631234,0.631234,0.631234,0.631234,54.2861,0,54.2861,0,54.2861,0,54.2861,0
1765976264314074,0,0.631235,0.631235,0.631235,0.631235,54.2862,0,54.2862,0,54.2862,0,54.2862,0
1765976264319071,0,0.631236,0.631236,0.631236,0.631236,54.2863,0,54.2863,0,54.2863,0,54.2863,0
1765976264324045,0,0.632245,0.632245,0.632245,0.632245,54.3731,0,54.3731,0,54.3731,0,54.3731,0
1765976264328960,0,0.632246,0.632246,0.632246,0.632246,54.3732,0,54.3732,0,54.3732,0,54.3732,0
1765976264334101,0,0.632248,0.632248,0.632248,0.632248,54.3733,0,54.3733,0,54.3733,0,54.3733,0
1765976264338949,0,0.632249,0.632249,0.632249,0.632249,54.3734,0,54.3734,0,54.3734,0,54.3734,0
1765976264344006,0,0.632715,0.632715,0.632715,0.632715,54.4135,0,54.4135,0,54.4135,0,54.4135,0
1765976264349000,0,0.632715,0.632715,0.632715,0.632715,54.4135,0,54.4135,0,54.4135,0,54.4135,0
1765976264353996,0,0.632715,0.632715,0.632715,0.632715,54.4135,0,54.4135,0,54.4135,0,54.4135,0
1765976264359042,0,0.632715,0.632715,0.632715,0.632715,54.4135,0,54.4135,0,54.4135,0,54.4135,0
1765976264364087,0,0.632605,0.632605,0.632605,0.632605,54.404,0,54.404,0,54.404,0,54.404,0
1765976264369085,0,0.632605,0.632605,0.632605,0.632605,54.404,0,54.404,0,54.404,0,54.404,0
1765976264373922,0,0.632605,0.632605,0.632605,0.632605,54.404,0,54.404,0,54.404,0,54.404,0
1765976264378940,0,0.632605,0.632605,0.632605,0.632605,54.404,0,54.404,0,54.404,0,54.404,0
1765976264383938,0,0.632605,0.632605,0.632605,0.632605,54.404,0,54.404,0,54.404,0,54.404,0
1765976264388856,0,0.63191,0.63191,0.63191,0.63191,54.3442,0,54.3442,0,54.3442,0,54.3442,0
1765976264393897,0,0.63191,0.63191,0.63191,0.63191,54.3443,0,54.3443,0,54.3443,0,54.3443,0
1765976264398892,0,0.631911,0.631911,0.631911,0.631911,54.3443,0,54.3443,0,54.3443,0,54.3443,0
1765976264403857,0,0.631911,0.631911,0.631911,0.631911,54.3443,0,54.3443,0,54.3443,0,54.3443,0
1765976264408886,0,0.631402,0.631402,0.631402,0.631402,54.3005,0,54.3005,0,54.3005,0,54.3005,0
1765976264413886,0,0.631403,0.631403,0.631403,0.631403,54.3007,0,54.3007,0,54.3007,0,54.3007,0
1765976264418874,0,0.631405,0.631405,0.631405,0.631405,54.3008,0,54.3008,0,54.3008,0,54.3008,0
1765976264423885,0,0.631406,0.631406,0.631406,0.631406,54.3009,0,54.3009,0,54.3009,0,54.3009,0
1765976264428877,0,0.630737,0.630737,0.630737,0.630737,54.2433,0,54.2433,0,54.2433,0,54.2433,0
1765976264433866,0,0.630737,0.630737,0.630737,0.630737,54.2434,0,54.2434,0,54.2434,0,54.2434,0
1765976264438881,0,0.630737,0.630737,0.630737,0.630737,54.2434,0,54.2434,0,54.2434,0,54.2434,0
1765976264443868,0,0.630846,0.630846,0.630846,0.630846,54.2527,0,54.2527,0,54.2527,0,54.2527,0
1765976264448886,0,0.630846,0.630846,0.630846,0.630846,54.2528,0,54.2528,0,54.2528,0,54.2528,0
1765976264453976,0,0.630847,0.630847,0.630847,0.630847,54.2528,0,54.2528,0,54.2528,0,54.2528,0
1765976264459070,0,0.630847,0.630847,0.630847,0.630847,54.2529,0,54.2529,0,54.2529,0,54.2529,0
1765976264463921,0,0.630848,0.630848,0.630848,0.630848,54.2529,0,54.2529,0,54.2529,0,54.2529,0
1765976264468882,0,0.63053,0.63053,0.63053,0.63053,54.2255,0,54.2255,0,54.2255,0,54.2255,0
1765976264474031,0,0.630529,0.630529,0.630529,0.630529,54.2255,0,54.2255,0,54.2255,0,54.2255,0
1765976264479008,0,0.630529,0.630529,0.630529,0.630529,54.2255,0,54.2255,0,54.2255,0,54.2255,0
1765976264484014,0,0.629707,0.629707,0.629707,0.629707,54.1548,0,54.1548,0,54.1548,0,54.1548,0
1765976264488976,0,0.629705,0.629705,0.629705,0.629705,54.1547,0,54.1547,0,54.1547,0,54.1547,0
1765976264494096,0,0.629704,0.629704,0.629704,0.629704,54.1545,0,54.1545,0,54.1545,0,54.1545,0
1765976264499014,0,0.629703,0.629703,0.629703,0.629703,54.1544,0,54.1544,0,54.1544,0,54.1544,0
1765976264503968,0,0.629306,0.629306,0.629306,0.629306,54.1203,0,54.1203,0,54.1203,0,54.1203,0
1765976264508939,0,0.629306,0.629306,0.629306,0.629306,54.1203,0,54.1203,0,54.1203,0,54.1203,0
1765976264514139,0,0.629305,0.629305,0.629305,0.629305,54.1202,0,54.1202,0,54.1202,0,54.1202,0
1765976264518958,0,0.629305,0.629305,0.629305,0.629305,54.1202,0,54.1202,0,54.1202,0,54.1202,0
1765976264524054,0,0.628551,0.628551,0.628551,0.628551,54.0554,0,54.0554,0,54.0554,0,54.0554,0
1765976264528919,0,0.62855,0.62855,0.62855,0.62855,54.0553,0,54.0553,0,54.0553,0,54.0553,0
1765976264533979,0,0.628548,0.628548,0.628548,0.628548,54.0552,0,54.0552,0,54.0552,0,54.0552,0
1765976264538940,0,0.628547,0.628547,0.628547,0.628547,54.0551,0,54.0551,0,54.0551,0,54.0551,0
1765976264543992,0,0.628406,0.628406,0.628406,0.628406,54.0429,0,54.0429,0,54.0429,0,54.0429,0
1765976264548911,0,0.628405,0.628405,0.628405,0.628405,54.0428,0,54.0428,0,54.0428,0,54.0428,0
1765976264554008,0,0.628404,0.628404,0.628404,0.628404,54.0427,0,54.0427,0,54.0427,0,54.0427,0
1765976264558938,0,0.628402,0.628402,0.628402,0.628402,54.0426,0,54.0426,0,54.0426,0,54.0426,0
1765976264564121,0,0.628802,0.628802,0.628802,0.628802,54.077,0,54.077,0,54.077,0,54.077,0
1765976264568959,0,0.628802,0.628802,0.628802,0.628802,54.0769,0,54.0769,0,54.0769,0,54.0769,0
1765976264574088,0,0.628801,0.628801,0.628801,0.628801,54.0769,0,54.0769,0,54.0769,0,54.0769,0
1765976264578950,0,0.6288,0.6288,0.6288,0.6288,54.0768,0,54.0768,0,54.0768,0,54.0768,0
1765976264583924,0,0.628799,0.628799,0.628799,0.628799,54.0767,0,54.0767,0,54.0767,0,54.0767,0
1765976264588995,0,0.630091,0.630091,0.630091,0.630091,54.1879,0,54.1879,0,54.1879,0,54.1879,0
1765976264594055,0,0.630092,0.630092,0.630092,0.630092,54.1879,0,54.1879,0,54.1879,0,54.1879,0
1765976264599123,0,0.630093,0.630093,0.630093,0.630093,54.188,0,54.188,0,54.188,0,54.188,0
1765976264604011,0,0.631915,0.631915,0.631915,0.631915,54.3447,0,54.3447,0,54.3447,0,54.3447,0
1765976264609022,0,0.631917,0.631917,0.631917,0.631917,54.3449,0,54.3449,0,54.3449,0,54.3449,0
1765976264614100,0,0.631919,0.631919,0.631919,0.631919,54.3451,0,54.3451,0,54.3451,0,54.3451,0
1765976264619007,0,0.631921,0.631921,0.631921,0.631921,54.3452,0,54.3452,0,54.3452,0,54.3452,0
1765976264623968,0,0.633624,0.633624,0.633624,0.633624,54.4916,0,54.4916,0,54.4916,0,54.4916,0
1765976264628998,0,0.633625,0.633625,0.633625,0.633625,54.4918,0,54.4918,0,54.4918,0,54.4918,0
1765976264634049,0,0.633627,0.633627,0.633627,0.633627,54.4919,0,54.4919,0,54.4919,0,54.4919,0
1765976264639074,0,0.633628,0.633628,0.633628,0.633628,54.4921,0,54.4921,0,54.4921,0,54.4921,0
1765976264644089,0,0.63419,0.63419,0.63419,0.63419,54.5403,0,54.5403,0,54.5403,0,54.5403,0
1765976264649085,0,0.63419,0.63419,0.63419,0.63419,54.5403,0,54.5403,0,54.5403,0,54.5403,0
1765976264654009,0,0.63419,0.63419,0.63419,0.63419,54.5403,0,54.5403,0,54.5403,0,54.5403,0
1765976264658969,0,0.634189,0.634189,0.634189,0.634189,54.5403,0,54.5403,0,54.5403,0,54.5403,0
1765976264664026,0,0.633052,0.633052,0.633052,0.633052,54.4425,0,54.4425,0,54.4425,0,54.4425,0
1765976264669015,0,0.63305,0.63305,0.63305,0.63305,54.4423,0,54.4423,0,54.4423,0,54.4423,0
1765976264674017,0,0.633049,0.633049,0.633049,0.633049,54.4422,0,54.4422,0,54.4422,0,54.4422,0
1765976264678954,0,0.633047,0.633047,0.633047,0.633047,54.442,0,54.442,0,54.442,0,54.442,0
1765976264683989,0,0.633045,0.633045,0.633045,0.633045,54.4419,0,54.4419,0,54.4419,0,54.4419,0
1765976264688944,0,0.631403,0.631403,0.631403,0.631403,54.3006,0,54.3006,0,54.3006,0,54.3006,0
1765976264693953,0,0.631403,0.631403,0.631403,0.631403,54.3006,0,54.3006,0,54.3006,0,54.3006,0
1765976264699106,0,0.631403,0.631403,0.631403,0.631403,54.3006,0,54.3006,0,54.3006,0,54.3006,0
1765976264704026,0,0.62951,0.62951,0.62951,0.62951,54.1379,0,54.1379,0,54.1379,0,54.1379,0
1765976264709073,0,0.62951,0.62951,0.62951,0.62951,54.1379,0,54.1379,0,54.1379,0,54.1379,0
1765976264714106,0,0.62951,0.62951,0.62951,0.62951,54.1379,0,54.1379,0,54.1379,0,54.1379,0
1765976264718944,0,0.62951,0.62951,0.62951,0.62951,54.1379,0,54.1379,0,54.1379,0,54.1379,0
1765976264724049,0,0.628802,0.628802,0.628802,0.628802,54.0769,0,54.0769,0,54.0769,0,54.0769,0
1765976264728945,0,0.628802,0.628802,0.628802,0.628802,54.0769,0,54.0769,0,54.0769,0,54.0769,0
1765976264734097,0,0.628801,0.628801,0.628801,0.628801,54.0769,0,54.0769,0,54.0769,0,54.0769,0
1765976264739009,0,0.628801,0.628801,0.628801,0.628801,54.0769,0,54.0769,0,54.0769,0,54.0769,0
1765976264744020,0,0.62932,0.62932,0.62932,0.62932,54.1215,0,54.1215,0,54.1215,0,54.1215,0
1765976264749006,0,0.629321,0.629321,0.629321,0.629321,54.1216,0,54.1216,0,54.1216,0,54.1216,0
1765976264753918,0,0.629321,0.629321,0.629321,0.629321,54.1216,0,54.1216,0,54.1216,0,54.1216,0
1765976264758910,0,0.629321,0.629321,0.629321,0.629321,54.1216,0,54.1216,0,54.1216,0,54.1216,0
1765976264764094,0,0.630076,0.630076,0.630076,0.630076,54.1865,0,54.1865,0,54.1865,0,54.1865,0
1765976264769071,0,0.630076,0.630076,0.630076,0.630076,54.1866,0,54.1866,0,54.1866,0,54.1866,0
1765976264774056,0,0.630076,0.630076,0.630076,0.630076,54.1866,0,54.1866,0,54.1866,0,54.1866,0
1765976264778953,0,0.630076,0.630076,0.630076,0.630076,54.1866,0,54.1866,0,54.1866,0,54.1866,0
1765976264784011,0,0.630687,0.630687,0.630687,0.630687,54.2391,0,54.2391,0,54.2391,0,54.2391,0
1765976264789020,0,0.630687,0.630687,0.630687,0.630687,54.239,0,54.239,0,54.239,0,54.239,0
1765976264793965,0,0.630686,0.630686,0.630686,0.630686,54.239,0,54.239,0,54.239,0,54.239,0
1765976264799091,0,0.630686,0.630686,0.630686,0.630686,54.239,0,54.239,0,54.239,0,54.239,0
1765976264804057,0,0.631285,0.631285,0.631285,0.631285,54.2905,0,54.2905,0,54.2905,0,54.2905,0
1765976264809026,0,0.631285,0.631285,0.631285,0.631285,54.2906,0,54.2906,0,54.2906,0,54.2906,0
1765976264814084,0,0.631286,0.631286,0.631286,0.631286,54.2906,0,54.2906,0,54.2906,0,54.2906,0
1765976264819076,0,0.631286,0.631286,0.631286,0.631286,54.2906,0,54.2906,0,54.2906,0,54.2906,0
1765976264823929,0,0.632147,0.632147,0.632147,0.632147,54.3646,0,54.3646,0,54.3646,0,54.3646,0
1765976264829016,0,0.632149,0.632149,0.632149,0.632149,54.3648,0,54.3648,0,54.3648,0,54.3648,0
1765976264834057,0,0.632151,0.632151,0.632151,0.632151,54.365,0,54.365,0,54.365,0,54.365,0
1765976264839025,0,0.632153,0.632153,0.632153,0.632153,54.3652,0,54.3652,0,54.3652,0,54.3652,0
1765976264844055,0,0.632173,0.632173,0.632173,0.632173,54.3668,0,54.3668,0,54.3668,0,54.3668,0
1765976264849096,0,0.632173,0.632173,0.632173,0.632173,54.3669,0,54.3669,0,54.3669,0,54.3669,0
1765976264854001,0,0.632173,0.632173,0.632173,0.632173,54.3669,0,54.3669,0,54.3669,0,54.3669,0
1765976264858961,0,0.632173,0.632173,0.632173,0.632173,54.3669,0,54.3669,0,54.3669,0,54.3669,0
1765976264864021,0,0.631636,0.631636,0.631636,0.631636,54.3207,0,54.3207,0,54.3207,0,54.3207,0
1765976264868915,0,0.631634,0.631634,0.631634,0.631634,54.3205,0,54.3205,0,54.3205,0,54.3205,0
1765976264874004,0,0.631632,0.631632,0.631632,0.631632,54.3204,0,54.3204,0,54.3204,0,54.3204,0
1765976264878951,0,0.631631,0.631631,0.631631,0.631631,54.3202,0,54.3202,0,54.3202,0,54.3202,0
1765976264883981,0,0.632096,0.632096,0.632096,0.632096,54.3603,0,54.3603,0,54.3603,0,54.3603,0
1765976264889029,0,0.631049,0.631049,0.631049,0.631049,54.2702,0,54.2702,0,54.2702,0,54.2702,0
1765976264893943,0,0.631049,0.631049,0.631049,0.631049,54.2702,0,54.2702,0,54.2702,0,54.2702,0
1765976264899099,0,0.631049,0.631049,0.631049,0.631049,54.2702,0,54.2702,0,54.2702,0,54.2702,0
1765976264903906,0,0.631049,0.631049,0.631049,0.631049,54.2702,0,54.2702,0,54.2702,0,54.2702,0
1765976264909061,0,0.629949,0.629949,0.629949,0.629949,54.1756,0,54.1756,0,54.1756,0,54.1756,0
1765976264913946,0,0.629949,0.629949,0.629949,0.629949,54.1756,0,54.1756,0,54.1756,0,54.1756,0
1765976264918981,0,0.629949,0.629949,0.629949,0.629949,54.1757,0,54.1757,0,54.1757,0,54.1757,0
1765976264923956,0,0.62995,0.62995,0.62995,0.62995,54.1757,0,54.1757,0,54.1757,0,54.1757,0
1765976264929088,0,0.629399,0.629399,0.629399,0.629399,54.1283,0,54.1283,0,54.1283,0,54.1283,0
1765976264934029,0,0.629399,0.629399,0.629399,0.629399,54.1283,0,54.1283,0,54.1283,0,54.1283,0
1765976264938928,0,0.629399,0.629399,0.629399,0.629399,54.1283,0,54.1283,0,54.1283,0,54.1283,0
1765976264943993,0,0.629579,0.629579,0.629579,0.629579,54.1438,0,54.1438,0,54.1438,0,54.1438,0
1765976264948899,0,0.629578,0.629578,0.629578,0.629578,54.1437,0,54.1437,0,54.1437,0,54.1437,0
1765976264954011,0,0.629577,0.629577,0.629577,0.629577,54.1437,0,54.1437,0,54.1437,0,54.1437,0
1765976264958960,0,0.629577,0.629577,0.629577,0.629577,54.1436,0,54.1436,0,54.1436,0,54.1436,0
1765976264963996,0,0.63027,0.63027,0.63027,0.63027,54.2032,0,54.2032,0,54.2032,0,54.2032,0
1765976264968915,0,0.63027,0.63027,0.63027,0.63027,54.2032,0,54.2032,0,54.2032,0,54.2032,0
1765976264974082,0,0.630271,0.630271,0.630271,0.630271,54.2033,0,54.2033,0,54.2033,0,54.2033,0
1765976264979099,0,0.630271,0.630271,0.630271,0.630271,54.2033,0,54.2033,0,54.2033,0,54.2033,0
1765976264984021,0,0.630536,0.630536,0.630536,0.630536,54.2261,0,54.2261,0,54.2261,0,54.2261,0
1765976264989008,0,0.630535,0.630535,0.630535,0.630535,54.226,0,54.226,0,54.226,0,54.226,0
1765976264994068,0,0.630535,0.630535,0.630535,0.630535,54.226,0,54.226,0,54.226,0,54.226,0
1765976264999100,0,0.630535,0.630535,0.630535,0.630535,54.226,0,54.226,0,54.226,0,54.226,0
1765976265003915,0,0.631227,0.631227,0.631227,0.631227,54.2855,0,54.2855,0,54.2855,0,54.2855,0
1765976265009108,0,0.631228,0.631228,0.631228,0.631228,54.2856,0,54.2856,0,54.2856,0,54.2856,0
1765976265014089,0,0.631229,0.631229,0.631229,0.631229,54.2857,0,54.2857,0,54.2857,0,54.2857,0
1765976265018916,0,0.631229,0.631229,0.631229,0.631229,54.2857,0,54.2857,0,54.2857,0,54.2857,0
1765976265023960,0,0.631995,0.631995,0.631995,0.631995,54.3516,0,54.3516,0,54.3516,0,54.3516,0
1765976265029024,0,0.631996,0.631996,0.631996,0.631996,54.3517,0,54.3517,0,54.3517,0,54.3517,0
1765976265034063,0,0.631998,0.631998,0.631998,0.631998,54.3518,0,54.3518,0,54.3518,0,54.3518,0
1765976265039027,0,0.631999,0.631999,0.631999,0.631999,54.3519,0,54.3519,0,54.3519,0,54.3519,0
1765976265044107,0,0.631106,0.631106,0.631106,0.631106,54.2751,0,54.2751,0,54.2751,0,54.2751,0
1765976265049097,0,0.631104,0.631104,0.631104,0.631104,54.2749,0,54.2749,0,54.2749,0,54.2749,0
1765976265054062,0,0.631102,0.631102,0.631102,0.631102,54.2747,0,54.2747,0,54.2747,0,54.2747,0
1765976265058995,0,0.631099,0.631099,0.631099,0.631099,54.2745,0,54.2745,0,54.2745,0,54.2745,0
1765976265064015,0,0.630207,0.630207,0.630207,0.630207,54.1978,0,54.1978,0,54.1978,0,54.1978,0
1765976265069023,0,0.630205,0.630205,0.630205,0.630205,54.1976,0,54.1976,0,54.1976,0,54.1976,0
1765976265074122,0,0.630202,0.630202,0.630202,0.630202,54.1974,0,54.1974,0,54.1974,0,54.1974,0
1765976265079113,0,0.630199,0.630199,0.630199,0.630199,54.1971,0,54.1971,0,54.1971,0,54.1971,0
1765976265084029,0,0.629223,0.629223,0.629223,0.629223,54.1132,0,54.1132,0,54.1132,0,54.1132,0
1765976265089047,0,0.629223,0.629223,0.629223,0.629223,54.1132,0,54.1132,0,54.1132,0,54.1132,0
1765976265094111,0,0.629223,0.629223,0.629223,0.629223,54.1131,0,54.1131,0,54.1131,0,54.1131,0
1765976265099091,0,0.629222,0.629222,0.629222,0.629222,54.1131,0,54.1131,0,54.1131,0,54.1131,0
1765976265104061,0,0.628661,0.628661,0.628661,0.628661,54.0648,0,54.0648,0,54.0648,0,54.0648,0
1765976265109086,0,0.628661,0.628661,0.628661,0.628661,54.0649,0,54.0649,0,54.0649,0,54.0649,0
1765976265114115,0,0.628662,0.628662,0.628662,0.628662,54.0649,0,54.0649,0,54.0649,0,54.0649,0
1765976265118939,0,0.628662,0.628662,0.628662,0.628662,54.065,0,54.065,0,54.065,0,54.065,0
1765976265124055,0,0.629659,0.629659,0.629659,0.629659,54.1507,0,54.1507,0,54.1507,0,54.1507,0
1765976265129092,0,0.62966,0.62966,0.62966,0.62966,54.1508,0,54.1508,0,54.1508,0,54.1508,0
1765976265134065,0,0.629661,0.629661,0.629661,0.629661,54.1508,0,54.1508,0,54.1508,0,54.1508,0
1765976265139029,0,0.629661,0.629661,0.629661,0.629661,54.1509,0,54.1509,0,54.1509,0,54.1509,0
1765976265144097,0,0.631129,0.631129,0.631129,0.631129,54.2771,0,54.2771,0,54.2771,0,54.2771,0
1765976265148914,0,0.631129,0.631129,0.631129,0.631129,54.2771,0,54.2771,0,54.2771,0,54.2771,0
1765976265154003,0,0.631129,0.631129,0.631129,0.631129,54.2771,0,54.2771,0,54.2771,0,54.2771,0
1765976265159096,0,0.631129,0.631129,0.631129,0.631129,54.2771,0,54.2771,0,54.2771,0,54.2771,0
1765976265163899,0,0.633163,0.633163,0.633163,0.633163,54.452,0,54.452,0,54.452,0,54.452,0
1765976265168943,0,0,0,0,0.673325,34.4,0,34.4,0,34.4,0,57.9059,0
1765976265173952,0,0.659411,0.643377,0.632955,0.579724,56.7094,0,55.3304,0,54.4341,0,49.8563,0
1765976265178960,0,0.646693,0.645198,0.628542,0.596584,55.6156,0,55.487,0,54.0546,0,51.3062,0
1765976265183938,0,0.637278,0.646961,0.62653,0.607863,54.8059,0,55.6386,0,53.8816,0,52.2762,0
1765976265189081,0,0.631109,0.647091,0.624315,0.61638,54.2754,0,55.6498,0,53.6911,0,53.0087,0
1765976265194068,0,0.626803,0.647345,0.623932,0.621872,53.905,0,55.6717,0,53.6582,0,53.481,0
1765976265199088,0,0.624251,0.646489,0.623141,0.626109,53.6856,0,55.598,0,53.5902,0,53.8454,0
1765976265204085,0,0.622669,0.645956,0.623499,0.628767,53.5495,0,55.5522,0,53.6209,0,54.0739,0
1765976265209088,0,0.62192,0.644788,0.623379,0.630824,53.4851,0,55.4517,0,53.6106,0,54.2509,0
1765976265214165,0,0.621776,0.644011,0.623947,0.632016,53.4727,0,55.385,0,53.6594,0,54.3534,0
1765976265218956,0,0.621962,0.642649,0.624321,0.632853,53.4887,0,55.2678,0,53.6916,0,54.4253,0
1765976265223954,0,0.622528,0.64171,0.625028,0.633307,53.5374,0,55.187,0,53.7524,0,54.4644,0
1765976265228993,0,0.622888,0.640721,0.625267,0.633721,53.5684,0,55.102,0,53.773,0,54.5,0
1765976265233958,0,0.623807,0.639753,0.62599,0.63378,53.6474,0,55.0188,0,53.8351,0,54.5051,0
1765976265238964,0,0.624242,0.638939,0.626257,0.633913,53.6848,0,54.9488,0,53.8581,0,54.5165,0
1765976265244129,0,0.625197,0.638072,0.626856,0.633867,53.7669,0,54.8742,0,53.9096,0,54.5126,0
1765976265249151,0,0.625581,0.63747,0.62708,0.633877,53.8,0,54.8224,0,53.9289,0,54.5134,0
1765976265254053,0,0.626776,0.636365,0.627933,0.633551,53.9028,0,54.7274,0,54.0022,0,54.4854,0
1765976265258986,0,0.62708,0.635912,0.628145,0.6335,53.9289,0,54.6884,0,54.0205,0,54.481,0
1765976265263940,0,0.628203,0.63491,0.628897,0.633188,54.0255,0,54.6022,0,54.0852,0,54.4542,0
1765976265268874,0,0.628318,0.634739,0.62894,0.63321,54.0353,0,54.5876,0,54.0888,0,54.4561,0
1765976265273970,0,0.629358,0.633806,0.629624,0.632918,54.1248,0,54.5073,0,54.1477,0,54.431,0
1765976265278985,0,0.629306,0.633867,0.629526,0.633014,54.1203,0,54.5125,0,54.1393,0,54.4392,0
1765976265283922,0,0.63042,0.63275,0.630411,0.632605,54.2161,0,54.4165,0,54.2153,0,54.404,0
1765976265288922,0,0.630203,0.633044,0.630153,0.632792,54.1975,0,54.4418,0,54.1931,0,54.4201,0
1765976265293896,0,0.631343,0.631841,0.631132,0.632305,54.2955,0,54.3383,0,54.2773,0,54.3783,0
1765976265298923,0,0.630949,0.632381,0.630685,0.632614,54.2616,0,54.3848,0,54.2389,0,54.4048,0
1765976265303900,0,0.632082,0.631073,0.631783,0.632093,54.3591,0,54.2723,0,54.3333,0,54.36,0
1765976265308885,0,0.631579,0.631782,0.631211,0.632469,54.3158,0,54.3333,0,54.2841,0,54.3923,0
1765976265313911,0,0.632757,0.630401,0.632389,0.631856,54.4171,0,54.2145,0,54.3854,0,54.3396,0
1765976265318922,0,0.632082,0.631352,0.631608,0.632372,54.3591,0,54.2963,0,54.3183,0,54.384,0
1765976265323898,0,0.633306,0.629787,0.632976,0.631669,54.4643,0,54.1617,0,54.4359,0,54.3235,0
1765976265328914,0,0.632501,0.630947,0.632011,0.632296,54.3951,0,54.2614,0,54.3529,0,54.3774,0
1765976265333918,0,0.633811,0.629225,0.633558,0.631485,54.5078,0,54.1133,0,54.486,0,54.3077,0
1765976265338918,0,0.632871,0.6306,0.632394,0.632234,54.4269,0,54.2316,0,54.3859,0,54.3721,0
1765976265343918,0,0.634221,0.628768,0.63405,0.631332,54.543,0,54.0741,0,54.5283,0,54.2946,0
1765976265348898,0,0.633149,0.630351,0.632688,0.632209,54.4508,0,54.2102,0,54.4112,0,54.3699,0
1765976265353859,0,0.634633,0.628272,0.634614,0.631155,54.5785,0,54.0314,0,54.5768,0,54.2793,0
1765976265358909,0,0.633386,0.63014,0.632973,0.632206,54.4712,0,54.192,0,54.4356,0,54.3697,0
1765976265363914,0,0.63496,0.627925,0.635047,0.631031,54.6066,0,54.0015,0,54.6141,0,54.2687,0
1765976265368877,0,0.633621,0.62994,0.633259,0.632178,54.4914,0,54.1749,0,54.4603,0,54.3673,0
1765976265373903,0,0.635191,0.627572,0.63549,0.630977,54.6264,0,53.9712,0,54.6521,0,54.264,0
1765976265378909,0,0.633721,0.629843,0.633445,0.632263,54.5,0,54.1665,0,54.4762,0,54.3746,0
1765976265383875,0,0.635493,0.62724,0.635932,0.630836,54.6524,0,53.9426,0,54.6902,0,54.2519,0
1765976265388896,0,0.633861,0.62977,0.633622,0.632296,54.512,0,54.1602,0,54.4915,0,54.3774,0
1765976265393909,0,0.635707,0.627025,0.636263,0.630764,54.6708,0,53.9241,0,54.7186,0,54.2457,0
1765976265398929,0,0.633956,0.629753,0.633746,0.632357,54.5202,0,54.1587,0,54.5021,0,54.3827,0
1765976265403938,0,0.635939,0.626792,0.636623,0.630669,54.6908,0,53.9041,0,54.7496,0,54.2375,0
1765976265408917,0,0.634072,0.629713,0.633902,0.632393,54.5302,0,54.1553,0,54.5156,0,54.3858,0
1765976265413907,0,0.636119,0.626559,0.636983,0.630614,54.7063,0,53.8841,0,54.7806,0,54.2328,0
1765976265418916,0,0.634111,0.629737,0.633994,0.632499,54.5335,0,54.1574,0,54.5235,0,54.3949,0
1765976265423899,0,0.63627,0.626445,0.637236,0.630581,54.7192,0,53.8743,0,54.8023,0,54.23,0
1765976265428925,0,0.634138,0.629831,0.634022,0.63261,54.5359,0,54.1655,0,54.5259,0,54.4044,0
1765976265433923,0,0.636465,0.6263,0.637529,0.630507,54.736,0,53.8618,0,54.8275,0,54.2236,0
1765976265438897,0,0.63423,0.629857,0.634129,0.632659,54.5438,0,54.1677,0,54.5351,0,54.4087,0
1765976265443916,0,0.636589,0.626209,0.637767,0.630495,54.7466,0,53.854,0,54.8479,0,54.2226,0
1765976265448929,0,0.634222,0.629997,0.634117,0.632803,54.5431,0,54.1797,0,54.5341,0,54.4211,0
1765976265453861,0,0.636824,0.626006,0.638129,0.630382,54.7669,0,53.8365,0,54.8791,0,54.2129,0
1765976265458926,0,0.634285,0.630073,0.634182,0.632889,54.5485,0,54.1862,0,54.5397,0,54.4284,0
1765976265463883,0,0.636952,0.625976,0.638322,0.630373,54.7779,0,53.8339,0,54.8957,0,54.212,0
1765976265468853,0,0.634342,0.630173,0.634226,0.632972,54.5535,0,54.1949,0,54.5434,0,54.4356,0
1765976265473923,0,0.637029,0.626011,0.638454,0.630419,54.7845,0,53.837,0,54.9071,0,54.216,0
1765976265478988,0,0.634285,0.630433,0.634108,0.633182,54.5485,0,54.2173,0,54.5333,0,54.4536,0
1765976265484054,0,0.637081,0.626161,0.638481,0.630485,54.7889,0,53.8498,0,54.9094,0,54.2217,0
1765976265489076,0,0.63428,0.630672,0.634021,0.63333,54.5481,0,54.2378,0,54.5258,0,54.4663,0
1765976265494015,0,0.637226,0.626123,0.638696,0.630452,54.8014,0,53.8466,0,54.9279,0,54.2189,0
1765976265499119,0,0.634268,0.630884,0.633958,0.633487,54.547,0,54.2561,0,54.5204,0,54.4799,0
1765976265504095,0,0.637331,0.626132,0.638865,0.630478,54.8105,0,53.8473,0,54.9424,0,54.2211,0
1765976265509142,0,0.63432,0.63101,0.633988,0.633591,54.5515,0,54.2669,0,54.523,0,54.4888,0
1765976265514136,0,0.637477,0.626163,0.63902,0.630464,54.823,0,53.85,0,54.9557,0,54.2199,0
1765976265519103,0,0.634379,0.631179,0.633981,0.633689,54.5566,0,54.2814,0,54.5224,0,54.4973,0
1765976265523966,0,0.63761,0.626231,0.639151,0.630447,54.8345,0,53.8559,0,54.967,0,54.2184,0
1765976265529085,0,0.634367,0.63146,0.633866,0.633856,54.5555,0,54.3056,0,54.5124,0,54.5116,0
1765976265534110,0,0.637669,0.626395,0.639172,0.630533,54.8395,0,53.87,0,54.9688,0,54.2258,0
1765976265538978,0,0.634455,0.6316,0.633893,0.633926,54.5631,0,54.3176,0,54.5148,0,54.5177,0
1765976265544128,0,0.637527,0.626801,0.63896,0.630795,54.8274,0,53.9049,0,54.9506,0,54.2483,0
1765976265549054,0,0.634276,0.63208,0.633568,0.634261,54.5477,0,54.3589,0,54.4868,0,54.5465,0
1765976265553947,0,0.638021,0.626374,0.639582,0.630448,54.8698,0,53.8681,0,55.004,0,54.2185,0
1765976265559093,0,0.634487,0.632065,0.633747,0.634244,54.5659,0,54.3576,0,54.5022,0,54.545,0
1765976265564138,0,0.637986,0.626716,0.639429,0.63064,54.8668,0,53.8976,0,54.9909,0,54.235,0
1765976265569094,0,0.634485,0.632365,0.633613,0.63442,54.5657,0,54.3834,0,54.4907,0,54.5601,0
1765976265574094,0,0.637983,0.626985,0.639363,0.630783,54.8665,0,53.9207,0,54.9852,0,54.2473,0
1765976265579172,0,0.6344,0.632756,0.633383,0.634684,54.5584,0,54.417,0,54.4709,0,54.5829,0
1765976265584112,0,0.63813,0.627131,0.639414,0.630782,54.8792,0,53.9333,0,54.9896,0,54.2473,0
1765976265589082,0,0.634522,0.632924,0.63339,0.634731,54.5689,0,54.4314,0,54.4716,0,54.5869,0
1765976265594141,0,0.638034,0.627446,0.639293,0.631025,54.871,0,53.9604,0,54.9792,0,54.2681,0
1765976265599128,0,0.634421,0.633282,0.633189,0.635012,54.5602,0,54.4622,0,54.4543,0,54.611,0
1765976265604078,0,0.638243,0.627487,0.639444,0.630965,54.8889,0,53.9639,0,54.9922,0,54.263,0
1765976265609084,0,0.634533,0.633447,0.633184,0.635083,54.5698,0,54.4765,0,54.4538,0,54.6171,0
1765976265614130,0,0.638431,0.627575,0.639544,0.630939,54.9051,0,53.9715,0,55.0008,0,54.2608,0
1765976265619077,0,0.634656,0.633611,0.633183,0.635151,54.5804,0,54.4905,0,54.4537,0,54.6229,0
1765976265624024,0,0.63822,0.628189,0.639133,0.631282,54.8869,0,54.0242,0,54.9655,0,54.2902,0
1765976265629056,0,0.634491,0.634138,0.632813,0.635479,54.5663,0,54.5359,0,54.4219,0,54.6512,0
1765976265634123,0,0.638391,0.628243,0.639242,0.631281,54.9016,0,54.0289,0,54.9748,0,54.2902,0
1765976265639086,0,0.634624,0.634243,0.632849,0.63554,54.5776,0,54.5449,0,54.425,0,54.6565,0
1765976265644031,0,0.638462,0.628413,0.639259,0.631345,54.9077,0,54.0435,0,54.9763,0,54.2956,0
1765976265649128,0,0.634601,0.634533,0.632694,0.635749,54.5756,0,54.5699,0,54.4117,0,54.6744,0
1765976265653976,0,0.638685,0.628376,0.639465,0.63128,54.9269,0,54.0403,0,54.994,0,54.2901,0
1765976265659117,0,0.63473,0.634624,0.632738,0.635816,54.5868,0,54.5777,0,54.4155,0,54.6802,0
1765976265663953,0,0.63844,0.62908,0.638933,0.631659,54.9058,0,54.1009,0,54.9483,0,54.3227,0
1765976265669105,0,0.634551,0.635185,0.632299,0.636164,54.5714,0,54.6259,0,54.3777,0,54.7101,0
1765976265673962,0,0.638673,0.628995,0.639164,0.631579,54.9259,0,54.0936,0,54.9681,0,54.3158,0
1765976265679018,0,0.634769,0.635133,0.632487,0.636114,54.5902,0,54.6214,0,54.3939,0,54.7058,0
1765976265684101,0,0.638491,0.629593,0.638701,0.631918,54.9103,0,54.145,0,54.9283,0,54.345,0
1765976265688958,0,0.634734,0.635494,0.632249,0.636307,54.5871,0,54.6525,0,54.3734,0,54.7224,0
1765976265694171,0,0.63847,0.629841,0.638581,0.632089,54.9084,0,54.1663,0,54.918,0,54.3596,0
1765976265699160,0,0.634699,0.635748,0.632076,0.636533,54.5841,0,54.6743,0,54.3586,0,54.7419,0
1765976265704003,0,0.63877,0.629712,0.638859,0.6319,54.9342,0,54.1553,0,54.9419,0,54.3434,0
1765976265709159,0,0.634834,0.635802,0.632111,0.636576,54.5958,0,54.679,0,54.3616,0,54.7456,0
1765976265714093,0,0.638778,0.629918,0.638763,0.632032,54.9349,0,54.1729,0,54.9336,0,54.3548,0
1765976265719067,0,0.634913,0.635911,0.632101,0.636646,54.6025,0,54.6883,0,54.3607,0,54.7516,0
1765976265723991,0,0.638764,0.630247,0.638559,0.63216,54.9337,0,54.2012,0,54.9161,0,54.3658,0
1765976265729150,0,0.634873,0.636216,0.631864,0.636854,54.5991,0,54.7145,0,54.3403,0,54.7695,0
1765976265733968,0,0.638965,0.63024,0.638671,0.632074,54.951,0,54.2006,0,54.9257,0,54.3584,0
1765976265739092,0,0.635039,0.63622,0.631939,0.636831,54.6134,0,54.7149,0,54.3468,0,54.7674,0
1765976265744027,0,0.638703,0.630815,0.638182,0.632452,54.9284,0,54.2501,0,54.8837,0,54.3909,0
1765976265749087,0,0.634895,0.636598,0.63161,0.637114,54.601,0,54.7474,0,54.3184,0,54.7918,0
1765976265754030,0,0.639055,0.630461,0.638601,0.632227,54.9587,0,54.2197,0,54.9197,0,54.3715,0
1765976265759071,0,0.635192,0.636335,0.631934,0.636959,54.6265,0,54.7248,0,54.3464,0,54.7784,0
1765976265764090,0,0.639068,0.630655,0.638477,0.632318,54.9599,0,54.2363,0,54.909,0,54.3794,0
1765976265769077,0,0.63523,0.636466,0.631844,0.637052,54.6297,0,54.7361,0,54.3386,0,54.7864,0
1765976265774091,0,0.638599,0.631633,0.637575,0.632863,54.9195,0,54.3205,0,54.8315,0,54.4262,0
1765976265779156,0,0.634926,0.637118,0.631209,0.63747,54.6036,0,54.7922,0,54.284,0,54.8225,0
1765976265783913,0,0.639113,0.631013,0.63827,0.632405,54.9637,0,54.2671,0,54.8912,0,54.3869,0
1765976265789029,0,0.635277,0.636714,0.631655,0.637225,54.6338,0,54.7574,0,54.3223,0,54.8014,0
1765976265794121,0,0.639071,0.631176,0.638114,0.63256,54.9601,0,54.2811,0,54.8778,0,54.4002,0
1765976265799146,0,0.635298,0.636785,0.631572,0.637331,54.6357,0,54.7635,0,54.3152,0,54.8104,0
1765976265804101,0,0.638854,0.631689,0.637648,0.632828,54.9415,0,54.3253,0,54.8377,0,54.4232,0
1765976265809157,0,0.635186,0.637096,0.631269,0.637525,54.626,0,54.7902,0,54.2891,0,54.8271,0
1765976265814145,0,0.63869,0.632174,0.637189,0.63304,54.9273,0,54.3669,0,54.7982,0,54.4414,0
1765976265819049,0,0.635157,0.637322,0.631058,0.637603,54.6235,0,54.8097,0,54.271,0,54.8338,0
1765976265824092,0,0.638537,0.632554,0.636831,0.633221,54.9142,0,54.3996,0,54.7674,0,54.457,0
1765976265829150,0,0.635058,0.637543,0.630797,0.637786,54.615,0,54.8287,0,54.2485,0,54.8496,0
1765976265834094,0,0.639029,0.631768,0.637611,0.632769,54.9565,0,54.332,0,54.8345,0,54.4181,0
1765976265839081,0,0.635444,0.636948,0.631384,0.637459,54.6482,0,54.7775,0,54.299,0,54.8215,0
1765976265844140,0,0.638595,0.632558,0.636803,0.633231,54.9192,0,54.3999,0,54.7651,0,54.4579,0
1765976265849149,0,0.635202,0.637397,0.630883,0.637748,54.6273,0,54.8162,0,54.256,0,54.8463,0
1765976265854067,0,0.638936,0.632139,0.637224,0.632885,54.9485,0,54.364,0,54.8013,0,54.4281,0
1765976265859133,0,0.635439,0.63708,0.63116,0.63756,54.6477,0,54.7889,0,54.2798,0,54.8301,0
1765976265863957,0,0.638873,0.632331,0.637029,0.632925,54.9431,0,54.3805,0,54.7845,0,54.4315,0
1765976265869049,0,0.635405,0.637163,0.631023,0.637618,54.6449,0,54.796,0,54.268,0,54.8352,0
1765976265874081,0,0.638898,0.632218,0.637074,0.632925,54.9452,0,54.3708,0,54.7883,0,54.4316,0
1765976265879185,0,0.635456,0.637019,0.631073,0.63762,54.6492,0,54.7836,0,54.2723,0,54.8353,0
1765976265884072,0,0.638755,0.63259,0.636667,0.63304,54.9329,0,54.4027,0,54.7533,0,54.4414,0
1765976265889081,0,0.635422,0.637165,0.63088,0.637631,54.6463,0,54.7962,0,54.2557,0,54.8363,0
1765976265894005,0,0.638329,0.633219,0.636009,0.63341,54.8963,0,54.4568,0,54.6967,0,54.4732,0
1765976265899026,0,0.635174,0.637485,0.630487,0.637856,54.625,0,54.8237,0,54.2219,0,54.8556,0
1765976265903964,0,0.638831,0.632456,0.636708,0.632865,54.9395,0,54.3912,0,54.7569,0,54.4264,0
1765976265908950,0,0.635549,0.636886,0.631012,0.637464,54.6572,0,54.7722,0,54.267,0,54.8219,0
1765976265914159,0,0.63825,0.633337,0.635707,0.633454,54.8895,0,54.467,0,54.6708,0,54.477,0
1765976265919111,0,0.635214,0.637353,0.630398,0.637817,54.6284,0,54.8124,0,54.2142,0,54.8523,0
1765976265923968,0,0.638432,0.633005,0.636015,0.63315,54.9051,0,54.4385,0,54.6973,0,54.4509,0
1765976265929050,0,0.635339,0.63705,0.63062,0.637635,54.6392,0,54.7863,0,54.2333,0,54.8366,0
1765976265933956,0,0.638224,0.633301,0.635628,0.63329,54.8873,0,54.4639,0,54.664,0,54.463,0
1765976265939074,0,0.635217,0.637146,0.630377,0.637741,54.6286,0,54.7946,0,54.2125,0,54.8457,0
1765976265943993,0,0.638453,0.632863,0.63597,0.632988,54.9069,0,54.4262,0,54.6934,0,54.437,0
1765976265948999,0,0.63542,0.636734,0.630689,0.637474,54.6461,0,54.7591,0,54.2393,0,54.8228,0
1765976265953989,0,0.638483,0.632796,0.635934,0.63287,54.9095,0,54.4205,0,54.6903,0,54.4268,0
1765976265959126,0,0.635444,0.636604,0.630665,0.637417,54.6482,0,54.748,0,54.2372,0,54.8179,0
1765976265964155,0,0.638357,0.632807,0.635778,0.632939,54.8987,0,54.4214,0,54.6769,0,54.4328,0
1765976265968983,0,0.635459,0.636463,0.630715,0.637288,54.6494,0,54.7358,0,54.2415,0,54.8068,0
1765976265973990,0,0.637862,0.63352,0.635003,0.633276,54.8561,0,54.4827,0,54.6102,0,54.4618,0
1765976265979028,0,0.635107,0.636849,0.630167,0.637573,54.6192,0,54.769,0,54.1943,0,54.8313,0
1765976265984057,0,0.637856,0.633443,0.634937,0.633193,54.8556,0,54.4761,0,54.6046,0,54.4546,0
1765976265988963,0,0.635167,0.636646,0.630233,0.637419,54.6243,0,54.7515,0,54.2001,0,54.8181,0
1765976265994005,0,0.637669,0.6336,0.634681,0.633232,54.8395,0,54.4896,0,54.5825,0,54.4579,0
1765976265999172,0,0.634998,0.636651,0.629999,0.637567,54.6098,0,54.752,0,54.1799,0,54.8308,0
1765976266003992,0,0.638311,0.632472,0.63569,0.632436,54.8947,0,54.3926,0,54.6693,0,54.3895,0
1765976266009017,0,0.635485,0.635772,0.630797,0.636906,54.6517,0,54.6764,0,54.2486,0,54.7739,0
1765976266014062,0,0.638171,0.63255,0.635476,0.632444,54.8827,0,54.3993,0,54.651,0,54.3902,0
1765976266019062,0,0.635387,0.635736,0.630645,0.636922,54.6433,0,54.6733,0,54.2355,0,54.7753,0
1765976266024110,0,0.637797,0.63295,0.634911,0.632702,54.8505,0,54.4337,0,54.6023,0,54.4124,0
1765976266028959,0,0.635204,0.635871,0.630377,0.63695,54.6275,0,54.6849,0,54.2124,0,54.7777,0
1765976266034091,0,0.637934,0.632587,0.635141,0.6324,54.8623,0,54.4025,0,54.6222,0,54.3864,0
1765976266039106,0,0.635271,0.635537,0.6305,0.636802,54.6333,0,54.6562,0,54.223,0,54.7649,0
1765976266044023,0,0.637289,0.63349,0.634125,0.632858,54.8068,0,54.4801,0,54.5347,0,54.4258,0
1765976266049131,0,0.634833,0.636016,0.629818,0.63713,54.5956,0,54.6974,0,54.1643,0,54.7931,0
1765976266053990,0,0.637144,0.633519,0.633955,0.632828,54.7944,0,54.4826,0,54.5201,0,54.4232,0
1765976266059022,0,0.634791,0.635878,0.629826,0.636985,54.592,0,54.6855,0,54.1651,0,54.7807,0
1765976266064094,0,0.637144,0.633269,0.63401,0.632696,54.7944,0,54.4611,0,54.5249,0,54.4119,0
1765976266069044,0,0.634825,0.635561,0.629938,0.636831,54.5949,0,54.6583,0,54.1747,0,54.7675,0
1765976266074122,0,0.637204,0.633005,0.634127,0.632449,54.7995,0,54.4385,0,54.5349,0,54.3906,0
1765976266079157,0,0.634865,0.635255,0.630044,0.63666,54.5984,0,54.632,0,54.1838,0,54.7527,0
1765976266084079,0,0.637289,0.632681,0.634306,0.632164,54.8069,0,54.4106,0,54.5503,0,54.3661,0
1765976266089070,0,0.634935,0.634919,0.630215,0.636414,54.6044,0,54.603,0,54.1985,0,54.7316,0
1765976266094139,0,0.636835,0.633194,0.633616,0.63245,54.7678,0,54.4547,0,54.491,0,54.3907,0
1765976266099101,0,0.634652,0.635124,0.629806,0.636547,54.5801,0,54.6207,0,54.1633,0,54.743,0
1765976266104001,0,0.636863,0.632967,0.633728,0.63218,54.7702,0,54.4352,0,54.5006,0,54.3675,0
1765976266109103,0,0.634653,0.63484,0.629894,0.636391,54.5801,0,54.5963,0,54.1709,0,54.7296,0
1765976266114026,0,0.636938,0.63258,0.633949,0.631908,54.7767,0,54.4019,0,54.5196,0,54.3441,0
1765976266119061,0,0.634713,0.634459,0.630091,0.636154,54.5853,0,54.5634,0,54.1878,0,54.7093,0
1765976266123983,0,0.636507,0.632995,0.633367,0.632142,54.7396,0,54.4375,0,54.4696,0,54.3642,0
1765976266129138,0,0.634422,0.634599,0.629718,0.636309,54.5603,0,54.5755,0,54.1557,0,54.7226,0
1765976266134097,0,0.636907,0.632148,0.634017,0.631563,54.774,0,54.3647,0,54.5255,0,54.3144,0
1765976266138978,0,0.634736,0.633925,0.630264,0.635755,54.5873,0,54.5176,0,54.2027,0,54.6749,0
1765976266144092,0,0.636201,0.633014,0.632972,0.632085,54.7133,0,54.4392,0,54.4356,0,54.3593,0
1765976266148946,0,0.634278,0.634372,0.629606,0.636049,54.5479,0,54.556,0,54.1462,0,54.7002,0
1765976266153945,0,0.636548,0.632291,0.633578,0.631469,54.7431,0,54.377,0,54.4877,0,54.3064,0
1765976266159121,0,0.634451,0.633756,0.629962,0.635761,54.5628,0,54.503,0,54.1767,0,54.6754,0
1765976266163934,0,0.636717,0.631797,0.63391,0.631075,54.7577,0,54.3345,0,54.5162,0,54.2724,0
1765976266168894,0,0.634584,0.633341,0.630251,0.635369,54.5742,0,54.4673,0,54.2016,0,54.6417,0
1765976266173913,0,0.635994,0.63261,0.632912,0.631605,54.6955,0,54.4045,0,54.4304,0,54.318,0
1765976266178925,0,0.6341,0.633759,0.629596,0.635702,54.5326,0,54.5033,0,54.1452,0,54.6703,0
1765976266183920,0,0.63607,0.632322,0.633021,0.631323,54.7021,0,54.3797,0,54.4398,0,54.2938,0
1765976266188911,0,0.634156,0.633442,0.629712,0.635465,54.5374,0,54.476,0,54.1552,0,54.65,0
1765976266193957,0,0.635838,0.632428,0.632719,0.631367,54.682,0,54.3888,0,54.4138,0,54.2976,0
1765976266198952,0,0.634008,0.633384,0.629547,0.635448,54.5247,0,54.4711,0,54.1411,0,54.6485,0
1765976266203937,0,0.635517,0.632736,0.632245,0.631475,54.6544,0,54.4153,0,54.3731,0,54.3068,0
1765976266208905,0,0.6338,0.633448,0.629282,0.635475,54.5068,0,54.4765,0,54.1183,0,54.6508,0
1765976266213918,0,0.635294,0.632778,0.632026,0.631493,54.6353,0,54.4189,0,54.3542,0,54.3084,0
1765976266218874,0,0.633666,0.633329,0.629205,0.635421,54.4952,0,54.4663,0,54.1117,0,54.6462,0
1765976266223909,0,0.635737,0.631844,0.632798,0.630817,54.6734,0,54.3386,0,54.4207,0,54.2503,0
1765976266228914,0,0.633943,0.632576,0.629743,0.634973,54.5191,0,54.4016,0,54.1579,0,54.6077,0
1765976266234109,0,0.635453,0.631977,0.632413,0.630976,54.649,0,54.35,0,54.3875,0,54.264,0
1765976266239068,0,0.633767,0.632549,0.629518,0.635019,54.504,0,54.3992,0,54.1385,0,54.6116,0
1765976266244139,0,0.634972,0.632501,0.631731,0.631241,54.6076,0,54.3951,0,54.3288,0,54.2867,0
1765976266249141,0,0.633442,0.632749,0.629088,0.635196,54.476,0,54.4164,0,54.1016,0,54.6269,0
1765976266254074,0,0.635177,0.632049,0.632057,0.63078,54.6252,0,54.3562,0,54.3569,0,54.2471,0
1765976266259149,0,0.633565,0.632309,0.629347,0.634874,54.4866,0,54.3786,0,54.1239,0,54.5992,0
1765976266263954,0,0.635141,0.631854,0.632156,0.630533,54.6221,0,54.3394,0,54.3654,0,54.2258,0
1765976266269068,0,0.63352,0.632057,0.629441,0.634699,54.4827,0,54.3569,0,54.132,0,54.5841,0
1765976266273988,0,0.634939,0.631908,0.631939,0.630527,54.6048,0,54.3441,0,54.3467,0,54.2254,0
1765976266279154,0,0.633372,0.63196,0.629312,0.634703,54.47,0,54.3485,0,54.1208,0,54.5844,0
1765976266283979,0,0.63491,0.631719,0.631968,0.630343,54.6023,0,54.3279,0,54.3493,0,54.2095,0
1765976266289085,0,0.63336,0.631736,0.629387,0.634491,54.4689,0,54.3293,0,54.1273,0,54.5662,0
1765976266294005,0,0.634928,0.631386,0.632146,0.63011,54.6038,0,54.2992,0,54.3645,0,54.1895,0
1765976266299124,0,0.633357,0.631402,0.629519,0.634326,54.4687,0,54.3006,0,54.1387,0,54.552,0
1765976266303960,0,0.634697,0.631606,0.631783,0.63012,54.584,0,54.3181,0,54.3333,0,54.1903,0
1765976266309025,0,0.633205,0.63146,0.629318,0.634255,54.4557,0,54.3055,0,54.1213,0,54.5459,0
1765976266313916,0,0.634745,0.631288,0.631962,0.62985,54.5881,0,54.2907,0,54.3487,0,54.1671,0
1765976266318895,0,0.633231,0.631162,0.629471,0.634012,54.4579,0,54.28,0,54.1345,0,54.525,0
1765976266323921,0,0.634735,0.631064,0.632021,0.629663,54.5872,0,54.2715,0,54.3538,0,54.151,0
1765976266328914,0,0.633209,0.63092,0.629516,0.633869,54.456,0,54.2592,0,54.1384,0,54.5128,0
1765976266333911,0,0.634552,0.631142,0.631789,0.629649,54.5715,0,54.2782,0,54.3338,0,54.1499,0
1765976266338912,0,0.633076,0.630881,0.629368,0.633838,54.4446,0,54.2558,0,54.1257,0,54.5101,0
1765976266343903,0,0.634187,0.631477,0.631293,0.629833,54.5401,0,54.307,0,54.2912,0,54.1656,0
1765976266348893,0,0.632831,0.630997,0.62906,0.633928,54.4235,0,54.2658,0,54.0991,0,54.5178,0
1765976266353882,0,0.633984,0.631696,0.630926,0.629852,54.5226,0,54.3258,0,54.2596,0,54.1673,0
1765976266358907,0,0.632694,0.631018,0.628853,0.633918,54.4117,0,54.2676,0,54.0813,0,54.5169,0
1765976266363914,0,0.633989,0.631461,0.63101,0.629667,54.523,0,54.3057,0,54.2669,0,54.1513,0
1765976266368892,0,0.632695,0.63075,0.628954,0.633752,54.4118,0,54.2445,0,54.0901,0,54.5027,0
1765976266373906,0,0.634373,0.630742,0.631599,0.629068,54.5561,0,54.2438,0,54.3175,0,54.0999,0
1765976266378990,0,0.632923,0.630162,0.629354,0.633371,54.4314,0,54.194,0,54.1245,0,54.4699,0
1765976266384063,0,0.633953,0.631015,0.631113,0.629382,54.52,0,54.2673,0,54.2757,0,54.1268,0
1765976266388954,0,0.632665,0.630302,0.629066,0.633455,54.4092,0,54.206,0,54.0996,0,54.4771,0
1765976266394134,0,0.632804,0.632525,0.629432,0.630423,54.4212,0,54.3972,0,54.1312,0,54.2163,0
1765976266398986,0,0.631934,0.631174,0.628018,0.634074,54.3463,0,54.281,0,54.0095,0,54.5303,0
1765976266403942,0,0.634222,0.630419,0.631535,0.628667,54.5431,0,54.216,0,54.312,0,54.0654,0
1765976266408913,0,0.632822,0.62963,0.629451,0.632969,54.4227,0,54.1482,0,54.1328,0,54.4354,0
1765976266413911,0,0.634135,0.630395,0.631459,0.628545,54.5356,0,54.214,0,54.3055,0,54.0548,0
1765976266418885,0,0.632736,0.629551,0.629391,0.632884,54.4153,0,54.1414,0,54.1276,0,54.4281,0
1765976266423925,0,0.633324,0.631363,0.630343,0.62923,54.4658,0,54.2972,0,54.2095,0,54.1138,0
1765976266428910,0,0.632199,0.630096,0.628665,0.633321,54.3691,0,54.1883,0,54.0652,0,54.4656,0
1765976266433913,0,0.63387,0.630445,0.631166,0.628477,54.5128,0,54.2183,0,54.2803,0,54.049,0
1765976266438922,0,0.632537,0.62939,0.629232,0.632824,54.3981,0,54.1276,0,54.114,0,54.4228,0
1765976266443930,0,0.633023,0.631466,0.630003,0.629209,54.44,0,54.306,0,54.1803,0,54.1119,0
1765976266448905,0,0.631986,0.629983,0.628491,0.633256,54.3508,0,54.1786,0,54.0503,0,54.46,0
1765976266453904,0,0.633786,0.630265,0.631127,0.628226,54.5056,0,54.2027,0,54.2769,0,54.0274,0
1765976266458932,0,0.632462,0.629081,0.629258,0.632626,54.3917,0,54.1009,0,54.1162,0,54.4059,0
1765976266463880,0,0.633382,0.630746,0.630549,0.628471,54.4709,0,54.2442,0,54.2272,0,54.0485,0
1765976266468879,0,0.632185,0.629334,0.628885,0.632764,54.3679,0,54.1227,0,54.0841,0,54.4177,0
1765976266473861,0,0.633081,0.631074,0.630119,0.628627,54.445,0,54.2723,0,54.1902,0,54.0619,0
1765976266478950,0,0.631974,0.629427,0.628622,0.632894,54.3498,0,54.1307,0,54.0615,0,54.4289,0
1765976266483874,0,0.633286,0.630733,0.630367,0.628258,54.4626,0,54.2431,0,54.2115,0,54.0302,0
1765976266488906,0,0.632104,0.629131,0.628824,0.632604,54.3609,0,54.1052,0,54.0789,0,54.404,0
1765976266493902,0,0.632965,0.630984,0.630003,0.628462,54.435,0,54.2647,0,54.1803,0,54.0478,0
1765976266498932,0,0.631888,0.629206,0.628613,0.632724,54.3424,0,54.1117,0,54.0607,0,54.4142,0
1765976266503901,0,0.632754,0.63118,0.629715,0.628539,54.4168,0,54.2815,0,54.1555,0,54.0544,0
1765976266508926,0,0.631748,0.629234,0.628468,0.632751,54.3303,0,54.1141,0,54.0483,0,54.4166,0
1765976266513866,0,0.633223,0.63051,0.630344,0.627876,54.4572,0,54.2239,0,54.2096,0,53.9973,0
1765976266518890,0,0.632036,0.628698,0.628921,0.632315,54.3551,0,54.068,0,54.0872,0,54.3791,0
1765976266523899,0,0.632548,0.631226,0.629501,0.628484,54.3991,0,54.2854,0,54.1371,0,54.0496,0
1765976266528908,0,0.6316,0.629101,0.628398,0.632671,54.3176,0,54.1027,0,54.0423,0,54.4097,0
1765976266533909,0,0.633161,0.630285,0.630388,0.627705,54.4519,0,54.2045,0,54.2134,0,53.9826,0
1765976266538877,0,0.631989,0.62841,0.629023,0.632132,54.3511,0,54.0433,0,54.0959,0,54.3634,0
1765976266543928,0,0.632701,0.630809,0.629783,0.628058,54.4123,0,54.2496,0,54.1613,0,54.013,0
1765976266548901,0,0.631678,0.62867,0.62864,0.632376,54.3243,0,54.0656,0,54.063,0,54.3843,0
1765976266553893,0,0.632546,0.631024,0.629512,0.628089,54.3989,0,54.2681,0,54.1381,0,54.0157,0
1765976266558871,0,0.631576,0.628745,0.628508,0.632353,54.3156,0,54.072,0,54.0517,0,54.3824,0
1765976266563910,0,0.632901,0.630398,0.630086,0.627593,54.4295,0,54.2143,0,54.1874,0,53.973,0
1765976266568910,0,0.631787,0.628221,0.628918,0.632065,54.3337,0,54.027,0,54.0869,0,54.3576,0
1765976266573903,0,0.632431,0.631045,0.629379,0.627972,54.3891,0,54.2698,0,54.1266,0,54.0056,0
1765976266578914,0,0.631477,0.628574,0.628483,0.632301,54.307,0,54.0574,0,54.0495,0,54.3779,0
1765976266583874,0,0.632719,0.630565,0.629834,0.627539,54.4139,0,54.2286,0,54.1657,0,53.9684,0
1765976266588923,0,0.63165,0.628163,0.628825,0.632031,54.3219,0,54.022,0,54.0789,0,54.3547,0
1765976266593929,0,0.632533,0.630769,0.629556,0.627654,54.3979,0,54.2462,0,54.1418,0,53.9782,0
1765976266598917,0,0.631528,0.628252,0.628672,0.63207,54.3114,0,54.0297,0,54.0658,0,54.358,0
1765976266603923,0,0.632157,0.631188,0.62909,0.627947,54.3655,0,54.2822,0,54.1017,0,54.0034,0
1765976266608905,0,0.631283,0.62845,0.628413,0.632243,54.2904,0,54.0467,0,54.0435,0,54.3729,0
1765976266613910,0,0.632755,0.630433,0.629837,0.627208,54.4169,0,54.2172,0,54.1659,0,53.9398,0
1765976266618865,0,0.63166,0.627881,0.628951,0.631749,54.3227,0,53.9978,0,54.0898,0,54.3304,0
1765976266623903,0,0.632559,0.630619,0.629614,0.627317,54.4001,0,54.2333,0,54.1468,0,53.9493,0
1765976266628895,0,0.631516,0.627933,0.628826,0.631843,54.3104,0,54.0023,0,54.079,0,54.3385,0
1765976266633907,0,0.63256,0.630575,0.629638,0.627224,54.4002,0,54.2294,0,54.1489,0,53.9413,0
1765976266638895,0,0.631507,0.62785,0.62887,0.631779,54.3096,0,53.9951,0,54.0828,0,54.333,0
1765976266643918,0,0.632429,0.630714,0.629471,0.627275,54.3889,0,54.2414,0,54.1345,0,53.9456,0
1765976266648907,0,0.63141,0.627874,0.628788,0.631822,54.3013,0,53.9972,0,54.0758,0,54.3367,0
1765976266653919,0,0.632314,0.630909,0.62925,0.627318,54.379,0,54.2582,0,54.1155,0,53.9493,0
1765976266658905,0,0.63133,0.627939,0.628681,0.631846,54.2944,0,54.0028,0,54.0666,0,54.3387,0
1765976266663931,0,0.632323,0.630823,0.629313,0.627248,54.3797,0,54.2508,0,54.1209,0,53.9433,0
1765976266668883,0,0.631333,0.627829,0.628764,0.631785,54.2947,0,53.9933,0,54.0737,0,54.3335,0
1765976266673889,0,0.6322,0.631109,0.629041,0.627283,54.3692,0,54.2754,0,54.0976,0,53.9463,0
1765976266678887,0,0.631242,0.627929,0.628635,0.631832,54.2868,0,54.0019,0,54.0626,0,54.3375,0
1765976266683908,0,0.632476,0.630712,0.629439,0.626932,54.3929,0,54.2412,0,54.1318,0,53.9161,0
1765976266688879,0,0.631413,0.627616,0.62894,0.631596,54.3015,0,53.975,0,54.0888,0,54.3172,0
1765976266693907,0,0.631527,0.631858,0.628255,0.627882,54.3114,0,54.3398,0,54.0299,0,53.9978,0
1765976266698891,0,0.630799,0.628281,0.628216,0.632228,54.2487,0,54.0322,0,54.0266,0,54.3716,0
1765976266703900,0,0.63266,0.630507,0.629651,0.626627,54.4088,0,54.2236,0,54.15,0,53.8899,0
1765976266708902,0,0.631522,0.627302,0.629203,0.631425,54.3109,0,53.948,0,54.1114,0,54.3025,0
1765976266713908,0,0.632398,0.630805,0.629361,0.626842,54.3862,0,54.2493,0,54.125,0,53.9084,0
1765976266718913,0,0.631334,0.627451,0.629034,0.63159,54.2948,0,53.9608,0,54.0969,0,54.3168,0
1765976266723912,0,0.632312,0.63095,0.629232,0.626883,54.3788,0,54.2617,0,54.1139,0,53.912,0
1765976266728924,0,0.631267,0.627489,0.628985,0.631638,54.289,0,53.9641,0,54.0927,0,54.3209,0
1765976266733913,0,0.632188,0.631128,0.629065,0.626972,54.3682,0,54.277,0,54.0996,0,53.9196,0
1765976266738904,0,0.631183,0.627567,0.628916,0.631689,54.2817,0,53.9708,0,54.0868,0,54.3252,0
1765976266743897,0,0.631999,0.631397,0.628819,0.627127,54.3519,0,54.3001,0,54.0785,0,53.933,0
1765976266748879,0,0.631056,0.627679,0.628809,0.631801,54.2708,0,53.9804,0,54.0776,0,54.3349,0
1765976266753867,0,0.632076,0.63135,0.62891,0.626994,54.3586,0,54.2961,0,54.0862,0,53.9215,0
1765976266758955,0,0.631087,0.627509,0.628938,0.631797,54.2735,0,53.9658,0,54.0887,0,54.3346,0
1765976266763935,0,0.632413,0.631014,0.629259,0.626644,54.3875,0,54.2672,0,54.1163,0,53.8914,0
1765976266768891,0,0.631317,0.627331,0.629202,0.631482,54.2933,0,53.9504,0,54.1114,0,54.3075,0
1765976266773908,0,0.631983,0.631554,0.628758,0.627055,54.3505,0,54.3137,0,54.0732,0,53.9267,0
1765976266778912,0,0.631022,0.627596,0.628926,0.631807,54.2679,0,53.9732,0,54.0876,0,54.3354,0
1765976266783914,0,0.632163,0.631396,0.62895,0.626855,54.3661,0,54.3,0,54.0897,0,53.9096,0
1765976266788907,0,0.631135,0.627435,0.62911,0.631685,54.2776,0,53.9594,0,54.1035,0,54.3249,0
1765976266793906,0,0.632108,0.631531,0.628871,0.626884,54.3613,0,54.3117,0,54.0829,0,53.9121,0
1765976266798915,0,0.631088,0.627452,0.629118,0.631737,54.2736,0,53.9609,0,54.1041,0,54.3294,0
1765976266803914,0,0.632097,0.631501,0.628947,0.626886,54.3603,0,54.3091,0,54.0894,0,53.9122,0
1765976266808924,0,0.631074,0.627374,0.629224,0.631758,54.2724,0,53.9542,0,54.1133,0,54.3312,0
1765976266814060,0,0.632097,0.631521,0.628923,0.626936,54.3603,0,54.3108,0,54.0873,0,53.9165,0
1765976266819074,0,0.63107,0.627299,0.629263,0.631843,54.272,0,53.9477,0,54.1166,0,54.3385,0
1765976266824017,0,0.631688,0.632035,0.628463,0.627355,54.3252,0,54.355,0,54.0478,0,53.9525,0
1765976266829142,0,0.6308,0.627536,0.629036,0.632166,54.2488,0,53.9681,0,54.0971,0,54.3663,0
1765976266834093,0,0.632297,0.631528,0.629026,0.626744,54.3776,0,54.3114,0,54.0962,0,53.9,0
1765976266839083,0,0.631213,0.627226,0.629461,0.631694,54.2843,0,53.9415,0,54.1336,0,54.3257,0
1765976266844149,0,0.632044,0.631794,0.628802,0.627028,54.3558,0,54.3343,0,54.0769,0,53.9244,0
1765976266849093,0,0.631049,0.627388,0.629361,0.631867,54.2702,0,53.9554,0,54.125,0,54.3406,0
1765976266854075,0,0.632446,0.631551,0.6292,0.62654,54.3903,0,54.3134,0,54.1112,0,53.8824,0
1765976266859113,0,0.631276,0.627114,0.629701,0.631645,54.2898,0,53.9318,0,54.1543,0,54.3215,0
1765976266864067,0,0.632248,0.631805,0.629038,0.626734,54.3734,0,54.3352,0,54.0973,0,53.8991,0
1765976266869022,0,0.63114,0.627282,0.629636,0.631766,54.2781,0,53.9462,0,54.1487,0,54.3318,0
1765976266874077,0,0.632382,0.631764,0.629158,0.626606,54.3848,0,54.3317,0,54.1076,0,53.8881,0
1765976266879133,0,0.631207,0.627177,0.629775,0.631751,54.2838,0,53.9372,0,54.1606,0,54.3306,0
1765976266884074,0,0.632203,0.632022,0.628982,0.626807,54.3695,0,54.3539,0,54.0925,0,53.9054,0
1765976266889064,0,0.63109,0.627351,0.629703,0.631869,54.2737,0,53.9521,0,54.1545,0,54.3408,0
1765976266894128,0,0.632192,0.632113,0.628972,0.626844,54.3685,0,54.3617,0,54.0916,0,53.9086,0
1765976266899105,0,0.631071,0.627342,0.629762,0.631945,54.2721,0,53.9514,0,54.1595,0,54.3472,0
1765976266904054,0,0.632595,0.631938,0.629275,0.626419,54.4032,0,54.3467,0,54.1176,0,53.872,0
1765976266909010,0,0.631329,0.62725,0.630007,0.631642,54.2943,0,53.9435,0,54.1806,0,54.3212,0
1765976266914179,0,0.63228,0.632152,0.629052,0.626867,54.3761,0,54.365,0,54.0985,0,53.9106,0
1765976266919047,0,0.63113,0.627406,0.629887,0.631925,54.2772,0,53.9569,0,54.1703,0,54.3456,0
1765976266924127,0,0.632237,0.632377,0.628976,0.626888,54.3724,0,54.3844,0,54.0919,0,53.9124,0
1765976266929141,0,0.631066,0.627401,0.629932,0.632078,54.2717,0,53.9565,0,54.1741,0,54.3587,0
1765976266934076,0,0.632519,0.632304,0.629178,0.626608,54.3966,0,54.3781,0,54.1093,0,53.8883,0
1765976266939107,0,0.631237,0.627315,0.630129,0.631928,54.2864,0,53.9491,0,54.1911,0,54.3458,0
1765976266944064,0,0.631794,0.632942,0.628618,0.627407,54.3343,0,54.433,0,54.0612,0,53.957,0
1765976266949010,0,0.630771,0.627723,0.62982,0.632446,54.2463,0,53.9841,0,54.1645,0,54.3903,0
1765976266954139,0,0.63217,0.63264,0.628954,0.62714,54.3666,0,54.4071,0,54.0901,0,53.934,0
1765976266959140,0,0.631029,0.627479,0.630114,0.632279,54.2685,0,53.9632,0,54.1898,0,54.376,0
1765976266964139,0,0.63305,0.632172,0.629603,0.626222,54.4423,0,54.3667,0,54.1458,0,53.8551,0
1765976266969031,0,0.631585,0.627167,0.630599,0.631697,54.3164,0,53.9364,0,54.2315,0,54.3259,0
1765976266974082,0,0.63251,0.632698,0.629214,0.626789,54.3958,0,54.412,0,54.1124,0,53.9039,0
1765976266979106,0,0.631187,0.627407,0.630412,0.632204,54.2821,0,53.957,0,54.2154,0,54.3696,0
1765976266983955,0,0.632768,0.632765,0.62934,0.626499,54.418,0,54.4178,0,54.1232,0,53.8789,0
1765976266989091,0,0.631312,0.627339,0.630584,0.632138,54.2928,0,53.9512,0,54.2302,0,54.3639,0
1765976266994080,0,0.632546,0.632907,0.629215,0.626877,54.399,0,54.43,0,54.1125,0,53.9114,0
1765976266999010,0,0.631202,0.627566,0.630503,0.632275,54.2833,0,53.9707,0,54.2233,0,54.3756,0
1765976267004041,0,0.632523,0.633032,0.629208,0.626962,54.397,0,54.4408,0,54.1119,0,53.9187,0
1765976267009093,0,0.631159,0.627538,0.630584,0.632443,54.2797,0,53.9683,0,54.2302,0,54.3901,0
1765976267013986,0,0.632677,0.633167,0.629254,0.626804,54.4102,0,54.4523,0,54.1158,0,53.9051,0
1765976267019066,0,0.631225,0.62752,0.630708,0.632449,54.2854,0,53.9667,0,54.2409,0,54.3906,0
1765976267024048,0,0.632493,0.633289,0.629172,0.627139,54.3944,0,54.4628,0,54.1088,0,53.934,0
1765976267029074,0,0.631126,0.627652,0.630687,0.632627,54.2769,0,53.9781,0,54.2391,0,54.4059,0
1765976267034058,0,0.632731,0.633263,0.629329,0.626958,54.4149,0,54.4606,0,54.1223,0,53.9184,0
1765976267039114,0,0.631267,0.627574,0.630868,0.632573,54.2889,0,53.9714,0,54.2547,0,54.4013,0
1765976267044162,0,0.632506,0.633409,0.629239,0.627326,54.3956,0,54.4732,0,54.1145,0,53.95,0
1765976267049089,0,0.631146,0.627741,0.630839,0.632754,54.2786,0,53.9857,0,54.2521,0,54.4169,0
1765976267053962,0,0.632605,0.633675,0.629236,0.627165,54.404,0,54.496,0,54.1143,0,53.9362,0
1765976267059103,0,0.631147,0.627708,0.63098,0.632846,54.2786,0,53.9829,0,54.2643,0,54.4248,0
1765976267064053,0,0.632949,0.633503,0.629488,0.62695,54.4336,0,54.4813,0,54.136,0,53.9177,0
1765976267069023,0,0.631394,0.627672,0.631177,0.632648,54.2999,0,53.9798,0,54.2813,0,54.4077,0
1765976267074086,0,0.632324,0.633841,0.629243,0.627699,54.3799,0,54.5103,0,54.1149,0,53.9821,0
1765976267079132,0,0.630973,0.627822,0.631094,0.633216,54.2637,0,53.9927,0,54.2741,0,54.4566,0
1765976267084061,0,0.632999,0.633676,0.629579,0.627063,54.4379,0,54.4961,0,54.1438,0,53.9275,0
1765976267089018,0,0.631421,0.627727,0.631382,0.63279,54.3022,0,53.9846,0,54.2989,0,54.4199,0
1765976267094103,0,0.633173,0.63367,0.629709,0.626983,54.4529,0,54.4957,0,54.155,0,53.9205,0
1765976267099100,0,0.631507,0.627668,0.631537,0.632826,54.3096,0,53.9795,0,54.3122,0,54.4231,0
1765976267104062,0,0.632994,0.633881,0.629647,0.627236,54.4375,0,54.5138,0,54.1497,0,53.9423,0
1765976267109077,0,0.631377,0.627811,0.63155,0.633022,54.2984,0,53.9917,0,54.3133,0,54.4399,0
1765976267114159,0,0.633215,0.63384,0.629789,0.627146,54.4565,0,54.5102,0,54.1618,0,53.9345,0
1765976267119052,0,0.631537,0.627854,0.631672,0.63293,54.3121,0,53.9955,0,54.3238,0,54.432,0
1765976267123969,0,0.633106,0.634214,0.629689,0.627209,54.4471,0,54.5424,0,54.1532,0,53.94,0
1765976267129113,0,0.631376,0.627883,0.63175,0.633213,54.2984,0,53.9979,0,54.3305,0,54.4563,0
1765976267134047,0,0.633166,0.634191,0.629789,0.627307,54.4523,0,54.5404,0,54.1619,0,53.9484,0
1765976267139066,0,0.631439,0.627951,0.631839,0.633228,54.3037,0,54.0038,0,54.3382,0,54.4576,0
1765976267144045,0,0.633139,0.634339,0.629791,0.627421,54.4499,0,54.5531,0,54.162,0,53.9582,0
1765976267148947,0,0.631432,0.628117,0.631878,0.633267,54.3032,0,54.0181,0,54.3415,0,54.4609,0
1765976267154059,0,0.633575,0.634251,0.630015,0.627084,54.4875,0,54.5456,0,54.1813,0,53.9293,0
1765976267159111,0,0.63167,0.62794,0.632121,0.633202,54.3236,0,54.0028,0,54.3624,0,54.4553,0
1765976267164166,0,0.632974,0.634463,0.629865,0.627874,54.4358,0,54.5638,0,54.1684,0,53.9971,0
1765976267169074,0,0.631309,0.628187,0.63203,0.63365,54.2926,0,54.0241,0,54.3546,0,54.4939,0
1765976267174136,0,0.633107,0.634653,0.629885,0.62777,54.4472,0,54.5801,0,54.1701,0,53.9883,0
1765976267179135,0,0.631352,0.628177,0.632162,0.633717,54.2963,0,54.0232,0,54.3659,0,54.4997,0
1765976267183957,0,0.63288,0.634975,0.629795,0.627994,54.4277,0,54.6078,0,54.1624,0,54.0075,0
1765976267189090,0,0.631143,0.628215,0.632239,0.634025,54.2783,0,54.0265,0,54.3726,0,54.5262,0
1765976267194114,0,0.633592,0.634668,0.630147,0.627433,54.4889,0,54.5814,0,54.1926,0,53.9592,0
1765976267199116,0,0.631632,0.628069,0.632501,0.633609,54.3203,0,54.0139,0,54.3951,0,54.4904,0
1765976267203946,0,0.633494,0.634943,0.630093,0.627485,54.4805,0,54.6051,0,54.188,0,53.9637,0
1765976267208926,0,0.631541,0.628287,0.632516,0.633632,54.3125,0,54.0327,0,54.3964,0,54.4924,0
1765976267213895,0,0.633624,0.634922,0.630219,0.627408,54.4917,0,54.6033,0,54.1988,0,53.9571,0
1765976267218889,0,0.631592,0.628246,0.632654,0.633629,54.3169,0,54.0292,0,54.4083,0,54.4921,0
1765976267223879,0,0.633929,0.634892,0.630342,0.627138,54.5179,0,54.6007,0,54.2094,0,53.9339,0
1765976267228884,0,0.63174,0.628183,0.63279,0.633525,54.3296,0,54.0237,0,54.42,0,54.4832,0
1765976267233886,0,0.633747,0.634965,0.630323,0.627377,54.5022,0,54.607,0,54.2078,0,53.9545,0
1765976267238900,0,0.631579,0.628218,0.632812,0.633727,54.3158,0,54.0267,0,54.4218,0,54.5005,0
1765976267243989,0,0.633565,0.634949,0.63033,0.627656,54.4866,0,54.6056,0,54.2084,0,53.9784,0
1765976267248928,0,0.631451,0.628242,0.632826,0.633889,54.3048,0,54.0289,0,54.423,0,54.5144,0
1765976267253904,0,0.632935,0.635193,0.630167,0.628265,54.4324,0,54.6266,0,54.1943,0,54.0308,0
1765976267258894,0,0.630996,0.628327,0.632786,0.634341,54.2656,0,54.0362,0,54.4196,0,54.5533,0
1765976267263867,0,0.633565,0.635192,0.63025,0.627589,54.4866,0,54.6265,0,54.2015,0,53.9727,0
1765976267268890,0,0.631358,0.628218,0.632927,0.633974,54.2968,0,54.0267,0,54.4317,0,54.5218,0
1765976267273901,0,0.633084,0.635182,0.630243,0.628101,54.4452,0,54.6257,0,54.2009,0,54.0167,0
1765976267278915,0,0.631022,0.628194,0.632953,0.634304,54.2679,0,54.0247,0,54.434,0,54.5501,0
1765976267283906,0,0.633364,0.635163,0.630282,0.627794,54.4693,0,54.624,0,54.2043,0,53.9903,0
1765976267288892,0,0.63118,0.628143,0.633027,0.634105,54.2815,0,54.0203,0,54.4403,0,54.5331,0
1765976267293937,0,0.633475,0.635104,0.630327,0.627662,54.4788,0,54.619,0,54.2081,0,53.9789,0
1765976267298912,0,0.631221,0.628081,0.633088,0.634019,54.285,0,54.0149,0,54.4456,0,54.5257,0
1765976267303885,0,0.63351,0.63516,0.630305,0.627545,54.4819,0,54.6238,0,54.2063,0,53.9689,0
1765976267308889,0,0.631182,0.628044,0.633128,0.633995,54.2816,0,54.0118,0,54.449,0,54.5235,0
1765976267313922,0,0.634167,0.635095,0.630357,0.626826,54.5384,0,54.6181,0,54.2107,0,53.907,0
1765976267318894,0,0.631562,0.627995,0.633181,0.63353,54.3144,0,54.0075,0,54.4536,0,54.4836,0
1765976267323924,0,0.633021,0.63512,0.63028,0.627928,54.4398,0,54.6204,0,54.204,0,54.0018,0
1765976267328916,0,0.630747,0.627965,0.633151,0.634283,54.2442,0,54.005,0,54.451,0,54.5483,0
1765976267333902,0,0.633882,0.635166,0.630246,0.626941,54.5138,0,54.6243,0,54.2011,0,53.9169,0
1765976267338900,0,0.631246,0.62792,0.633183,0.633679,54.2872,0,54.0011,0,54.4537,0,54.4964,0
1765976267343872,0,0.633261,0.635175,0.630196,0.627473,54.4605,0,54.6251,0,54.1969,0,53.9626,0
1765976267348875,0,0.630773,0.627885,0.633172,0.634048,54.2465,0,53.9981,0,54.4528,0,54.5281,0
1765976267353883,0,0.633299,0.635153,0.630157,0.627338,54.4637,0,54.6232,0,54.1935,0,53.9511,0
1765976267358896,0,0.630743,0.627816,0.633176,0.63397,54.2439,0,53.9922,0,54.4531,0,54.5215,0
1765976267363941,0,0.633906,0.635107,0.63013,0.626626,54.5159,0,54.6192,0,54.1912,0,53.8899,0
1765976267368929,0,0.631074,0.627739,0.633182,0.633529,54.2724,0,53.9855,0,54.4537,0,54.4835,0
1765976267373912,0,0.633083,0.635104,0.63007,0.627325,54.4452,0,54.619,0,54.186,0,53.9499,0
1765976267378916,0,0.630461,0.627699,0.633156,0.633997,54.2196,0,53.9821,0,54.4514,0,54.5237,0
1765976267383912,0,0.633293,0.635095,0.629998,0.626981,54.4632,0,54.6182,0,54.1798,0,53.9204,0
1765976267388900,0,0.630544,0.627652,0.633128,0.633763,54.2268,0,53.9781,0,54.449,0,54.5037,0
1765976267393917,0,0.633019,0.63505,0.629954,0.627121,54.4397,0,54.6143,0,54.1761,0,53.9324,0
1765976267398941,0,0.63028,0.627523,0.633139,0.633904,54.2041,0,53.9669,0,54.45,0,54.5158,0
1765976267403889,0,0.633547,0.6351,0.629834,0.626415,54.485,0,54.6186,0,54.1658,0,53.8717,0
1765976267408903,0,0.630559,0.627521,0.633079,0.633435,54.2281,0,53.9668,0,54.4448,0,54.4754,0
1765976267413909,0,0.633216,0.635015,0.629801,0.626603,54.4565,0,54.6113,0,54.1629,0,53.8879,0
1765976267418891,0,0.630265,0.627433,0.633059,0.633558,54.2028,0,53.9592,0,54.4431,0,54.486,0
1765976267423864,0,0.632894,0.634987,0.629737,0.626745,54.4289,0,54.6089,0,54.1573,0,53.9001,0
1765976267428911,0,0.629952,0.627301,0.633059,0.633712,54.1758,0,53.9479,0,54.4431,0,54.4992,0
1765976267433906,0,0.632601,0.63486,0.629697,0.626905,54.4037,0,54.5979,0,54.154,0,53.9138,0
1765976267438908,0,0.629717,0.627199,0.633027,0.633766,54.1557,0,53.9391,0,54.4403,0,54.5039,0
1765976267443952,0,0.632563,0.634751,0.62965,0.626796,54.4004,0,54.5886,0,54.1499,0,53.9045,0
1765976267448899,0,0.629662,0.627124,0.632985,0.633622,54.151,0,53.9327,0,54.4367,0,54.4915,0
1765976267453904,0,0.632745,0.634775,0.629526,0.626391,54.4161,0,54.5906,0,54.1392,0,53.8697,0
1765976267458931,0,0.629668,0.626986,0.632965,0.633437,54.1514,0,53.9208,0,54.435,0,54.4756,0
1765976267463905,0,0.633431,0.634836,0.629339,0.625494,54.4751,0,54.5959,0,54.1232,0,53.7925,0
1765976267468902,0,0.630032,0.626983,0.632853,0.632853,54.1827,0,53.9205,0,54.4254,0,54.4253,0
1765976267474077,0,0.632568,0.634472,0.629444,0.626272,54.4008,0,54.5646,0,54.1322,0,53.8594,0
1765976267479149,0,0.629361,0.626652,0.632919,0.633409,54.1251,0,53.8921,0,54.431,0,54.4732,0
1765976267484069,0,0.633013,0.63461,0.629194,0.625583,54.4391,0,54.5764,0,54.1107,0,53.8002,0
1765976267489097,0,0.629575,0.626707,0.632762,0.632941,54.1435,0,53.8968,0,54.4175,0,54.4329,0
1765976267494147,0,0.632064,0.634369,0.629247,0.626349,54.3575,0,54.5558,0,54.1152,0,53.866,0
1765976267499108,0,0.628878,0.626516,0.632781,0.633411,54.0835,0,53.8804,0,54.4192,0,54.4734,0
1765976267504019,0,0.63239,0.634548,0.629004,0.625714,54.3855,0,54.5711,0,54.0943,0,53.8114,0
1765976267509146,0,0.628945,0.626434,0.632708,0.63311,54.0893,0,53.8734,0,54.4129,0,54.4475,0
1765976267514023,0,0.633089,0.634656,0.628761,0.624764,54.4457,0,54.5804,0,54.0735,0,53.7297,0
1765976267518978,0,0.629385,0.626614,0.632491,0.632338,54.1271,0,53.8888,0,54.3942,0,54.381,0
1765976267523984,0,0.63204,0.634347,0.628894,0.625605,54.3554,0,54.5538,0,54.0849,0,53.802,0
1765976267528951,0,0.628563,0.626312,0.632592,0.63294,54.0565,0,53.8628,0,54.4029,0,54.4328,0
1765976267534069,0,0.632123,0.634187,0.628793,0.62537,54.3626,0,54.5401,0,54.0762,0,53.7818,0
1765976267538928,0,0.628643,0.626337,0.632434,0.632585,54.0633,0,53.865,0,54.3893,0,54.4023,0
1765976267544046,0,0.632577,0.634259,0.628554,0.624672,54.4016,0,54.5463,0,54.0557,0,53.7218,0
1765976267549016,0,0.628737,0.626125,0.632373,0.632333,54.0714,0,53.8468,0,54.3841,0,54.3806,0
1765976267554079,0,0.632045,0.634081,0.628532,0.624995,54.3559,0,54.5309,0,54.0538,0,53.7496,0
1765976267559018,0,0.628334,0.626052,0.632306,0.632453,54.0367,0,53.8405,0,54.3783,0,54.391,0
1765976267564062,0,0.633197,0.63438,0.628088,0.623569,54.4549,0,54.5567,0,54.0155,0,53.6269,0
1765976267568947,0,0.628988,0.626227,0.63201,0.631518,54.0929,0,53.8555,0,54.3529,0,54.3105,0
1765976267573984,0,0.631698,0.634047,0.628267,0.624813,54.326,0,54.5281,0,54.0309,0,53.7339,0
1765976267578928,0,0.62781,0.625859,0.632161,0.632453,53.9917,0,53.8239,0,54.3658,0,54.3909,0
1765976267583975,0,0.631811,0.634053,0.628064,0.624466,54.3357,0,54.5286,0,54.0135,0,53.7041,0
1765976267589113,0,0.62768,0.62559,0.632127,0.632428,53.9804,0,53.8007,0,54.3629,0,54.3888,0
1765976267594065,0,0.631719,0.633975,0.627922,0.624345,54.3278,0,54.5219,0,54.0013,0,53.6937,0
1765976267599130,0,0.627549,0.62552,0.63201,0.632302,53.9692,0,53.7947,0,54.3529,0,54.378,0
1765976267603938,0,0.630765,0.63373,0.627997,0.62503,54.2458,0,54.5008,0,54.0077,0,53.7526,0
1765976267609111,0,0.626789,0.625217,0.632096,0.632801,53.9039,0,53.7686,0,54.3603,0,54.4208,0
1765976267614200,0,0.632434,0.633903,0.627481,0.623243,54.3893,0,54.5157,0,53.9634,0,53.5989,0
1765976267619069,0,0.628019,0.62562,0.631587,0.631273,54.0096,0,53.8034,0,54.3165,0,54.2894,0
1765976267624027,0,0.63124,0.633675,0.627614,0.624112,54.2866,0,54.4961,0,53.9748,0,53.6736,0
1765976267629018,0,0.627003,0.62526,0.63175,0.632015,53.9222,0,53.7723,0,54.3305,0,54.3533,0
1765976267633927,0,0.631885,0.633961,0.627216,0.623148,54.3421,0,54.5207,0,53.9406,0,53.5907,0
1765976267639110,0,0.627186,0.625169,0.631612,0.631614,53.938,0,53.7646,0,54.3186,0,54.3188,0
1765976267644198,0,0.631189,0.633408,0.627385,0.623769,54.2822,0,54.4731,0,53.9551,0,53.6441,0
1765976267648974,0,0.62691,0.625226,0.631459,0.631543,53.9143,0,53.7695,0,54.3055,0,54.3127,0
1765976267653975,0,0.630647,0.633437,0.627294,0.623949,54.2356,0,54.4756,0,53.9473,0,53.6596,0
1765976267658960,0,0.626282,0.624916,0.631546,0.631923,53.8603,0,53.7428,0,54.313,0,54.3454,0
1765976267663954,0,0.630561,0.63333,0.627176,0.623812,54.2283,0,54.4664,0,53.9372,0,53.6478,0
1765976267668928,0,0.626154,0.624791,0.631465,0.631799,53.8492,0,53.732,0,54.306,0,54.3347,0
1765976267673975,0,0.631406,0.633519,0.626786,0.622727,54.3009,0,54.4827,0,53.9036,0,53.5545,0
1765976267678977,0,0.626588,0.624811,0.631239,0.631133,53.8866,0,53.7337,0,54.2865,0,54.2774,0
1765976267683971,0,0.630704,0.633191,0.626891,0.623219,54.2405,0,54.4544,0,53.9126,0,53.5969,0
1765976267688902,0,0.626035,0.624577,0.631278,0.631423,53.839,0,53.7136,0,54.2899,0,54.3024,0
1765976267693959,0,0.630306,0.632982,0.62686,0.623415,54.2063,0,54.4364,0,53.9099,0,53.6137,0
1765976267698919,0,0.625681,0.624371,0.631254,0.631545,53.8086,0,53.6959,0,54.2878,0,54.3128,0
1765976267703922,0,0.630363,0.632969,0.626685,0.623106,54.2113,0,54.4353,0,53.8949,0,53.5871,0
1765976267708931,0,0.625598,0.624245,0.631171,0.631382,53.8014,0,53.6851,0,54.2807,0,54.2988,0
1765976267713977,0,0.631998,0.633466,0.625989,0.621244,54.3519,0,54.4781,0,53.8351,0,53.4269,0
1765976267718830,0,0.626688,0.624723,0.630626,0.629986,53.8952,0,53.7262,0,54.2339,0,54.1788,0
1765976267723926,0,0.630395,0.632865,0.626396,0.622634,54.214,0,54.4264,0,53.8701,0,53.5466,0
1765976267728911,0,0.625376,0.624114,0.630957,0.631099,53.7823,0,53.6738,0,54.2623,0,54.2745,0
1765976267733936,0,0.630825,0.633048,0.626043,0.62196,54.2509,0,54.4421,0,53.8397,0,53.4886,0
1765976267739018,0,0.625471,0.624059,0.630793,0.630796,53.7905,0,53.6691,0,54.2482,0,54.2484,0
1765976267744085,0,0.63013,0.63263,0.626161,0.622528,54.1912,0,54.4062,0,53.8499,0,53.5374,0
1765976267749022,0,0.624992,0.62385,0.630786,0.631047,53.7493,0,53.6511,0,54.2476,0,54.2701,0
1765976267754067,0,0.6294,0.632388,0.626228,0.623021,54.1284,0,54.3853,0,53.8556,0,53.5798,0
1765976267759111,0,0.624379,0.623562,0.630865,0.631421,53.6966,0,53.6264,0,54.2544,0,54.3022,0
1765976267764102,0,0.630677,0.632845,0.625602,0.621506,54.2382,0,54.4247,0,53.8018,0,53.4495,0
1765976267769064,0,0.625174,0.623864,0.630443,0.630369,53.765,0,53.6523,0,54.2181,0,54.2118,0
1765976267774088,0,0.629325,0.632278,0.625982,0.622642,54.1219,0,54.3759,0,53.8345,0,53.5472,0
1765976267779150,0,0.62409,0.623312,0.630747,0.631237,53.6717,0,53.6048,0,54.2442,0,54.2864,0
1765976267783942,0,0.630559,0.632916,0.625294,0.621089,54.228,0,54.4307,0,53.7753,0,53.4137,0
1765976267789060,0,0.624739,0.623586,0.63038,0.630326,53.7275,0,53.6284,0,54.2127,0,54.208,0
1765976267794117,0,0.629522,0.632254,0.625659,0.622024,54.1389,0,54.3738,0,53.8067,0,53.494,0
1765976267799117,0,0.624039,0.623219,0.630533,0.630813,53.6674,0,53.5968,0,54.2259,0,54.25,0
1765976267804087,0,0.630397,0.632633,0.625157,0.620907,54.2142,0,54.4064,0,53.7635,0,53.398,0
1765976267809137,0,0.624503,0.623403,0.630233,0.630115,53.7073,0,53.6127,0,54.2,0,54.1899,0
1765976267814145,0,0.630006,0.632372,0.625198,0.621145,54.1806,0,54.384,0,53.767,0,53.4185,0
1765976267819078,0,0.624235,0.623338,0.630171,0.630135,53.6842,0,53.6071,0,54.1947,0,54.1916,0
1765976267823904,0,0.628696,0.632047,0.625491,0.622152,54.0679,0,54.356,0,53.7922,0,53.5051,0
1765976267829156,0,0.622966,0.62266,0.630596,0.631223,53.5751,0,53.5487,0,54.2312,0,54.2851,0
1765976267834048,0,0.630529,0.632637,0.624682,0.620181,54.2255,0,54.4068,0,53.7227,0,53.3355,0
1765976267839064,0,0.624317,0.623297,0.629926,0.62963,53.6912,0,53.6035,0,54.1736,0,54.1482,0
1765976267844097,0,0.629429,0.63209,0.625032,0.621136,54.1309,0,54.3597,0,53.7527,0,53.4177,0
1765976267849106,0,0.623473,0.622901,0.630139,0.630271,53.6187,0,53.5695,0,54.192,0,54.2033,0
1765976267854079,0,0.629749,0.632225,0.624767,0.620631,54.1584,0,54.3713,0,53.7299,0,53.3742,0
1765976267859160,0,0.623497,0.622826,0.630042,0.630086,53.6208,0,53.563,0,54.1836,0,54.1874,0
1765976267864071,0,0.630104,0.632408,0.624465,0.620088,54.1889,0,54.3871,0,53.704,0,53.3276,0
1765976267869051,0,0.623707,0.623035,0.629791,0.629632,53.6388,0,53.581,0,54.1621,0,54.1484,0
1765976267874089,0,0.628743,0.631744,0.624947,0.621315,54.0719,0,54.33,0,53.7454,0,53.4331,0
1765976267879162,0,0.622618,0.62244,0.630157,0.630567,53.5451,0,53.5299,0,54.1935,0,54.2288,0
1765976267884005,0,0.629532,0.632195,0.624418,0.620323,54.1398,0,54.3688,0,53.7,0,53.3478,0
1765976267889064,0,0.623084,0.622737,0.629816,0.629885,53.5852,0,53.5554,0,54.1642,0,54.1701,0
1765976267894136,0,0.628819,0.631691,0.624688,0.620968,54.0784,0,54.3254,0,53.7232,0,53.4032,0
1765976267899079,0,0.622647,0.622519,0.629897,0.630146,53.5477,0,53.5366,0,54.1711,0,54.1926,0
1765976267904128,0,0.62982,0.632158,0.624152,0.619779,54.1645,0,54.3656,0,53.6771,0,53.301,0
1765976267909158,0,0.623098,0.622639,0.629656,0.629559,53.5864,0,53.547,0,54.1504,0,54.1421,0
1765976267913960,0,0.629114,0.631971,0.624296,0.620288,54.1038,0,54.3495,0,53.6895,0,53.3448,0
1765976267919101,0,0.622416,0.62236,0.629835,0.630052,53.5278,0,53.523,0,54.1658,0,54.1845,0
1765976267923959,0,0.628728,0.631748,0.624378,0.62056,54.0706,0,54.3303,0,53.6965,0,53.3682,0
1765976267929143,0,0.622042,0.622124,0.629922,0.63029,53.4957,0,53.5027,0,54.1733,0,54.2049,0
1765976267934063,0,0.630109,0.632293,0.623698,0.619082,54.1894,0,54.3772,0,53.6381,0,53.241,0
1765976267939130,0,0.622977,0.622588,0.629424,0.629212,53.576,0,53.5425,0,54.1305,0,54.1123,0
1765976267944126,0,0.628987,0.631674,0.624152,0.620141,54.0929,0,54.324,0,53.677,0,53.3321,0
1765976267948922,0,0.622426,0.622538,0.629498,0.629522,53.5287,0,53.5383,0,54.1368,0,54.1389,0
1765976267953904,0,0.627715,0.631228,0.624577,0.621232,53.9835,0,54.2856,0,53.7136,0,53.4259,0
1765976267958906,0,0.621285,0.621939,0.629944,0.630527,53.4305,0,53.4867,0,54.1752,0,54.2253,0
1765976267963916,0,0.631632,0.633072,0.622729,0.617165,54.3204,0,54.4442,0,53.5547,0,53.0762,0
1765976267968903,0,0.62377,0.623111,0.628813,0.627966,53.6442,0,53.5876,0,54.0779,0,54.0051,0
1765976267973903,0,0.628079,0.631312,0.624325,0.620707,54.0148,0,54.2928,0,53.6919,0,53.3808,0
1765976267978926,0,0.62125,0.6219,0.629842,0.630356,53.4275,0,53.4834,0,54.1664,0,54.2107,0
1765976267983911,0,0.62908,0.631832,0.623731,0.619621,54.1009,0,54.3376,0,53.6409,0,53.2874,0
1765976267988900,0,0.621891,0.622262,0.629455,0.629614,53.4826,0,53.5145,0,54.1331,0,54.1468,0
1765976267993939,0,0.630098,0.632308,0.623202,0.61853,54.1885,0,54.3785,0,53.5953,0,53.1936,0
1765976267998913,0,0.622475,0.622571,0.62913,0.628946,53.5328,0,53.5411,0,54.1052,0,54.0894,0
1765976268003907,0,0.628974,0.631782,0.623655,0.619601,54.0918,0,54.3332,0,53.6343,0,53.2857,0
1765976268008918,0,0.621576,0.622159,0.62946,0.629746,53.4556,0,53.5057,0,54.1335,0,54.1582,0
1765976268013912,0,0.628911,0.631792,0.623588,0.619612,54.0864,0,54.3341,0,53.6286,0,53.2866,0
1765976268018893,0,0.621472,0.622166,0.629425,0.629762,53.4466,0,53.5063,0,54.1305,0,54.1596,0
1765976268023886,0,0.627329,0.631016,0.624266,0.621148,53.9503,0,54.2674,0,53.6869,0,53.4188,0
1765976268028942,0,0.620291,0.621535,0.629923,0.630857,53.345,0,53.452,0,54.1734,0,54.2537,0
1765976268033896,0,0.629279,0.631945,0.623313,0.619135,54.118,0,54.3473,0,53.6049,0,53.2456,0
1765976268038904,0,0.621618,0.62221,0.629295,0.629463,53.4592,0,53.5101,0,54.1194,0,54.1338,0
1765976268043918,0,0.628937,0.631727,0.623479,0.61945,54.0886,0,54.3285,0,53.6192,0,53.2727,0
1765976268048919,0,0.621311,0.622055,0.62942,0.6297,53.4328,0,53.4967,0,54.1301,0,54.1542,0
1765976268053911,0,0.627637,0.63104,0.624092,0.620727,53.9768,0,54.2694,0,53.6719,0,53.3826,0
1765976268058932,0,0.620374,0.621556,0.62984,0.630561,53.3521,0,53.4538,0,54.1663,0,54.2283,0
1765976268063926,0,0.628695,0.631541,0.623562,0.619635,54.0677,0,54.3125,0,53.6263,0,53.2886,0
1765976268068889,0,0.62112,0.621959,0.629475,0.629753,53.4163,0,53.4885,0,54.1348,0,54.1588,0
1765976268073905,0,0.62954,0.631943,0.623181,0.618747,54.1405,0,54.3471,0,53.5936,0,53.2123,0
1765976268078945,0,0.621519,0.622117,0.629323,0.62933,53.4506,0,53.5021,0,54.1218,0,54.1224,0
1765976268083916,0,0.628414,0.63138,0.623702,0.619877,54.0436,0,54.2987,0,53.6384,0,53.3094,0
1765976268088923,0,0.620726,0.621771,0.629654,0.630057,53.3825,0,53.4723,0,54.1503,0,54.1849,0
1765976268093912,0,0.629878,0.632106,0.623017,0.618383,54.1695,0,54.3611,0,53.5795,0,53.181,0
1765976268098905,0,0.621639,0.622258,0.629247,0.629121,53.461,0,53.5142,0,54.1152,0,54.1044,0
1765976268103925,0,0.629172,0.631756,0.623352,0.619115,54.1088,0,54.331,0,53.6082,0,53.2439,0
1765976268108918,0,0.621097,0.622043,0.629472,0.629632,53.4143,0,53.4957,0,54.1346,0,54.1483,0
1765976268113867,0,0.62925,0.631844,0.623295,0.619033,54.1155,0,54.3385,0,53.6033,0,53.2368,0
1765976268118875,0,0.621062,0.622088,0.629474,0.629638,53.4114,0,53.4996,0,54.1348,0,54.1488,0
1765976268123878,0,0.628928,0.631708,0.623443,0.619386,54.0878,0,54.3269,0,53.6161,0,53.2672,0
1765976268128881,0,0.620782,0.621996,0.629598,0.62991,53.3872,0,53.4917,0,54.1454,0,54.1722,0
1765976268133918,0,0.629459,0.631978,0.623199,0.61888,54.1334,0,54.3501,0,53.5951,0,53.2236,0
1765976268138919,0,0.621074,0.622178,0.629472,0.629622,53.4124,0,53.5073,0,54.1346,0,54.1475,0
1765976268143905,0,0.629071,0.631807,0.623399,0.619307,54.1001,0,54.3354,0,53.6123,0,53.2604,0
1765976268148872,0,0.620777,0.622099,0.629612,0.62991,53.3868,0,53.5005,0,54.1467,0,54.1722,0
1765976268153892,0,0.628417,0.631476,0.623741,0.620008,54.0439,0,54.307,0,53.6417,0,53.3207,0
1765976268158906,0,0.620262,0.621841,0.629882,0.630432,53.3425,0,53.4784,0,54.1699,0,54.2172,0
1765976268163924,0,0.629476,0.63204,0.62324,0.618989,54.1349,0,54.3554,0,53.5986,0,53.233,0
1765976268168901,0,0.620957,0.622254,0.629579,0.629765,53.4023,0,53.5138,0,54.1438,0,54.1598,0
1765976268173938,0,0.628795,0.631641,0.623663,0.619742,54.0763,0,54.3211,0,53.635,0,53.2978,0
1765976268178937,0,0.620446,0.621988,0.629883,0.630298,53.3584,0,53.4909,0,54.1699,0,54.2056,0
1765976268183896,0,0.628662,0.631629,0.623733,0.619923,54.0649,0,54.3201,0,53.6411,0,53.3134,0
1765976268188905,0,0.620314,0.621974,0.62997,0.630449,53.347,0,53.4898,0,54.1774,0,54.2186,0
1765976268193937,0,0.628562,0.631533,0.623856,0.620101,54.0563,0,54.3118,0,53.6517,0,53.3287,0
1765976268198924,0,0.620261,0.62195,0.630057,0.630537,53.3425,0,53.4877,0,54.1849,0,54.2261,0
1765976268203920,0,0.628571,0.631537,0.623909,0.620153,54.0571,0,54.3122,0,53.6562,0,53.3332,0
1765976268208932,0,0.620227,0.621936,0.630139,0.630608,53.3396,0,53.4865,0,54.1919,0,54.2323,0
1765976268213949,0,0.630168,0.632324,0.623229,0.618626,54.1945,0,54.3799,0,53.5977,0,53.2018,0
1765976268218862,0,0.621409,0.622635,0.629647,0.629474,53.4412,0,53.5466,0,54.1497,0,54.1348,0
1765976268223891,0,0.629512,0.632027,0.62363,0.619365,54.1381,0,54.3544,0,53.6321,0,53.2654,0
1765976268228865,0,0.620772,0.622317,0.630033,0.630174,53.3864,0,53.5193,0,54.1828,0,54.1949,0
1765976268233897,0,0.629932,0.632243,0.623498,0.619052,54.1741,0,54.3729,0,53.6208,0,53.2385,0
1765976268238919,0,0.620978,0.622451,0.630006,0.630054,53.4041,0,53.5308,0,54.1805,0,54.1846,0
1765976268243915,0,0.62995,0.632275,0.623566,0.619141,54.1757,0,54.3757,0,53.6266,0,53.2461,0
1765976268248917,0,0.620955,0.622511,0.630077,0.630147,53.4022,0,53.536,0,54.1866,0,54.1926,0
1765976268253925,0,0.62877,0.631688,0.624204,0.620455,54.0742,0,54.3252,0,53.6815,0,53.3592,0
1765976268258915,0,0.620162,0.622162,0.630501,0.631004,53.3339,0,53.5059,0,54.2231,0,54.2663,0
1765976268263900,0,0.630749,0.632772,0.623297,0.618564,54.2444,0,54.4184,0,53.6035,0,53.1965,0
1765976268268949,0,0.621382,0.622839,0.630019,0.629907,53.4389,0,53.5641,0,54.1817,0,54.172,0
1765976268274090,0,0.629591,0.632073,0.624012,0.619912,54.1449,0,54.3583,0,53.665,0,53.3124,0
1765976268279142,0,0.620559,0.622387,0.630509,0.630842,53.3681,0,53.5253,0,54.2238,0,54.2524,0
1765976268284079,0,0.629024,0.631846,0.624346,0.620595,54.096,0,54.3387,0,53.6937,0,53.3712,0
1765976268289141,0,0.620157,0.622249,0.630767,0.631317,53.3335,0,53.5134,0,54.2459,0,54.2933,0
1765976268294149,0,0.629999,0.632384,0.623932,0.61975,54.1799,0,54.3851,0,53.6582,0,53.2985,0
1765976268299120,0,0.620948,0.622777,0.630449,0.630626,53.4015,0,53.5588,0,54.2186,0,54.2338,0
1765976268303985,0,0.629489,0.632211,0.624284,0.620357,54.136,0,54.3701,0,53.6884,0,53.3507,0
1765976268309146,0,0.620344,0.622457,0.630878,0.631325,53.3496,0,53.5313,0,54.2555,0,54.2939,0
1765976268313959,0,0.630673,0.632891,0.623786,0.619298,54.2379,0,54.4287,0,53.6456,0,53.2597,0
1765976268318965,0,0.621275,0.623096,0.630511,0.630499,53.4297,0,53.5862,0,54.224,0,54.223,0
1765976268323939,0,0.631622,0.633386,0.62349,0.618505,54.3195,0,54.4712,0,53.6201,0,53.1914,0
1765976268329125,0,0.621632,0.623243,0.630527,0.630323,53.4603,0,53.5989,0,54.2253,0,54.2078,0
1765976268334117,0,0.631527,0.633297,0.623677,0.618829,54.3113,0,54.4635,0,53.6363,0,53.2193,0
1765976268339155,0,0.621748,0.623448,0.630537,0.63035,53.4704,0,53.6165,0,54.2262,0,54.2101,0
1765976268343957,0,0.630054,0.632651,0.624496,0.620467,54.1846,0,54.408,0,53.7067,0,53.3602,0
1765976268349048,0,0.620583,0.622921,0.6312,0.631628,53.3701,0,53.5712,0,54.2832,0,54.32,0
1765976268354048,0,0.629687,0.632428,0.624811,0.621043,54.1531,0,54.3888,0,53.7338,0,53.4097,0
1765976268359056,0,0.620562,0.623005,0.631302,0.631782,53.3683,0,53.5784,0,54.2919,0,54.3333,0
1765976268364086,0,0.631125,0.633251,0.624179,0.619788,54.2767,0,54.4596,0,53.6794,0,53.3018,0
1765976268369027,0,0.621541,0.623611,0.630937,0.630988,53.4525,0,53.6305,0,54.2606,0,54.265,0
1765976268374141,0,0.62976,0.632471,0.625068,0.621369,54.1593,0,54.3925,0,53.7558,0,53.4377,0
1765976268379057,0,0.620695,0.623193,0.6315,0.631966,53.3798,0,53.5946,0,54.309,0,54.3491,0
1765976268384030,0,0.631436,0.633472,0.624314,0.61986,54.3035,0,54.4786,0,53.691,0,53.3079,0
1765976268389079,0,0.62163,0.62373,0.631196,0.631236,53.4602,0,53.6408,0,54.2828,0,54.2863,0
1765976268394146,0,0.63121,0.633296,0.624632,0.62032,54.284,0,54.4634,0,53.7184,0,53.3475,0
1765976268399117,0,0.621527,0.623714,0.631404,0.631518,53.4513,0,53.6394,0,54.3008,0,54.3105,0
1765976268404078,0,0.63084,0.63318,0.624943,0.620894,54.2522,0,54.4535,0,53.7451,0,53.3969,0
1765976268409152,0,0.621154,0.623571,0.631731,0.632065,53.4192,0,53.6271,0,54.3289,0,54.3576,0
1765976268413980,0,0.632594,0.634257,0.624159,0.619319,54.4031,0,54.5461,0,53.6776,0,53.2614,0
1765976268418947,0,0.622458,0.624478,0.631204,0.630946,53.5313,0,53.7051,0,54.2835,0,54.2614,0
1765976268423924,0,0.63136,0.633601,0.624991,0.620813,54.2969,0,54.4897,0,53.7492,0,53.3899,0
1765976268428914,0,0.621554,0.624039,0.631823,0.632039,53.4537,0,53.6674,0,54.3368,0,54.3554,0
1765976268433910,0,0.632279,0.634156,0.624664,0.620137,54.376,0,54.5374,0,53.7211,0,53.3317,0
1765976268438915,0,0.622144,0.624443,0.631686,0.631683,53.5044,0,53.7021,0,54.325,0,54.3247,0
1765976268443914,0,0.632637,0.634397,0.62465,0.620036,54.4068,0,54.5582,0,53.7199,0,53.3231,0
1765976268448920,0,0.62234,0.624635,0.631753,0.631718,53.5212,0,53.7186,0,54.3308,0,54.3278,0
1765976268453925,0,0.631508,0.633812,0.6254,0.621449,54.3096,0,54.5079,0,53.7844,0,53.4446,0
1765976268458931,0,0.621586,0.6243,0.632278,0.63268,53.4564,0,53.6898,0,54.3759,0,54.4105,0
1765976268463906,0,0.63196,0.634109,0.625328,0.621257,54.3486,0,54.5334,0,53.7782,0,53.4281,0
1765976268468893,0,0.62193,0.624573,0.632272,0.632571,53.486,0,53.7133,0,54.3754,0,54.4011,0
1765976268473902,0,0.630024,0.633044,0.626501,0.623465,54.1821,0,54.4418,0,53.8791,0,53.618,0
1765976268478927,0,0.620645,0.623879,0.633078,0.63404,53.3754,0,53.6536,0,54.4447,0,54.5275,0
1765976268483927,0,0.633437,0.634949,0.624921,0.620283,54.4756,0,54.6056,0,53.7432,0,53.3443,0
1765976268488909,0,0.623024,0.625265,0.632095,0.63195,53.5801,0,53.7728,0,54.3602,0,54.3477,0
1765976268493898,0,0.632143,0.634244,0.625822,0.621868,54.3643,0,54.5449,0,53.8207,0,53.4806,0
1765976268498897,0,0.622104,0.624803,0.63276,0.633088,53.5009,0,53.7331,0,54.4174,0,54.4456,0
1765976268503924,0,0.632201,0.634314,0.625957,0.622092,54.3693,0,54.551,0,53.8323,0,53.4999,0
1765976268508920,0,0.622199,0.624932,0.632878,0.633235,53.5091,0,53.7442,0,54.4275,0,54.4582,0
1765976268513938,0,0.631696,0.634037,0.626421,0.622874,54.3259,0,54.5272,0,53.8722,0,53.5672,0
1765976268518930,0,0.621906,0.624807,0.633217,0.633754,53.484,0,53.7334,0,54.4566,0,54.5029,0
1765976268523936,0,0.6338,0.635249,0.625525,0.621026,54.5068,0,54.6314,0,53.7951,0,53.4082,0
1765976268528908,0,0.623366,0.625705,0.632694,0.632578,53.6095,0,53.8106,0,54.4117,0,54.4017,0
1765976268533931,0,0.632571,0.634562,0.626411,0.622559,54.4011,0,54.5723,0,53.8713,0,53.54,0
1765976268538899,0,0.622553,0.625305,0.633313,0.633619,53.5395,0,53.7762,0,54.465,0,54.4912,0
1765976268543898,0,0.632784,0.63477,0.626443,0.622631,54.4194,0,54.5903,0,53.8741,0,53.5462,0
1765976268548877,0,0.622691,0.625472,0.633413,0.633738,53.5515,0,53.7906,0,54.4735,0,54.5015,0
1765976268553903,0,0.632587,0.634664,0.626766,0.623122,54.4025,0,54.5811,0,53.9018,0,53.5885,0
1765976268558896,0,0.62261,0.625468,0.633664,0.634071,53.5445,0,53.7903,0,54.4951,0,54.5301,0
1765976268563913,0,0.633788,0.635382,0.626339,0.622201,54.5058,0,54.6428,0,53.8651,0,53.5093,0
1765976268568842,0,0.623482,0.626044,0.633431,0.633478,53.6195,0,53.8398,0,54.475,0,54.4791,0
1765976268573912,0,0.632883,0.63487,0.627053,0.623415,54.4279,0,54.5988,0,53.9265,0,53.6137,0
1765976268578942,0,0.622778,0.62565,0.634021,0.634435,53.5589,0,53.8059,0,54.5258,0,54.5614,0
1765976268583977,0,0.634366,0.635721,0.626493,0.622221,54.5555,0,54.672,0,53.8784,0,53.511,0
1765976268588914,0,0.623938,0.626401,0.633638,0.633565,53.6587,0,53.8705,0,54.4929,0,54.4866,0
1765976268594011,0,0.631427,0.634057,0.628261,0.625481,54.3027,0,54.5289,0,54.0304,0,53.7914,0
1765976268599053,0,0.621922,0.625259,0.634867,0.635787,53.4853,0,53.7723,0,54.5985,0,54.6777,0
1765976268604088,0,0.634844,0.636046,0.626633,0.622328,54.5966,0,54.7,0,53.8904,0,53.5202,0
1765976268609003,0,0.624454,0.626819,0.633769,0.633577,53.7031,0,53.9064,0,54.5041,0,54.4876,0
1765976268613959,0,0.633037,0.635107,0.627785,0.624448,54.4412,0,54.6192,0,53.9895,0,53.7026,0
1765976268618931,0,0.623126,0.626125,0.634656,0.635139,53.5889,0,53.8467,0,54.5804,0,54.622,0
1765976268623912,0,0.632787,0.634943,0.62816,0.624988,54.4197,0,54.6051,0,54.0218,0,53.749,0
1765976268628906,0,0.62304,0.626087,0.634932,0.635476,53.5815,0,53.8435,0,54.6042,0,54.6509,0
1765976268633904,0,0.636768,0.63724,0.626277,0.621273,54.762,0,54.8027,0,53.8599,0,53.4295,0
1765976268638925,0,0.625711,0.627678,0.633823,0.63316,53.8111,0,53.9803,0,54.5088,0,54.4518,0
1765976268643857,0,0.636177,0.637001,0.626824,0.622209,54.7112,0,54.7821,0,53.9069,0,53.51,0
1765976268648926,0,0.625159,0.62747,0.634341,0.634006,53.7637,0,53.9624,0,54.5533,0,54.5245,0
1765976268653924,0,0.634473,0.636019,0.628004,0.624275,54.5647,0,54.6976,0,54.0083,0,53.6876,0
1765976268658941,0,0.624113,0.626939,0.635102,0.63532,53.6737,0,53.9167,0,54.6188,0,54.6375,0
1765976268663915,0,0.634891,0.636356,0.627938,0.624184,54.6006,0,54.7266,0,54.0027,0,53.6798,0
1765976268668904,0,0.624486,0.627271,0.635087,0.635252,53.7058,0,53.9453,0,54.6175,0,54.6317,0
1765976268673922,0,0.634383,0.636082,0.628444,0.625023,54.557,0,54.7031,0,54.0462,0,53.752,0
1765976268678916,0,0.624206,0.62716,0.635458,0.635815,53.6817,0,53.9358,0,54.6494,0,54.6801,0
1765976268683892,0,0.635338,0.63668,0.628142,0.624386,54.6391,0,54.7545,0,54.0202,0,53.6972,0
1765976268688906,0,0.624872,0.627607,0.635342,0.635462,53.739,0,53.9742,0,54.6394,0,54.6498,0
1765976268693932,0,0.634544,0.636228,0.628811,0.62552,54.5708,0,54.7156,0,54.0778,0,53.7947,0
1765976268698908,0,0.62443,0.627399,0.635798,0.636187,53.701,0,53.9563,0,54.6786,0,54.712,0
1765976268703925,0,0.63627,0.637278,0.628091,0.624111,54.7192,0,54.8059,0,54.0158,0,53.6735,0
1765976268708915,0,0.625631,0.62817,0.635405,0.63532,53.8043,0,54.0226,0,54.6449,0,54.6375,0
1765976268713915,0,0.635901,0.637079,0.628561,0.624824,54.6875,0,54.7888,0,54.0562,0,53.7349,0
1765976268718930,0,0.62536,0.628054,0.635808,0.635894,53.781,0,54.0127,0,54.6795,0,54.6868,0
1765976268723916,0,0.635937,0.637152,0.628758,0.625128,54.6906,0,54.7951,0,54.0732,0,53.761,0
1765976268728924,0,0.625433,0.628175,0.635992,0.636128,53.7872,0,54.023,0,54.6953,0,54.707,0
1765976268733897,0,0.635875,0.637154,0.62902,0.625531,54.6853,0,54.7952,0,54.0957,0,53.7957,0
1765976268738888,0,0.625488,0.62828,0.636188,0.636381,53.7919,0,54.0321,0,54.7122,0,54.7288,0
1765976268743904,0,0.635353,0.636865,0.629542,0.626395,54.6404,0,54.7704,0,54.1406,0,53.87,0
1765976268748853,0,0.625239,0.628184,0.636548,0.636926,53.7705,0,54.0238,0,54.7431,0,54.7756,0
1765976268753886,0,0.636705,0.637678,0.629044,0.625371,54.7567,0,54.8403,0,54.0978,0,53.7819,0
1765976268758843,0,0.626224,0.628817,0.636277,0.636276,53.8553,0,54.0783,0,54.7198,0,54.7197,0
1765976268763933,0,0.6372,0.637996,0.629025,0.625223,54.7992,0,54.8677,0,54.0962,0,53.7691,0
1765976268768894,0,0.626545,0.629058,0.636364,0.636285,53.8829,0,54.099,0,54.7273,0,54.7205,0
1765976268773910,0,0.63684,0.637848,0.629442,0.625936,54.7683,0,54.8549,0,54.132,0,53.8305,0
1765976268778859,0,0.626382,0.629054,0.63667,0.636761,53.8688,0,54.0987,0,54.7536,0,54.7615,0
1765976268783893,0,0.636722,0.637824,0.629732,0.626407,54.7581,0,54.8529,0,54.157,0,53.871,0
1765976268788851,0,0.626351,0.629101,0.636917,0.63711,53.8662,0,54.1027,0,54.7749,0,54.7915,0
1765976268793913,0,0.636785,0.637856,0.629969,0.62669,54.7635,0,54.8556,0,54.1773,0,53.8953,0
1765976268798986,0,0.626249,0.629025,0.637261,0.637528,53.8574,0,54.0961,0,54.8045,0,54.8274,0
1765976268803965,0,0.636656,0.637818,0.630252,0.627163,54.7524,0,54.8523,0,54.2017,0,53.9361,0
1765976268809047,0,0.626308,0.629131,0.63744,0.63778,53.8625,0,54.1052,0,54.8199,0,54.849,0
1765976268814082,0,0.636335,0.637608,0.630683,0.627821,54.7248,0,54.8343,0,54.2387,0,53.9926,0
1765976268819104,0,0.626192,0.629076,0.637744,0.638195,53.8525,0,54.1005,0,54.846,0,54.8847,0
1765976268824017,0,0.635454,0.637157,0.631329,0.629028,54.649,0,54.7955,0,54.2943,0,54.0964,0
1765976268829002,0,0.625709,0.628853,0.638183,0.638953,53.811,0,54.0814,0,54.8837,0,54.9499,0
1765976268833935,0,0.639435,0.639553,0.629351,0.625343,54.9914,0,55.0016,0,54.1242,0,53.7795,0
1765976268839078,0,0.628292,0.630416,0.637085,0.636755,54.0331,0,54.2157,0,54.7893,0,54.7609,0
1765976268844046,0,0.63832,0.63891,0.630243,0.626825,54.8955,0,54.9463,0,54.2009,0,53.907,0
1765976268849084,0,0.627626,0.630087,0.637688,0.637725,53.9759,0,54.1875,0,54.8412,0,54.8443,0
1765976268853980,0,0.638372,0.638984,0.630451,0.62712,54.9,0,54.9527,0,54.2188,0,53.9323,0
1765976268859071,0,0.627728,0.630216,0.637872,0.637945,53.9846,0,54.1986,0,54.8569,0,54.8633,0
1765976268864046,0,0.63987,0.639914,0.62986,0.625965,55.0288,0,55.0326,0,54.1679,0,53.833,0
1765976268869028,0,0.628855,0.630975,0.637509,0.637183,54.0816,0,54.2639,0,54.8258,0,54.7977,0
1765976268873924,0,0.6394,0.639716,0.630359,0.626812,54.9884,0,55.0155,0,54.2109,0,53.9058,0
1765976268878937,0,0.628501,0.63085,0.637951,0.637872,54.051,0,54.2531,0,54.8638,0,54.857,0
1765976268883918,0,0.638671,0.639313,0.631014,0.627917,54.9257,0,54.9809,0,54.2672,0,54.0008,0
1765976268888936,0,0.628055,0.630638,0.638436,0.638642,54.0127,0,54.2348,0,54.9055,0,54.9232,0
1765976268893923,0,0.638947,0.639499,0.631104,0.627999,54.9494,0,54.9969,0,54.275,0,54.0079,0
1765976268898926,0,0.628328,0.63085,0.638535,0.638711,54.0362,0,54.2531,0,54.914,0,54.9291,0
1765976268903920,0,0.638135,0.639025,0.631802,0.629173,54.8796,0,54.9562,0,54.3349,0,54.1088,0
1765976268908928,0,0.627834,0.63058,0.639044,0.639516,53.9938,0,54.2299,0,54.9578,0,54.9984,0
1765976268913910,0,0.639168,0.639668,0.631448,0.628484,54.9684,0,55.0114,0,54.3046,0,54.0496,0
1765976268918884,0,0.628676,0.63114,0.638819,0.639027,54.0661,0,54.278,0,54.9384,0,54.9563,0
1765976268923848,0,0.639529,0.639937,0.631464,0.628481,54.9995,0,55.0346,0,54.3059,0,54.0494,0
1765976268928914,0,0.62882,0.63126,0.638997,0.63922,54.0786,0,54.2884,0,54.9538,0,54.9729,0
1765976268933837,0,0.638662,0.639414,0.632204,0.629701,54.925,0,54.9896,0,54.3695,0,54.1543,0
1765976268938850,0,0.628401,0.631044,0.639457,0.639948,54.0425,0,54.2698,0,54.9933,0,55.0355,0
1765976268943851,0,0.63981,0.640143,0.631765,0.628896,55.0236,0,55.0523,0,54.3318,0,54.0851,0
1765976268948828,0,0.629297,0.631643,0.639191,0.639406,54.1195,0,54.3213,0,54.9705,0,54.9889,0
1765976268953847,0,0.637456,0.638675,0.633373,0.631596,54.8212,0,54.926,0,54.4701,0,54.3172,0
1765976268958833,0,0.627816,0.630726,0.640249,0.641148,53.9921,0,54.2425,0,55.0614,0,55.1387,0
1765976268963841,0,0.639663,0.640072,0.632274,0.629706,55.011,0,55.0462,0,54.3756,0,54.1547,0
1765976268968847,0,0.629371,0.631722,0.639594,0.639946,54.1259,0,54.3281,0,55.0051,0,55.0353,0
1765976268973866,0,0.639793,0.640145,0.632448,0.629907,55.0222,0,55.0525,0,54.3905,0,54.172,0
1765976268978847,0,0.629556,0.631856,0.639734,0.640077,54.1418,0,54.3396,0,55.0171,0,55.0466,0
1765976268983875,0,0.641007,0.640902,0.631992,0.629024,55.1266,0,55.1176,0,54.3513,0,54.096,0
1765976268988863,0,0.630413,0.632415,0.63951,0.639566,54.2155,0,54.3877,0,54.9979,0,55.0026,0
1765976268993840,0,0.642131,0.641665,0.631552,0.628243,55.2233,0,55.1832,0,54.3134,0,54.0289,0
1765976268998844,0,0.63115,0.632943,0.639338,0.639185,54.2789,0,54.4331,0,54.9831,0,54.9699,0
1765976269003856,0,0.639816,0.640237,0.633156,0.630924,55.0242,0,55.0604,0,54.4514,0,54.2594,0
1765976269008856,0,0.629661,0.632044,0.640412,0.640954,54.1508,0,54.3558,0,55.0755,0,55.122,0
1765976269013856,0,0.641255,0.641159,0.632525,0.629816,55.1479,0,55.1397,0,54.3972,0,54.1642,0
1765976269018859,0,0.630685,0.632719,0.640065,0.640282,54.2389,0,54.4138,0,55.0456,0,55.0642,0
1765976269023880,0,0.639939,0.640347,0.63353,0.631481,55.0347,0,55.0698,0,54.4835,0,54.3074,0
1765976269028926,0,0.629806,0.632177,0.6408,0.641452,54.1633,0,54.3673,0,55.1088,0,55.1648,0
1765976269033915,0,0.642479,0.641964,0.632241,0.629259,55.2532,0,55.2089,0,54.3727,0,54.1163,0
1765976269038946,0,0.631602,0.63335,0.640009,0.640032,54.3178,0,54.4681,0,55.0407,0,55.0427,0
1765976269044016,0,0.642165,0.641787,0.632676,0.629928,55.2262,0,55.1936,0,54.4101,0,54.1738,0
1765976269048909,0,0.631619,0.633428,0.640223,0.640354,54.3192,0,54.4748,0,55.0592,0,55.0704,0
1765976269053893,0,0.639702,0.64027,0.63434,0.632746,55.0144,0,55.0632,0,54.5533,0,54.4161,0
1765976269058997,0,0.62971,0.632203,0.641561,0.642513,54.1551,0,54.3694,0,55.1742,0,55.2562,0
1765976269063908,0,0.643358,0.642621,0.632343,0.629402,55.3288,0,55.2654,0,54.3815,0,54.1286,0
1765976269068864,0,0.632473,0.634036,0.640165,0.640165,54.3927,0,54.5271,0,55.0542,0,55.0542,0
1765976269073928,0,0.638994,0.639806,0.635232,0.634117,54.9534,0,55.0233,0,54.63,0,54.534,0
1765976269078910,0,0.629569,0.632152,0.642087,0.643283,54.1429,0,54.3651,0,55.2195,0,55.3223,0
1765976269083907,0,0.642481,0.642049,0.633309,0.630935,55.2534,0,55.2162,0,54.4646,0,54.2604,0
1765976269088946,0,0.631957,0.633695,0.640916,0.641276,54.3483,0,54.4978,0,55.1188,0,55.1497,0
1765976269093915,0,0.643499,0.642747,0.632896,0.630248,55.3409,0,55.2762,0,54.4291,0,54.2014,0
1765976269098906,0,0.632711,0.634233,0.640696,0.640872,54.4132,0,54.544,0,55.0998,0,55.115,0
1765976269103934,0,0.640758,0.640966,0.63481,0.633333,55.1051,0,55.1231,0,54.5937,0,54.4666,0
1765976269108935,0,0.630939,0.633085,0.641964,0.642897,54.2608,0,54.4453,0,55.2089,0,55.2892,0
1765976269113883,0,0.643546,0.642789,0.633298,0.630854,55.345,0,55.2799,0,54.4636,0,54.2535,0
1765976269118925,0,0.632833,0.634332,0.641073,0.641377,54.4237,0,54.5525,0,55.1323,0,55.1584,0
1765976269123879,0,0.640824,0.641037,0.635172,0.63391,55.1109,0,55.1292,0,54.6248,0,54.5163,0
1765976269128921,0,0.631082,0.633203,0.642308,0.643377,54.273,0,54.4555,0,55.2385,0,55.3304,0
1765976269133907,0,0.64439,0.643333,0.633207,0.630641,55.4176,0,55.3266,0,54.4558,0,54.2351,0
1765976269138897,0,0.633611,0.634859,0.641045,0.641239,54.4905,0,54.5979,0,55.1298,0,55.1465,0
1765976269143878,0,0.642512,0.642141,0.634572,0.632864,55.2561,0,55.2242,0,54.5732,0,54.4263,0
1765976269148882,0,0.632352,0.63406,0.642006,0.642776,54.3823,0,54.5291,0,55.2125,0,55.2787,0
1765976269153897,0,0.643846,0.643005,0.633967,0.631843,55.3707,0,55.2984,0,54.5212,0,54.3385,0
1765976269158925,0,0.633284,0.634672,0.641682,0.642184,54.4624,0,54.5818,0,55.1847,0,55.2279,0
1765976269163923,0,0.642973,0.642453,0.634707,0.633044,55.2957,0,55.251,0,54.5848,0,54.4417,0
1765976269168904,0,0.632792,0.634372,0.642176,0.642974,54.4201,0,54.556,0,55.2272,0,55.2957,0
1765976269173914,0,0.640572,0.640882,0.636368,0.635745,55.0892,0,55.1158,0,54.7277,0,54.6741,0
1765976269178925,0,0.63128,0.63337,0.643255,0.644719,54.2901,0,54.4698,0,55.3199,0,55.4458,0
1765976269183874,0,0.644526,0.643471,0.634085,0.632073,55.4292,0,55.3385,0,54.5313,0,54.3583,0
1765976269188911,0,0.633998,0.635156,0.64183,0.642379,54.5238,0,54.6235,0,55.1973,0,55.2446,0
1765976269193917,0,0.643519,0.642817,0.634924,0.633398,55.3426,0,55.2822,0,54.6035,0,54.4722,0
1765976269198907,0,0.633419,0.634792,0.642383,0.643242,54.4741,0,54.5921,0,55.2449,0,55.3188,0
1765976269203919,0,0.642244,0.641966,0.635914,0.63496,55.233,0,55.2091,0,54.6886,0,54.6066,0
1765976269208914,0,0.632674,0.634294,0.64302,0.644237,54.41,0,54.5493,0,55.2997,0,55.4044,0
1765976269213902,0,0.643928,0.643094,0.635022,0.633551,55.3778,0,55.3061,0,54.6119,0,54.4854,0
1765976269218902,0,0.63386,0.635091,0.64249,0.643364,54.512,0,54.6178,0,55.2541,0,55.3293,0
1765976269223898,0,0.643467,0.642779,0.635518,0.634289,55.3381,0,55.279,0,54.6545,0,54.5489,0
1765976269228885,0,0.633655,0.634956,0.642813,0.643832,54.4943,0,54.6062,0,55.2819,0,55.3696,0
1765976269233901,0,0.644132,0.643234,0.635278,0.63389,55.3953,0,55.3181,0,54.6339,0,54.5145,0
1765976269238921,0,0.63413,0.635281,0.642719,0.643636,54.5352,0,54.6342,0,55.2738,0,55.3527,0
1765976269243910,0,0.646149,0.64461,0.634181,0.632132,55.5688,0,55.4364,0,54.5395,0,54.3634,0
1765976269248921,0,0.635495,0.636224,0.642089,0.642585,54.6526,0,54.7153,0,55.2197,0,55.2623,0
1765976269253925,0,0.642613,0.64226,0.636638,0.635957,55.2647,0,55.2343,0,54.7508,0,54.6923,0
1765976269258917,0,0.63321,0.634708,0.643682,0.645061,54.456,0,54.5849,0,55.3567,0,55.4753,0
1765976269263908,0,0.644314,0.643402,0.635726,0.634494,55.411,0,55.3326,0,54.6725,0,54.5665,0
1765976269268880,0,0.634448,0.635547,0.643104,0.644103,54.5625,0,54.6571,0,55.3069,0,55.3929,0
1765976269273917,0,0.644213,0.643345,0.635977,0.634838,55.4023,0,55.3277,0,54.694,0,54.5961,0
1765976269278920,0,0.634419,0.635538,0.643313,0.644371,54.56,0,54.6562,0,55.3249,0,55.4159,0
1765976269283887,0,0.645536,0.644284,0.63528,0.633751,55.5161,0,55.4084,0,54.6341,0,54.5026,0
1765976269288893,0,0.635336,0.636197,0.64292,0.643723,54.6389,0,54.713,0,55.2911,0,55.3602,0
1765976269293913,0,0.646148,0.644702,0.635108,0.633384,55.5688,0,55.4444,0,54.6193,0,54.471,0
1765976269298902,0,0.635794,0.636526,0.642855,0.64353,54.6783,0,54.7412,0,55.2855,0,55.3436,0
1765976269303925,0,0.643495,0.642974,0.636962,0.636285,55.3406,0,55.2957,0,54.7788,0,54.7205,0
1765976269308951,0,0.634022,0.635366,0.644115,0.645478,54.5259,0,54.6415,0,55.3939,0,55.5111,0
1765976269313937,0,0.645889,0.644593,0.635602,0.634102,55.5465,0,55.435,0,54.6618,0,54.5327,0
1765976269318894,0,0.635783,0.636581,0.643202,0.643995,54.6773,0,54.7459,0,55.3154,0,55.3836,0
1765976269323983,0,0.644526,0.643684,0.636679,0.635697,55.4292,0,55.3568,0,54.7544,0,54.6699,0
1765976269328898,0,0.634996,0.636073,0.643873,0.644982,54.6097,0,54.7023,0,55.3731,0,55.4685,0
1765976269333899,0,0.645037,0.644065,0.636505,0.6354,55.4732,0,55.3896,0,54.7395,0,54.6444,0
1765976269338889,0,0.635281,0.636282,0.643877,0.644921,54.6341,0,54.7203,0,55.3735,0,55.4632,0
1765976269343904,0,0.644998,0.644073,0.636687,0.63565,55.4698,0,55.3902,0,54.7551,0,54.6659,0
1765976269348891,0,0.635281,0.636309,0.644046,0.64513,54.6342,0,54.7226,0,55.388,0,55.4812,0
1765976269353946,0,0.64468,0.643894,0.637038,0.636168,55.4424,0,55.3749,0,54.7852,0,54.7104,0
1765976269359131,0,0.634962,0.6361,0.644421,0.645637,54.6067,0,54.7046,0,55.4202,0,55.5248,0
1765976269364156,0,0.645034,0.644121,0.636992,0.635998,55.4729,0,55.3944,0,54.7813,0,54.6959,0
1765976269368976,0,0.635717,0.636668,0.644072,0.645098,54.6717,0,54.7535,0,55.3902,0,55.4784,0
1765976269373975,0,0.644624,0.64391,0.637368,0.6366,55.4376,0,55.3762,0,54.8137,0,54.7476,0
1765976269378992,0,0.635263,0.636378,0.644516,0.645726,54.6326,0,54.7285,0,55.4283,0,55.5324,0
1765976269383898,0,0.645348,0.644451,0.637017,0.636056,55.4999,0,55.4228,0,54.7835,0,54.7008,0
1765976269388929,0,0.635811,0.63679,0.644311,0.645379,54.6797,0,54.7639,0,55.4107,0,55.5026,0
1765976269393991,0,0.646048,0.644894,0.636774,0.63553,55.5601,0,55.4609,0,54.7625,0,54.6556,0
1765976269399004,0,0.636312,0.637117,0.644195,0.645073,54.7229,0,54.7921,0,55.4008,0,55.4763,0
1765976269403954,0,0.643833,0.643452,0.638316,0.637922,55.3696,0,55.3369,0,54.8952,0,54.8613,0
1765976269409049,0,0.634828,0.636142,0.64525,0.646681,54.5952,0,54.7082,0,55.4915,0,55.6146,0
1765976269413985,0,0.647166,0.645744,0.636272,0.63474,55.6563,0,55.534,0,54.7194,0,54.5876,0
1765976269418902,0,0.637345,0.637914,0.643785,0.644413,54.8116,0,54.8606,0,55.3655,0,55.4195,0
1765976269423906,0,0.644177,0.643743,0.638367,0.637912,55.3992,0,55.3619,0,54.8996,0,54.8604,0
1765976269428972,0,0.635205,0.636456,0.645297,0.646657,54.6276,0,54.7352,0,55.4956,0,55.6125,0
1765976269433857,0,0.648328,0.646624,0.635751,0.633899,55.7562,0,55.6097,0,54.6746,0,54.5153,0
1765976269438908,0,0.638032,0.638437,0.643642,0.644081,54.8708,0,54.9055,0,55.3532,0,55.391,0
1765976269443926,0,0.648516,0.646775,0.635819,0.6339,55.7724,0,55.6227,0,54.6804,0,54.5154,0
1765976269448888,0,0.638222,0.638609,0.643702,0.644093,54.8871,0,54.9204,0,55.3583,0,55.392,0
1765976269453911,0,0.643637,0.643452,0.639194,0.638976,55.3528,0,55.3368,0,54.9707,0,54.952,0
1765976269458928,0,0.634934,0.636359,0.645948,0.647455,54.6043,0,54.7269,0,55.5515,0,55.6812,0
1765976269463891,0,0.647951,0.646438,0.636457,0.634801,55.7237,0,55.5936,0,54.7353,0,54.5929,0
1765976269468904,0,0.637869,0.638403,0.644212,0.644769,54.8568,0,54.9027,0,55.4022,0,55.4501,0
1765976269473925,0,0.644936,0.644399,0.638586,0.637994,55.4645,0,55.4183,0,54.9184,0,54.8675,0
1765976269478896,0,0.635963,0.637126,0.645553,0.646783,54.6928,0,54.7929,0,55.5175,0,55.6233,0
1765976269483901,0,0.647092,0.645899,0.637279,0.635979,55.6499,0,55.5473,0,54.806,0,54.6942,0
1765976269488910,0,0.637402,0.63813,0.644773,0.64554,54.8166,0,54.8792,0,55.4505,0,55.5164,0
1765976269493904,0,0.646519,0.645543,0.637778,0.63671,55.6006,0,55.5167,0,54.8489,0,54.7571,0
1765976269498911,0,0.637057,0.637927,0.645121,0.646033,54.7869,0,54.8617,0,55.4804,0,55.5588,0
1765976269503916,0,0.645763,0.645047,0.638394,0.637614,55.5356,0,55.4741,0,54.9019,0,54.8348,0
1765976269508910,0,0.636625,0.637652,0.645516,0.6466,54.7497,0,54.8381,0,55.5144,0,55.6076,0
1765976269513916,0,0.646673,0.645692,0.637901,0.636838,55.6138,0,55.5295,0,54.8595,0,54.7681,0
1765976269518899,0,0.637302,0.638139,0.6452,0.646083,54.808,0,54.88,0,55.4872,0,55.5631,0
1765976269523924,0,0.644383,0.644111,0.639551,0.639263,55.417,0,55.3935,0,55.0014,0,54.9766,0
1765976269528935,0,0.63581,0.637102,0.646285,0.647662,54.6796,0,54.7908,0,55.5805,0,55.6989,0
1765976269533902,0,0.646179,0.645362,0.638446,0.637581,55.5714,0,55.5012,0,54.9064,0,54.8319,0
1765976269538922,0,0.637101,0.638008,0.645554,0.64653,54.7907,0,54.8687,0,55.5176,0,55.6016,0
1765976269543883,0,0.64753,0.646346,0.637617,0.636347,55.6876,0,55.5858,0,54.835,0,54.7259,0
1765976269548883,0,0.63805,0.638709,0.645034,0.645737,54.8723,0,54.929,0,55.4729,0,55.5334,0
1765976269553860,0,0.646814,0.645877,0.638204,0.637196,55.626,0,55.5454,0,54.8856,0,54.7989,0
1765976269558903,0,0.637554,0.638383,0.645474,0.646352,54.8296,0,54.9009,0,55.5108,0,55.5863,0
1765976269563908,0,0.648102,0.64679,0.637446,0.636023,55.7368,0,55.6239,0,54.8204,0,54.698,0
1765976269568899,0,0.638484,0.639057,0.644981,0.645576,54.9096,0,54.9589,0,55.4684,0,55.5195,0
1765976269573914,0,0.644126,0.64403,0.640233,0.640128,55.3948,0,55.3866,0,55.06,0,55.051,0
1765976269578978,0,0.635783,0.637167,0.646856,0.648315,54.6774,0,54.7963,0,55.6296,0,55.7551,0
1765976269583897,0,0.646819,0.645929,0.638473,0.637526,55.6264,0,55.5499,0,54.9087,0,54.8272,0
1765976269588900,0,0.637767,0.63858,0.645624,0.64649,54.848,0,54.9179,0,55.5236,0,55.5982,0
1765976269593889,0,0.648432,0.647104,0.637442,0.63601,55.7651,0,55.6509,0,54.82,0,54.6968,0
1765976269598948,0,0.638774,0.639314,0.645059,0.645625,54.9345,0,54.981,0,55.4751,0,55.5238,0
1765976269603990,0,0.646896,0.646006,0.638636,0.637672,55.633,0,55.5565,0,54.9227,0,54.8398,0
1765976269608929,0,0.637938,0.63874,0.645723,0.646557,54.8627,0,54.9316,0,55.5321,0,55.6039,0
1765976269613979,0,0.644946,0.644652,0.640037,0.639723,55.4653,0,55.4401,0,55.0432,0,55.0162,0
1765976269618900,0,0.636714,0.63789,0.646606,0.647845,54.7574,0,54.8586,0,55.6081,0,55.7147,0
1765976269623877,0,0.647187,0.646284,0.638522,0.637559,55.6581,0,55.5805,0,54.9129,0,54.8301,0
1765976269628949,0,0.638074,0.638864,0.645778,0.646613,54.8744,0,54.9423,0,55.5369,0,55.6087,0
1765976269633962,0,0.648575,0.647253,0.637681,0.636257,55.7774,0,55.6637,0,54.8405,0,54.7181,0
1765976269638978,0,0.639096,0.639595,0.645202,0.645719,54.9622,0,55.0052,0,55.4874,0,55.5319,0
1765976269643968,0,0.647034,0.646178,0.638834,0.63791,55.6449,0,55.5714,0,54.9397,0,54.8602,0
1765976269648975,0,0.638049,0.638867,0.645996,0.646843,54.8722,0,54.9425,0,55.5557,0,55.6285,0
1765976269653981,0,0.644703,0.644564,0.640475,0.640328,55.4444,0,55.4325,0,55.0809,0,55.0682,0
1765976269658965,0,0.636639,0.637896,0.646979,0.648298,54.7509,0,54.8591,0,55.6402,0,55.7536,0
1765976269663969,0,0.648066,0.646936,0.638227,0.637022,55.7336,0,55.6365,0,54.8875,0,54.7839,0
1765976269668964,0,0.638916,0.639505,0.645541,0.646158,54.9468,0,54.9974,0,55.5165,0,55.5696,0
1765976269674009,0,0.645044,0.644813,0.640372,0.640132,55.4738,0,55.4539,0,55.072,0,55.0514,0
1765976269679027,0,0.636916,0.638092,0.646946,0.648186,54.7747,0,54.8759,0,55.6374,0,55.744,0
1765976269683918,0,0.649277,0.647834,0.637481,0.635938,55.8378,0,55.7138,0,54.8233,0,54.6907,0
1765976269688940,0,0.63979,0.640153,0.645078,0.645455,55.0219,0,55.0531,0,55.4767,0,55.5092,0
1765976269693954,0,0.646216,0.645666,0.639689,0.639101,55.5746,0,55.5273,0,55.0132,0,54.9627,0
1765976269698901,0,0.637824,0.638768,0.646471,0.647455,54.8528,0,54.934,0,55.5965,0,55.6812,0
1765976269703971,0,0.64628,0.645716,0.639693,0.639098,55.5801,0,55.5316,0,55.0136,0,54.9624,0
1765976269709007,0,0.637853,0.638783,0.646518,0.647494,54.8554,0,54.9353,0,55.6006,0,55.6845,0
1765976269713928,0,0.649548,0.648068,0.63745,0.635862,55.8611,0,55.7338,0,54.8207,0,54.6841,0
1765976269718973,0,0.639993,0.640325,0.645134,0.645471,55.0394,0,55.0679,0,55.4816,0,55.5105,0
1765976269723933,0,0.64629,0.64576,0.639789,0.639218,55.581,0,55.5354,0,55.0219,0,54.9728,0
1765976269729006,0,0.637787,0.638758,0.646698,0.6477,54.8497,0,54.9332,0,55.616,0,55.7022,0
1765976269733969,0,0.648131,0.647099,0.638528,0.637423,55.7393,0,55.6505,0,54.9134,0,54.8183,0
1765976269738933,0,0.639206,0.639808,0.645761,0.646377,54.9717,0,55.0235,0,55.5354,0,55.5884,0
1765976269743965,0,0.647314,0.646508,0.639169,0.638304,55.669,0,55.5997,0,54.9686,0,54.8942,0
1765976269748946,0,0.638638,0.639394,0.646221,0.646995,54.9229,0,54.9879,0,55.575,0,55.6416,0
1765976269753915,0,0.646446,0.645882,0.639828,0.639225,55.5944,0,55.5459,0,55.0252,0,54.9734,0
1765976269759067,0,0.637929,0.638864,0.646779,0.647742,54.8619,0,54.9423,0,55.623,0,55.7058,0
1765976269763913,0,0.648149,0.647116,0.638657,0.637555,55.7408,0,55.652,0,54.9245,0,54.8297,0
1765976269768971,0,0.639162,0.639767,0.645971,0.646587,54.9679,0,55.0199,0,55.5535,0,55.6065,0
1765976269774113,0,0.644809,0.644732,0.641036,0.640956,55.4536,0,55.4469,0,55.1291,0,55.1222,0
1765976269779095,0,0.637128,0.638326,0.647377,0.64862,54.793,0,54.896,0,55.6744,0,55.7813,0
1765976269784091,0,0.647109,0.646355,0.639462,0.638673,55.6513,0,55.5865,0,54.9938,0,54.9259,0
1765976269789029,0,0.638786,0.639504,0.646284,0.647032,54.9356,0,54.9973,0,55.5804,0,55.6448,0
1765976269794140,0,0.64746,0.646643,0.639212,0.638355,55.6815,0,55.6113,0,54.9722,0,54.8986,0
1765976269799076,0,0.639025,0.639698,0.64614,0.64684,54.9562,0,55.0141,0,55.5681,0,55.6282,0
1765976269804031,0,0.646919,0.64627,0.639605,0.638927,55.635,0,55.5793,0,55.006,0,54.9477,0
1765976269809017,0,0.63864,0.639425,0.646434,0.64725,54.923,0,54.9906,0,55.5933,0,55.6635,0
1765976269813947,0,0.648749,0.647597,0.638327,0.637107,55.7924,0,55.6933,0,54.8961,0,54.7912,0
1765976269818917,0,0.639861,0.640312,0.645627,0.646088,55.0281,0,55.0668,0,55.5239,0,55.5636,0
1765976269823869,0,0.645283,0.645105,0.640805,0.640622,55.4943,0,55.479,0,55.1093,0,55.0935,0
1765976269828926,0,0.637507,0.638606,0.647285,0.648422,54.8256,0,54.9202,0,55.6665,0,55.7643,0
1765976269833912,0,0.651177,0.649362,0.63662,0.634686,56.0012,0,55.8451,0,54.7493,0,54.583,0
1765976269838941,0,0.641465,0.641474,0.644577,0.644569,55.166,0,55.1668,0,55.4336,0,55.4329,0
1765976269843926,0,0.648631,0.647532,0.638487,0.637311,55.7822,0,55.6878,0,54.9099,0,54.8087,0
1765976269848898,0,0.639726,0.640231,0.645827,0.646323,55.0164,0,55.0598,0,55.5411,0,55.5838,0
1765976269853888,0,0.647864,0.646982,0.639057,0.63811,55.7163,0,55.6404,0,54.9589,0,54.8775,0
1765976269858910,0,0.639167,0.639826,0.64625,0.646902,54.9684,0,55.025,0,55.5775,0,55.6336,0
1765976269863913,0,0.646748,0.646184,0.63986,0.639254,55.6203,0,55.5719,0,55.0279,0,54.9758,0
1765976269868893,0,0.638472,0.639331,0.646745,0.647605,54.9086,0,54.9824,0,55.62,0,55.694,0
1765976269873904,0,0.646342,0.645867,0.640178,0.639672,55.5855,0,55.5446,0,55.0553,0,55.0118,0
1765976269878906,0,0.638252,0.639153,0.646927,0.647835,54.8897,0,54.9672,0,55.6357,0,55.7138,0
1765976269883887,0,0.647574,0.646792,0.639261,0.638436,55.6914,0,55.6241,0,54.9764,0,54.9055,0
1765976269888919,0,0.639081,0.63977,0.646343,0.647036,54.9609,0,55.0202,0,55.5855,0,55.6451,0
1765976269893910,0,0.646266,0.645822,0.640221,0.639757,55.5788,0,55.5407,0,55.059,0,55.0191,0
1765976269898897,0,0.638281,0.639176,0.646918,0.647827,54.8921,0,54.9692,0,55.635,0,55.7131,0
1765976269903884,0,0.646209,0.645775,0.640256,0.639807,55.574,0,55.5366,0,55.062,0,55.0234,0
1765976269908882,0,0.638329,0.639207,0.646884,0.647779,54.8963,0,54.9718,0,55.6321,0,55.709,0
1765976269913938,0,0.646709,0.646149,0.639872,0.639295,55.617,0,55.5688,0,55.029,0,54.9794,0
1765976269918924,0,0.638706,0.639484,0.646612,0.647407,54.9287,0,54.9956,0,55.6086,0,55.677,0
1765976269923931,0,0.644471,0.644498,0.641484,0.64153,55.4245,0,55.4269,0,55.1677,0,55.1715,0
1765976269928915,0,0.637321,0.638459,0.647583,0.648754,54.8096,0,54.9075,0,55.6921,0,55.7928,0
1765976269933907,0,0.646382,0.645898,0.640069,0.639587,55.5888,0,55.5472,0,55.0459,0,55.0045,0
1765976269938914,0,0.638666,0.63944,0.646617,0.64742,54.9253,0,54.9918,0,55.6091,0,55.6781,0
1765976269943903,0,0.648541,0.647462,0.638497,0.637386,55.7745,0,55.6818,0,54.9107,0,54.8152,0
1765976269948879,0,0.640122,0.640495,0.645589,0.645975,55.0505,0,55.0826,0,55.5206,0,55.5539,0
1765976269953883,0,0.646215,0.645779,0.640155,0.639718,55.5745,0,55.537,0,55.0533,0,55.0157,0
1765976269958899,0,0.63856,0.63936,0.646678,0.647501,54.9161,0,54.9849,0,55.6143,0,55.6851,0
1765976269963932,0,0.648983,0.647798,0.638123,0.636894,55.8126,0,55.7106,0,54.8785,0,54.7729,0
1765976269968882,0,0.640459,0.64075,0.645317,0.645612,55.0795,0,55.1045,0,55.4973,0,55.5227,0
1765976269973981,0,0.645721,0.6454,0.640489,0.640168,55.532,0,55.5044,0,55.0821,0,55.0545,0
1765976269978920,0,0.638309,0.639168,0.646834,0.647711,54.8946,0,54.9685,0,55.6277,0,55.7032,0
1765976269983927,0,0.646914,0.646282,0.639574,0.63893,55.6346,0,55.5803,0,55.0034,0,54.948,0
1765976269988911,0,0.639098,0.639744,0.646249,0.646908,54.9624,0,55.018,0,55.5774,0,55.6341,0
1765976269993938,0,0.647086,0.6464,0.639425,0.638724,55.6494,0,55.5904,0,54.9906,0,54.9303,0
1765976269998863,0,0.639281,0.639875,0.646096,0.646701,54.9782,0,55.0293,0,55.5642,0,55.6163,0
1765976270003898,0,0.646269,0.645806,0.63998,0.639509,55.5792,0,55.5393,0,55.0382,0,54.9978,0
1765976270008853,0,0.638761,0.639493,0.646436,0.64718,54.9335,0,54.9964,0,55.5935,0,55.6575,0
1765976270013925,0,0.647919,0.647004,0.638745,0.637803,55.721,0,55.6423,0,54.9321,0,54.8511,0
1765976270018892,0,0.639824,0.640258,0.645664,0.646103,55.0249,0,55.0622,0,55.5271,0,55.5648,0
1765976270023881,0,0.64645,0.645914,0.639794,0.639246,55.5947,0,55.5486,0,55.0223,0,54.9752,0
1765976270028891,0,0.638813,0.639501,0.646371,0.647064,54.9379,0,54.9971,0,55.5879,0,55.6475,0
1765976270033909,0,0.647009,0.646345,0.639319,0.638639,55.6427,0,55.5857,0,54.9814,0,54.923,0
1765976270038931,0,0.639196,0.639792,0.646051,0.646651,54.9709,0,55.0221,0,55.5604,0,55.612,0
1765976270043916,0,0.648194,0.647201,0.638418,0.637391,55.7447,0,55.6593,0,54.904,0,54.8156,0
1765976270048916,0,0.639978,0.640354,0.645467,0.64584,55.0381,0,55.0705,0,55.5102,0,55.5422,0
1765976270053909,0,0.645962,0.645556,0.640016,0.6396,55.5527,0,55.5178,0,55.0414,0,55.0056,0
1765976270058911,0,0.638504,0.639266,0.646488,0.64725,54.9113,0,54.9768,0,55.598,0,55.6635,0
1765976270063898,0,0.645449,0.645165,0.640348,0.640061,55.5086,0,55.4842,0,55.07,0,55.0453,0
1765976270068884,0,0.638235,0.639055,0.646642,0.647465,54.8882,0,54.9587,0,55.6112,0,55.682,0
1765976270073920,0,0.645552,0.645222,0.64023,0.6399,55.5175,0,55.4891,0,55.0598,0,55.0314,0
1765976270078933,0,0.638347,0.639119,0.646528,0.647305,54.8978,0,54.9642,0,55.6014,0,55.6683,0
1765976270083917,0,0.648379,0.647322,0.638066,0.636979,55.7606,0,55.6697,0,54.8737,0,54.7802,0
1765976270088900,0,0.640257,0.640538,0.645088,0.645364,55.0621,0,55.0862,0,55.4776,0,55.5013,0
1765976270093921,0,0.646251,0.645737,0.639599,0.639077,55.5776,0,55.5333,0,55.0055,0,54.9606,0
1765976270098904,0,0.638812,0.639456,0.646097,0.646742,54.9378,0,54.9932,0,55.5643,0,55.6198,0
1765976270103895,0,0.646789,0.646114,0.639156,0.638467,55.6238,0,55.5658,0,54.9674,0,54.9081,0
1765976270108930,0,0.639148,0.639683,0.64582,0.646353,54.9667,0,55.0128,0,55.5406,0,55.5864,0
1765976270113918,0,0.646561,0.645955,0.63925,0.638632,55.6043,0,55.5521,0,54.9755,0,54.9224,0
1765976270118939,0,0.639026,0.639599,0.645845,0.646413,54.9562,0,55.0055,0,55.5427,0,55.5915,0
1765976270123941,0,0.646157,0.64564,0.639497,0.63897,55.5695,0,55.525,0,54.9967,0,54.9514,0
1765976270128931,0,0.638787,0.639408,0.645969,0.646585,54.9357,0,54.9891,0,55.5533,0,55.6063,0
1765976270133905,0,0.645566,0.645215,0.639847,0.639495,55.5187,0,55.4885,0,55.0269,0,54.9966,0
1765976270139172,0,0.638197,0.63895,0.646364,0.647113,54.885,0,54.9497,0,55.5873,0,55.6517,0
1765976270143976,0,0.645257,0.644946,0.640044,0.639735,55.4921,0,55.4654,0,55.0438,0,55.0172,0
1765976270149049,0,0.638201,0.638938,0.646301,0.647037,54.8853,0,54.9487,0,55.5819,0,55.6451,0
1765976270154078,0,0.643432,0.64357,0.641344,0.641497,55.3352,0,55.347,0,55.1556,0,55.1688,0
1765976270159151,0,0.637114,0.638114,0.647037,0.648042,54.7918,0,54.8778,0,55.6452,0,55.7316,0
1765976270164092,0,0.648685,0.64751,0.637301,0.636101,55.7869,0,55.6858,0,54.8079,0,54.7047,0
1765976270169047,0,0.640736,0.640838,0.644279,0.644377,55.1033,0,55.1121,0,55.408,0,55.4164,0
1765976270174162,0,0.646743,0.646016,0.638735,0.638001,55.6199,0,55.5574,0,54.9312,0,54.8681,0
1765976270179051,0,0.639445,0.639848,0.645187,0.645587,54.9923,0,55.0269,0,55.4861,0,55.5205,0
1765976270183979,0,0.645763,0.645329,0.639331,0.638898,55.5357,0,55.4983,0,54.9825,0,54.9453,0
1765976270189056,0,0.638648,0.639261,0.645685,0.646296,54.9238,0,54.9764,0,55.5289,0,55.5815,0
1765976270194145,0,0.646284,0.645672,0.638905,0.638291,55.5804,0,55.5278,0,54.9459,0,54.893,0
1765976270198946,0,0.639198,0.639656,0.645212,0.645667,54.971,0,55.0104,0,55.4882,0,55.5274,0
1765976270203915,0,0.64413,0.644049,0.640439,0.640368,55.3952,0,55.3882,0,55.0778,0,55.0717,0
1765976270209016,0,0.637601,0.638426,0.646346,0.647169,54.8337,0,54.9046,0,55.5858,0,55.6565,0
1765976270213914,0,0.648127,0.647048,0.637321,0.636224,55.7389,0,55.6462,0,54.8096,0,54.7152,0
1765976270218926,0,0.64029,0.640442,0.644267,0.644412,55.065,0,55.078,0,55.407,0,55.4195,0
1765976270223935,0,0.64767,0.646681,0.637599,0.636594,55.6996,0,55.6146,0,54.8335,0,54.7471,0
1765976270228926,0,0.639924,0.640148,0.644472,0.644686,55.0335,0,55.0528,0,55.4246,0,55.443,0
1765976270233911,0,0.647547,0.646591,0.637594,0.636622,55.689,0,55.6068,0,54.8331,0,54.7495,0
1765976270238932,0,0.639749,0.640012,0.644521,0.644771,55.0184,0,55.041,0,55.4288,0,55.4503,0
1765976270243915,0,0.646401,0.645729,0.638366,0.637686,55.5905,0,55.5327,0,54.8995,0,54.841,0
1765976270248904,0,0.638964,0.639418,0.645015,0.645454,54.9509,0,54.99,0,55.4713,0,55.5091,0
1765976270253924,0,0.644411,0.644196,0.639817,0.639602,55.4193,0,55.4009,0,55.0243,0,55.0058,0
1765976270258912,0,0.637687,0.638432,0.645903,0.646627,54.8411,0,54.9051,0,55.5476,0,55.6099,0
1765976270263931,0,0.644013,0.643865,0.640052,0.639902,55.3851,0,55.3724,0,55.0444,0,55.0315,0
1765976270268901,0,0.637512,0.638276,0.645964,0.646706,54.826,0,54.8917,0,55.5529,0,55.6167,0
1765976270273913,0,0.645044,0.644654,0.639152,0.638757,55.4738,0,55.4402,0,54.9671,0,54.9331,0
1765976270278918,0,0.638222,0.638811,0.64534,0.645908,54.8871,0,54.9377,0,55.4992,0,55.5481,0
1765976270283909,0,0.645478,0.644971,0.638722,0.638211,55.5111,0,55.4675,0,54.9301,0,54.8861,0
1765976270288933,0,0.638516,0.639018,0.645034,0.645517,54.9124,0,54.9556,0,55.4729,0,55.5145,0
1765976270293924,0,0.646314,0.645623,0.637947,0.637251,55.583,0,55.5236,0,54.8635,0,54.8036,0
1765976270298909,0,0.639078,0.639452,0.644496,0.644851,54.9608,0,54.9929,0,55.4266,0,55.4572,0
1765976270303892,0,0.644928,0.644533,0.638939,0.638545,55.4638,0,55.4299,0,54.9488,0,54.9149,0
1765976270308894,0,0.638161,0.638725,0.645113,0.645658,54.8818,0,54.9303,0,55.4797,0,55.5266,0
1765976270313897,0,0.64467,0.644332,0.63903,0.638695,55.4416,0,55.4125,0,54.9566,0,54.9278,0
1765976270318890,0,0.638011,0.638601,0.645132,0.645702,54.869,0,54.9197,0,55.4814,0,55.5304,0
1765976270323904,0,0.645023,0.644558,0.638686,0.638222,55.472,0,55.432,0,54.927,0,54.8871,0
1765976270328925,0,0.638261,0.638756,0.644871,0.645346,54.8905,0,54.933,0,55.4589,0,55.4998,0
1765976270333887,0,0.644823,0.644419,0.638706,0.638306,55.4547,0,55.42,0,54.9287,0,54.8943,0
1765976270338900,0,0.638148,0.638673,0.64484,0.645346,54.8807,0,54.9259,0,55.4562,0,55.4998,0
1765976270343893,0,0.645547,0.644946,0.638051,0.637453,55.517,0,55.4653,0,54.8724,0,54.8209,0
1765976270348894,0,0.638629,0.639016,0.644385,0.644755,54.9221,0,54.9554,0,55.4171,0,55.449,0
1765976270353904,0,0.643899,0.643674,0.639221,0.639005,55.3753,0,55.356,0,54.973,0,54.9544,0
1765976270358911,0,0.637572,0.638197,0.645089,0.645695,54.8312,0,54.8849,0,55.4776,0,55.5297,0
1765976270363917,0,0.645019,0.644535,0.638222,0.637745,55.4716,0,55.43,0,54.8871,0,54.8461,0
1765976270368918,0,0.638334,0.638775,0.644395,0.644819,54.8967,0,54.9346,0,55.4179,0,55.4544,0
1765976270373917,0,0.644962,0.644455,0.638175,0.637676,55.4667,0,55.4232,0,54.8831,0,54.8402,0
1765976270378914,0,0.638298,0.638717,0.644331,0.644734,54.8936,0,54.9296,0,55.4125,0,55.4471,0
1765976270383903,0,0.645015,0.644486,0.638012,0.637494,55.4712,0,55.4258,0,54.8691,0,54.8245,0
1765976270388919,0,0.638315,0.638717,0.64421,0.644594,54.8951,0,54.9296,0,55.402,0,55.4351,0
1765976270393934,0,0.644309,0.643923,0.638457,0.638081,55.4106,0,55.3773,0,54.9073,0,54.8749,0
1765976270398895,0,0.637892,0.638375,0.644426,0.644891,54.8587,0,54.9003,0,55.4207,0,55.4607,0
1765976270403922,0,0.643581,0.643356,0.638904,0.63869,55.348,0,55.3286,0,54.9457,0,54.9273,0
1765976270408911,0,0.637433,0.638011,0.644671,0.645227,54.8192,0,54.8689,0,55.4417,0,55.4896,0
1765976270413927,0,0.642997,0.642912,0.639226,0.639152,55.2978,0,55.2904,0,54.9735,0,54.9671,0
1765976270418913,0,0.637105,0.637755,0.644806,0.645433,54.791,0,54.847,0,55.4533,0,55.5072,0
1765976270423888,0,0.644025,0.643669,0.638324,0.63798,55.3862,0,55.3556,0,54.8959,0,54.8663,0
1765976270428882,0,0.637816,0.638271,0.644164,0.644601,54.8522,0,54.8913,0,55.3981,0,55.4357,0
1765976270433901,0,0.645305,0.644634,0.6372,0.636542,55.4962,0,55.4385,0,54.7992,0,54.7426,0
1765976270438918,0,0.638648,0.63889,0.643409,0.643638,54.9237,0,54.9445,0,55.3332,0,55.3529,0
1765976270443966,0,0.646396,0.645463,0.636206,0.635287,55.5901,0,55.5098,0,54.7137,0,54.6347,0
1765976270448908,0,0.639351,0.63942,0.642731,0.642795,54.9842,0,54.9901,0,55.2749,0,55.2804,0
1765976270453941,0,0.643711,0.643383,0.638183,0.637874,55.3591,0,55.3309,0,54.8837,0,54.8572,0
1765976270458911,0,0.637519,0.637996,0.644025,0.644487,54.8266,0,54.8676,0,55.3862,0,55.4259,0
1765976270463892,0,0.644412,0.64391,0.6375,0.637015,55.4195,0,55.3763,0,54.825,0,54.7833,0
1765976270468915,0,0.637946,0.638304,0.643581,0.643924,54.8633,0,54.8942,0,55.3479,0,55.3775,0
1765976270473913,0,0.643925,0.643526,0.637745,0.637363,55.3775,0,55.3432,0,54.8461,0,54.8132,0
1765976270478925,0,0.637623,0.638043,0.643703,0.644105,54.8355,0,54.8717,0,55.3585,0,55.393,0
1765976270483930,0,0.643751,0.643362,0.637769,0.637395,55.3626,0,55.3291,0,54.8482,0,54.816,0
1765976270488917,0,0.637541,0.637957,0.643652,0.644046,54.8285,0,54.8643,0,55.354,0,55.3879,0
1765976270493955,0,0.643974,0.643546,0.637434,0.63702,55.3818,0,55.3449,0,54.8193,0,54.7837,0
1765976270498905,0,0.637716,0.638094,0.643369,0.643727,54.8435,0,54.8761,0,55.3297,0,55.3605,0
1765976270503898,0,0.643215,0.642917,0.637924,0.637637,55.3165,0,55.2908,0,54.8615,0,54.8368,0
1765976270508918,0,0.637171,0.637633,0.643694,0.644129,54.7967,0,54.8365,0,55.3576,0,55.3951,0
1765976270514058,0,0.642341,0.642213,0.638504,0.638384,55.2414,0,55.2303,0,54.9113,0,54.9011,0
1765976270519170,0,0.636548,0.637119,0.64409,0.644627,54.7432,0,54.7922,0,55.3917,0,55.438,0
1765976270523994,0,0.642392,0.642264,0.638306,0.638185,55.2457,0,55.2347,0,54.8943,0,54.8839,0
1765976270529000,0,0.636732,0.637273,0.643787,0.644294,54.759,0,54.8055,0,55.3657,0,55.4093,0
1765976270533976,0,0.642538,0.642363,0.638057,0.637891,55.2583,0,55.2432,0,54.8729,0,54.8586,0
1765976270539137,0,0.636811,0.63731,0.643615,0.644082,54.7658,0,54.8087,0,55.3509,0,55.3911,0
1765976270543955,0,0.644492,0.643876,0.636347,0.635749,55.4263,0,55.3734,0,54.7258,0,54.6744,0
1765976270548905,0,0.638195,0.638381,0.642366,0.642536,54.8847,0,54.9008,0,55.2435,0,55.2581,0
1765976270553886,0,0.641814,0.641749,0.638366,0.638314,55.196,0,55.1904,0,54.8995,0,54.895,0
1765976270558863,0,0.636438,0.636981,0.643632,0.644145,54.7337,0,54.7804,0,55.3523,0,55.3965,0
1765976270563853,0,0.646002,0.645013,0.634843,0.633877,55.5562,0,55.4711,0,54.5965,0,54.5134,0
1765976270568901,0,0.639105,0.63904,0.641381,0.64131,54.9631,0,54.9575,0,55.1587,0,55.1527,0
1765976270573927,0,0.644582,0.643838,0.635876,0.635161,55.4341,0,55.3701,0,54.6854,0,54.6238,0
1765976270578919,0,0.638119,0.638226,0.642032,0.642132,54.8783,0,54.8875,0,55.2148,0,55.2233,0
1765976270583907,0,0.642967,0.642588,0.636988,0.636636,55.2952,0,55.2626,0,54.781,0,54.7507,0
1765976270588949,0,0.636983,0.637338,0.642772,0.64311,54.7805,0,54.8111,0,55.2784,0,55.3074,0
1765976270593959,0,0.643122,0.642705,0.636705,0.636313,55.3085,0,55.2726,0,54.7566,0,54.7229,0
1765976270598919,0,0.637131,0.63745,0.642496,0.642795,54.7933,0,54.8207,0,55.2547,0,55.2804,0
1765976270603917,0,0.640621,0.640749,0.638551,0.638686,55.0934,0,55.1044,0,54.9154,0,54.927,0
1765976270608917,0,0.635523,0.636187,0.643627,0.644249,54.655,0,54.7121,0,55.352,0,55.4054,0
1765976270613861,0,0.643492,0.642959,0.636117,0.635599,55.3403,0,55.2945,0,54.706,0,54.6616,0
1765976270618918,0,0.637372,0.63759,0.642046,0.642239,54.814,0,54.8328,0,55.2159,0,55.2326,0
1765976270623890,0,0.639802,0.640064,0.63893,0.639189,55.0229,0,55.0455,0,54.948,0,54.9703,0
1765976270628946,0,0.635005,0.635733,0.643785,0.644461,54.6104,0,54.673,0,55.3656,0,55.4237,0
1765976270633924,0,0.644049,0.643355,0.635387,0.634708,55.3882,0,55.3285,0,54.6433,0,54.5849,0
1765976270638926,0,0.637864,0.637939,0.641376,0.641429,54.8563,0,54.8628,0,55.1583,0,55.1629,0
1765976270643927,0,0.643454,0.642887,0.635681,0.635137,55.3371,0,55.2883,0,54.6685,0,54.6218,0
1765976270648914,0,0.637408,0.637573,0.641567,0.641713,54.8171,0,54.8313,0,55.1747,0,55.1873,0
1765976270653908,0,0.640732,0.640721,0.637735,0.637736,55.103,0,55.102,0,54.8452,0,54.8453,0
1765976270658920,0,0.63562,0.636145,0.642857,0.643345,54.6633,0,54.7085,0,55.2857,0,55.3276,0
1765976270663859,0,0.642539,0.642148,0.636096,0.635725,55.2583,0,55.2247,0,54.7043,0,54.6724,0
1765976270668902,0,0.636808,0.637071,0.641748,0.641985,54.7655,0,54.7881,0,55.1904,0,55.2107,0
1765976270673848,0,0.642471,0.64206,0.636001,0.635612,55.2525,0,55.2171,0,54.6961,0,54.6626,0
1765976270678938,0,0.63671,0.636958,0.641687,0.641912,54.757,0,54.7784,0,55.1851,0,55.2044,0
1765976270683917,0,0.640419,0.640406,0.637537,0.637533,55.076,0,55.0749,0,54.8282,0,54.8278,0
1765976270688920,0,0.635452,0.635947,0.642553,0.643006,54.6489,0,54.6914,0,55.2596,0,55.2985,0
1765976270693918,0,0.643227,0.642619,0.635079,0.634497,55.3175,0,55.2652,0,54.6168,0,54.5667,0
1765976270698897,0,0.63731,0.637399,0.640893,0.640965,54.8086,0,54.8163,0,55.1168,0,55.123,0
1765976270703911,0,0.640949,0.640809,0.636762,0.636638,55.1216,0,55.1095,0,54.7615,0,54.7509,0
1765976270708905,0,0.635795,0.636191,0.641952,0.642314,54.6784,0,54.7124,0,55.2078,0,55.239,0
1765976270713957,0,0.642249,0.641814,0.635543,0.635133,55.2334,0,55.196,0,54.6567,0,54.6214,0
1765976270718964,0,0.636645,0.636838,0.641112,0.641283,54.7515,0,54.7681,0,55.1356,0,55.1503,0
1765976270723994,0,0.639198,0.639402,0.637856,0.638062,54.9711,0,54.9886,0,54.8556,0,54.8733,0
1765976270728982,0,0.634679,0.635281,0.642542,0.643094,54.5824,0,54.6341,0,55.2586,0,55.3061,0
1765976270734094,0,0.638241,0.638612,0.63853,0.638886,54.8887,0,54.9206,0,54.9136,0,54.9442,0
1765976270739001,0,0.63426,0.634932,0.642759,0.643367,54.5464,0,54.6042,0,55.2773,0,55.3296,0
1765976270744075,0,0.643185,0.642502,0.634342,0.633683,55.3139,0,55.2552,0,54.5534,0,54.4967,0
1765976270748928,0,0.637534,0.637493,0.639957,0.639899,54.8279,0,54.8244,0,55.0363,0,55.0313,0
1765976270754086,0,0.639889,0.639885,0.636859,0.63687,55.0304,0,55.0301,0,54.7699,0,54.7708,0
1765976270759063,0,0.635312,0.63572,0.641602,0.641975,54.6368,0,54.6719,0,55.1778,0,55.2099,0
1765976270763997,0,0.642361,0.641831,0.634655,0.63416,55.243,0,55.1974,0,54.5804,0,54.5378,0
1765976270768957,0,0.636925,0.636976,0.640122,0.640162,54.7755,0,54.78,0,55.0505,0,55.0539,0
1765976270773948,0,0.639324,0.639411,0.636965,0.63707,54.9818,0,54.9893,0,54.779,0,54.788,0
1765976270778932,0,0.634902,0.635357,0.641606,0.642027,54.6016,0,54.6407,0,55.1782,0,55.2143,0
1765976270783929,0,0.642823,0.642142,0.633948,0.633311,55.2828,0,55.2242,0,54.5195,0,54.4648,0
1765976270788918,0,0.637181,0.637119,0.639603,0.639542,54.7976,0,54.7923,0,55.0059,0,55.0006,0
1765976270793939,0,0.643738,0.64287,0.632962,0.632158,55.3615,0,55.2868,0,54.4347,0,54.3656,0
1765976270798898,0,0.637681,0.637507,0.638974,0.638819,54.8406,0,54.8256,0,54.9518,0,54.9384,0
1765976270804123,0,0.639512,0.639448,0.63632,0.636291,54.998,0,54.9925,0,54.7235,0,54.721,0
1765976270809154,0,0.634811,0.635178,0.641197,0.641544,54.5938,0,54.6253,0,55.1429,0,55.1728,0
1765976270813905,0,0.640915,0.640567,0.634956,0.634645,55.1187,0,55.0888,0,54.6062,0,54.5795,0
1765976270818951,0,0.635737,0.635907,0.640244,0.6404,54.6734,0,54.688,0,55.061,0,55.0744,0
1765976270824052,0,0.638399,0.638571,0.636854,0.637034,54.9023,0,54.9171,0,54.7695,0,54.7849,0
1765976270829055,0,0.634154,0.634652,0.641374,0.641827,54.5372,0,54.5801,0,55.1581,0,55.1971,0
1765976270834068,0,0.641067,0.640671,0.634498,0.634131,55.1317,0,55.0977,0,54.5668,0,54.5352,0
1765976270839147,0,0.635916,0.636025,0.639779,0.639867,54.6888,0,54.6982,0,55.021,0,55.0286,0
1765976270844024,0,0.640214,0.639964,0.635019,0.634794,55.0584,0,55.0369,0,54.6116,0,54.5922,0
1765976270849108,0,0.635286,0.635492,0.640128,0.640307,54.6346,0,54.6523,0,55.0511,0,55.0664,0
1765976270854094,0,0.639101,0.639059,0.635776,0.635745,54.9627,0,54.9591,0,54.6768,0,54.6741,0
1765976270859144,0,0.634622,0.634951,0.640506,0.640794,54.5775,0,54.6058,0,55.0835,0,55.1083,0
1765976270864028,0,0.639861,0.639657,0.634963,0.634777,55.028,0,55.0105,0,54.6069,0,54.5908,0
1765976270869158,0,0.635105,0.635317,0.639944,0.640122,54.619,0,54.6373,0,55.0351,0,55.0505,0
1765976270874160,0,0.639747,0.639584,0.634851,0.634705,55.0183,0,55.0042,0,54.5972,0,54.5847,0
1765976270879004,0,0.635192,0.635409,0.639638,0.639824,54.6265,0,54.6452,0,55.0088,0,55.0248,0
1765976270883938,0,0.639676,0.639477,0.634742,0.634563,55.0122,0,54.995,0,54.5878,0,54.5724,0
1765976270888845,0,0.635074,0.635263,0.639582,0.639742,54.6164,0,54.6327,0,55.004,0,55.0178,0
1765976270893906,0,0.641511,0.640901,0.633037,0.632471,55.1699,0,55.1175,0,54.4412,0,54.3925,0
1765976270898896,0,0.636201,0.636119,0.638477,0.638392,54.7133,0,54.7063,0,54.9091,0,54.9017,0
1765976270903867,0,0.639279,0.639081,0.634708,0.634539,54.978,0,54.961,0,54.5848,0,54.5704,0
1765976270908882,0,0.63467,0.634866,0.639562,0.639733,54.5817,0,54.5985,0,55.0023,0,55.017,0
1765976270913912,0,0.640275,0.639904,0.633642,0.63331,55.0636,0,55.0317,0,54.4932,0,54.4646,0
1765976270918875,0,0.635325,0.635398,0.638797,0.638858,54.6379,0,54.6443,0,54.9366,0,54.9418,0
1765976270923930,0,0.640073,0.639714,0.633617,0.633297,55.0463,0,55.0154,0,54.4911,0,54.4636,0
1765976270928902,0,0.635155,0.635234,0.638746,0.638813,54.6233,0,54.6301,0,54.9322,0,54.9379,0
1765976270933901,0,0.638016,0.638022,0.635163,0.635181,54.8694,0,54.8699,0,54.624,0,54.6256,0
1765976270938931,0,0.63377,0.634088,0.639734,0.64001,54.5042,0,54.5316,0,55.0171,0,55.0409,0
1765976270943922,0,0.638223,0.638189,0.6348,0.634771,54.8872,0,54.8842,0,54.5928,0,54.5903,0
1765976270948892,0,0.633973,0.634247,0.639377,0.639605,54.5217,0,54.5452,0,54.9864,0,55.0061,0
1765976270953902,0,0.636199,0.636588,0.636279,0.636639,54.7131,0,54.7466,0,54.72,0,54.751,0
1765976270959124,0,0.63262,0.63316,0.64035,0.64081,54.4054,0,54.4517,0,55.0701,0,55.1096,0
1765976270964066,0,0.63828,0.6382,0.634441,0.634355,54.8921,0,54.8852,0,54.5619,0,54.5546,0
1765976270968998,0,0.634198,0.634396,0.638879,0.639023,54.541,0,54.558,0,54.9436,0,54.956,0
1765976270974023,0,0.635151,0.635668,0.636884,0.637351,54.623,0,54.6674,0,54.772,0,54.8122,0
1765976270979092,0,0.632168,0.632742,0.640435,0.640915,54.3665,0,54.4158,0,55.0774,0,55.1187,0
1765976270984096,0,0.637229,0.637337,0.635005,0.635091,54.8017,0,54.811,0,54.6104,0,54.6178,0
1765976270988990,0,0.633722,0.633992,0.638975,0.63918,54.5001,0,54.5233,0,54.9519,0,54.9695,0
1765976270994148,0,0.640568,0.640009,0.632002,0.631478,55.0888,0,55.0408,0,54.3522,0,54.3071,0
1765976270999087,0,0.635849,0.63567,0.637013,0.636825,54.683,0,54.6677,0,54.7831,0,54.767,0
1765976271004075,0,0.636617,0.636762,0.635161,0.635313,54.749,0,54.7616,0,54.6239,0,54.637,0
1765976271009135,0,0.633185,0.633474,0.639096,0.639341,54.4539,0,54.4787,0,54.9623,0,54.9834,0
1765976271014104,0,0.639207,0.638866,0.632778,0.63248,54.9718,0,54.9424,0,54.4189,0,54.3932,0
1765976271019146,0,0.634908,0.63486,0.637455,0.637402,54.602,0,54.598,0,54.8211,0,54.8165,0
1765976271023942,0,0.639609,0.639205,0.632168,0.631828,55.0064,0,54.9716,0,54.3665,0,54.3372,0
1765976271028960,0,0.635077,0.634989,0.637069,0.636994,54.6166,0,54.6091,0,54.7879,0,54.7815,0
1765976271034014,0,0.637614,0.637484,0.633746,0.633663,54.8348,0,54.8237,0,54.5022,0,54.495,0
1765976271038965,0,0.63379,0.633881,0.638001,0.638087,54.5059,0,54.5137,0,54.8681,0,54.8755,0
1765976271044147,0,0.640337,0.63969,0.631216,0.630651,55.069,0,55.0133,0,54.2846,0,54.236,0
1765976271048964,0,0.635583,0.635329,0.636246,0.636025,54.6601,0,54.6383,0,54.7171,0,54.6981,0
1765976271054140,0,0.636737,0.636745,0.634057,0.634109,54.7594,0,54.7601,0,54.5289,0,54.5333,0
1765976271059059,0,0.633135,0.633319,0.638123,0.638299,54.4496,0,54.4655,0,54.8786,0,54.8938,0
1765976271063958,0,0.636187,0.636331,0.634284,0.634448,54.7121,0,54.7245,0,54.5484,0,54.5625,0
1765976271068939,0,0.632776,0.633037,0.638225,0.638457,54.4188,0,54.4412,0,54.8874,0,54.9073,0
1765976271074151,0,0.63714,0.637072,0.633332,0.63329,54.794,0,54.7882,0,54.4665,0,54.4629,0
1765976271079085,0,0.633453,0.633558,0.637498,0.637581,54.477,0,54.486,0,54.8249,0,54.832,0
1765976271083988,0,0.636255,0.636345,0.633872,0.633972,54.7179,0,54.7257,0,54.513,0,54.5216,0
1765976271089163,0,0.632802,0.633002,0.637885,0.638048,54.4209,0,54.4381,0,54.8581,0,54.8721,0
1765976271094027,0,0.638601,0.638247,0.631668,0.631357,54.9197,0,54.8892,0,54.3234,0,54.2967,0
1765976271098910,0,0.63443,0.634324,0.636258,0.63615,54.561,0,54.5518,0,54.7182,0,54.7089,0
1765976271104159,0,0.636441,0.636419,0.633364,0.633363,54.7339,0,54.732,0,54.4693,0,54.4692,0
1765976271109159,0,0.632963,0.633075,0.637362,0.637449,54.4348,0,54.4444,0,54.8131,0,54.8206,0
1765976271113959,0,0.635885,0.635985,0.633596,0.633706,54.6861,0,54.6948,0,54.4893,0,54.4987,0
1765976271118959,0,0.632625,0.632806,0.637427,0.637572,54.4058,0,54.4213,0,54.8187,0,54.8312,0
1765976271123940,0,0.635463,0.635604,0.6338,0.633937,54.6498,0,54.662,0,54.5068,0,54.5186,0
1765976271128909,0,0.632407,0.632598,0.637451,0.637596,54.387,0,54.4034,0,54.8208,0,54.8333,0
1765976271133910,0,0.638377,0.637995,0.631075,0.630737,54.9004,0,54.8676,0,54.2724,0,54.2433,0
1765976271138933,0,0.634284,0.63412,0.635631,0.635466,54.5484,0,54.5343,0,54.6643,0,54.6501,0
1765976271143905,0,0.639512,0.638879,0.629866,0.629312,54.998,0,54.9436,0,54.1684,0,54.1208,0
1765976271148914,0,0.634909,0.634585,0.634856,0.634566,54.6021,0,54.5743,0,54.5976,0,54.5727,0
1765976271153913,0,0.635175,0.635314,0.633358,0.633519,54.6251,0,54.637,0,54.4688,0,54.4827,0
1765976271158928,0,0.632016,0.632207,0.637115,0.637284,54.3534,0,54.3698,0,54.7919,0,54.8064,0
1765976271163908,0,0.637272,0.637,0.63137,0.631144,54.8054,0,54.782,0,54.2978,0,54.2784,0
1765976271168913,0,0.633387,0.633297,0.635744,0.635654,54.4713,0,54.4635,0,54.674,0,54.6663,0
1765976271173969,0,0.636128,0.636049,0.632134,0.632086,54.707,0,54.7002,0,54.3636,0,54.3594,0
1765976271178914,0,0.632634,0.632668,0.636167,0.636188,54.4065,0,54.4095,0,54.7104,0,54.7122,0
1765976271183914,0,0.635075,0.635205,0.632796,0.632931,54.6164,0,54.6276,0,54.4205,0,54.4321,0
1765976271188921,0,0.631937,0.632099,0.636551,0.636678,54.3466,0,54.3605,0,54.7434,0,54.7543,0
1765976271193913,0,0.635081,0.635163,0.63263,0.632708,54.617,0,54.624,0,54.4062,0,54.4129,0
1765976271198919,0,0.631974,0.632091,0.636352,0.636425,54.3498,0,54.3598,0,54.7263,0,54.7326,0
1765976271203951,0,0.633958,0.634248,0.633393,0.633652,54.5204,0,54.5453,0,54.4718,0,54.4941,0
1765976271208933,0,0.631306,0.631544,0.636735,0.636908,54.2924,0,54.3127,0,54.7592,0,54.7741,0
1765976271213906,0,0.635497,0.635504,0.631874,0.631874,54.6528,0,54.6534,0,54.3412,0,54.3412,0
1765976271218916,0,0.632343,0.632376,0.635655,0.635645,54.3815,0,54.3844,0,54.6663,0,54.6655,0
1765976271223895,0,0.635314,0.635299,0.631858,0.631842,54.637,0,54.6357,0,54.3398,0,54.3384,0
1765976271228902,0,0.632224,0.632232,0.635576,0.635548,54.3712,0,54.372,0,54.6596,0,54.6572,0
1765976271233912,0,0.538524,0.397339,0.821618,0.713892,46.3131,0,34.4,0,70.6591,0,61.3947,0
1765976271238928,0,0.573245,0.498146,0.763545,0.688802,49.299,0,42.8406,0,65.6649,0,59.2369,0
1765976271243920,0,0.576421,0.578179,0.706785,0.693031,49.5722,0,49.7234,0,60.7835,0,59.6007,0
1765976271248914,0,0.596283,0.605177,0.683259,0.677775,51.2804,0,52.0452,0,58.7603,0,58.2886,0
1765976271253915,0,0.595554,0.638645,0.652475,0.685905,51.2176,0,54.9235,0,56.1129,0,58.9879,0
1765976271258917,0,0.609909,0.643754,0.64759,0.674239,52.4522,0,55.3628,0,55.6927,0,57.9845,0
1765976271263948,0,0.609016,0.659712,0.6308,0.682424,52.3754,0,56.7353,0,54.2488,0,58.6885,0
1765976271268904,0,0.620718,0.656879,0.634607,0.672206,53.3818,0,56.4916,0,54.5762,0,57.8097,0
1765976271274029,0,0.620289,0.665264,0.624904,0.679465,53.3448,0,57.2127,0,53.7417,0,58.434,0
1765976271279079,0,0.630228,0.659743,0.632188,0.670121,54.1996,0,56.7379,0,54.3682,0,57.6304,0
1765976271283997,0,0.630025,0.664726,0.625968,0.676416,54.1821,0,57.1664,0,53.8332,0,58.1717,0
1765976271289155,0,0.638538,0.658638,0.634287,0.667846,54.9142,0,56.6429,0,54.5486,0,57.4347,0
1765976271294017,0,0.638345,0.662014,0.62994,0.673224,54.8977,0,56.9332,0,54.1748,0,57.8972,0
1765976271299074,0,0.645586,0.656214,0.638172,0.665454,55.5204,0,56.4344,0,54.8828,0,57.2291,0
1765976271304030,0,0.645245,0.658823,0.63495,0.670021,55.4911,0,56.6588,0,54.6057,0,57.6218,0
1765976271309131,0,0.65137,0.653633,0.642626,0.663095,56.0179,0,56.2124,0,55.2658,0,57.0261,0
1765976271313964,0,0.650788,0.655852,0.640161,0.666906,55.9678,0,56.4032,0,55.0538,0,57.3539,0
1765976271318962,0,0.655934,0.651355,0.647069,0.660833,56.4103,0,56.0165,0,55.6479,0,56.8317,0
1765976271324156,0,0.658122,0.652396,0.649208,0.662051,56.5985,0,56.1061,0,55.8319,0,56.9364,0
1765976271328982,0,0.661576,0.649429,0.654246,0.657787,56.8955,0,55.8509,0,56.2651,0,56.5697,0
1765976271333932,0,0.661054,0.651885,0.65353,0.660621,56.8506,0,56.0621,0,56.2036,0,56.8134,0
1765976271338900,0,0.66401,0.649403,0.657914,0.657012,57.1049,0,55.8487,0,56.5806,0,56.503,0
1765976271343906,0,0.663209,0.651769,0.657351,0.659341,57.036,0,56.0521,0,56.5322,0,56.7034,0
1765976271348890,0,0.665761,0.649704,0.661105,0.656333,57.2555,0,55.8745,0,56.855,0,56.4447,0
1765976271354081,0,0.674525,0.661871,0.651222,0.648654,58.0091,0,56.9209,0,56.0051,0,55.7842,0
1765976271358967,0,0.682857,0.666538,0.647954,0.639655,58.7257,0,57.3223,0,55.724,0,55.0103,0
1765976271364086,0,0.685486,0.672549,0.643869,0.6374,58.9518,0,57.8392,0,55.3727,0,54.8164,0
1765976271368962,0,0.689186,0.673235,0.64443,0.63342,59.27,0,57.8982,0,55.421,0,54.4741,0
1765976271374024,0,0.688953,0.676462,0.643669,0.634357,59.25,0,58.1757,0,55.3555,0,54.5547,0
1765976271378913,0,0.690364,0.675437,0.645794,0.633084,59.3713,0,58.0875,0,55.5383,0,54.4453,0
1765976271383936,0,0.688644,0.677293,0.646355,0.635337,59.2234,0,58.2472,0,55.5865,0,54.639,0
1765976271388940,0,0.688994,0.675637,0.648935,0.635447,59.2535,0,58.1048,0,55.8084,0,54.6484,0
1765976271393924,0,0.68668,0.676729,0.650048,0.637904,59.0545,0,58.1987,0,55.9041,0,54.8598,0
1765976271398910,0,0.686555,0.674982,0.652514,0.638722,59.0438,0,58.0485,0,56.1162,0,54.9301,0
1765976271403936,0,0.684198,0.676072,0.65373,0.641527,58.841,0,58.1422,0,56.2208,0,55.1714,0
1765976271408938,0,0.68397,0.674411,0.65595,0.642605,58.8214,0,57.9993,0,56.4117,0,55.264,0
1765976271413948,0,0.681728,0.675122,0.657195,0.64483,58.6286,0,58.0605,0,56.5188,0,55.4554,0
1765976271419068,0,0.681494,0.673695,0.659046,0.646053,58.6085,0,57.9378,0,56.6779,0,55.5606,0
1765976271424048,0,0.67949,0.674722,0.660038,0.648534,58.4361,0,58.0261,0,56.7633,0,55.7739,0
1765976271429085,0,0.679388,0.673457,0.661631,0.649687,58.4273,0,57.9173,0,56.9003,0,55.8731,0
1765976271433938,0,0.677658,0.674374,0.662506,0.651806,58.2786,0,57.9962,0,56.9755,0,56.0553,0
1765976271439088,0,0.677693,0.67329,0.663868,0.652877,58.2816,0,57.903,0,57.0927,0,56.1475,0
1765976271444022,0,0.676271,0.673915,0.664761,0.654373,58.1593,0,57.9567,0,57.1695,0,56.2761,0
1765976271448928,0,0.676341,0.673057,0.665816,0.655434,58.1654,0,57.8829,0,57.2601,0,56.3674,0
1765976271453939,0,0.675143,0.674019,0.666418,0.657249,58.0623,0,57.9656,0,57.312,0,56.5234,0
1765976271459134,0,0.675377,0.673272,0.667388,0.658165,58.0824,0,57.9014,0,57.3953,0,56.6021,0
1765976271463957,0,0.674457,0.673768,0.668107,0.659198,58.0033,0,57.944,0,57.4572,0,56.691,0
1765976271468935,0,0.674683,0.67322,0.668836,0.660119,58.0227,0,57.8969,0,57.5199,0,56.7703,0
1765976271474158,0,0.673914,0.674146,0.669243,0.661666,57.9566,0,57.9765,0,57.5549,0,56.9033,0
1765976271479082,0,0.674258,0.673648,0.669943,0.66243,57.9862,0,57.9338,0,57.6151,0,56.969,0
1765976271483984,0,0.673747,0.673954,0.670587,0.663044,57.9423,0,57.9601,0,57.6705,0,57.0218,0
1765976271489127,0,0.674058,0.673658,0.671117,0.663857,57.969,0,57.9346,0,57.716,0,57.0917,0
1765976271494013,0,0.673663,0.673776,0.671737,0.664155,57.935,0,57.9447,0,57.7694,0,57.1173,0
1765976271499099,0,0.673901,0.673669,0.672076,0.665036,57.9555,0,57.9356,0,57.7985,0,57.1931,0
1765976271503968,0,0.673745,0.674619,0.67242,0.666475,57.9421,0,58.0172,0,57.8281,0,57.3168,0
1765976271509129,0,0.674108,0.674492,0.672852,0.667167,57.9733,0,58.0063,0,57.8653,0,57.3764,0
1765976271514064,0,0.6739,0.67487,0.673182,0.667813,57.9554,0,58.0388,0,57.8937,0,57.4319,0
1765976271518962,0,0.67424,0.674814,0.673543,0.668467,57.9847,0,58.034,0,57.9247,0,57.4881,0
1765976271524125,0,0.674168,0.674928,0.673977,0.668735,57.9785,0,58.0438,0,57.962,0,57.5112,0
1765976271528985,0,0.674448,0.674994,0.674235,0.669423,58.0025,0,58.0495,0,57.9842,0,57.5704,0
1765976271533969,0,0.674296,0.676125,0.674064,0.671126,57.9895,0,58.1468,0,57.9695,0,57.7169,0
1765976271539012,0,0.674812,0.676028,0.674601,0.6715,58.0338,0,58.1384,0,58.0157,0,57.749,0
1765976271544072,0,0.674969,0.67625,0.674987,0.671941,58.0474,0,58.1575,0,58.0489,0,57.7869,0
1765976271549052,0,0.6754,0.676277,0.675428,0.672364,58.0844,0,58.1598,0,58.0868,0,57.8233,0
1765976271553968,0,0.67557,0.67628,0.675843,0.672489,58.099,0,58.1601,0,58.1225,0,57.8341,0
1765976271559017,0,0.6759,0.676449,0.676167,0.672999,58.1274,0,58.1746,0,58.1503,0,57.8779,0
1765976271563954,0,0.676052,0.676296,0.676567,0.672898,58.1405,0,58.1614,0,58.1848,0,57.8692,0
1765976271569078,0,0.676286,0.676599,0.676777,0.673501,58.1606,0,58.1875,0,58.2028,0,57.9211,0
1765976271574142,0,0.676768,0.67757,0.677074,0.674909,58.202,0,58.271,0,58.2284,0,58.0422,0
1765976271579094,0,0.677106,0.677777,0.677431,0.675323,58.2311,0,58.2888,0,58.259,0,58.0778,0
1765976271584106,0,0.677303,0.677876,0.677672,0.675582,58.248,0,58.2973,0,58.2798,0,58.1,0
1765976271589181,0,0.677613,0.678144,0.678006,0.676012,58.2747,0,58.3204,0,58.3085,0,58.137,0
1765976271593998,0,0.6778,0.678019,0.678273,0.675974,58.2908,0,58.3096,0,58.3315,0,58.1338,0
1765976271599097,0,0.678041,0.678376,0.678533,0.676466,58.3116,0,58.3403,0,58.3538,0,58.1761,0
1765976271604106,0,0.679068,0.678567,0.679598,0.676757,58.3998,0,58.3568,0,58.4454,0,58.2011,0
1765976271609003,0,0.679143,0.679076,0.679686,0.67738,58.4063,0,58.4005,0,58.453,0,58.2547,0
1765976271613956,0,0.679149,0.679492,0.679535,0.678069,58.4068,0,58.4363,0,58.44,0,58.3139,0
1765976271618976,0,0.679384,0.679867,0.679814,0.678505,58.427,0,58.4686,0,58.464,0,58.3514,0
1765976271623988,0,0.67954,0.6799,0.679898,0.678705,58.4405,0,58.4714,0,58.4712,0,58.3686,0
1765976271629031,0,0.679785,0.680278,0.680197,0.679115,58.4615,0,58.5039,0,58.497,0,58.4039,0
1765976271634078,0,0.680758,0.680423,0.681139,0.679369,58.5452,0,58.5164,0,58.578,0,58.4257,0
1765976271639139,0,0.680873,0.680938,0.681308,0.679901,58.5551,0,58.5606,0,58.5925,0,58.4714,0
1765976271643968,0,0.680898,0.681409,0.681079,0.680691,58.5572,0,58.6012,0,58.5728,0,58.5394,0
1765976271649080,0,0.681184,0.681769,0.681455,0.681019,58.5818,0,58.6321,0,58.6051,0,58.5677,0
1765976271654145,0,0.681363,0.681848,0.681485,0.6813,58.5972,0,58.6389,0,58.6077,0,58.5918,0
1765976271659101,0,0.681644,0.682197,0.681864,0.6816,58.6214,0,58.6689,0,58.6403,0,58.6176,0
1765976271663965,0,0.681825,0.682012,0.681965,0.681537,58.637,0,58.6531,0,58.649,0,58.6122,0
1765976271668961,0,0.682063,0.682412,0.682298,0.681879,58.6574,0,58.6874,0,58.6777,0,58.6416,0
1765976271673971,0,0.683254,0.682842,0.683361,0.682473,58.7598,0,58.7244,0,58.7691,0,58.6927,0
1765976271678949,0,0.683384,0.683348,0.683594,0.682908,58.771,0,58.7679,0,58.7891,0,58.7301,0
1765976271684054,0,0.683441,0.683654,0.683428,0.683466,58.7759,0,58.7942,0,58.7748,0,58.7781,0
1765976271689130,0,0.683698,0.684046,0.683808,0.683761,58.798,0,58.828,0,58.8075,0,58.8035,0
1765976271693982,0,0.683812,0.683993,0.683784,0.68387,58.8078,0,58.8234,0,58.8055,0,58.8128,0
1765976271699061,0,0.684078,0.684384,0.684178,0.684154,58.8307,0,58.857,0,58.8393,0,58.8373,0
1765976271703965,0,0.685295,0.684505,0.685369,0.68432,58.9354,0,58.8674,0,58.9417,0,58.8515,0
1765976271709133,0,0.685381,0.685081,0.685567,0.684801,58.9428,0,58.917,0,58.9588,0,58.8929,0
1765976271714057,0,0.685352,0.685532,0.685264,0.685544,58.9403,0,58.9558,0,58.9327,0,58.9568,0
1765976271718953,0,0.685593,0.685924,0.685638,0.685818,58.961,0,58.9895,0,58.9648,0,58.9803,0
1765976271724026,0,0.68569,0.685969,0.685559,0.686051,58.9693,0,58.9933,0,58.958,0,59.0004,0
1765976271729116,0,0.685981,0.686335,0.685993,0.686285,58.9944,0,59.0248,0,58.9954,0,59.0206,0
1765976271734090,0,0.687206,0.686269,0.687252,0.686194,59.0997,0,59.0191,0,59.1037,0,59.0127,0
1765976271739121,0,0.687259,0.686864,0.68742,0.686684,59.1043,0,59.0703,0,59.1181,0,59.0548,0
1765976271744028,0,0.687205,0.68743,0.687057,0.687568,59.0996,0,59.119,0,59.0869,0,59.1308,0
1765976271749088,0,0.687473,0.687811,0.68747,0.687813,59.1227,0,59.1518,0,59.1224,0,59.1519,0
1765976271754149,0,0.687543,0.687952,0.68733,0.68817,59.1287,0,59.1639,0,59.1104,0,59.1826,0
1765976271759135,0,0.68786,0.68828,0.687799,0.688351,59.1559,0,59.1921,0,59.1507,0,59.1982,0
1765976271764066,0,0.687943,0.688111,0.687756,0.688313,59.1631,0,59.1775,0,59.147,0,59.1949,0
1765976271769106,0,0.688231,0.68847,0.688193,0.688527,59.1879,0,59.2084,0,59.1846,0,59.2133,0
1765976271774142,0,0.689444,0.689166,0.689236,0.689396,59.2922,0,59.2683,0,59.2743,0,59.288,0
1765976271778999,0,0.689648,0.68959,0.689588,0.689675,59.3097,0,59.3048,0,59.3046,0,59.312,0
1765976271784089,0,0.689696,0.689843,0.689427,0.690139,59.3139,0,59.3265,0,59.2907,0,59.352,0
1765976271789156,0,0.690002,0.690186,0.689894,0.690324,59.3402,0,59.356,0,59.3309,0,59.3679,0
1765976271794090,0,0.690044,0.690124,0.689797,0.690402,59.3438,0,59.3507,0,59.3225,0,59.3746,0
1765976271798996,0,0.690331,0.690466,0.690238,0.690592,59.3685,0,59.3801,0,59.3605,0,59.3909,0
1765976271804145,0,0.691532,0.690831,0.691391,0.691007,59.4718,0,59.4115,0,59.4596,0,59.4266,0
1765976271809141,0,0.691678,0.691321,0.691675,0.691359,59.4843,0,59.4536,0,59.4841,0,59.4569,0
1765976271814065,0,0.691654,0.691677,0.691428,0.691939,59.4822,0,59.4842,0,59.4628,0,59.5067,0
1765976271819093,0,0.691934,0.692035,0.69186,0.692147,59.5063,0,59.515,0,59.5,0,59.5247,0
1765976271823947,0,0.691937,0.692029,0.691716,0.692289,59.5066,0,59.5145,0,59.4876,0,59.5368,0
1765976271829099,0,0.692248,0.69237,0.692181,0.692477,59.5333,0,59.5438,0,59.5276,0,59.5531,0
1765976271833941,0,0.69346,0.692489,0.693425,0.692565,59.6376,0,59.554,0,59.6345,0,59.5606,0
1765976271838925,0,0.693548,0.693032,0.693634,0.692987,59.6452,0,59.6008,0,59.6526,0,59.5969,0
1765976271844108,0,0.6935,0.6935,0.69335,0.693692,59.641,0,59.641,0,59.6281,0,59.6575,0
1765976271849115,0,0.69376,0.693871,0.693748,0.693926,59.6633,0,59.6729,0,59.6623,0,59.6777,0
1765976271854141,0,0.693743,0.693945,0.693564,0.694168,59.6619,0,59.6792,0,59.6465,0,59.6984,0
1765976271859170,0,0.694052,0.694271,0.694016,0.694351,59.6884,0,59.7073,0,59.6854,0,59.7142,0
1765976271863953,0,0.693993,0.694036,0.693852,0.694222,59.6834,0,59.6871,0,59.6713,0,59.7031,0
1765976271869080,0,0.694284,0.694386,0.694281,0.694433,59.7085,0,59.7172,0,59.7082,0,59.7213,0
1765976271874049,0,0.69581,0.694951,0.695791,0.695015,59.8397,0,59.7658,0,59.838,0,59.7713,0
1765976271878987,0,0.695913,0.69547,0.696009,0.695418,59.8485,0,59.8104,0,59.8568,0,59.806,0
1765976271884088,0,0.695786,0.69577,0.695676,0.695926,59.8376,0,59.8362,0,59.8281,0,59.8496,0
1765976271889018,0,0.69603,0.69614,0.696048,0.696168,59.8586,0,59.868,0,59.8601,0,59.8704,0
1765976271894106,0,0.695944,0.696053,0.695826,0.696218,59.8512,0,59.8606,0,59.8411,0,59.8748,0
1765976271898979,0,0.696209,0.696393,0.696219,0.69643,59.874,0,59.8898,0,59.8748,0,59.893,0
1765976271904050,0,0.697646,0.696699,0.697694,0.696698,59.9975,0,59.9162,0,60.0017,0,59.916,0
1765976271909059,0,0.697718,0.697246,0.697871,0.69714,60.0037,0,59.9631,0,60.0169,0,59.954,0
1765976271913969,0,0.697577,0.697666,0.697492,0.6978,59.9916,0,59.9993,0,59.9843,0,60.0108,0
1765976271918922,0,0.697828,0.698027,0.697867,0.698037,60.0132,0,60.0303,0,60.0166,0,60.0312,0
1765976271923918,0,0.697734,0.698043,0.697603,0.698225,60.0052,0,60.0317,0,59.9938,0,60.0473,0
1765976271928907,0,0.698038,0.698351,0.698037,0.698402,60.0313,0,60.0582,0,60.0312,0,60.0626,0
1765976271933920,0,0.699384,0.698359,0.699474,0.698318,60.147,0,60.0589,0,60.1548,0,60.0554,0
1765976271938930,0,0.699431,0.698924,0.699617,0.698787,60.151,0,60.1075,0,60.1671,0,60.0957,0
1765976271943908,0,0.699293,0.699461,0.699215,0.699589,60.1392,0,60.1537,0,60.1325,0,60.1646,0
1765976271948916,0,0.699552,0.699811,0.699596,0.699818,60.1615,0,60.1837,0,60.1653,0,60.1843,0
1765976271953920,0,0.69946,0.699914,0.699307,0.700118,60.1536,0,60.1926,0,60.1404,0,60.2102,0
1765976271958932,0,0.699787,0.700195,0.699766,0.700267,60.1816,0,60.2167,0,60.1799,0,60.2229,0
1765976271963895,0,0.699648,0.69998,0.699486,0.700192,60.1697,0,60.1983,0,60.1558,0,60.2165,0
1765976271968912,0,0.699968,0.700265,0.699939,0.700344,60.1972,0,60.2228,0,60.1947,0,60.2296,0
1765976271973927,0,0.701554,0.700858,0.701525,0.700936,60.3337,0,60.2738,0,60.3311,0,60.2805,0
1765976271978930,0,0.70168,0.701333,0.701762,0.701298,60.3445,0,60.3146,0,60.3516,0,60.3116,0
1765976271983917,0,0.701798,0.702146,0.701596,0.702395,60.3547,0,60.3845,0,60.3373,0,60.406,0
1765976271988939,0,0.702121,0.702423,0.702056,0.702534,60.3824,0,60.4084,0,60.3768,0,60.418,0
1765976271993912,0,0.702198,0.702672,0.70194,0.702976,60.389,0,60.4298,0,60.3668,0,60.4559,0
1765976271998937,0,0.702563,0.702905,0.702449,0.703063,60.4204,0,60.4498,0,60.4106,0,60.4634,0
1765976272003916,0,0.702546,0.702844,0.702294,0.70314,60.419,0,60.4446,0,60.3972,0,60.47,0
1765976272008930,0,0.702894,0.70309,0.702783,0.703243,60.4489,0,60.4657,0,60.4393,0,60.4789,0
1765976272013922,0,0.702747,0.702791,0.702537,0.703041,60.4362,0,60.44,0,60.4182,0,60.4615,0
1765976272018857,0,0.703047,0.703071,0.702971,0.703186,60.4621,0,60.4641,0,60.4555,0,60.474,0
1765976272023930,0,0.704722,0.703622,0.70471,0.703672,60.6061,0,60.5115,0,60.605,0,60.5158,0
1765976272028882,0,0.704799,0.704127,0.704891,0.704072,60.6128,0,60.5549,0,60.6206,0,60.5502,0
1765976272033891,0,0.704581,0.704371,0.704493,0.704496,60.594,0,60.5759,0,60.5864,0,60.5867,0
1765976272038987,0,0.704812,0.704729,0.704842,0.704738,60.6139,0,60.6067,0,60.6164,0,60.6074,0
1765976272044019,0,0.704578,0.704594,0.704475,0.704735,60.5937,0,60.5951,0,60.5848,0,60.6072,0
1765976272048972,0,0.704841,0.704906,0.704855,0.70493,60.6163,0,60.6219,0,60.6175,0,60.624,0
1765976272054158,0,0.706317,0.705479,0.706356,0.705479,60.7433,0,60.6712,0,60.7467,0,60.6712,0
1765976272059029,0,0.7064,0.705957,0.706532,0.705864,60.7504,0,60.7123,0,60.7618,0,60.7043,0
1765976272063975,0,0.706242,0.706273,0.706178,0.706376,60.7368,0,60.7394,0,60.7313,0,60.7484,0
1765976272069148,0,0.706503,0.706602,0.706552,0.706593,60.7593,0,60.7678,0,60.7635,0,60.767,0
1765976272074152,0,0.706823,0.70735,0.706641,0.707573,60.7868,0,60.8321,0,60.7711,0,60.8513,0
1765976272079079,0,0.707168,0.707567,0.707112,0.707664,60.8165,0,60.8508,0,60.8116,0,60.8591,0
1765976272083981,0,0.707148,0.707527,0.706953,0.707763,60.8148,0,60.8473,0,60.7979,0,60.8676,0
1765976272089142,0,0.707502,0.707756,0.707437,0.70786,60.8452,0,60.867,0,60.8396,0,60.876,0
1765976272094101,0,0.707334,0.707465,0.707167,0.707671,60.8308,0,60.842,0,60.8163,0,60.8597,0
1765976272099079,0,0.707638,0.707723,0.707592,0.707805,60.8568,0,60.8641,0,60.8529,0,60.8712,0
1765976272104146,0,0.709233,0.708195,0.709264,0.708199,60.994,0,60.9048,0,60.9967,0,60.9051,0
1765976272109155,0,0.709307,0.708681,0.709431,0.708592,61.0004,0,60.9465,0,61.011,0,60.9389,0
1765976272114121,0,0.709123,0.708971,0.709069,0.709062,60.9846,0,60.9715,0,60.9799,0,60.9793,0
1765976272119004,0,0.709333,0.709305,0.709382,0.709292,61.0027,0,61.0002,0,61.0069,0,60.9991,0
1765976272124005,0,0.709104,0.709215,0.709013,0.709342,60.983,0,60.9924,0,60.9751,0,61.0034,0
1765976272129022,0,0.709377,0.709497,0.709396,0.709514,61.0064,0,61.0167,0,61.0081,0,61.0182,0
1765976272134116,0,0.710798,0.709563,0.710947,0.709451,61.1287,0,61.0224,0,61.1414,0,61.0128,0
1765976272139149,0,0.710803,0.710111,0.711025,0.709925,61.1291,0,61.0696,0,61.1482,0,61.0536,0
1765976272143957,0,0.710576,0.71053,0.710586,0.710558,61.1095,0,61.1056,0,61.1104,0,61.108,0
1765976272149064,0,0.710788,0.710874,0.710894,0.710808,61.1277,0,61.1352,0,61.1369,0,61.1295,0
1765976272154092,0,0.71055,0.71087,0.710484,0.710976,61.1073,0,61.1349,0,61.1017,0,61.144,0
1765976272159140,0,0.710829,0.711136,0.710869,0.711138,61.1313,0,61.1577,0,61.1348,0,61.1579,0
1765976272164055,0,0.710492,0.710806,0.710395,0.710944,61.1023,0,61.1293,0,61.094,0,61.1412,0
1765976272169099,0,0.710782,0.711058,0.710794,0.711087,61.1273,0,61.151,0,61.1283,0,61.1535,0
1765976272174085,0,0.712668,0.71173,0.712759,0.711681,61.2895,0,61.2088,0,61.2972,0,61.2046,0
1765976272179089,0,0.712717,0.712219,0.712886,0.71209,61.2936,0,61.2508,0,61.3082,0,61.2397,0
1765976272184005,0,0.712392,0.712441,0.71236,0.712515,61.2658,0,61.2699,0,61.263,0,61.2763,0
1765976272189098,0,0.712615,0.712756,0.71268,0.712734,61.2849,0,61.297,0,61.2905,0,61.2951,0
1765976272194014,0,0.71226,0.712566,0.712164,0.712703,61.2543,0,61.2807,0,61.2461,0,61.2925,0
1765976272199074,0,0.712537,0.712821,0.712548,0.712852,61.2782,0,61.3026,0,61.2792,0,61.3053,0
1765976272204061,0,0.714202,0.713184,0.714314,0.713114,61.4214,0,61.3338,0,61.431,0,61.3278,0
1765976272209147,0,0.714226,0.713693,0.714412,0.713549,61.4234,0,61.3776,0,61.4394,0,61.3652,0
1765976272214089,0,0.713914,0.714029,0.713877,0.714108,61.3966,0,61.4065,0,61.3934,0,61.4133,0
1765976272219119,0,0.714128,0.714335,0.714186,0.71432,61.415,0,61.4328,0,61.42,0,61.4315,0
1765976272223937,0,0.713787,0.714225,0.713665,0.714391,61.3856,0,61.4234,0,61.3752,0,61.4376,0
1765976272228895,0,0.71407,0.714454,0.714056,0.714513,61.41,0,61.443,0,61.4088,0,61.4481,0
1765976272233931,0,0.715593,0.714613,0.715687,0.714563,61.541,0,61.4568,0,61.5491,0,61.4524,0
1765976272239067,0,0.715616,0.715112,0.715784,0.714987,61.543,0,61.4996,0,61.5575,0,61.4888,0
1765976272244031,0,0.715369,0.715527,0.715311,0.71563,61.5218,0,61.5353,0,61.5167,0,61.5442,0
1765976272248989,0,0.715581,0.715818,0.715618,0.715827,61.54,0,61.5604,0,61.5432,0,61.5611,0
1765976272254016,0,0.715285,0.7158,0.715131,0.715999,61.5145,0,61.5588,0,61.5013,0,61.5759,0
1765976272259015,0,0.715582,0.716007,0.715538,0.716097,61.5401,0,61.5766,0,61.5362,0,61.5843,0
1765976272263961,0,0.715167,0.715658,0.714965,0.715904,61.5043,0,61.5466,0,61.487,0,61.5677,0
1765976272268894,0,0.715477,0.715843,0.715389,0.715974,61.531,0,61.5625,0,61.5235,0,61.5737,0
1765976272273913,0,0.717609,0.716171,0.717714,0.716108,61.7144,0,61.5907,0,61.7234,0,61.5853,0
1765976272278895,0,0.71755,0.716727,0.717723,0.716594,61.7093,0,61.6385,0,61.7242,0,61.6271,0
1765976272283921,0,0.717091,0.717046,0.717038,0.71714,61.6698,0,61.6659,0,61.6653,0,61.674,0
1765976272288913,0,0.717269,0.717359,0.717308,0.717362,61.6851,0,61.6928,0,61.6885,0,61.6931,0
1765976272293923,0,0.716803,0.717214,0.716655,0.717404,61.645,0,61.6804,0,61.6323,0,61.6968,0
1765976272298905,0,0.717075,0.717428,0.717032,0.717514,61.6685,0,61.6988,0,61.6648,0,61.7062,0
1765976272304072,0,0.718794,0.717834,0.718854,0.717816,61.8162,0,61.7338,0,61.8215,0,61.7322,0
1765976272309125,0,0.718812,0.718307,0.718946,0.718215,61.8178,0,61.7744,0,61.8294,0,61.7664,0
1765976272313976,0,0.718443,0.718642,0.718351,0.718777,61.7861,0,61.8032,0,61.7782,0,61.8148,0
1765976272318926,0,0.718657,0.718904,0.71866,0.718945,61.8045,0,61.8258,0,61.8047,0,61.8293,0
1765976272323905,0,0.71824,0.718809,0.718049,0.719043,61.7687,0,61.8176,0,61.7522,0,61.8377,0
1765976272328902,0,0.718544,0.718982,0.718462,0.719107,61.7948,0,61.8325,0,61.7877,0,61.8432,0
1765976272333932,0,0.720127,0.719148,0.720166,0.719152,61.9309,0,61.8468,0,61.9342,0,61.847,0
1765976272338906,0,0.720137,0.719609,0.720249,0.719539,61.9318,0,61.8864,0,61.9414,0,61.8803,0
1765976272343893,0,0.719871,0.720054,0.71976,0.720205,61.9089,0,61.9246,0,61.8994,0,61.9377,0
1765976272348887,0,0.720089,0.720305,0.720074,0.720361,61.9277,0,61.9462,0,61.9263,0,61.951,0
1765976272353883,0,0.719755,0.720292,0.719552,0.720537,61.899,0,61.9452,0,61.8814,0,61.9662,0
1765976272358923,0,0.720058,0.720458,0.719963,0.720593,61.925,0,61.9594,0,61.9168,0,61.971,0
1765976272363900,0,0.719574,0.72012,0.719317,0.720416,61.8833,0,61.9303,0,61.8613,0,61.9558,0
1765976272368916,0,0.719899,0.720257,0.719757,0.720437,61.9113,0,61.9421,0,61.8991,0,61.9576,0
1765976272373929,0,0.721909,0.720821,0.721906,0.720861,62.0842,0,61.9906,0,62.0839,0,61.994,0
1765976272378904,0,0.721922,0.721264,0.721994,0.721227,62.0853,0,62.0287,0,62.0915,0,62.0255,0
1765976272383909,0,0.721487,0.721475,0.721365,0.721632,62.0479,0,62.0468,0,62.0374,0,62.0604,0
1765976272388911,0,0.721686,0.721729,0.721658,0.721793,62.065,0,62.0687,0,62.0625,0,62.0742,0
1765976272393916,0,0.721155,0.721538,0.720953,0.721775,62.0193,0,62.0522,0,62.002,0,62.0726,0
1765976272398921,0,0.721439,0.721703,0.721341,0.721836,62.0438,0,62.0665,0,62.0354,0,62.0779,0
1765976272403911,0,0.72323,0.72207,0.723276,0.722058,62.1978,0,62.0981,0,62.2018,0,62.097,0
1765976272408937,0,0.723218,0.72253,0.72333,0.722452,62.1968,0,62.1376,0,62.2064,0,62.1308,0
1765976272413895,0,0.72281,0.722844,0.722721,0.722967,62.1617,0,62.1646,0,62.154,0,62.1752,0
1765976272418909,0,0.723003,0.723093,0.722999,0.723131,62.1782,0,62.186,0,62.1779,0,62.1893,0
1765976272423908,0,0.722514,0.722973,0.722335,0.723187,62.1362,0,62.1757,0,62.1208,0,62.1941,0
1765976272428883,0,0.722794,0.723128,0.722713,0.723244,62.1603,0,62.189,0,62.1533,0,62.1989,0
1765976272433909,0,0.724404,0.723272,0.724469,0.72324,62.2987,0,62.2014,0,62.3044,0,62.1987,0
1765976272438931,0,0.724385,0.723727,0.72451,0.723635,62.2971,0,62.2405,0,62.3079,0,62.2326,0
1765976272443919,0,0.724045,0.724133,0.723968,0.724244,62.2679,0,62.2755,0,62.2613,0,62.285,0
1765976272448910,0,0.724235,0.724372,0.72424,0.724402,62.2842,0,62.296,0,62.2846,0,62.2986,0
1765976272453929,0,0.723801,0.72433,0.723627,0.724539,62.2469,0,62.2924,0,62.2319,0,62.3104,0
1765976272458915,0,0.724085,0.72447,0.724005,0.724585,62.2713,0,62.3045,0,62.2645,0,62.3143,0
1765976272463896,0,0.723484,0.724093,0.723242,0.724369,62.2196,0,62.272,0,62.1988,0,62.2957,0
1765976272468882,0,0.723807,0.724192,0.723668,0.724363,62.2474,0,62.2805,0,62.2354,0,62.2952,0
1765976272473898,0,0.726046,0.724808,0.726089,0.724796,62.4399,0,62.3335,0,62.4436,0,62.3324,0
1765976272478911,0,0.726019,0.725254,0.726122,0.725182,62.4377,0,62.3718,0,62.4465,0,62.3656,0
1765976272483895,0,0.72549,0.725478,0.7254,0.725599,62.3921,0,62.3911,0,62.3844,0,62.4015,0
1765976272488934,0,0.725675,0.725711,0.725664,0.725752,62.408,0,62.4111,0,62.4071,0,62.4147,0
1765976272493933,0,0.725063,0.725499,0.724882,0.725711,62.3554,0,62.3929,0,62.3399,0,62.4112,0
1765976272498895,0,0.725336,0.725634,0.725246,0.725754,62.3789,0,62.4045,0,62.3712,0,62.4149,0
1765976272503888,0,0.727187,0.725982,0.72726,0.725939,62.538,0,62.4345,0,62.5443,0,62.4307,0
1765976272508846,0,0.727144,0.726428,0.727269,0.726333,62.5343,0,62.4728,0,62.5451,0,62.4647,0
1765976272513894,0,0.726688,0.72673,0.726622,0.726826,62.4952,0,62.4988,0,62.4895,0,62.5071,0
1765976272518938,0,0.726866,0.726957,0.726873,0.726982,62.5105,0,62.5183,0,62.5111,0,62.5204,0
1765976272523910,0,0.726304,0.726815,0.726137,0.727013,62.4621,0,62.5061,0,62.4478,0,62.5231,0
1765976272528902,0,0.726578,0.726939,0.726498,0.72705,62.4857,0,62.5167,0,62.4788,0,62.5263,0
1765976272533890,0,0.728235,0.727053,0.728318,0.727,62.6282,0,62.5265,0,62.6354,0,62.522,0
1765976272538920,0,0.72819,0.727495,0.728322,0.727395,62.6243,0,62.5646,0,62.6357,0,62.556,0
1765976272543934,0,0.727794,0.727905,0.727729,0.728001,62.5903,0,62.5998,0,62.5847,0,62.6081,0
1765976272548901,0,0.727969,0.728119,0.727974,0.728147,62.6054,0,62.6183,0,62.6057,0,62.6206,0
1765976272553928,0,0.727471,0.728064,0.727299,0.728268,62.5625,0,62.6135,0,62.5477,0,62.6311,0
1765976272558932,0,0.727753,0.728171,0.727665,0.728291,62.5867,0,62.6227,0,62.5792,0,62.633,0
1765976272563878,0,0.727076,0.727767,0.726825,0.728049,62.5285,0,62.588,0,62.5069,0,62.6122,0
1765976272568908,0,0.727404,0.727826,0.727248,0.728012,62.5568,0,62.593,0,62.5434,0,62.609,0
1765976272573908,0,0.72977,0.728261,0.729852,0.728207,62.7602,0,62.6304,0,62.7673,0,62.6258,0
1765976272578876,0,0.729675,0.728735,0.7298,0.728638,62.752,0,62.6712,0,62.7628,0,62.6628,0
1765976272583873,0,0.729054,0.728997,0.728985,0.729093,62.6986,0,62.6937,0,62.6927,0,62.702,0
1765976272588909,0,0.72921,0.729221,0.729208,0.729252,62.7121,0,62.713,0,62.7119,0,62.7156,0
1765976272593916,0,0.728509,0.72902,0.72833,0.729227,62.6518,0,62.6957,0,62.6364,0,62.7136,0
1765976272598911,0,0.728779,0.729124,0.728681,0.72925,62.675,0,62.7047,0,62.6666,0,62.7155,0
1765976272603942,0,0.730701,0.729447,0.730785,0.729391,62.8403,0,62.7324,0,62.8475,0,62.7276,0
1765976272608925,0,0.730634,0.729885,0.730758,0.729788,62.8345,0,62.7701,0,62.8452,0,62.7618,0
1765976272613910,0,0.730112,0.7302,0.730047,0.730295,62.7897,0,62.7972,0,62.784,0,62.8053,0
1765976272618917,0,0.730278,0.730403,0.730274,0.730435,62.8039,0,62.8146,0,62.8036,0,62.8174,0
1765976272623914,0,0.729643,0.730267,0.729461,0.730478,62.7493,0,62.803,0,62.7337,0,62.8211,0
1765976272628880,0,0.729921,0.730351,0.729818,0.730484,62.7732,0,62.8102,0,62.7643,0,62.8216,0
1765976272633895,0,0.731644,0.730274,0.731742,0.730205,62.9214,0,62.8036,0,62.9298,0,62.7976,0
1765976272638887,0,0.731548,0.730732,0.73168,0.730628,62.9131,0,62.843,0,62.9245,0,62.834,0
1765976272643930,0,0.731058,0.731144,0.730999,0.731232,62.871,0,62.8784,0,62.8659,0,62.886,0
1765976272648898,0,0.731211,0.731347,0.731209,0.731379,62.8842,0,62.8958,0,62.884,0,62.8986,0
1765976272653935,0,0.730613,0.731285,0.730429,0.731498,62.8327,0,62.8905,0,62.8169,0,62.9088,0
1765976272658984,0,0.730897,0.731359,0.730788,0.731497,62.8571,0,62.8969,0,62.8478,0,62.9087,0
1765976272663948,0,0.732483,0.731177,0.732566,0.731122,62.9935,0,62.8812,0,63.0007,0,62.8765,0
1765976272668922,0,0.73239,0.73162,0.732506,0.731532,62.9855,0,62.9193,0,62.9955,0,62.9118,0
1765976272674158,0,0.732047,0.732157,0.731978,0.732254,62.956,0,62.9655,0,62.9501,0,62.9738,0
1765976272678955,0,0.732185,0.732354,0.73217,0.732398,62.9679,0,62.9824,0,62.9666,0,62.9862,0
1765976272684007,0,0.731701,0.732397,0.731512,0.732615,62.9263,0,62.9861,0,62.9101,0,63.0049,0
1765976272689012,0,0.731981,0.732464,0.731863,0.73261,62.9503,0,62.9919,0,62.9402,0,63.0045,0
1765976272693982,0,0.731294,0.73215,0.73101,0.732462,62.8913,0,62.9649,0,62.8669,0,62.9917,0
1765976272698908,0,0.73163,0.732154,0.73143,0.73238,62.9202,0,62.9652,0,62.903,0,62.9847,0
1765976272703908,0,0.733846,0.73235,0.733891,0.732329,63.1107,0,62.9821,0,63.1146,0,62.9803,0
1765976272708911,0,0.733746,0.732792,0.733824,0.732737,63.1021,0,63.0201,0,63.1089,0,63.0154,0
1765976272713897,0,0.733165,0.733147,0.733065,0.733271,63.0522,0,63.0506,0,63.0436,0,63.0613,0
1765976272718908,0,0.733317,0.733333,0.733272,0.733403,63.0653,0,63.0667,0,63.0614,0,63.0727,0
1765976272723899,0,0.732623,0.733221,0.732406,0.733462,63.0056,0,63.057,0,62.9869,0,63.0777,0
1765976272728896,0,0.732902,0.733277,0.732756,0.733447,63.0296,0,63.0618,0,63.017,0,63.0764,0
1765976272733912,0,0.734658,0.733361,0.734704,0.733337,63.1806,0,63.069,0,63.1845,0,63.067,0
1765976272738911,0,0.734581,0.733772,0.734656,0.733718,63.174,0,63.1044,0,63.1804,0,63.0998,0
1765976272743902,0,0.734117,0.734189,0.734025,0.734303,63.1341,0,63.1402,0,63.1261,0,63.1501,0
1765976272748892,0,0.734276,0.73436,0.734232,0.734426,63.1477,0,63.155,0,63.144,0,63.1606,0
1765976272753893,0,0.733655,0.734321,0.733445,0.734553,63.0943,0,63.1516,0,63.0763,0,63.1715,0
1765976272758936,0,0.733944,0.734363,0.733799,0.73453,63.1192,0,63.1553,0,63.1067,0,63.1696,0
1765976272763902,0,0.735456,0.734219,0.735493,0.734203,63.2492,0,63.1428,0,63.2524,0,63.1415,0
1765976272768914,0,0.735388,0.734615,0.735451,0.734572,63.2433,0,63.1769,0,63.2488,0,63.1732,0
1765976272773908,0,0.735032,0.735112,0.734941,0.735225,63.2128,0,63.2196,0,63.2049,0,63.2293,0
1765976272778903,0,0.73519,0.735278,0.735143,0.735346,63.2263,0,63.2339,0,63.2223,0,63.2398,0
1765976272783902,0,0.734663,0.735314,0.734461,0.735537,63.181,0,63.237,0,63.1636,0,63.2562,0
1765976272788894,0,0.734941,0.735357,0.734799,0.735521,63.205,0,63.2407,0,63.1927,0,63.2548,0
1765976272793920,0,0.734199,0.735036,0.733904,0.735351,63.1412,0,63.2131,0,63.1157,0,63.2402,0
1765976272798917,0,0.734543,0.735013,0.734319,0.735255,63.1707,0,63.2111,0,63.1514,0,63.2319,0
1765976272803908,0,0.736813,0.735133,0.736863,0.7351,63.366,0,63.2214,0,63.3702,0,63.2186,0
1765976272808913,0,0.736686,0.73558,0.736754,0.735528,63.355,0,63.2599,0,63.3609,0,63.2554,0
1765976272813906,0,0.736027,0.735919,0.735935,0.736028,63.2983,0,63.289,0,63.2904,0,63.2984,0
1765976272818915,0,0.736164,0.7361,0.73611,0.736169,63.3101,0,63.3046,0,63.3055,0,63.3106,0
1765976272823919,0,0.735369,0.735983,0.735153,0.736214,63.2417,0,63.2945,0,63.2231,0,63.3144,0
1765976272828894,0,0.73565,0.736015,0.735489,0.736192,63.2659,0,63.2973,0,63.2521,0,63.3125,0
1765976272833928,0,0.737569,0.736129,0.737632,0.736081,63.4309,0,63.3071,0,63.4363,0,63.303,0
1765976272838926,0,0.737465,0.736548,0.73754,0.736487,63.422,0,63.3431,0,63.4284,0,63.3379,0
1765976272843922,0,0.736914,0.736952,0.736836,0.737045,63.3746,0,63.3779,0,63.3679,0,63.3858,0
1765976272848894,0,0.737062,0.737116,0.737015,0.737177,63.3873,0,63.3919,0,63.3833,0,63.3972,0
1765976272853899,0,0.736357,0.737059,0.736154,0.737276,63.3267,0,63.387,0,63.3093,0,63.4058,0
1765976272858924,0,0.736647,0.737082,0.736493,0.737251,63.3517,0,63.389,0,63.3384,0,63.4036,0
1765976272863890,0,0.738317,0.736836,0.738385,0.736782,63.4953,0,63.3679,0,63.5011,0,63.3633,0
1765976272868899,0,0.7382,0.737265,0.738274,0.737204,63.4852,0,63.4048,0,63.4916,0,63.3996,0
1765976272873897,0,0.73778,0.737817,0.737712,0.737899,63.4491,0,63.4523,0,63.4432,0,63.4593,0
1765976272878893,0,0.73792,0.737986,0.737877,0.738043,63.4611,0,63.4668,0,63.4575,0,63.4717,0
1765976272883886,0,0.737334,0.738049,0.737144,0.738254,63.4107,0,63.4722,0,63.3944,0,63.4898,0
1765976272888915,0,0.737619,0.738076,0.73747,0.738238,63.4352,0,63.4745,0,63.4224,0,63.4885,0
1765976272893929,0,0.736808,0.737775,0.736509,0.738087,63.3655,0,63.4487,0,63.3398,0,63.4755,0
1765976272898906,0,0.737169,0.737721,0.736926,0.737977,63.3965,0,63.444,0,63.3756,0,63.466,0
1765976272903900,0,0.739537,0.737978,0.739571,0.737954,63.6002,0,63.4661,0,63.6031,0,63.4641,0
1765976272908905,0,0.73943,0.738393,0.739469,0.738365,63.591,0,63.5018,0,63.5944,0,63.4994,0
1765976272913923,0,0.73877,0.738762,0.738663,0.738879,63.5342,0,63.5336,0,63.525,0,63.5436,0
1765976272918918,0,0.738927,0.738913,0.738845,0.739005,63.5477,0,63.5465,0,63.5406,0,63.5544,0
1765976272923930,0,0.738134,0.738797,0.737905,0.739034,63.4796,0,63.5365,0,63.4599,0,63.557,0
1765976272928885,0,0.738428,0.738807,0.73824,0.739004,63.5048,0,63.5374,0,63.4886,0,63.5544,0
1765976272933911,0,0.740254,0.738968,0.740278,0.738952,63.6619,0,63.5512,0,63.6639,0,63.5499,0
1765976272938931,0,0.740191,0.739341,0.740215,0.739324,63.6564,0,63.5833,0,63.6585,0,63.5818,0
1765976272944056,0,0.741903,0.741965,0.737283,0.737563,63.8037,0,63.809,0,63.4064,0,63.4304,0
1765976272948930,0,0.743216,0.743261,0.736298,0.736523,63.9166,0,63.9204,0,63.3216,0,63.341,0
1765976272953914,0,0.744999,0.745716,0.732857,0.734041,64.0699,0,64.1316,0,63.0257,0,63.1276,0
1765976272958919,0,0.745032,0.74544,0.733483,0.734284,64.0727,0,64.1078,0,63.0795,0,63.1484,0
1765976272963903,0,0.743308,0.741709,0.738964,0.737218,63.9245,0,63.787,0,63.5509,0,63.4007,0
1765976272968896,0,0.743966,0.742919,0.738044,0.736875,63.9811,0,63.8911,0,63.4718,0,63.3713,0
1765976272973915,0,0.744703,0.74468,0.736306,0.736323,64.0444,0,64.0425,0,63.3223,0,63.3238,0
1765976272978923,0,0.744791,0.744791,0.736505,0.736546,64.052,0,64.052,0,63.3394,0,63.3429,0
1765976272983847,0,0.745498,0.746261,0.734369,0.735346,64.1128,0,64.1784,0,63.1557,0,63.2397,0
1765976272988901,0,0.745092,0.745559,0.735406,0.736062,64.0779,0,64.1181,0,63.2449,0,63.3013,0
1765976272993896,0,0.745826,0.746931,0.732775,0.73423,64.141,0,64.2361,0,63.0187,0,63.1438,0
1765976272998905,0,0.744916,0.745544,0.734517,0.735448,64.0628,0,64.1168,0,63.1684,0,63.2485,0
1765976273003922,0,0.741691,0.739917,0.74308,0.740788,63.7854,0,63.6329,0,63.9048,0,63.7078,0
1765976273008927,0,0.74247,0.741303,0.741961,0.740368,63.8524,0,63.752,0,63.8087,0,63.6717,0
1765976273013916,0,0.743599,0.743706,0.739145,0.738908,63.9495,0,63.9587,0,63.5665,0,63.5461,0
1765976273018940,0,0.743674,0.743764,0.739366,0.739185,63.956,0,63.9637,0,63.5855,0,63.5699,0
1765976273023916,0,0.744652,0.745644,0.736413,0.737255,64.0401,0,64.1254,0,63.3315,0,63.404,0
1765976273028901,0,0.744122,0.744753,0.737604,0.73813,63.9945,0,64.0488,0,63.434,0,63.4791,0
1765976273033900,0,0.741553,0.740052,0.744818,0.742476,63.7736,0,63.6444,0,64.0543,0,63.853,0
1765976273038913,0,0.742393,0.74147,0.743644,0.742031,63.8458,0,63.7665,0,63.9534,0,63.8147,0
1765976273043930,0,0.743446,0.743771,0.741131,0.740837,63.9364,0,63.9643,0,63.7373,0,63.712,0
1765976273048917,0,0.743654,0.743946,0.741211,0.741009,63.9543,0,63.9794,0,63.7441,0,63.7268,0
1765976273053909,0,0.743377,0.744055,0.742344,0.74242,63.9304,0,63.9887,0,63.8416,0,63.8481,0
1765976273058926,0,0.743842,0.744347,0.742311,0.742339,63.9704,0,64.0138,0,63.8387,0,63.8412,0
1765976273063902,0,0.74402,0.744846,0.742606,0.742884,63.9857,0,64.0567,0,63.8641,0,63.888,0
1765976273068871,0,0.74441,0.744986,0.742727,0.742875,64.0193,0,64.0688,0,63.8745,0,63.8872,0
1765976273073886,0,0.744973,0.745983,0.741722,0.742307,64.0677,0,64.1546,0,63.7881,0,63.8384,0
1765976273078881,0,0.745077,0.745723,0.742256,0.742583,64.0766,0,64.1322,0,63.834,0,63.8622,0
1765976273083903,0,0.744929,0.745617,0.743292,0.743532,64.0639,0,64.1231,0,63.9231,0,63.9438,0
1765976273088929,0,0.745223,0.745624,0.74356,0.743626,64.0891,0,64.1237,0,63.9461,0,63.9518,0
1765976273093896,0,0.745737,0.746515,0.742449,0.7429,64.1334,0,64.2003,0,63.8506,0,63.8894,0
1765976273098916,0,0.745746,0.746166,0.743084,0.743274,64.1342,0,64.1703,0,63.9053,0,63.9216,0
1765976273104058,0,0.745488,0.745857,0.744502,0.744437,64.112,0,64.1437,0,64.0272,0,64.0216,0
1765976273109089,0,0.745766,0.745907,0.744731,0.744556,64.1359,0,64.148,0,64.0469,0,64.0319,0
1765976273114143,0,0.745862,0.746107,0.745274,0.745064,64.1441,0,64.1652,0,64.0936,0,64.0755,0
1765976273118978,0,0.746089,0.746161,0.745487,0.745228,64.1636,0,64.1699,0,64.1119,0,64.0896,0
1765976273124185,0,0.746671,0.747069,0.74446,0.744478,64.2137,0,64.248,0,64.0235,0,64.0251,0
1765976273128956,0,0.746609,0.746772,0.745029,0.744926,64.2084,0,64.2224,0,64.0725,0,64.0637,0
1765976273134020,0,0.746463,0.746569,0.74628,0.745941,64.1958,0,64.2049,0,64.1801,0,64.1509,0
1765976273139020,0,0.746773,0.746722,0.746409,0.746043,64.2225,0,64.2181,0,64.1912,0,64.1597,0
1765976273143997,0,0.747249,0.747559,0.74527,0.745217,64.2634,0,64.2901,0,64.0932,0,64.0887,0
1765976273149112,0,0.747365,0.747417,0.74571,0.745524,64.2734,0,64.2779,0,64.1311,0,64.115,0
1765976273154132,0,0.747114,0.74709,0.747111,0.746658,64.2518,0,64.2497,0,64.2516,0,64.2126,0
1765976273159091,0,0.7474,0.747255,0.747231,0.746794,64.2764,0,64.2639,0,64.2619,0,64.2243,0
1765976273164072,0,0.74751,0.747442,0.747785,0.747273,64.2858,0,64.28,0,64.3095,0,64.2655,0
1765976273169182,0,0.747905,0.747726,0.747797,0.74732,64.3198,0,64.3044,0,64.3105,0,64.2695,0
1765976273174135,0,0.748233,0.748379,0.747048,0.746827,64.348,0,64.3606,0,64.2461,0,64.2271,0
1765976273178989,0,0.748284,0.748269,0.747443,0.747194,64.3524,0,64.3511,0,64.2801,0,64.2587,0
1765976273184023,0,0.748294,0.748202,0.74848,0.747985,64.3533,0,64.3454,0,64.3693,0,64.3267,0
1765976273189142,0,0.74863,0.74844,0.748538,0.748092,64.3822,0,64.3659,0,64.3743,0,64.3359,0
1765976273194101,0,0.748991,0.749153,0.747558,0.747408,64.4132,0,64.4271,0,64.29,0,64.2771,0
1765976273199173,0,0.749097,0.749064,0.747946,0.747737,64.4223,0,64.4195,0,64.3233,0,64.3054,0
1765976273204168,0,0.748991,0.748868,0.749086,0.748611,64.4132,0,64.4026,0,64.4214,0,64.3806,0
1765976273209107,0,0.749216,0.749016,0.749223,0.748816,64.4326,0,64.4153,0,64.4332,0,64.3982,0
1765976273214101,0,0.749361,0.749198,0.749771,0.749251,64.445,0,64.431,0,64.4803,0,64.4356,0
1765976273219140,0,0.74968,0.749453,0.749806,0.749371,64.4725,0,64.4529,0,64.4833,0,64.4459,0
1765976273223915,0,0.749892,0.749968,0.749151,0.748942,64.4907,0,64.4972,0,64.427,0,64.409,0
1765976273228884,0,0.75004,0.749969,0.749438,0.749224,64.5034,0,64.4974,0,64.4516,0,64.4332,0
1765976273233903,0,0.750084,0.749932,0.750365,0.749906,64.5073,0,64.4942,0,64.5314,0,64.4919,0
1765976273238916,0,0.750377,0.750156,0.750428,0.750049,64.5324,0,64.5134,0,64.5368,0,64.5042,0
1765976273243931,0,0.7507,0.750872,0.749255,0.749221,64.5602,0,64.575,0,64.436,0,64.433,0
1765976273248891,0,0.750738,0.750723,0.749695,0.74961,64.5634,0,64.5622,0,64.4737,0,64.4664,0
1765976273253876,0,0.750659,0.750416,0.751213,0.7507,64.5567,0,64.5358,0,64.6043,0,64.5602,0
1765976273258904,0,0.75098,0.750692,0.751225,0.750817,64.5843,0,64.5595,0,64.6053,0,64.5703,0
1765976273263909,0,0.751179,0.750931,0.751705,0.751188,64.6014,0,64.5801,0,64.6466,0,64.6022,0
1765976273268890,0,0.751478,0.751201,0.751718,0.751326,64.6271,0,64.6033,0,64.6477,0,64.614,0
1765976273273909,0,0.751731,0.75176,0.751011,0.750839,64.6489,0,64.6513,0,64.5869,0,64.5722,0
1765976273278893,0,0.751876,0.751775,0.751281,0.751127,64.6614,0,64.6527,0,64.6101,0,64.5969,0
1765976273283897,0,0.751957,0.751764,0.752182,0.751769,64.6683,0,64.6517,0,64.6876,0,64.6521,0
1765976273288927,0,0.752241,0.751992,0.752239,0.751925,64.6927,0,64.6713,0,64.6925,0,64.6656,0
1765976273293906,0,0.752415,0.752581,0.751167,0.751199,64.7077,0,64.722,0,64.6004,0,64.6031,0
1765976273298900,0,0.7525,0.752477,0.751558,0.751547,64.715,0,64.713,0,64.634,0,64.633,0
1765976273303898,0,0.752523,0.752243,0.753016,0.752542,64.7169,0,64.6929,0,64.7594,0,64.7186,0
1765976273308905,0,0.75281,0.7525,0.75304,0.752693,64.7417,0,64.715,0,64.7615,0,64.7316,0
1765976273313909,0,0.753036,0.752761,0.753506,0.753031,64.7611,0,64.7374,0,64.8015,0,64.7607,0
1765976273318920,0,0.753329,0.75303,0.753516,0.753181,64.7863,0,64.7606,0,64.8024,0,64.7735,0
1765976273323940,0,0.753483,0.753506,0.752876,0.752758,64.7995,0,64.8015,0,64.7474,0,64.7372,0
1765976273328913,0,0.753644,0.753538,0.753123,0.753033,64.8134,0,64.8043,0,64.7686,0,64.7608,0
1765976273333962,0,0.75381,0.753606,0.754002,0.753635,64.8277,0,64.8101,0,64.8442,0,64.8126,0
1765976273339160,0,0.754159,0.753884,0.754012,0.753744,64.8576,0,64.834,0,64.8451,0,64.822,0
1765976273343971,0,0.75411,0.754261,0.753212,0.753264,64.8535,0,64.8664,0,64.7762,0,64.7807,0
1765976273349132,0,0.754337,0.754286,0.753476,0.753489,64.873,0,64.8686,0,64.799,0,64.8,0
1765976273354022,0,0.754362,0.754121,0.754732,0.754345,64.8751,0,64.8544,0,64.907,0,64.8737,0
1765976273359069,0,0.754665,0.754371,0.75476,0.75449,64.9012,0,64.8759,0,64.9093,0,64.8861,0
1765976273364084,0,0.754877,0.7546,0.755271,0.754837,64.9194,0,64.8956,0,64.9533,0,64.916,0
1765976273368990,0,0.755091,0.7548,0.755337,0.755061,64.9379,0,64.9128,0,64.959,0,64.9352,0
1765976273374015,0,0.755184,0.755228,0.754744,0.754674,64.9458,0,64.9496,0,64.908,0,64.9019,0
1765976273379062,0,0.75541,0.755306,0.754942,0.754897,64.9652,0,64.9563,0,64.9251,0,64.9211,0
1765976273384017,0,0.755579,0.755382,0.75578,0.755446,64.9798,0,64.9629,0,64.9971,0,64.9683,0
1765976273389119,0,0.755864,0.755603,0.755834,0.755616,65.0043,0,64.9819,0,65.0017,0,64.983,0
1765976273393961,0,0.755733,0.755939,0.754985,0.755105,64.9931,0,65.0108,0,64.9287,0,64.9391,0
1765976273398979,0,0.7559,0.755899,0.755298,0.755385,65.0074,0,65.0073,0,64.9556,0,64.9631,0
1765976273404094,0,0.756179,0.755874,0.756594,0.756153,65.0314,0,65.0051,0,65.0671,0,65.0291,0
1765976273409068,0,0.756444,0.756108,0.756623,0.756338,65.0542,0,65.0253,0,65.0696,0,65.045,0
1765976273414112,0,0.756702,0.756424,0.757039,0.756617,65.0764,0,65.0524,0,65.1053,0,65.0691,0
1765976273418981,0,0.756876,0.756585,0.757133,0.756884,65.0913,0,65.0663,0,65.1135,0,65.0921,0
1765976273423897,0,0.756839,0.756947,0.756509,0.756507,65.0881,0,65.0974,0,65.0598,0,65.0596,0
1765976273428907,0,0.757052,0.756993,0.756727,0.756746,65.1065,0,65.1014,0,65.0785,0,65.0801,0
1765976273433944,0,0.757353,0.757119,0.75765,0.75728,65.1323,0,65.1123,0,65.1579,0,65.1261,0
1765976273438909,0,0.757584,0.757306,0.757721,0.757501,65.1522,0,65.1284,0,65.164,0,65.1451,0
1765976273443914,0,0.757441,0.757651,0.756867,0.756982,65.1399,0,65.158,0,65.0905,0,65.1004,0
1765976273448908,0,0.757624,0.757624,0.757154,0.757252,65.1556,0,65.1557,0,65.1153,0,65.1237,0
1765976273453948,0,0.757984,0.75769,0.758366,0.757939,65.1867,0,65.1613,0,65.2195,0,65.1828,0
1765976273458918,0,0.758221,0.757894,0.758418,0.758157,65.207,0,65.1789,0,65.2239,0,65.2015,0
1765976273463902,0,0.757945,0.758238,0.757306,0.757508,65.1833,0,65.2084,0,65.1283,0,65.1457,0
1765976273468910,0,0.758137,0.758181,0.757621,0.757773,65.1998,0,65.2035,0,65.1554,0,65.1685,0
1765976273473906,0,0.758602,0.758207,0.759201,0.758667,65.2398,0,65.2058,0,65.2913,0,65.2454,0
1765976273478903,0,0.758867,0.758464,0.759198,0.758863,65.2625,0,65.2279,0,65.291,0,65.2622,0
1765976273483899,0,0.759152,0.758788,0.759683,0.759169,65.2871,0,65.2558,0,65.3327,0,65.2885,0
1765976273488940,0,0.759424,0.759053,0.759671,0.759362,65.3105,0,65.2786,0,65.3317,0,65.3052,0
1765976273493965,0,0.759163,0.759364,0.758829,0.758914,65.2881,0,65.3053,0,65.2593,0,65.2666,0
1765976273499021,0,0.759397,0.759391,0.759056,0.759147,65.3081,0,65.3076,0,65.2788,0,65.2866,0
1765976273504052,0,0.759853,0.759556,0.76017,0.759739,65.3474,0,65.3218,0,65.3747,0,65.3375,0
1765976273509055,0,0.760081,0.759753,0.760224,0.759976,65.367,0,65.3387,0,65.3792,0,65.3579,0
1765976273514096,0,0.760352,0.760079,0.760634,0.760225,65.3903,0,65.3668,0,65.4145,0,65.3794,0
1765976273518941,0,0.760495,0.760208,0.760745,0.760534,65.4025,0,65.3779,0,65.424,0,65.4059,0
1765976273524016,0,0.760319,0.760474,0.760212,0.760245,65.3874,0,65.4008,0,65.3783,0,65.381,0
1765976273528943,0,0.760522,0.760502,0.760427,0.760501,65.4049,0,65.4031,0,65.3968,0,65.4031,0
1765976273534117,0,0.761022,0.7608,0.761197,0.760847,65.4479,0,65.4288,0,65.463,0,65.4329,0
1765976273539029,0,0.761185,0.760919,0.761319,0.761143,65.4619,0,65.439,0,65.4734,0,65.4583,0
1765976273544065,0,0.760835,0.761113,0.760598,0.760763,65.4318,0,65.4558,0,65.4114,0,65.4256,0
1765976273549109,0,0.761075,0.761118,0.76084,0.760992,65.4525,0,65.4562,0,65.4322,0,65.4453,0
1765976273554152,0,0.761638,0.761373,0.761884,0.761493,65.5009,0,65.4781,0,65.522,0,65.4884,0
1765976273559088,0,0.761814,0.761506,0.761991,0.761782,65.516,0,65.4895,0,65.5312,0,65.5132,0
1765976273563905,0,0.762027,0.761777,0.762477,0.76209,65.5343,0,65.5128,0,65.573,0,65.5397,0
1765976273568913,0,0.762278,0.76198,0.762514,0.762311,65.5559,0,65.5303,0,65.5762,0,65.5587,0
1765976273573922,0,0.762032,0.762171,0.762149,0.762154,65.5348,0,65.5467,0,65.5448,0,65.5453,0
1765976273578901,0,0.762281,0.762239,0.762318,0.762376,65.5562,0,65.5526,0,65.5593,0,65.5643,0
1765976273583887,0,0.762693,0.762522,0.762988,0.762681,65.5916,0,65.5769,0,65.6169,0,65.5906,0
1765976273588908,0,0.762928,0.762678,0.76307,0.762921,65.6118,0,65.5903,0,65.6241,0,65.6112,0
1765976273593918,0,0.762435,0.762749,0.762478,0.762656,65.5694,0,65.5964,0,65.5731,0,65.5884,0
1765976273598920,0,0.762709,0.762771,0.762691,0.762856,65.593,0,65.5983,0,65.5914,0,65.6056,0
1765976273603933,0,0.763372,0.763105,0.763665,0.763267,65.65,0,65.6271,0,65.6752,0,65.641,0
1765976273608921,0,0.763578,0.763256,0.763749,0.763535,65.6677,0,65.64,0,65.6824,0,65.664,0
1765976273613909,0,0.76387,0.763566,0.764218,0.763781,65.6928,0,65.6667,0,65.7228,0,65.6852,0
1765976273618889,0,0.764063,0.763728,0.764289,0.764062,65.7094,0,65.6806,0,65.7288,0,65.7093,0
1765976273623919,0,0.763749,0.763884,0.763964,0.76396,65.6824,0,65.694,0,65.7009,0,65.7006,0
1765976273628888,0,0.763996,0.76395,0.764128,0.764187,65.7037,0,65.6997,0,65.715,0,65.7201,0
1765976273633899,0,0.764476,0.764306,0.764736,0.764433,65.7449,0,65.7303,0,65.7673,0,65.7412,0
1765976273638933,0,0.764697,0.764443,0.764832,0.764692,65.7639,0,65.7421,0,65.7755,0,65.7635,0
1765976273643913,0,0.764081,0.764436,0.764318,0.764524,65.711,0,65.7415,0,65.7313,0,65.749,0
1765976273648917,0,0.764383,0.76447,0.764512,0.764701,65.737,0,65.7444,0,65.7481,0,65.7643,0
1765976273653938,0,0.763263,0.764164,0.76348,0.764206,65.6406,0,65.7181,0,65.6593,0,65.7217,0
1765976273658918,0,0.763659,0.76408,0.763789,0.764289,65.6747,0,65.7108,0,65.6858,0,65.7288,0
1765976273663925,0,0.764936,0.76441,0.765421,0.764753,65.7845,0,65.7393,0,65.8262,0,65.7688,0
1765976273668931,0,0.765143,0.764612,0.765446,0.765026,65.8023,0,65.7566,0,65.8284,0,65.7922,0
1765976273673936,0,0.764863,0.764778,0.76526,0.765024,65.7783,0,65.7709,0,65.8123,0,65.7921,0
1765976273678910,0,0.765116,0.764889,0.765372,0.76525,65.8,0,65.7804,0,65.822,0,65.8115,0
1765976273683914,0,0.764194,0.764711,0.764658,0.764994,65.7207,0,65.7651,0,65.7606,0,65.7895,0
1765976273688948,0,0.764595,0.764749,0.764842,0.765079,65.7552,0,65.7685,0,65.7764,0,65.7968,0
1765976273693928,0,0.763144,0.764252,0.76366,0.764545,65.6304,0,65.7257,0,65.6748,0,65.7509,0
1765976273698929,0,0.763665,0.764176,0.763952,0.764511,65.6752,0,65.7191,0,65.6999,0,65.7479,0
1765976273703910,0,0.761765,0.763363,0.762382,0.763703,65.5118,0,65.6492,0,65.5649,0,65.6785,0
1765976273708913,0,0.762422,0.763202,0.762754,0.763536,65.5683,0,65.6354,0,65.5968,0,65.6641,0
1765976273713895,0,0.760107,0.762092,0.760834,0.762482,65.3692,0,65.5399,0,65.4317,0,65.5735,0
1765976273718925,0,0.760917,0.761874,0.761255,0.762169,65.4388,0,65.5212,0,65.4679,0,65.5465,0
1765976273723925,0,0.758232,0.760541,0.758977,0.760892,65.2079,0,65.4065,0,65.272,0,65.4367,0
1765976273728916,0,0.759149,0.760236,0.759476,0.760471,65.2868,0,65.3803,0,65.3149,0,65.4005,0
1765976273733930,0,0.756171,0.7587,0.756905,0.758984,65.0307,0,65.2482,0,65.0938,0,65.2726,0
1765976273738929,0,0.757189,0.758326,0.757466,0.758465,65.1183,0,65.216,0,65.142,0,65.228,0
1765976273743874,0,0.753852,0.756547,0.754657,0.756846,64.8313,0,65.063,0,64.9005,0,65.0888,0
1765976273748907,0,0.755009,0.756147,0.755236,0.756194,64.9307,0,65.0286,0,64.9503,0,65.0327,0
1765976273753925,0,0.751391,0.754231,0.75212,0.754407,64.6196,0,64.8639,0,64.6823,0,64.879,0
1765976273758922,0,0.752615,0.753747,0.752774,0.753685,64.7249,0,64.8222,0,64.7386,0,64.8169,0
1765976273763901,0,0.748742,0.751647,0.749483,0.75179,64.3919,0,64.6416,0,64.4556,0,64.6539,0
1765976273768902,0,0.750063,0.751127,0.750164,0.75097,64.5054,0,64.5969,0,64.5141,0,64.5835,0
1765976273773934,0,0.745952,0.748934,0.746615,0.748959,64.1519,0,64.4084,0,64.2089,0,64.4104,0
1765976273778911,0,0.747345,0.748351,0.74735,0.748065,64.2716,0,64.3582,0,64.2721,0,64.3336,0
1765976273783907,0,0.743005,0.746018,0.743654,0.745993,63.8984,0,64.1575,0,63.9543,0,64.1554,0
1765976273788901,0,0.744497,0.745409,0.744406,0.744999,64.0268,0,64.1051,0,64.0189,0,64.0699,0
1765976273793896,0,0.739926,0.742982,0.740534,0.742882,63.6337,0,63.8965,0,63.6859,0,63.8878,0
1765976273798876,0,0.741495,0.742324,0.741325,0.741808,63.7686,0,63.8399,0,63.7539,0,63.7955,0
1765976273803908,0,0.736754,0.739789,0.737346,0.739645,63.3609,0,63.6219,0,63.4117,0,63.6095,0
1765976273808931,0,0.73843,0.739128,0.738131,0.738465,63.505,0,63.565,0,63.4792,0,63.508,0
1765976273813932,0,0.733384,0.736506,0.733959,0.736313,63.0711,0,63.3395,0,63.1205,0,63.3229,0
1765976273818931,0,0.73515,0.735796,0.734782,0.735037,63.2229,0,63.2784,0,63.1913,0,63.2132,0
1765976273823912,0,0.729973,0.733111,0.730528,0.732871,62.7777,0,63.0476,0,62.8254,0,63.0269,0
1765976273828895,0,0.731824,0.73237,0.731371,0.731504,62.9369,0,62.9838,0,62.8979,0,62.9093,0
1765976273833896,0,0.72649,0.729644,0.727017,0.729349,62.4781,0,62.7494,0,62.5234,0,62.724,0
1765976273838923,0,0.728449,0.728889,0.727863,0.727873,62.6466,0,62.6844,0,62.5962,0,62.5971,0
1765976273843902,0,0.72287,0.726096,0.723395,0.72577,62.1668,0,62.4442,0,62.2119,0,62.4162,0
1765976273848924,0,0.724939,0.725314,0.724257,0.724178,62.3448,0,62.377,0,62.2861,0,62.2793,0
1765976273853905,0,0.71924,0.722485,0.719753,0.722123,61.8546,0,62.1337,0,61.8987,0,62.1026,0
1765976273858922,0,0.721408,0.721682,0.720624,0.720425,62.0411,0,62.0647,0,61.9736,0,61.9565,0
1765976273863896,0,0.715545,0.718846,0.716023,0.718423,61.5369,0,61.8208,0,61.578,0,61.7844,0
1765976273868874,0,0.717793,0.717995,0.716929,0.716635,61.7302,0,61.7476,0,61.6559,0,61.6306,0
1765976273873900,0,0.711754,0.715115,0.71228,0.714709,61.2108,0,61.4999,0,61.2561,0,61.465,0
1765976273878904,0,0.714143,0.714265,0.713172,0.712776,61.4163,0,61.4268,0,61.3328,0,61.2987,0
1765976273883899,0,0.707933,0.71142,0.708427,0.710944,60.8823,0,61.1821,0,60.9247,0,61.1412,0
1765976273888921,0,0.710454,0.710539,0.709336,0.708873,61.099,0,61.1064,0,61.0029,0,60.9631,0
1765976273893932,0,0.704121,0.707628,0.704656,0.707164,60.5544,0,60.856,0,60.6004,0,60.8161,0
1765976273898878,0,0.706718,0.706707,0.70559,0.705004,60.7778,0,60.7768,0,60.6808,0,60.6303,0
1765976273903897,0,0.700268,0.703862,0.700822,0.703384,60.223,0,60.5321,0,60.2707,0,60.491,0
1765976273908928,0,0.703054,0.702968,0.701717,0.701031,60.4626,0,60.4552,0,60.3477,0,60.2887,0
1765976273913934,0,0.696272,0.700067,0.696931,0.699642,59.8794,0,60.2058,0,59.9361,0,60.1692,0
1765976273918939,0,0.69923,0.699153,0.69783,0.697108,60.1338,0,60.1271,0,60.0134,0,59.9513,0
1765976273923933,0,0.692245,0.696223,0.693048,0.695885,59.5331,0,59.8752,0,59.6021,0,59.8461,0
1765976273928845,0,0.695312,0.695239,0.693999,0.693228,59.7968,0,59.7906,0,59.6839,0,59.6176,0
1765976273933912,0,0.691402,0.692755,0.690827,0.691344,59.4606,0,59.577,0,59.4111,0,59.4555,0
1765976273939011,0,0.694002,0.692079,0.69148,0.689121,59.6842,0,59.5188,0,59.4673,0,59.2644,0
1765976273943963,0,0.682659,0.689007,0.684735,0.689657,58.7087,0,59.2546,0,58.8872,0,59.3105,0
1765976273948955,0,0.686631,0.687906,0.68576,0.686109,59.0503,0,59.1599,0,58.9754,0,59.0054,0
1765976273954123,0,0.679912,0.685042,0.681208,0.684934,58.4724,0,58.9136,0,58.5839,0,58.9044,0
1765976273959115,0,0.683765,0.684028,0.682135,0.681481,58.8038,0,58.8264,0,58.6636,0,58.6073,0
1765976273964055,0,0.676134,0.681076,0.677588,0.681071,58.1475,0,58.5726,0,58.2725,0,58.5721,0
1765976273969060,0,0.680159,0.680127,0.678432,0.677433,58.4937,0,58.4909,0,58.3451,0,58.2592,0
1765976273974141,0,0.672132,0.677313,0.673681,0.677315,57.8033,0,58.2489,0,57.9365,0,58.2491,0
1765976273978954,0,0.676269,0.676249,0.674619,0.673548,58.1591,0,58.1574,0,58.0172,0,57.9251,0
1765976273983919,0,0.668417,0.673337,0.670288,0.673633,57.4839,0,57.907,0,57.6448,0,57.9325,0
1765976273988989,0,0.672964,0.672562,0.670923,0.669452,57.8749,0,57.8404,0,57.6994,0,57.5728,0
1765976273993948,0,0.663909,0.669751,0.666234,0.670335,57.0962,0,57.5986,0,57.2961,0,57.6488,0
1765976273999131,0,0.668992,0.669005,0.666816,0.66562,57.5333,0,57.5344,0,57.3462,0,57.2434,0
1765976274004023,0,0.660703,0.665975,0.662863,0.666412,56.8204,0,57.2739,0,57.0062,0,57.3115,0
1765976274009130,0,0.665892,0.665341,0.66332,0.661563,57.2667,0,57.2193,0,57.0455,0,56.8944,0
1765976274013964,0,0.655745,0.662275,0.659064,0.663646,56.394,0,56.9557,0,56.6795,0,57.0735,0
1765976274019136,0,0.661603,0.661687,0.659449,0.658136,56.8979,0,56.9051,0,56.7126,0,56.5997,0
1765976274023929,0,0.651308,0.658565,0.6554,0.660512,56.0125,0,56.6366,0,56.3644,0,56.8041,0
1765976274028899,0,0.657592,0.657951,0.65579,0.654572,56.5529,0,56.5838,0,56.3979,0,56.2932,0
1765976274033916,0,0.647947,0.654885,0.652061,0.656809,55.7235,0,56.3201,0,56.0773,0,56.4856,0
1765976274038907,0,0.65452,0.654426,0.652283,0.650557,56.2887,0,56.2806,0,56.0963,0,55.9479,0
1765976274043928,0,0.642409,0.651363,0.648198,0.654577,55.2472,0,56.0172,0,55.745,0,56.2936,0
1765976274048914,0,0.649994,0.650965,0.648326,0.647341,55.8995,0,55.983,0,55.7561,0,55.6713,0
1765976274053922,0,0.640312,0.647541,0.645425,0.650229,55.0669,0,55.6885,0,55.5066,0,55.9197,0
1765976274058945,0,0.647936,0.647485,0.645212,0.642892,55.7225,0,55.6837,0,55.4883,0,55.2887,0
1765976274063906,0,0.634042,0.644104,0.641725,0.648876,54.5276,0,55.3929,0,55.1883,0,55.8033,0
1765976274068927,0,0.643026,0.64416,0.641366,0.640232,55.3003,0,55.3978,0,55.1575,0,55.06,0
1765976274073931,0,0.629749,0.640504,0.638523,0.646119,54.1584,0,55.0833,0,54.913,0,55.5662,0
1765976274078902,0,0.639541,0.640789,0.637919,0.636668,55.0005,0,55.1079,0,54.8611,0,54.7534,0
1765976274083923,0,0.627213,0.636566,0.636107,0.642422,53.9403,0,54.7447,0,54.7052,0,55.2483,0
1765976274088920,0,0.63491,0.634891,0.637472,0.635012,54.6023,0,54.6006,0,54.8226,0,54.611,0
1765976274093906,0,0.621362,0.634098,0.631894,0.641038,53.4371,0,54.5324,0,54.3429,0,55.1292,0
1765976274098923,0,0.627429,0.629298,0.636343,0.635284,53.9589,0,54.1196,0,54.7255,0,54.6344,0
1765976274103898,0,0.618857,0.629959,0.629941,0.637617,53.2217,0,54.1765,0,54.1749,0,54.8351,0
1765976274108903,0,0.623705,0.624106,0.635431,0.633004,53.6386,0,53.6731,0,54.6471,0,54.4384,0
1765976274113911,0,0.612954,0.627881,0.625661,0.636591,52.714,0,53.9977,0,53.8069,0,54.7468,0
1765976274118927,0,0.619188,0.621736,0.631447,0.630631,53.2502,0,53.4693,0,54.3045,0,54.2343,0
1765976274123910,0,0.609528,0.62558,0.621865,0.633733,52.4194,0,53.7999,0,53.4804,0,54.501,0
1765976274128913,0,0.616429,0.619247,0.627869,0.627072,53.0129,0,53.2552,0,53.9967,0,53.9282,0
1765976274133927,0,0.606813,0.623615,0.617922,0.630494,52.1859,0,53.6309,0,53.1413,0,54.2225,0
1765976274138934,0,0.61417,0.616991,0.62427,0.623307,52.8186,0,53.0612,0,53.6872,0,53.6044,0
1765976274143899,0,0.602991,0.622537,0.613131,0.628241,51.8572,0,53.5382,0,52.7292,0,54.0287,0
1765976274148914,0,0.61141,0.615495,0.619977,0.619945,52.5812,0,52.9326,0,53.318,0,53.3153,0
1765976274153899,0,0.598296,0.616352,0.613796,0.627737,51.4534,0,53.0062,0,52.7865,0,53.9854,0
1765976274158907,0,0.611666,0.614106,0.615921,0.614474,52.6033,0,52.8131,0,52.9692,0,52.8448,0
1765976274163909,0,0.585751,0.609361,0.6151,0.633979,50.3746,0,52.405,0,52.8986,0,54.5222,0
1765976274168928,0,0.611433,0.616681,0.607745,0.608862,52.5832,0,53.0346,0,52.2661,0,52.3621,0
1765976274173956,0,0.438791,0.514103,0.645842,0.875617,37.7361,0,44.2129,0,55.5424,0,75.3031,0
1765976274178888,0,0.531581,0.549063,0.632844,0.81001,45.716,0,47.2194,0,54.4246,0,69.6609,0
1765976274184007,0,0.586323,0.562226,0.618334,0.766446,50.4238,0,48.3514,0,53.1768,0,65.9144,0
1765976274189022,0,0.614253,0.577473,0.618188,0.732578,52.8258,0,49.6626,0,53.1642,0,63.0017,0
1765976274194031,0,0.633541,0.578133,0.613054,0.711317,54.4845,0,49.7194,0,52.7226,0,61.1733,0
1765976274198962,0,0.641726,0.584523,0.618833,0.693471,55.1885,0,50.269,0,53.2196,0,59.6385,0
1765976274203950,0,0.648046,0.580577,0.618295,0.682779,55.7319,0,49.9296,0,53.1733,0,58.719,0
1765976274208942,0,0.648864,0.583139,0.625764,0.67285,55.8023,0,50.1499,0,53.8157,0,57.8651,0
1765976274213974,0,0.65028,0.576856,0.625987,0.667522,55.9241,0,49.6096,0,53.8349,0,57.4069,0
1765976274218984,0,0.648192,0.577955,0.633361,0.661495,55.7445,0,49.7041,0,54.469,0,56.8886,0
1765976274223862,0,0.647488,0.571232,0.633637,0.658657,55.684,0,49.1259,0,54.4928,0,56.6445,0
1765976274228865,0,0.644325,0.571822,0.640298,0.654633,55.412,0,49.1767,0,55.0656,0,56.2985,0
1765976274233817,0,0.642934,0.564904,0.639985,0.653183,55.2923,0,48.5817,0,55.0387,0,56.1737,0
1765976274238915,0,0.639436,0.565391,0.64586,0.65021,54.9915,0,48.6236,0,55.544,0,55.9181,0
1765976274243989,0,0.638697,0.557392,0.645058,0.649279,54.928,0,47.9357,0,55.4749,0,55.838,0
1765976274248953,0,0.645523,0.545905,0.660473,0.636441,55.5149,0,46.9478,0,56.8007,0,54.7339,0
1765976274254078,0,0.650997,0.530605,0.665112,0.629598,55.9858,0,45.632,0,57.1997,0,54.1454,0
1765976274258939,0,0.651891,0.526908,0.673232,0.622854,56.0626,0,45.3141,0,57.898,0,53.5655,0
1765976274264054,0,0.652899,0.518931,0.673685,0.619305,56.1493,0,44.6281,0,57.9369,0,53.2602,0
1765976274269159,0,0.651663,0.519707,0.677691,0.615264,56.043,0,44.6948,0,58.2814,0,52.9127,0
1765976274274153,0,0.652822,0.512679,0.673446,0.614843,56.1427,0,44.0904,0,57.9163,0,52.8765,0
1765976274279058,0,0.650762,0.516035,0.675552,0.61157,55.9655,0,44.379,0,58.0975,0,52.595,0
1765976274284129,0,0.650223,0.512983,0.671794,0.610154,55.9192,0,44.1165,0,57.7743,0,52.4732,0
1765976274288968,0,0.648219,0.517123,0.672893,0.607212,55.7469,0,44.4726,0,57.8688,0,52.2202,0
1765976274294086,0,0.649393,0.512053,0.66657,0.607586,55.8478,0,44.0365,0,57.325,0,52.2524,0
1765976274298982,0,0.647368,0.516634,0.667533,0.604404,55.6736,0,44.4305,0,57.4078,0,51.9788,0
1765976274304115,0,0.647185,0.51404,0.663023,0.603027,55.6579,0,44.2074,0,57.02,0,51.8603,0
1765976274309083,0,0.645458,0.518268,0.663917,0.599826,55.5094,0,44.5711,0,57.0968,0,51.585,0
1765976274313941,0,0.645851,0.514894,0.659057,0.598748,55.5432,0,44.2809,0,56.6789,0,51.4923,0
1765976274318967,0,0.644315,0.518785,0.660059,0.595451,55.4111,0,44.6155,0,56.7651,0,51.2088,0
1765976274324022,0,0.643228,0.517527,0.657252,0.592506,55.3176,0,44.5073,0,56.5237,0,50.9556,0
1765976274328966,0,0.642095,0.520739,0.65814,0.589415,55.2201,0,44.7836,0,56.6,0,50.6897,0
1765976274334142,0,0.639698,0.521203,0.657018,0.584865,55.014,0,44.8235,0,56.5036,0,50.2984,0
1765976274339131,0,0.639082,0.523624,0.657544,0.582222,54.9611,0,45.0317,0,56.5488,0,50.0711,0
1765976274343928,0,0.636461,0.524258,0.656703,0.577358,54.7357,0,45.0862,0,56.4764,0,49.6528,0
1765976274349067,0,0.636274,0.526058,0.656813,0.575183,54.7196,0,45.241,0,56.486,0,49.4657,0
1765976274354127,0,0.632178,0.528466,0.657414,0.568699,54.3673,0,45.4481,0,56.5376,0,48.9081,0
1765976274358958,0,0.632546,0.529558,0.656919,0.567224,54.3989,0,45.542,0,56.495,0,48.7813,0
1765976274363959,0,0.62619,0.534662,0.659587,0.558311,53.8523,0,45.9809,0,56.7245,0,48.0147,0
1765976274368998,0,0.627292,0.534867,0.658169,0.55786,53.9471,0,45.9985,0,56.6025,0,47.976,0
1765976274374005,0,0.616042,0.545676,0.66522,0.543629,52.9796,0,46.9282,0,57.2089,0,46.7521,0
1765976274378944,0,0.618412,0.544524,0.662232,0.545009,53.1834,0,46.8291,0,56.952,0,46.8708,0
1765976274383999,0,0.596146,0.567283,0.678678,0.518593,51.2686,0,48.7863,0,58.3663,0,44.599,0
1765976274388994,0,0.601074,0.563698,0.672715,0.523748,51.6924,0,48.4781,0,57.8535,0,45.0423,0
1765976274393933,0,0.564136,0.599382,0.699224,0.481163,48.5157,0,51.5468,0,60.1332,0,41.38,0
1765976274399052,0,0.573101,0.592655,0.688779,0.492895,49.2867,0,50.9683,0,59.235,0,42.389,0
1765976274403908,0,0.522281,0.637483,0.77071,0.342273,44.9162,0,54.8236,0,66.2811,0,34.4,0
1765976274408896,0,0.534739,0.635404,0.744451,0.381455,45.9876,0,54.6447,0,64.0228,0,34.4,0
1765976274414071,0,0.557376,0.616044,0.843468,0,47.9343,0,52.9798,0,72.5383,0,34.4,0
1765976274418956,0,0.540444,0.656446,0.812137,0,46.4781,0,56.4543,0,69.8438,0,34.4,0
1765976274423854,0,0.522196,0.682825,0.788113,0.121178,44.9088,0,58.7229,0,67.7778,0,34.4,0
1765976274429063,0,0.503405,0.701911,0.770835,0.182889,43.2928,0,60.3643,0,66.2918,0,34.4,0
1765976274434119,0,0.479935,0.714449,0.757094,0.230848,41.2744,0,61.4426,0,65.1101,0,34.4,0
1765976274439115,0,0.453858,0.723872,0.747751,0.277732,39.0318,0,62.253,0,64.3066,0,34.4,0
1765976274443942,0,0.42083,0.728957,0.740397,0.320104,36.1914,0,62.6903,0,63.6741,0,34.4,0
1765976274449064,0,0.383552,0.732136,0.736891,0.363207,34.4,0,62.9637,0,63.3726,0,34.4,0
1765976274453978,0,0.33322,0.731471,0.735413,0.406012,34.4,0,62.9065,0,63.2455,0,34.917,0
1765976274459077,0,0.263959,0.728362,0.738119,0.453493,34.4,0,62.6391,0,63.4782,0,39.0004,0
1765976274463958,0,0.166436,0.720708,0.743495,0.494474,34.4,0,61.9809,0,63.9406,0,42.5247,0
1765976274469171,0,0,0.710469,0.752901,0.531783,34.4,0,61.1004,0,64.7495,0,45.7333,0
1765976274474102,0,0,0.696207,0.76403,0.56248,34.4,0,59.8738,0,65.7066,0,48.3733,0
1765976274479070,0,0,0.684465,0.7742,0.584264,34.4,0,58.864,0,66.5812,0,50.2467,0
1765976274484120,0,0,0.667877,0.786571,0.601234,34.4,0,57.4374,0,67.6451,0,51.7061,0
1765976274488989,0,0,0.648818,0.802009,0.616006,34.4,0,55.7983,0,68.9728,0,52.9766,0
1765976274494030,0,0,0.626774,0.817299,0.625781,34.4,0,53.9025,0,70.2877,0,53.8172,0
1765976274499074,0,0,0.605349,0.832927,0.633037,34.4,0,52.06,0,71.6318,0,54.4412,0
1765976274503948,0,0,0.583503,0.846324,0.635697,34.4,0,50.1812,0,72.7838,0,54.6699,0
1765976274509028,0,0,0.564628,0.858665,0.636841,34.4,0,48.558,0,73.8452,0,54.7683,0
1765976274514080,0,0,0.546715,0.867977,0.634629,34.4,0,47.0175,0,74.646,0,54.5781,0
1765976274518964,0,0,0.532905,0.87617,0.63263,34.4,0,45.8298,0,75.3506,0,54.4061,0
1765976274523829,0,0,0.522983,0.879907,0.62637,34.4,0,44.9765,0,75.672,0,53.8678,0
1765976274528958,0,0,0.517384,0.882834,0.620668,34.4,0,44.4951,0,75.9237,0,53.3775,0
1765976274533923,0,0,0.510381,0.884476,0.614011,34.4,0,43.8928,0,76.065,0,52.8049,0
1765976274538913,0,0,0.505219,0.887061,0.609498,34.4,0,43.4488,0,76.2873,0,52.4168,0
1765976274543910,0,0,0.498218,0.888671,0.603749,34.4,0,42.8467,0,76.4257,0,51.9224,0
1765976274548921,0,0,0.492849,0.891277,0.599736,34.4,0,42.385,0,76.6498,0,51.5773,0
1765976274553907,0,0,0.485561,0.89285,0.594061,34.4,0,41.7582,0,76.7851,0,51.0893,0
1765976274558916,0,0,0.480195,0.895358,0.589957,34.4,0,41.2968,0,77.0008,0,50.7363,0
1765976274563920,0,0,0.473021,0.896676,0.583951,34.4,0,40.6798,0,77.1141,0,50.2198,0
1765976274568903,0,0,0.468119,0.89885,0.579577,34.4,0,40.2583,0,77.3011,0,49.8436,0
1765976274573907,0,0,0.461502,0.899754,0.573309,34.4,0,39.6892,0,77.3789,0,49.3045,0
1765976274578919,0,0,0.457299,0.901493,0.568834,34.4,0,39.3278,0,77.5284,0,48.9197,0
1765976274583904,0,0,0.45143,0.902044,0.562653,34.4,0,38.823,0,77.5758,0,48.3881,0
1765976274588924,0,0,0.447829,0.903425,0.55831,34.4,0,38.5133,0,77.6946,0,48.0146,0
1765976274593937,0,0,0.44246,0.903716,0.55235,34.4,0,38.0515,0,77.7196,0,47.5021,0
1765976274598916,0,0,0.439228,0.904874,0.54824,34.4,0,37.7736,0,77.8192,0,47.1486,0
1765976274603904,0,0,0.434106,0.904999,0.542476,34.4,0,37.3331,0,77.8299,0,46.653,0
1765976274608848,0,0,0.431099,0.906014,0.538549,34.4,0,37.0745,0,77.9172,0,46.3152,0
1765976274613909,0,0,0.42622,0.906039,0.532953,34.4,0,36.655,0,77.9193,0,45.834,0
1765976274618905,0,0,0.423434,0.906911,0.529127,34.4,0,36.4153,0,77.9943,0,45.5049,0
1765976274623866,0,0,0.418755,0.906782,0.523593,34.4,0,36.013,0,77.9833,0,45.029,0
1765976274628896,0,0,0.416584,0.907337,0.520175,34.4,0,35.8262,0,78.031,0,44.735,0
1765976274633921,0,0,0.421387,0.903,0.522214,34.4,0,36.2393,0,77.658,0,44.9104,0
1765976274638905,0,0,0.424503,0.901087,0.523096,34.4,0,36.5072,0,77.4935,0,44.9862,0
1765976274643910,0,0,0.425484,0.898578,0.519346,34.4,0,36.5916,0,77.2777,0,44.6637,0
1765976274648920,0,0,0.429498,0.896202,0.515336,34.4,0,36.9368,0,77.0734,0,44.3189,0
1765976274653903,0,0,0.433085,0.89252,0.510053,34.4,0,37.2453,0,76.7568,0,43.8645,0
1765976274658951,0,0,0.437751,0.889762,0.507558,34.4,0,37.6466,0,76.5195,0,43.65,0
1765976274663956,0,0,0.438863,0.887376,0.504979,34.4,0,37.7422,0,76.3143,0,43.4282,0
1765976274669121,0,0,0.438451,0.88708,0.503759,34.4,0,37.7068,0,76.2889,0,43.3233,0
1765976274674135,0,0,0.434358,0.887385,0.500183,34.4,0,37.3548,0,76.3151,0,43.0157,0
1765976274679080,0,0,0.430166,0.888939,0.496131,34.4,0,36.9943,0,76.4488,0,42.6673,0
1765976274684078,0,0,0.423451,0.889821,0.490363,34.4,0,36.4168,0,76.5246,0,42.1712,0
1765976274688997,0,0,0.392002,0.879973,0.505828,34.4,0,34.4,0,75.6777,0,43.5012,0
1765976274694023,0,0.25591,0.224792,0.82536,0.586507,34.4,0,34.4,0,70.9809,0,50.4396,0
1765976274699115,0,0.328047,0.149755,0.826722,0.570871,34.4,0,34.4,0,71.0981,0,49.0949,0
1765976274703931,0,0.498208,0,0.750913,0.639703,42.8459,0,34.4,0,64.5785,0,55.0145,0
1765976274709068,0,0.51295,0,0.747881,0.631104,44.1137,0,34.4,0,64.3178,0,54.2749,0
1765976274714080,0,0.597015,0,0.67392,0.701896,51.3433,0,34.4,0,57.9571,0,60.3631,0
1765976274718955,0,0.588208,0,0.688205,0.696291,50.5859,0,34.4,0,59.1856,0,59.881,0
1765976274724091,0,0.646278,0,0.642202,0.735552,55.5799,0,34.4,0,55.2293,0,63.2575,0
1765976274728956,0,0.654098,0,0.647592,0.727982,56.2524,0,34.4,0,55.6929,0,62.6064,0
1765976274734119,0,0.66044,0,0.643533,0.720609,56.7978,0,34.4,0,55.3438,0,61.9724,0
1765976274738986,0,0.660482,0,0.636037,0.71993,56.8014,0,34.4,0,54.6992,0,61.914,0
1765976274743946,0,0.654677,0,0.630623,0.723718,56.3022,0,34.4,0,54.2336,0,62.2398,0
1765976274748952,0,0.649208,0,0.630922,0.727968,55.8319,0,34.4,0,54.2593,0,62.6053,0
1765976274753892,0,0.64697,0,0.633577,0.728567,55.6394,0,34.4,0,54.4876,0,62.6568,0
1765976274758908,0,0.648524,0,0.635733,0.726514,55.773,0,34.4,0,54.673,0,62.4802,0
1765976274763908,0,0.650045,0,0.634355,0.723232,55.9038,0,34.4,0,54.5545,0,62.1979,0
1765976274768930,0,0.650627,0,0.631775,0.722025,55.9539,0,34.4,0,54.3327,0,62.0941,0
1765976274773910,0,0.64865,0,0.628442,0.722069,55.7839,0,34.4,0,54.046,0,62.0979,0
1765976274778927,0,0.646386,0,0.626987,0.723407,55.5892,0,34.4,0,53.9209,0,62.213,0
1765976274783916,0,0.644073,0,0.626193,0.723873,55.3903,0,34.4,0,53.8526,0,62.2531,0
1765976274788914,0,0.643265,0,0.626392,0.723898,55.3208,0,34.4,0,53.8697,0,62.2552,0
1765976274793888,0,0.642604,0,0.625571,0.722789,55.2639,0,34.4,0,53.7991,0,62.1598,0
1765976274798926,0,0.642562,0,0.62471,0.722118,55.2603,0,34.4,0,53.7251,0,62.1021,0
1765976274803903,0,0.641618,0,0.622794,0.72131,55.1791,0,34.4,0,53.5603,0,62.0327,0
1765976274808914,0,0.640752,0,0.621407,0.721367,55.1046,0,34.4,0,53.441,0,62.0376,0
1765976274813912,0,0.639161,0,0.619657,0.721175,54.9678,0,34.4,0,53.2905,0,62.0211,0
1765976274818901,0,0.638095,0,0.618719,0.721402,54.8761,0,34.4,0,53.2098,0,62.0406,0
1765976274823886,0,0.636709,0,0.617343,0.721038,54.757,0,34.4,0,53.0915,0,62.0093,0
1765976274828894,0,0.635966,0,0.616487,0.720966,54.6931,0,34.4,0,53.0179,0,62.0031,0
1765976274833903,0,0.634834,0,0.614982,0.720424,54.5957,0,34.4,0,52.8885,0,61.9564,0
1765976274838904,0,0.634128,0,0.613864,0.720311,54.535,0,34.4,0,52.7923,0,61.9468,0
1765976274843887,0,0.632911,0,0.612158,0.719871,54.4304,0,34.4,0,52.6456,0,61.9089,0
1765976274848889,0,0.632058,0,0.610915,0.719879,54.357,0,34.4,0,52.5387,0,61.9096,0
1765976274853898,0,0.630825,0,0.60927,0.719613,54.251,0,34.4,0,52.3972,0,61.8868,0
1765976274858920,0,0.62992,0,0.608006,0.719654,54.1732,0,34.4,0,52.2885,0,61.8902,0
1765976274863905,0,0.628703,0,0.606356,0.719398,54.0685,0,34.4,0,52.1466,0,61.8682,0
1765976274868911,0,0.627819,0,0.605039,0.719414,53.9924,0,34.4,0,52.0334,0,61.8696,0
1765976274873906,0,0.626607,0,0.603294,0.719127,53.8882,0,34.4,0,51.8832,0,61.8449,0
1765976274878917,0,0.625726,0,0.601874,0.71913,53.8124,0,34.4,0,51.7611,0,61.8452,0
1765976274883902,0,0.624575,0,0.60009,0.718905,53.7135,0,34.4,0,51.6077,0,61.8258,0
1765976274888904,0,0.623675,0,0.598546,0.718917,53.636,0,34.4,0,51.4749,0,61.8269,0
1765976274893901,0,0.622525,0,0.596669,0.718729,53.5372,0,34.4,0,51.3135,0,61.8107,0
1765976274898903,0,0.621602,0,0.595006,0.718753,53.4578,0,34.4,0,51.1705,0,61.8127,0
1765976274903883,0,0.620516,0,0.593095,0.71864,53.3644,0,34.4,0,51.0062,0,61.803,0
1765976274908896,0,0.619581,0,0.591296,0.718664,53.284,0,34.4,0,50.8515,0,61.8051,0
1765976274913895,0,0.618607,0,0.589374,0.718654,53.2002,0,34.4,0,50.6861,0,61.8043,0
1765976274918912,0,0.617664,0,0.58741,0.718676,53.1191,0,34.4,0,50.5173,0,61.8061,0
1765976274923908,0,0.22134,0.292032,0.106294,0.920646,34.4,0,34.4,0,34.4,0,79.1756,0
1765976274928910,0,0.390253,0.260509,0.166063,0.862058,34.4,0,34.4,0,34.4,0,74.137,0
1765976274933930,0,0.48894,0.296103,0.0821938,0.809549,42.0489,0,34.4,0,34.4,0,69.6212,0
1765976274938908,0,0.531172,0.363583,0,0.781759,45.6808,0,34.4,0,34.4,0,67.2313,0
1765976274943880,0,0.537005,0.43123,0,0.77727,46.1825,0,37.0858,0,34.4,0,66.8452,0
1765976274948883,0,0.520793,0.483081,0,0.787492,44.7882,0,41.545,0,34.4,0,67.7243,0
1765976274953836,0,0.495685,0.516054,0,0.803378,42.6289,0,44.3807,0,34.4,0,69.0905,0
1765976274958877,0,0.470441,0.534612,0,0.817701,40.4579,0,45.9766,0,34.4,0,70.3223,0
1765976274963841,0,0.451754,0.544984,0,0.828172,38.8508,0,46.8686,0,34.4,0,71.2228,0
1765976274968919,0,0.440438,0.550091,0,0.833535,37.8776,0,47.3078,0,34.4,0,71.684,0
1765976274973905,0,0.437366,0.554039,0,0.835185,37.6134,0,47.6474,0,34.4,0,71.8259,0
1765976274978910,0,0.439284,0.55733,0,0.833474,37.7784,0,47.9303,0,34.4,0,71.6787,0
1765976274983943,0,0.445652,0.562103,0,0.830288,38.3261,0,48.3409,0,34.4,0,71.4048,0
1765976274988908,0,0.45499,0.565493,0,0.824498,39.1291,0,48.6324,0,34.4,0,70.9068,0
1765976274994048,0,0.469425,0.566993,0,0.816532,40.3706,0,48.7614,0,34.4,0,70.2217,0
1765976274999101,0,0.480744,0.568982,0,0.809178,41.344,0,48.9324,0,34.4,0,69.5893,0
1765976275004022,0,0.491264,0.572186,0,0.803169,42.2487,0,49.208,0,34.4,0,69.0725,0
1765976275009076,0,0.499784,0.574429,0,0.79714,42.9814,0,49.4009,0,34.4,0,68.5541,0
1765976275014082,0,0.508479,0.577033,0,0.791885,43.7292,0,49.6249,0,34.4,0,68.1021,0
1765976275019142,0,0.516073,0.578306,0,0.786189,44.3823,0,49.7343,0,34.4,0,67.6123,0
1765976275023867,0,0.52442,0.579758,0,0.780971,45.1002,0,49.8592,0,34.4,0,67.1635,0
1765976275028896,0,0.531998,0.579741,0,0.77505,45.7518,0,49.8577,0,34.4,0,66.6543,0
1765976275033917,0,0.539241,0.58097,0,0.768593,46.3748,0,49.9634,0,34.4,0,66.099,0
1765976275039133,0,0.533947,0.591512,0,0.752839,45.9194,0,50.87,0,34.4,0,64.7441,0
1765976275044047,0,0.503049,0.622605,0,0.718266,43.2623,0,53.5441,0,34.4,0,61.7709,0
1765976275049103,0,0.505676,0.62105,0,0.704035,43.4881,0,53.4103,0,34.4,0,60.547,0
1765976275054026,0,0.497807,0.657034,0,0.656168,42.8114,0,56.5049,0,34.4,0,56.4304,0
1765976275059081,0,0.514876,0.658769,0,0.636894,44.2794,0,56.6542,0,34.4,0,54.7729,0
1765976275063962,0,0.496983,0.683216,0,0.596533,42.7405,0,58.7566,0,34.4,0,51.3019,0
1765976275069114,0,0.509291,0.675034,0,0.586503,43.799,0,58.0529,0,34.4,0,50.4393,0
1765976275074071,0,0.487022,0.69219,0,0.550101,41.8839,0,59.5284,0,34.4,0,47.3087,0
1765976275079068,0,0.498127,0.677899,0,0.545711,42.8389,0,58.2993,0,34.4,0,46.9311,0
1765976275084006,0,0.477762,0.688814,0,0.514039,41.0875,0,59.238,0,34.4,0,44.2073,0
1765976275088955,0,0.489001,0.671651,0.105072,0.512505,42.0541,0,57.762,0,34.4,0,44.0754,0
1765976275093973,0,0.471265,0.679491,0.225292,0.483353,40.5288,0,58.4362,0,34.4,0,41.5684,0
1765976275099061,0,0.483244,0.661489,0.247752,0.482943,41.5589,0,56.8881,0,34.4,0,41.5331,0
1765976275104146,0,0.465813,0.669938,0.316582,0.452302,40.06,0,57.6147,0,34.4,0,38.898,0
1765976275108963,0,0.479057,0.652015,0.329986,0.452477,41.1989,0,56.0733,0,34.4,0,38.913,0
1765976275114071,0,0.467072,0.658782,0.376771,0.42484,40.1682,0,56.6552,0,34.4,0,36.5363,0
1765976275118960,0,0.480996,0.642392,0.384238,0.424901,41.3657,0,55.2457,0,34.4,0,36.5414,0
1765976275123951,0,0.470491,0.651048,0.421282,0.396227,40.4622,0,55.9901,0,36.2303,0,34.4,0
1765976275128941,0,0.485901,0.638475,0.419765,0.39662,41.7875,0,54.9088,0,36.0998,0,34.4,0
1765976275134112,0,0.478621,0.649672,0.445133,0.369738,41.1614,0,55.8718,0,38.2814,0,34.4,0
1765976275138997,0,0.496932,0.641858,0.43583,0.367075,42.7361,0,55.1998,0,37.4813,0,34.4,0
1765976275144048,0,0.492303,0.656741,0.454579,0.336486,42.3381,0,56.4797,0,39.0938,0,34.4,0
1765976275149016,0,0.51111,0.651825,0.440949,0.332507,43.9555,0,56.057,0,37.9216,0,34.4,0
1765976275154084,0,0.509657,0.66695,0.454021,0.302356,43.8305,0,57.3577,0,39.0458,0,34.4,0
1765976275158975,0,0.529101,0.662238,0.440578,0.295182,45.5027,0,56.9525,0,37.8897,0,34.4,0
1765976275164077,0,0.528283,0.677559,0.463907,0.240876,45.4324,0,58.2701,0,39.896,0,34.4,0
1765976275169120,0,0.549682,0.672081,0.451647,0.226116,47.2727,0,57.7989,0,38.8417,0,34.4,0
1765976275173948,0,0.547956,0.688776,0.469115,0.163628,47.1242,0,59.2347,0,40.3439,0,34.4,0
1765976275179023,0,0.565608,0.684779,0.454982,0.152359,48.6423,0,58.891,0,39.1285,0,34.4,0
1765976275184053,0,0.559995,0.702685,0.473315,0.024907,48.1596,0,60.4309,0,40.7051,0,34.4,0
1765976275189147,0,0.575583,0.698383,0.459093,0,49.5002,0,60.0609,0,39.482,0,34.4,0
1765976275194029,0,0.565584,0.718062,0.481486,0,48.6402,0,61.7534,0,41.4078,0,34.4,0
1765976275198955,0,0.581334,0.712913,0.467151,0,49.9948,0,61.3105,0,40.175,0,34.4,0
1765976275204002,0,0.571591,0.731866,0.489117,0,49.1568,0,62.9405,0,42.0641,0,34.4,0
1765976275208986,0,0.587973,0.726331,0.474138,0,50.5657,0,62.4644,0,40.7758,0,34.4,0
1765976275213984,0,0.576739,0.74672,0.497775,0,49.5996,0,64.2179,0,42.8086,0,34.4,0
1765976275218918,0,0.594582,0.741125,0.481459,0,51.1341,0,63.7367,0,41.4055,0,34.4,0
1765976275223912,0,0.581423,0.763985,0.5071,0,50.0024,0,65.7027,0,43.6106,0,34.4,0
1765976275228895,0,0.601312,0.758656,0.488609,0,51.7128,0,65.2444,0,42.0203,0,34.4,0
1765976275233929,0,0.59036,0.781232,0.510972,0,50.771,0,67.186,0,43.9436,0,34.4,0
1765976275238908,0,0.60762,0.773892,0.494472,0,52.2554,0,66.5547,0,42.5246,0,34.4,0
1765976275243885,0,0.589032,0.794047,0.523129,0,50.6567,0,68.288,0,44.9891,0,34.4,0
1765976275248924,0,0.605176,0.787171,0.50397,0,52.0451,0,67.6967,0,43.3414,0,34.4,0
1765976275253902,0,0.58771,0.809588,0.524613,0,50.5431,0,69.6246,0,45.1167,0,34.4,0
1765976275258882,0,0.602829,0.80504,0.49996,0,51.8433,0,69.2335,0,42.9966,0,34.4,0
1765976275263901,0,0.583032,0.82838,0.517059,0,50.1408,0,71.2407,0,44.4671,0,34.4,0
1765976275268880,0,0.596097,0.824425,0.489075,0,51.2643,0,70.9005,0,42.0605,0,34.4,0
1765976275273896,0,0.577118,0.844983,0.50076,0,49.6322,0,72.6685,0,43.0654,0,34.4,0
1765976275278911,0,0.587871,0.840952,0.470671,0,50.5569,0,72.3218,0,40.4777,0,34.4,0
1765976275283917,0,0.570225,0.858556,0.478072,0,49.0394,0,73.8358,0,41.1142,0,34.4,0
1765976275288907,0,0.579417,0.854431,0.446043,0,49.8298,0,73.4811,0,38.3597,0,34.4,0
1765976275293878,0,0.566566,0.867871,0.44577,0,48.7247,0,74.6369,0,38.3362,0,34.4,0
1765976275298896,0,0.579251,0.860898,0.418111,0,49.8156,0,74.0372,0,35.9576,0,34.4,0
1765976275303863,0,0.579904,0.865704,0.421693,0,49.8718,0,74.4505,0,36.2656,0,34.4,0
1765976275308853,0,0.59209,0.858548,0.396463,0,50.9198,0,73.8351,0,34.4,0,34.4,0
1765976275313909,0,0.594433,0.860458,0.389234,0,51.1213,0,73.9994,0,34.4,0,34.4,0
1765976275318902,0,0.600128,0.853751,0.365077,0,51.611,0,73.4225,0,34.4,0,34.4,0
1765976275323877,0,0.604467,0.85129,0.349165,0,51.9842,0,73.211,0,34.4,0,34.4,0
1765976275328910,0,0.605748,0.843763,0.327119,0.0291339,52.0944,0,72.5637,0,34.4,0,34.4,0
1765976275333903,0,0.615414,0.833717,0.302831,0.187073,52.9256,0,71.6997,0,34.4,0,34.4,0
1765976275338890,0,0.614704,0.824883,0.286166,0.241241,52.8645,0,70.9399,0,34.4,0,34.4,0
1765976275343903,0,0.630638,0.80843,0.253163,0.311835,54.2349,0,69.525,0,34.4,0,34.4,0
1765976275348882,0,0.629614,0.799676,0.241224,0.341169,54.1468,0,68.7721,0,34.4,0,34.4,0
1765976275353884,0,0.652235,0.777949,0.187716,0.398824,56.0922,0,66.9036,0,34.4,0,34.4,0
1765976275358832,0,0.650112,0.771286,0.176703,0.417236,55.9096,0,66.3306,0,34.4,0,35.8823,0
1765976275363929,0,0.676719,0.747839,0.0696837,0.464797,58.1978,0,64.3141,0,34.4,0,39.9726,0
1765976275368928,0,0.677235,0.746956,0.0423121,0.46653,58.2422,0,64.2382,0,34.4,0,40.1215,0
1765976275373905,0,0.706207,0.725111,0,0.509124,60.7338,0,62.3595,0,34.4,0,43.7846,0
1765976275378880,0,0.702362,0.730637,0,0.508201,60.4031,0,62.8348,0,34.4,0,43.7053,0
1765976275383820,0,0.728959,0.708191,0,0.55214,62.6905,0,60.9044,0,34.4,0,47.4841,0
1765976275388907,0,0.720693,0.715953,0,0.550358,61.9796,0,61.5719,0,34.4,0,47.3308,0
1765976275393831,0,0.744682,0.692808,0,0.590326,64.0426,0,59.5815,0,34.4,0,50.768,0
1765976275398896,0,0.735057,0.700883,0,0.585033,63.2149,0,60.2759,0,34.4,0,50.3128,0
1765976275403881,0,0.759523,0.675912,0,0.620419,65.319,0,58.1285,0,34.4,0,53.356,0
1765976275408908,0,0.749616,0.68572,0,0.611044,64.4669,0,58.9719,0,34.4,0,52.5498,0
1765976275413857,0,0.773515,0.66131,0,0.642215,66.5223,0,56.8727,0,34.4,0,55.2305,0
1765976275418831,0,0.76279,0.673321,0,0.630381,65.5999,0,57.9056,0,34.4,0,54.2128,0
1765976275423836,0,0.7849,0.650331,0,0.65829,67.5014,0,55.9285,0,34.4,0,56.613,0
1765976275428839,0,0.773223,0.663717,0,0.645051,66.4971,0,57.0797,0,34.4,0,55.4744,0
1765976275433838,0,0.789857,0.646398,0,0.665792,67.9277,0,55.5902,0,34.4,0,57.2581,0
1765976275438836,0,0.781603,0.654921,0,0.655774,67.2178,0,56.3232,0,34.4,0,56.3966,0
1765976275443855,0,0.792244,0.644887,0,0.667982,68.133,0,55.4603,0,34.4,0,57.4464,0
1765976275448864,0,0.788575,0.647178,0,0.662163,67.8174,0,55.6573,0,34.4,0,56.946,0
1765976275453902,0,0.795607,0.641832,0,0.668811,68.4222,0,55.1976,0,34.4,0,57.5177,0
1765976275458925,0,0.793977,0.641289,0,0.664711,68.282,0,55.1508,0,34.4,0,57.1652,0
1765976275463920,0,0.799475,0.6379,0,0.669068,68.7549,0,54.8594,0,34.4,0,57.5398,0
1765976275468876,0,0.797111,0.637841,0,0.663937,68.5515,0,54.8543,0,34.4,0,57.0986,0
1765976275473918,0,0.803453,0.632735,0,0.669215,69.097,0,54.4152,0,34.4,0,57.5525,0
1765976275478918,0,0.797951,0.636213,0,0.660229,68.6238,0,54.7143,0,34.4,0,56.7797,0
1765976275483873,0,0.807345,0.625727,0,0.669166,69.4317,0,53.8125,0,34.4,0,57.5483,0
1765976275488925,0,0.796726,0.635479,0,0.653855,68.5184,0,54.6512,0,34.4,0,56.2315,0
1765976275493867,0,0.805574,0.624207,0,0.66224,69.2794,0,53.6818,0,34.4,0,56.9526,0
1765976275498865,0,0.794008,0.633924,0,0.645327,68.2847,0,54.5174,0,34.4,0,55.4981,0
1765976275503915,0,0.798812,0.620496,0,0.654438,68.6978,0,53.3627,0,34.4,0,56.2816,0
1765976275508834,0,0.782218,0.620992,0.101576,0.644328,67.2707,0,53.4053,0,34.4,0,55.4122,0
1765976275513868,0,0.784192,0.605977,0.170063,0.652472,67.4405,0,52.114,0,34.4,0,56.1126,0
1765976275518858,0,0.770304,0.609028,0.249785,0.639166,66.2461,0,52.3764,0,34.4,0,54.9683,0
1765976275523865,0,0.771805,0.599323,0.284502,0.64374,66.3752,0,51.5417,0,34.4,0,55.3616,0
1765976275528851,0,0.758629,0.60342,0.333976,0.630459,65.2421,0,51.8941,0,34.4,0,54.2194,0
1765976275533939,0,0.75894,0.595774,0.360404,0.633675,65.2688,0,51.2366,0,34.4,0,54.4961,0
1765976275538921,0,0.746071,0.599353,0.398828,0.621238,64.1621,0,51.5444,0,34.4,0,53.4265,0
1765976275543900,0,0.745014,0.593941,0.424441,0.623307,64.0712,0,51.0789,0,36.5019,0,53.6044,0
1765976275548900,0,0.732966,0.598155,0.452493,0.612537,63.035,0,51.4414,0,38.9144,0,52.6782,0
1765976275553907,0,0.731654,0.597947,0.467622,0.615484,62.9223,0,51.4235,0,40.2155,0,52.9316,0
1765976275558906,0,0.720583,0.603587,0.485962,0.6076,61.9701,0,51.9085,0,41.7927,0,52.2536,0
1765976275563893,0,0.719511,0.606021,0.496248,0.610953,61.8779,0,52.1178,0,42.6773,0,52.542,0
1765976275568912,0,0.709345,0.610964,0.509955,0.60544,61.0037,0,52.5429,0,43.8561,0,52.0679,0
1765976275573897,0,0.72296,0.630551,0.49801,0.592077,62.1746,0,54.2273,0,42.8289,0,50.9186,0
1765976275578890,0,0.709096,0.628107,0.516947,0.594042,60.9823,0,54.0172,0,44.4575,0,51.0876,0
1765976275583899,0,0.719525,0.641998,0.511279,0.584905,61.8791,0,55.2118,0,43.97,0,50.3018,0
1765976275588901,0,0.705243,0.63548,0.531825,0.589928,60.6509,0,54.6512,0,45.737,0,50.7338,0
1765976275593944,0,0.714367,0.646541,0.529337,0.582548,61.4356,0,55.6026,0,45.523,0,50.0991,0
1765976275599127,0,0.700693,0.638227,0.549007,0.588927,60.2596,0,54.8875,0,47.2146,0,50.6477,0
1765976275604093,0,0.709236,0.648177,0.547615,0.582419,60.9943,0,55.7432,0,47.0949,0,50.088,0
1765976275608883,0,0.696434,0.639313,0.565445,0.589544,59.8933,0,54.9809,0,48.6283,0,50.7008,0
1765976275614091,0,0.704686,0.648877,0.564113,0.583647,60.603,0,55.8035,0,48.5137,0,50.1937,0
1765976275618977,0,0.692747,0.64002,0.579903,0.591174,59.5762,0,55.0418,0,49.8716,0,50.841,0
1765976275623936,0,0.701214,0.649973,0.578142,0.585559,60.3044,0,55.8977,0,49.7202,0,50.358,0
1765976275628941,0,0.690007,0.64126,0.59217,0.593397,59.3406,0,55.1484,0,50.9266,0,51.0322,0
1765976275633945,0,0.698565,0.651209,0.589958,0.588268,60.0766,0,56.004,0,50.7364,0,50.5911,0
1765976275638906,0,0.688051,0.642756,0.602496,0.596231,59.1723,0,55.277,0,51.8147,0,51.2759,0
1765976275643901,0,0.696188,0.651678,0.599989,0.592105,59.8721,0,56.0443,0,51.599,0,50.921,0
1765976275648890,0,0.686453,0.643756,0.611099,0.599797,59.0349,0,55.363,0,52.5545,0,51.5826,0
1765976275653905,0,0.695187,0.65324,0.607939,0.59567,59.7861,0,56.1786,0,52.2827,0,51.2277,0
1765976275658899,0,0.68597,0.645651,0.618069,0.603268,58.9934,0,55.526,0,53.1539,0,51.8811,0
1765976275663886,0,0.694413,0.654213,0.614685,0.599983,59.7195,0,56.2623,0,52.8629,0,51.5986,0
1765976275668905,0,0.685766,0.647119,0.623897,0.607218,58.9759,0,55.6522,0,53.6551,0,52.2207,0
1765976275673910,0,0.694384,0.655538,0.620113,0.604205,59.717,0,56.3762,0,53.3297,0,51.9616,0
1765976275678888,0,0.686163,0.648863,0.628647,0.611136,59.01,0,55.8022,0,54.0636,0,52.5577,0
1765976275683918,0,0.694568,0.656567,0.624693,0.608725,59.7329,0,56.4647,0,53.7236,0,52.3503,0
1765976275688924,0,0.686758,0.650371,0.632622,0.615244,59.0611,0,55.9319,0,54.4055,0,52.911,0
1765976275693889,0,0.695304,0.657999,0.628433,0.613042,59.7961,0,56.5879,0,54.0452,0,52.7216,0
1765976275698902,0,0.687766,0.652171,0.635952,0.619255,59.1478,0,56.0867,0,54.6918,0,53.2559,0
1765976275703895,0,0.696086,0.659225,0.631715,0.61751,59.8634,0,56.6933,0,54.3275,0,53.1059,0
1765976275708885,0,0.688811,0.653789,0.638871,0.623366,59.2377,0,56.2258,0,54.9429,0,53.6094,0
1765976275713883,0,0.696905,0.660354,0.634594,0.621961,59.9338,0,56.7905,0,54.5751,0,53.4887,0
1765976275718903,0,0.689859,0.655299,0.641441,0.627458,59.3279,0,56.3557,0,55.1639,0,53.9613,0
1765976275723887,0,0.697912,0.661738,0.63714,0.626213,60.0205,0,56.9095,0,54.794,0,53.8543,0
1765976275728916,0,0.691018,0.656976,0.643781,0.631437,59.4276,0,56.4999,0,55.3652,0,54.3035,0
1765976275733892,0,0.698416,0.662402,0.639626,0.630739,60.0637,0,56.9665,0,55.0079,0,54.2435,0
1765976275738920,0,0.69177,0.658063,0.645965,0.63554,59.4923,0,56.5934,0,55.553,0,54.6564,0
1765976275743889,0,0.699398,0.663898,0.641769,0.634695,60.1482,0,57.0953,0,55.1921,0,54.5837,0
1765976275748889,0,0.692832,0.659765,0.647999,0.639312,59.5835,0,56.7398,0,55.7279,0,54.9808,0
1765976275753903,0,0.699879,0.66482,0.644014,0.638877,60.1896,0,57.1745,0,55.3852,0,54.9434,0
1765976275758887,0,0.693493,0.660991,0.650042,0.643183,59.6404,0,56.8453,0,55.9036,0,55.3137,0
1765976275763892,0,0.700395,0.665953,0.646154,0.642801,60.234,0,57.272,0,55.5693,0,55.2809,0
1765976275768904,0,0.694139,0.662355,0.652034,0.646876,59.696,0,56.9625,0,56.0749,0,55.6313,0
1765976275773887,0,0.700552,0.66674,0.648322,0.646737,60.2475,0,57.3396,0,55.7557,0,55.6194,0
1765976275778880,0,0.694482,0.663422,0.653998,0.650524,59.7254,0,57.0543,0,56.2438,0,55.9451,0
1765976275783926,0,0.700856,0.667929,0.650392,0.650323,60.2736,0,57.4419,0,55.9337,0,55.9278,0
1765976275789111,0,0.694895,0.664775,0.655941,0.653938,59.761,0,57.1707,0,56.411,0,56.2387,0
1765976275793931,0,0.70058,0.668427,0.65258,0.654095,60.2499,0,57.4847,0,56.1219,0,56.2522,0
1765976275799009,0,0.694856,0.665578,0.657883,0.657398,59.7576,0,57.2397,0,56.578,0,56.5363,0
1765976275804144,0,0.700487,0.66936,0.654585,0.657416,60.2418,0,57.565,0,56.2943,0,56.5378,0
1765976275808972,0,0.694914,0.666692,0.659736,0.660545,59.7626,0,57.3355,0,56.7373,0,56.8069,0
1765976275814005,0,0.700254,0.670256,0.656611,0.660623,60.2218,0,57.642,0,56.4686,0,56.8136,0
1765976275818974,0,0.694842,0.667752,0.661595,0.663573,59.7564,0,57.4267,0,56.8972,0,57.0673,0
1765976275823945,0,0.707103,0.663152,0.666459,0.655974,60.8108,0,57.0311,0,57.3155,0,56.4138,0
1765976275829058,0,0.70872,0.653496,0.678315,0.651449,60.9499,0,56.2007,0,58.3351,0,56.0246,0
1765976275833975,0,0.717659,0.652621,0.679963,0.647064,61.7186,0,56.1254,0,58.4768,0,55.6475,0
1765976275839117,0,0.714648,0.647558,0.687105,0.647657,61.4598,0,55.69,0,59.091,0,55.6985,0
1765976275843979,0,0.719933,0.649673,0.685924,0.647042,61.9142,0,55.8719,0,58.9895,0,55.6456,0
1765976275848986,0,0.714744,0.646824,0.690878,0.650127,61.468,0,55.6268,0,59.4155,0,55.9109,0
1765976275853985,0,0.717734,0.64939,0.688576,0.651629,61.7251,0,55.8475,0,59.2176,0,56.0401,0
1765976275858936,0,0.71183,0.647802,0.692319,0.655494,61.2174,0,55.711,0,59.5394,0,56.3725,0
1765976275863892,0,0.714351,0.65138,0.68942,0.657358,61.4342,0,56.0186,0,59.2901,0,56.5328,0
1765976275869026,0,0.708306,0.650348,0.692591,0.661382,60.9143,0,55.9299,0,59.5629,0,56.8788,0
1765976275874096,0,0.710637,0.654239,0.689562,0.663246,61.1148,0,56.2646,0,59.3024,0,57.0391,0
1765976275879066,0,0.704791,0.653466,0.692432,0.667087,60.612,0,56.1981,0,59.5491,0,57.3695,0
1765976275884113,0,0.706946,0.657147,0.689498,0.668852,60.7974,0,56.5146,0,59.2969,0,57.5213,0
1765976275889156,0,0.701503,0.656555,0.692131,0.672302,60.3293,0,56.4637,0,59.5233,0,57.8179,0
1765976275893949,0,0.703635,0.66005,0.689329,0.673784,60.5126,0,56.7643,0,59.2823,0,57.9454,0
1765976275898988,0,0.698665,0.659581,0.691772,0.676796,60.0852,0,56.7239,0,59.4924,0,58.2044,0
1765976275903934,0,0.700685,0.662695,0.689174,0.678058,60.2589,0,56.9917,0,59.269,0,58.313,0
1765976275909044,0,0.696228,0.662355,0.691419,0.680606,59.8756,0,56.9625,0,59.4621,0,58.5321,0
1765976275914078,0,0.698555,0.665757,0.688944,0.681342,60.0757,0,57.2551,0,59.2492,0,58.5954,0
1765976275918879,0,0.6945,0.665396,0.691104,0.683592,59.727,0,57.2241,0,59.4349,0,58.7889,0
1765976275923884,0,0.696894,0.668755,0.68887,0.684037,59.9329,0,57.513,0,59.2428,0,58.8271,0
1765976275928892,0,0.693208,0.668344,0.690955,0.686042,59.6159,0,57.4776,0,59.4221,0,58.9996,0
1765976275934012,0,0.606037,0.520159,0.732975,0.772928,52.1192,0,44.7336,0,63.0359,0,66.4718,0
1765976275939016,0,0.633917,0.564758,0.707408,0.742429,54.5168,0,48.5692,0,60.837,0,63.8489,0
1765976275943999,0,0.635135,0.567221,0.692424,0.730574,54.6216,0,48.781,0,59.5485,0,62.8293,0
1765976275949021,0,0.651766,0.595845,0.675404,0.708687,56.0518,0,51.2427,0,58.0847,0,60.9471,0
1765976275954058,0,0.645736,0.593276,0.669547,0.701233,55.5333,0,51.0217,0,57.581,0,60.3061,0
1765976275959029,0,0.6574,0.612802,0.657814,0.684444,56.5364,0,52.701,0,56.572,0,58.8622,0
1765976275963939,0,0.647416,0.60697,0.657862,0.679724,55.6778,0,52.1994,0,56.5761,0,58.4563,0
1765976275969029,0,0.656949,0.621319,0.648866,0.666055,56.4976,0,53.4334,0,55.8025,0,57.2808,0
1765976275974099,0,0.645693,0.614896,0.651941,0.662482,55.5296,0,52.8811,0,56.067,0,56.9734,0
1765976275978970,0,0.654133,0.625973,0.64431,0.651131,56.2554,0,53.8337,0,55.4106,0,55.9973,0
1765976275983898,0,0.642563,0.61983,0.648896,0.648289,55.2605,0,53.3054,0,55.8051,0,55.7529,0
1765976275989087,0,0.650335,0.628707,0.641872,0.638842,55.9288,0,54.0688,0,55.201,0,54.9404,0
1765976275994046,0,0.638931,0.623252,0.647008,0.636475,54.948,0,53.5997,0,55.6427,0,54.7368,0
1765976275999112,0,0.646195,0.630539,0.640234,0.628692,55.5727,0,54.2263,0,55.0601,0,54.0675,0
1765976276004125,0,0.635181,0.625861,0.645408,0.626725,54.6256,0,53.8241,0,55.5051,0,53.8984,0
1765976276009059,0,0.641998,0.631927,0.638738,0.620419,55.2119,0,54.3458,0,54.9315,0,53.356,0
1765976276014121,0,0.631573,0.628071,0.643648,0.618779,54.3153,0,54.0141,0,55.3537,0,53.215,0
1765976276019134,0,0.637945,0.633128,0.637071,0.613796,54.8633,0,54.449,0,54.7881,0,52.7864,0
1765976276023947,0,0.628634,0.630547,0.641309,0.612063,54.0625,0,54.227,0,55.1526,0,52.6374,0
1765976276029092,0,0.634407,0.634579,0.635009,0.608415,54.559,0,54.5738,0,54.6108,0,52.3237,0
1765976276033994,0,0.62582,0.632592,0.638806,0.606999,53.8205,0,54.403,0,54.9373,0,52.2019,0
1765976276039110,0,0.631025,0.635752,0.632814,0.604496,54.2681,0,54.6747,0,54.422,0,51.9867,0
1765976276043939,0,0.623525,0.634622,0.635921,0.603062,53.6232,0,54.5775,0,54.6892,0,51.8633,0
1765976276048972,0,0.628083,0.636908,0.630393,0.601641,54.0151,0,54.7741,0,54.2138,0,51.7411,0
1765976276054123,0,0.621579,0.63636,0.632886,0.600274,53.4558,0,54.7269,0,54.4282,0,51.6236,0
1765976276058892,0,0.625476,0.637828,0.627915,0.599809,53.7909,0,54.8532,0,54.0007,0,51.5836,0
1765976276063892,0,0.620118,0.637905,0.629726,0.598365,53.3301,0,54.8598,0,54.1564,0,51.4594,0
1765976276068887,0,0.623308,0.638561,0.62543,0.598772,53.6045,0,54.9162,0,53.787,0,51.4944,0
1765976276073908,0,0.619179,0.639267,0.626537,0.59715,53.2494,0,54.9769,0,53.8822,0,51.3549,0
1765976276078887,0,0.621616,0.639108,0.623035,0.598368,53.4589,0,54.9633,0,53.581,0,51.4596,0
1765976276083900,0,0.618489,0.640066,0.623604,0.596777,53.19,0,55.0457,0,53.63,0,51.3228,0
1765976276088914,0,0.620224,0.639192,0.620902,0.598642,53.3393,0,54.9705,0,53.3976,0,51.4832,0
1765976276093878,0,0.618179,0.640448,0.620899,0.596973,53.1634,0,55.0786,0,53.3973,0,51.3396,0
1765976276099113,0,0.619233,0.63892,0.619024,0.599373,53.2541,0,54.9471,0,53.2361,0,51.5461,0
1765976276103936,0,0.6183,0.640501,0.618419,0.597529,53.1738,0,55.0831,0,53.184,0,51.3875,0
1765976276109070,0,0.618675,0.638359,0.617402,0.600392,53.2061,0,54.8989,0,53.0966,0,51.6337,0
1765976276114127,0,0.61868,0.640054,0.616339,0.598535,53.2065,0,55.0446,0,53.0052,0,51.474,0
1765976276118969,0,0.618439,0.637402,0.616137,0.601735,53.1857,0,54.8166,0,52.9878,0,51.7492,0
1765976276124002,0,0.619638,0.639633,0.614378,0.599431,53.2889,0,55.0084,0,52.8365,0,51.5511,0
1765976276128966,0,0.618712,0.636429,0.615057,0.60301,53.2092,0,54.7329,0,52.8949,0,51.8588,0
1765976276134006,0,0.620734,0.638743,0.612887,0.600675,53.3831,0,54.9319,0,52.7083,0,51.6581,0
1765976276139005,0,0.619199,0.635105,0.614364,0.604517,53.2511,0,54.619,0,52.8353,0,51.9884,0
1765976276144063,0,0.622124,0.63774,0.611693,0.601932,53.5026,0,54.8456,0,52.6056,0,51.7662,0
1765976276148937,0,0.619986,0.6337,0.613945,0.606023,53.3188,0,54.4982,0,52.7993,0,52.118,0
1765976276153905,0,0.623674,0.636527,0.610835,0.603304,53.636,0,54.7413,0,52.5318,0,51.8841,0
1765976276158884,0,0.62097,0.632153,0.613799,0.607595,53.4034,0,54.3651,0,52.7868,0,52.2531,0
1765976276163895,0,0.625365,0.635242,0.610269,0.604692,53.7814,0,54.6308,0,52.4831,0,52.0035,0
1765976276168897,0,0.622118,0.630578,0.613894,0.609165,53.5021,0,54.2297,0,52.7948,0,52.3882,0
1765976276173900,0,0.627,0.633696,0.610086,0.606309,53.922,0,54.4979,0,52.4674,0,52.1426,0
1765976276178845,0,0.62329,0.628854,0.614256,0.610878,53.603,0,54.0815,0,52.8261,0,52.5355,0
1765976276183884,0,0.628688,0.632192,0.610112,0.607911,54.0671,0,54.3685,0,52.4696,0,52.2803,0
1765976276188904,0,0.62454,0.62721,0.614773,0.612567,53.7104,0,53.94,0,52.8705,0,52.6807,0
1765976276193900,0,0.630455,0.630877,0.610242,0.609396,54.2191,0,54.2554,0,52.4808,0,52.408,0
1765976276198918,0,0.625863,0.625751,0.615371,0.614172,53.8242,0,53.8146,0,52.9219,0,52.8188,0
1765976276203902,0,0.632089,0.629579,0.610623,0.610979,54.3597,0,54.1438,0,52.5136,0,52.5442,0
1765976276208915,0,0.627112,0.624368,0.616136,0.615839,53.9316,0,53.6957,0,52.9877,0,52.9622,0
1765976276213897,0,0.638181,0.623143,0.616374,0.607913,54.8836,0,53.5903,0,53.0082,0,52.2805,0
1765976276218916,0,0.631215,0.619741,0.62028,0.614597,54.2845,0,53.2977,0,53.3441,0,52.8553,0
1765976276224021,0,0.654467,0.606486,0.6324,0.593524,56.2842,0,52.1578,0,54.3864,0,51.043,0
1765976276228903,0,0.641627,0.608871,0.630832,0.606573,55.18,0,52.3629,0,54.2516,0,52.1653,0
1765976276233918,0,0.660593,0.599699,0.638733,0.58978,56.811,0,51.5741,0,54.931,0,50.7211,0
1765976276238904,0,0.644723,0.604908,0.634747,0.606051,55.4462,0,52.0221,0,54.5882,0,52.1204,0
1765976276243898,0,0.661725,0.597789,0.640667,0.591449,56.9083,0,51.4099,0,55.0973,0,50.8647,0
1765976276248889,0,0.644334,0.604297,0.635668,0.60912,55.4127,0,51.9696,0,54.6674,0,52.3844,0
1765976276253913,0,0.659989,0.598367,0.640453,0.596193,56.7591,0,51.4595,0,55.079,0,51.2726,0
1765976276258907,0,0.642095,0.605362,0.635155,0.614031,55.2202,0,52.0612,0,54.6233,0,52.8067,0
1765976276263810,0,0.657485,0.599973,0.639527,0.60155,56.5437,0,51.5977,0,54.9993,0,51.7333,0
1765976276268887,0,0.639513,0.607126,0.634193,0.619101,54.9981,0,52.2129,0,54.5406,0,53.2427,0
1765976276273888,0,0.65485,0.602102,0.638366,0.606772,56.3171,0,51.7808,0,54.8995,0,52.1824,0
1765976276278905,0,0.637038,0.609247,0.633112,0.623835,54.7853,0,52.3953,0,54.4476,0,53.6498,0
1765976276283898,0,0.652348,0.604358,0.637336,0.611566,56.1019,0,51.9748,0,54.8109,0,52.5947,0
1765976276288924,0,0.63484,0.611465,0.632155,0.628055,54.5962,0,52.586,0,54.3653,0,54.0127,0
1765976276293910,0,0.649552,0.607078,0.636057,0.616381,55.8615,0,52.2087,0,54.7009,0,53.0087,0
1765976276298916,0,0.632624,0.613983,0.63107,0.632054,54.4056,0,52.8025,0,54.272,0,54.3566,0
1765976276303899,0,0.648455,0.609265,0.635623,0.619094,55.7671,0,52.3968,0,54.6635,0,53.2421,0
1765976276308882,0,0.631694,0.616174,0.630596,0.634518,54.3257,0,52.9909,0,54.2313,0,54.5685,0
1765976276313893,0,0.646714,0.611901,0.634909,0.622253,55.6174,0,52.6235,0,54.6022,0,53.5138,0
1765976276318932,0,0.630434,0.618648,0.629973,0.637119,54.2173,0,53.2037,0,54.1776,0,54.7922,0
1765976276323942,0,0.645217,0.614565,0.634326,0.624929,55.4887,0,52.8526,0,54.5521,0,53.7439,0
1765976276328881,0,0.629445,0.621121,0.629481,0.639262,54.1323,0,53.4164,0,54.1354,0,54.9765,0
1765976276333896,0,0.643074,0.617534,0.633502,0.628061,55.3044,0,53.1079,0,54.4812,0,54.0133,0
1765976276338904,0,0.628126,0.623749,0.628876,0.641553,54.0188,0,53.6424,0,54.0833,0,55.1735,0
1765976276343890,0,0.64323,0.619634,0.633734,0.628671,55.3178,0,53.2886,0,54.5012,0,54.0657,0
1765976276348870,0,0.628421,0.625797,0.62903,0.64213,54.0442,0,53.8185,0,54.0966,0,55.2232,0
1765976276353889,0,0.641372,0.622423,0.633238,0.631196,55.158,0,53.5284,0,54.4584,0,54.2828,0
1765976276358881,0,0.627407,0.628238,0.628733,0.643858,53.957,0,54.0285,0,54.071,0,55.3718,0
1765976276363888,0,0.640439,0.624882,0.633099,0.632664,55.0777,0,53.7398,0,54.4466,0,54.4091,0
1765976276368908,0,0.627085,0.630411,0.628728,0.644815,53.9293,0,54.2154,0,54.0706,0,55.4541,0
1765976276373919,0,0.639157,0.62727,0.632992,0.634385,54.9675,0,53.9452,0,54.4373,0,54.5571,0
1765976276378946,0,0.626577,0.632479,0.628789,0.645862,53.8857,0,54.3932,0,54.0758,0,55.5441,0
1765976276383884,0,0.638036,0.62961,0.632877,0.635858,54.8711,0,54.1465,0,54.4274,0,54.6838,0
1765976276388890,0,0.626225,0.63445,0.62889,0.64668,53.8554,0,54.5627,0,54.0845,0,55.6145,0
1765976276393897,0,0.637942,0.631343,0.633337,0.63628,54.863,0,54.2955,0,54.467,0,54.72,0
1765976276398891,0,0.626586,0.635975,0.629415,0.646789,53.8864,0,54.6938,0,54.1297,0,55.6238,0
1765976276403898,0,0.637051,0.63324,0.633519,0.637448,54.7864,0,54.4586,0,54.4826,0,54.8206,0
1765976276408891,0,0.626424,0.637551,0.629778,0.647352,53.8725,0,54.8294,0,54.1609,0,55.6722,0
1765976276413894,0,0.636899,0.634762,0.633991,0.637887,54.7733,0,54.5895,0,54.5232,0,54.8582,0
1765976276418908,0,0.626773,0.638832,0.630363,0.647422,53.9025,0,54.9395,0,54.2112,0,55.6783,0
1765976276423851,0,0.635944,0.636415,0.634199,0.639101,54.6911,0,54.7317,0,54.5411,0,54.9627,0
1765976276428897,0,0.626596,0.640143,0.630792,0.647971,53.8872,0,55.0523,0,54.2481,0,55.7255,0
1765976276433883,0,0.635379,0.637796,0.634555,0.639929,54.6426,0,54.8504,0,54.5717,0,55.0339,0
1765976276439090,0,0.626703,0.641223,0.631341,0.648241,53.8964,0,55.1452,0,54.2953,0,55.7488,0
1765976276444071,0,0.635115,0.638872,0.6351,0.640483,54.6199,0,54.943,0,54.6186,0,55.0816,0
1765976276448976,0,0.627017,0.64206,0.632028,0.648324,53.9234,0,55.2172,0,54.3544,0,55.7558,0
1765976276454130,0,0.633486,0.640367,0.635066,0.642329,54.4798,0,55.0716,0,54.6157,0,55.2403,0
1765976276458938,0,0.626442,0.643117,0.632342,0.649202,53.8741,0,55.3081,0,54.3814,0,55.8314,0
1765976276464023,0,0.634129,0.640866,0.635937,0.642032,54.5351,0,55.1145,0,54.6906,0,55.2148,0
1765976276468928,0,0.627401,0.643491,0.633269,0.648687,53.9565,0,55.3402,0,54.4611,0,55.7871,0
1765976276474069,0,0.634401,0.641428,0.636618,0.642122,54.5585,0,55.1628,0,54.7492,0,55.2225,0
1765976276479120,0,0.628084,0.643889,0.634055,0.648449,54.0153,0,55.3745,0,54.5288,0,55.7667,0
1765976276484015,0,0.635036,0.641792,0.637387,0.641912,54.6131,0,55.1941,0,54.8153,0,55.2045,0
1765976276488928,0,0.628985,0.644145,0.634883,0.648043,54.0927,0,55.3965,0,54.6,0,55.7317,0
1765976276493948,0,0.633463,0.64289,0.637282,0.643788,54.4778,0,55.2886,0,54.8063,0,55.3657,0
1765976276498979,0,0.62842,0.644849,0.635128,0.648965,54.0441,0,55.457,0,54.621,0,55.811,0
1765976276503901,0,0.634565,0.64293,0.638149,0.643167,54.5726,0,55.2919,0,54.8808,0,55.3124,0
1765976276508882,0,0.629647,0.644841,0.636016,0.648269,54.1496,0,55.4563,0,54.6974,0,55.7512,0
1765976276513889,0,0.635143,0.643138,0.63875,0.643082,54.6223,0,55.3099,0,54.9325,0,55.305,0
1765976276518923,0,0.630488,0.644945,0.636703,0.64796,54.2219,0,55.4653,0,54.7564,0,55.7246,0
1765976276523928,0,0.634454,0.643643,0.638964,0.644194,54.563,0,55.3533,0,54.9509,0,55.4007,0
1765976276528891,0,0.630479,0.64523,0.637119,0.648421,54.2212,0,55.4898,0,54.7922,0,55.7642,0
1765976276533894,0,0.633697,0.644236,0.638997,0.645345,54.4979,0,55.4043,0,54.9537,0,55.4997,0
1765976276538926,0,0.630449,0.645549,0.637415,0.648873,54.2186,0,55.5172,0,54.8177,0,55.8031,0
1765976276543890,0,0.634652,0.644161,0.63962,0.644908,54.5801,0,55.3979,0,55.0073,0,55.4621,0
1765976276548883,0,0.631553,0.645423,0.638091,0.648303,54.3135,0,55.5064,0,54.8758,0,55.754,0
1765976276553898,0,0.634128,0.644591,0.639667,0.645848,54.535,0,55.4348,0,55.0113,0,55.5429,0
1765976276558873,0,0.631656,0.645622,0.638368,0.648631,54.3225,0,55.5235,0,54.8997,0,55.7822,0
1765976276563894,0,0.634556,0.644592,0.64008,0.645901,54.5718,0,55.4349,0,55.0469,0,55.5475,0
1765976276568908,0,0.632394,0.645535,0.638879,0.648381,54.3859,0,55.516,0,54.9436,0,55.7608,0
1765976276573894,0,0.635201,0.644516,0.640513,0.645759,54.6273,0,55.4284,0,55.0841,0,55.5353,0
1765976276578900,0,0.633252,0.645403,0.639381,0.648027,54.4596,0,55.5046,0,54.9868,0,55.7303,0
1765976276583900,0,0.634342,0.644982,0.640357,0.646993,54.5534,0,55.4685,0,55.0707,0,55.6414,0
1765976276588953,0,0.633106,0.64562,0.639485,0.648553,54.4472,0,55.5233,0,54.9957,0,55.7756,0
1765976276593911,0,0.63528,0.644831,0.640761,0.646549,54.634,0,55.4555,0,55.1055,0,55.6032,0
1765976276598917,0,0.634152,0.645428,0.639949,0.647992,54.5371,0,55.5068,0,55.0356,0,55.7273,0
1765976276603915,0,0.636003,0.64472,0.641086,0.646309,54.6963,0,55.4459,0,55.1334,0,55.5826,0
1765976276608896,0,0.63502,0.645272,0.640341,0.647595,54.6117,0,55.4934,0,55.0693,0,55.6931,0
1765976276613906,0,0.635298,0.645094,0.640898,0.64737,54.6357,0,55.4781,0,55.1172,0,55.6738,0
1765976276619104,0,0.634934,0.645432,0.640386,0.648038,54.6043,0,55.5071,0,55.0732,0,55.7312,0
1765976276624081,0,0.63653,0.644744,0.641399,0.646625,54.7416,0,55.448,0,55.1603,0,55.6098,0
1765976276629083,0,0.63612,0.645119,0.640873,0.647314,54.7063,0,55.4802,0,55.1151,0,55.669,0
1765976276633973,0,0.634547,0.64562,0.640654,0.64881,54.571,0,55.5233,0,55.0963,0,55.7976,0
1765976276638972,0,0.63518,0.645599,0.640537,0.64847,54.6254,0,55.5215,0,55.0862,0,55.7684,0
1765976276644091,0,0.637588,0.64458,0.641772,0.646335,54.8326,0,55.4339,0,55.1924,0,55.5848,0
1765976276649119,0,0.637552,0.64483,0.641418,0.646621,54.8295,0,55.4554,0,55.1619,0,55.6094,0
1765976276654132,0,0.636645,0.645027,0.64141,0.647563,54.7514,0,55.4724,0,55.1613,0,55.6904,0
1765976276659020,0,0.637232,0.645051,0.641298,0.647218,54.802,0,55.4744,0,55.1516,0,55.6608,0
1765976276664010,0,0.637164,0.644948,0.641542,0.647387,54.7961,0,55.4655,0,55.1726,0,55.6753,0
1765976276669007,0,0.637889,0.644922,0.641505,0.646889,54.8584,0,55.4633,0,55.1694,0,55.6325,0
1765976276674069,0,0.638907,0.644345,0.642183,0.646077,54.946,0,55.4137,0,55.2277,0,55.5626,0
1765976276679010,0,0.639309,0.644466,0.642026,0.645869,54.9806,0,55.4241,0,55.2142,0,55.5447,0
1765976276684132,0,0.637203,0.645118,0.641461,0.647944,54.7994,0,55.4802,0,55.1656,0,55.7232,0
1765976276688979,0,0.638436,0.64491,0.641645,0.646909,54.9055,0,55.4623,0,55.1814,0,55.6342,0
1765976276694059,0,0.637656,0.644989,0.641611,0.647742,54.8385,0,55.4691,0,55.1785,0,55.7058,0
1765976276698987,0,0.639014,0.644749,0.641846,0.646569,54.9552,0,55.4484,0,55.1987,0,55.6049,0
1765976276704029,0,0.639592,0.64434,0.642258,0.646164,55.0049,0,55.4132,0,55.2342,0,55.5701,0
1765976276709050,0,0.640523,0.644266,0.642354,0.645385,55.085,0,55.4069,0,55.2424,0,55.5031,0
1765976276714084,0,0.637817,0.645101,0.641518,0.648022,54.8522,0,55.4787,0,55.1705,0,55.7299,0
1765976276719118,0,0.639565,0.644705,0.641945,0.646436,55.0026,0,55.4447,0,55.2072,0,55.5935,0
1765976276724052,0,0.639872,0.644318,0.642284,0.646268,55.029,0,55.4113,0,55.2364,0,55.5791,0
1765976276729063,0,0.641132,0.644133,0.642522,0.645137,55.1373,0,55.3954,0,55.2569,0,55.4818,0
1765976276734114,0,0.639415,0.644613,0.641981,0.646855,54.9897,0,55.4367,0,55.2103,0,55.6295,0
1765976276738989,0,0.640998,0.644277,0.642381,0.645394,55.1258,0,55.4078,0,55.2448,0,55.5039,0
1765976276744061,0,0.63963,0.644507,0.642069,0.646773,55.0082,0,55.4276,0,55.218,0,55.6225,0
1765976276749031,0,0.641309,0.644154,0.642499,0.645207,55.1526,0,55.3973,0,55.2549,0,55.4878,0
1765976276754066,0,0.640004,0.644445,0.642102,0.646519,55.0403,0,55.4223,0,55.2208,0,55.6007,0
1765976276758935,0,0.641707,0.644063,0.642572,0.644917,55.1868,0,55.3894,0,55.2612,0,55.4628,0
1765976276764004,0,0.64065,0.644219,0.642294,0.645992,55.0959,0,55.4028,0,55.2373,0,55.5554,0
1765976276769003,0,0.642262,0.643871,0.642744,0.644471,55.2345,0,55.3729,0,55.276,0,55.4245,0
1765976276773968,0,0.6404,0.644303,0.642173,0.64628,55.0744,0,55.4101,0,55.2268,0,55.5801,0
1765976276778995,0,0.642207,0.643883,0.642703,0.64456,55.2298,0,55.3739,0,55.2724,0,55.4322,0
1765976276784081,0,0.639297,0.644708,0.641733,0.647327,54.9795,0,55.4449,0,55.189,0,55.6702,0
1765976276788961,0,0.641608,0.64409,0.642458,0.645112,55.1783,0,55.3918,0,55.2514,0,55.4796,0
1765976276793949,0,0.640292,0.644338,0.64203,0.646366,55.0651,0,55.4131,0,55.2146,0,55.5874,0
1765976276798923,0,0.642392,0.643789,0.642697,0.644349,55.2457,0,55.3658,0,55.272,0,55.414,0
1765976276803923,0,0.641814,0.64372,0.642564,0.644913,55.196,0,55.3599,0,55.2605,0,55.4625,0
1765976276808887,0,0.643468,0.643342,0.643069,0.643324,55.3382,0,55.3274,0,55.3039,0,55.3259,0
1765976276813884,0,0.640078,0.644374,0.641839,0.646517,55.0467,0,55.4161,0,55.1982,0,55.6005,0
1765976276818909,0,0.642388,0.643727,0.642613,0.644289,55.2453,0,55.3605,0,55.2648,0,55.4088,0
1765976276823865,0,0.641661,0.643651,0.642458,0.644942,55.1829,0,55.354,0,55.2514,0,55.4651,0
1765976276828901,0,0.643497,0.643206,0.643038,0.643171,55.3407,0,55.3157,0,55.3013,0,55.3127,0
1765976276833896,0,0.640054,0.644279,0.641738,0.646381,55.0447,0,55.408,0,55.1894,0,55.5887,0
1765976276838912,0,0.642492,0.64357,0.642578,0.644024,55.2543,0,55.347,0,55.2617,0,55.386,0
1765976276843898,0,0.641055,0.643803,0.642087,0.645305,55.1307,0,55.3671,0,55.2194,0,55.4963,0
1765976276848888,0,0.643212,0.6432,0.642824,0.643218,55.3162,0,55.3152,0,55.2828,0,55.3167,0
1765976276853912,0,0.641893,0.643405,0.642347,0.644384,55.2028,0,55.3328,0,55.2418,0,55.417,0
1765976276858888,0,0.643781,0.642897,0.642993,0.642557,55.3652,0,55.2891,0,55.2974,0,55.2599,0
1765976276863873,0,0.640742,0.643745,0.641872,0.64534,55.1038,0,55.3621,0,55.201,0,55.4993,0
1765976276868880,0,0.643036,0.643076,0.642677,0.643118,55.3011,0,55.3045,0,55.2702,0,55.3081,0
1765976276873903,0,0.641758,0.643232,0.642222,0.644199,55.1912,0,55.3179,0,55.2311,0,55.4011,0
1765976276878903,0,0.643717,0.642691,0.6429,0.642304,55.3596,0,55.2715,0,55.2894,0,55.2381,0
1765976276883897,0,0.640828,0.643515,0.641772,0.644905,55.1112,0,55.3423,0,55.1924,0,55.4618,0
1765976276888909,0,0.643104,0.64283,0.642592,0.642703,55.3069,0,55.2834,0,55.2629,0,55.2724,0
1765976276893914,0,0.641604,0.643056,0.642046,0.643957,55.1779,0,55.3028,0,55.216,0,55.3803,0
1765976276898875,0,0.64361,0.642478,0.642758,0.642017,55.3505,0,55.2531,0,55.2772,0,55.2135,0
1765976276903890,0,0.641439,0.643032,0.641871,0.6439,55.1637,0,55.3008,0,55.2009,0,55.3754,0
1765976276908855,0,0.643477,0.642417,0.642619,0.641932,55.339,0,55.2479,0,55.2653,0,55.2061,0
1765976276913899,0,0.640904,0.643027,0.641671,0.644178,55.1177,0,55.3003,0,55.1837,0,55.3993,0
1765976276918885,0,0.643105,0.642362,0.642466,0.642052,55.3071,0,55.2432,0,55.2521,0,55.2165,0
1765976276923895,0,0.64143,0.642702,0.641764,0.643415,55.1629,0,55.2724,0,55.1917,0,55.3337,0
1765976276928897,0,0.643424,0.642097,0.642499,0.641493,55.3345,0,55.2203,0,55.2549,0,55.1684,0
1765976276933902,0,0.64136,0.642567,0.641658,0.643219,55.1569,0,55.2608,0,55.1826,0,55.3168,0
1765976276938926,0,0.643334,0.641959,0.642395,0.641321,55.3267,0,55.2085,0,55.246,0,55.1536,0
1765976276943884,0,0.641298,0.642396,0.641579,0.643002,55.1516,0,55.2461,0,55.1758,0,55.2981,0
1765976276948921,0,0.643243,0.641798,0.642304,0.641135,55.3189,0,55.1946,0,55.2382,0,55.1376,0
1765976276953897,0,0.641835,0.641974,0.64173,0.642191,55.1978,0,55.2098,0,55.1887,0,55.2285,0
1765976276958885,0,0.643528,0.641475,0.642355,0.640573,55.3434,0,55.1669,0,55.2425,0,55.0893,0
1765976276963918,0,0.641248,0.64204,0.641389,0.64246,55.1473,0,55.2154,0,55.1595,0,55.2515,0
1765976276968929,0,0.643066,0.641474,0.642079,0.640722,55.3037,0,55.1667,0,55.2188,0,55.1021,0
1765976276973890,0,0.640732,0.642006,0.641136,0.642639,55.1029,0,55.2126,0,55.1377,0,55.2669,0
1765976276978900,0,0.642664,0.641397,0.641865,0.640792,55.2691,0,55.1602,0,55.2004,0,55.1081,0
1765976276983895,0,0.640708,0.641824,0.641016,0.642327,55.1009,0,55.1969,0,55.1274,0,55.2401,0
1765976276988885,0,0.64259,0.641219,0.641738,0.640533,55.2627,0,55.1448,0,55.1895,0,55.0858,0
1765976276993906,0,0.641303,0.641329,0.641189,0.641404,55.1521,0,55.1543,0,55.1422,0,55.1607,0
1765976276998902,0,0.642901,0.640841,0.641793,0.63989,55.2895,0,55.1124,0,55.1942,0,55.0306,0
1765976277003921,0,0.640933,0.641284,0.640904,0.641414,55.1202,0,55.1504,0,55.1177,0,55.1616,0
1765976277008911,0,0.642564,0.640761,0.64154,0.63987,55.2605,0,55.1055,0,55.1725,0,55.0288,0
1765976277013912,0,0.640623,0.641164,0.640686,0.641356,55.0936,0,55.1401,0,55.099,0,55.1566,0
1765976277018924,0,0.642273,0.640628,0.641334,0.639797,55.2355,0,55.094,0,55.1548,0,55.0225,0
1765976277023889,0,0.640596,0.640915,0.640582,0.641007,55.0912,0,55.1187,0,55.0901,0,55.1266,0
1765976277028914,0,0.642165,0.640407,0.641201,0.639529,55.2262,0,55.075,0,55.1433,0,54.9995,0
1765976277033900,0,0.640141,0.640862,0.640276,0.641069,55.0521,0,55.1141,0,55.0637,0,55.1319,0
1765976277038910,0,0.641777,0.640311,0.640934,0.639527,55.1929,0,55.0668,0,55.1203,0,54.9994,0
1765976277043895,0,0.640587,0.640361,0.640396,0.640236,55.0905,0,55.0711,0,55.0741,0,55.0603,0
1765976277048896,0,0.641972,0.639923,0.640941,0.638944,55.2096,0,55.0334,0,55.1209,0,54.9492,0
1765976277053902,0,0.640461,0.64017,0.640203,0.639963,55.0797,0,55.0547,0,55.0575,0,55.0368,0
1765976277058912,0,0.641776,0.639745,0.640734,0.638742,55.1928,0,55.0181,0,55.1031,0,54.9318,0
1765976277063909,0,0.640212,0.639996,0.639983,0.639799,55.0582,0,55.0397,0,55.0385,0,55.0227,0
1765976277068893,0,0.641497,0.639574,0.640508,0.638609,55.1688,0,55.0034,0,55.0837,0,54.9204,0
1765976277073878,0,0.64013,0.63971,0.639866,0.639465,55.0511,0,55.0151,0,55.0285,0,54.994,0
1765976277078904,0,0.641327,0.63933,0.640349,0.638364,55.1541,0,54.9824,0,55.07,0,54.8993,0
1765976277083898,0,0.639496,0.63971,0.639465,0.639669,54.9967,0,55.015,0,54.994,0,55.0115,0
1765976277088880,0,0.6408,0.63927,0.640004,0.638463,55.1088,0,54.9772,0,55.0403,0,54.9079,0
1765976277093889,0,0.639688,0.639283,0.639467,0.639045,55.0131,0,54.9783,0,54.9942,0,54.9579,0
1765976277098897,0,0.640815,0.638927,0.639921,0.638016,55.1101,0,54.9477,0,55.0332,0,54.8694,0
1765976277103886,0,0.639479,0.639122,0.6392,0.638816,54.9952,0,54.9645,0,54.9712,0,54.9381,0
1765976277108862,0,0.640557,0.638761,0.639658,0.637835,55.0879,0,54.9335,0,55.0106,0,54.8538,0
1765976277113906,0,0.639226,0.638909,0.638985,0.638628,54.9734,0,54.9462,0,54.9527,0,54.922,0
1765976277118893,0,0.640273,0.638559,0.63943,0.63768,55.0635,0,54.9161,0,54.991,0,54.8405,0
1765976277123873,0,0.639139,0.638603,0.638849,0.638265,54.966,0,54.9198,0,54.941,0,54.8908,0
1765976277128914,0,0.640095,0.638296,0.63925,0.637409,55.0481,0,54.8935,0,54.9755,0,54.8172,0
1765976277133900,0,0.638392,0.638637,0.638381,0.63856,54.9017,0,54.9227,0,54.9008,0,54.9162,0
1765976277138903,0,0.639492,0.638253,0.638858,0.637561,54.9963,0,54.8897,0,54.9418,0,54.8303,0
1765976277143913,0,0.638479,0.638276,0.63829,0.63802,54.9092,0,54.8917,0,54.8929,0,54.8697,0
1765976277148917,0,0.639441,0.637945,0.638712,0.637157,54.9919,0,54.8633,0,54.9293,0,54.7955,0
1765976277153932,0,0.638484,0.637949,0.638157,0.637554,54.9096,0,54.8636,0,54.8815,0,54.8296,0
1765976277159055,0,0.639325,0.637664,0.638534,0.636813,54.9819,0,54.8391,0,54.9139,0,54.7659,0
1765976277164000,0,0.638081,0.637783,0.637868,0.637495,54.875,0,54.8494,0,54.8566,0,54.8246,0
1765976277169118,0,0.638941,0.637489,0.638254,0.636737,54.9489,0,54.8241,0,54.8898,0,54.7594,0
1765976277173912,0,0.638171,0.63737,0.63781,0.636937,54.8827,0,54.8138,0,54.8517,0,54.7766,0
1765976277178960,0,0.638875,0.63715,0.638119,0.636331,54.9432,0,54.7949,0,54.8783,0,54.7245,0
1765976277183902,0,0.637097,0.637524,0.637212,0.637552,54.7903,0,54.8271,0,54.8003,0,54.8294,0
1765976277188931,0,0.63806,0.637185,0.637639,0.636688,54.8731,0,54.7979,0,54.837,0,54.7552,0
1765976277193913,0,0.637459,0.637036,0.637225,0.636721,54.8214,0,54.7851,0,54.8014,0,54.758,0
1765976277198926,0,0.638192,0.636789,0.637559,0.636086,54.8845,0,54.7639,0,54.83,0,54.7034,0
1765976277203995,0,0.63785,0.636544,0.637231,0.635854,54.8551,0,54.7428,0,54.8018,0,54.6834,0
1765976277209056,0,0.638316,0.6364,0.637461,0.635484,54.8952,0,54.7304,0,54.8217,0,54.6516,0
1765976277213965,0,0.636438,0.636806,0.636523,0.636807,54.7336,0,54.7653,0,54.741,0,54.7654,0
1765976277218960,0,0.637272,0.636507,0.636907,0.636069,54.8054,0,54.7396,0,54.774,0,54.7019,0
1765976277224025,0,0.637306,0.636101,0.636734,0.635459,54.8083,0,54.7047,0,54.7591,0,54.6495,0
1765976277229046,0,0.637725,0.635971,0.636949,0.635135,54.8443,0,54.6935,0,54.7776,0,54.6216,0
1765976277234109,0,0.636612,0.636036,0.636333,0.635686,54.7486,0,54.6991,0,54.7246,0,54.669,0
1765976277239077,0,0.637139,0.635865,0.636588,0.63525,54.794,0,54.6844,0,54.7465,0,54.6315,0
1765976277243995,0,0.636532,0.63577,0.63612,0.635289,54.7418,0,54.6762,0,54.7063,0,54.6349,0
1765976277249114,0,0.636966,0.635622,0.636352,0.634949,54.7791,0,54.6635,0,54.7263,0,54.6056,0
1765976277254121,0,0.63629,0.635504,0.635911,0.63506,54.721,0,54.6533,0,54.6884,0,54.6152,0
1765976277259047,0,0.636682,0.635378,0.636117,0.634757,54.7547,0,54.6425,0,54.7061,0,54.5891,0
1765976277263973,0,0.635705,0.635448,0.635503,0.635177,54.6706,0,54.6485,0,54.6532,0,54.6253,0
1765976277269049,0,0.636184,0.635273,0.635759,0.634789,54.7119,0,54.6335,0,54.6752,0,54.5918,0
1765976277273958,0,0.635753,0.635018,0.635455,0.634656,54.6748,0,54.6116,0,54.6491,0,54.5804,0
1765976277279029,0,0.636104,0.63492,0.635634,0.634395,54.7049,0,54.6031,0,54.6645,0,54.558,0
1765976277284119,0,0.635467,0.634846,0.635159,0.634477,54.6501,0,54.5968,0,54.6237,0,54.5651,0
1765976277288988,0,0.635798,0.634739,0.635344,0.634231,54.6786,0,54.5875,0,54.6396,0,54.5439,0
1765976277294064,0,0.635148,0.63466,0.634878,0.63433,54.6227,0,54.5807,0,54.5995,0,54.5524,0
1765976277299124,0,0.635478,0.634548,0.635069,0.634088,54.6511,0,54.5711,0,54.616,0,54.5315,0
1765976277303933,0,0.635157,0.634329,0.634732,0.633849,54.6235,0,54.5523,0,54.5869,0,54.5111,0
1765976277308929,0,0.635368,0.634259,0.634878,0.633723,54.6417,0,54.5463,0,54.5995,0,54.5002,0
1765976277314112,0,0.634325,0.634292,0.634331,0.63424,54.5519,0,54.5491,0,54.5524,0,54.5447,0
1765976277319125,0,0.63472,0.634169,0.63453,0.63393,54.5859,0,54.5385,0,54.5696,0,54.5179,0
1765976277324018,0,0.634617,0.633901,0.634245,0.633479,54.5771,0,54.5155,0,54.5451,0,54.4792,0
1765976277328941,0,0.634807,0.633838,0.634383,0.633369,54.5934,0,54.51,0,54.5569,0,54.4698,0
1765976277334116,0,0.63403,0.633765,0.63394,0.633623,54.5266,0,54.5038,0,54.5188,0,54.4916,0
1765976277338977,0,0.634319,0.633681,0.634096,0.633413,54.5514,0,54.4966,0,54.5322,0,54.4735,0
1765976277343941,0,0.634016,0.633474,0.633771,0.633183,54.5254,0,54.4788,0,54.5043,0,54.4537,0
1765976277348906,0,0.63421,0.63342,0.633897,0.633068,54.5421,0,54.4742,0,54.5151,0,54.4438,0
1765976277353910,0,0.633886,0.633201,0.633587,0.63286,54.5142,0,54.4553,0,54.4885,0,54.426,0
1765976277358903,0,0.634019,0.633174,0.633687,0.632805,54.5256,0,54.4529,0,54.497,0,54.4212,0
1765976277363913,0,0.63388,0.63291,0.633418,0.632414,54.5137,0,54.4303,0,54.474,0,54.3876,0
1765976277368910,0,0.633903,0.632917,0.633484,0.632468,54.5156,0,54.4308,0,54.4796,0,54.3922,0
1765976277373905,0,0.633588,0.632694,0.633186,0.632261,54.4886,0,54.4117,0,54.454,0,54.3745,0
1765976277378887,0,0.633597,0.632711,0.63324,0.632326,54.4893,0,54.4131,0,54.4586,0,54.3801,0
1765976277383900,0,0.632386,0.632919,0.632569,0.633062,54.3852,0,54.4311,0,54.4009,0,54.4433,0
1765976277388919,0,0.632726,0.632795,0.632762,0.632796,54.4144,0,54.4203,0,54.4175,0,54.4205,0
1765976277393908,0,0.632831,0.632393,0.632647,0.632176,54.4234,0,54.3858,0,54.4077,0,54.3672,0
1765976277398905,0,0.632937,0.632373,0.632735,0.632142,54.4326,0,54.3841,0,54.4152,0,54.3642,0
1765976277403900,0,0.632755,0.632109,0.6325,0.631824,54.4169,0,54.3614,0,54.395,0,54.3369,0
1765976277408891,0,0.632791,0.632122,0.632554,0.631859,54.4201,0,54.3624,0,54.3996,0,54.3399,0
1765976277413894,0,0.632174,0.632115,0.632091,0.632001,54.367,0,54.3619,0,54.3598,0,54.3521,0
1765976277418904,0,0.632324,0.632062,0.632209,0.631921,54.3799,0,54.3573,0,54.37,0,54.3452,0
1765976277423886,0,0.632058,0.631849,0.631944,0.631709,54.357,0,54.339,0,54.3472,0,54.3269,0
1765976277428890,0,0.632167,0.631819,0.632039,0.631668,54.3664,0,54.3364,0,54.3553,0,54.3234,0
1765976277433908,0,0.631973,0.631551,0.631831,0.631385,54.3497,0,54.3134,0,54.3374,0,54.2991,0
1765976277438908,0,0.632027,0.631558,0.631887,0.631397,54.3543,0,54.314,0,54.3423,0,54.3002,0
1765976277443907,0,0.631681,0.631452,0.631535,0.631284,54.3246,0,54.3049,0,54.312,0,54.2904,0
1765976277448846,0,0.631753,0.63143,0.631618,0.631276,54.3307,0,54.303,0,54.3191,0,54.2898,0
1765976277453920,0,0.631559,0.631191,0.631397,0.631008,54.3141,0,54.2824,0,54.3002,0,54.2667,0
1765976277458906,0,0.631591,0.631195,0.631454,0.63104,54.3168,0,54.2827,0,54.305,0,54.2694,0
1765976277463898,0,0.630875,0.631196,0.631035,0.631332,54.2552,0,54.2829,0,54.269,0,54.2946,0
1765976277468889,0,0.631076,0.631138,0.631152,0.631194,54.2725,0,54.2779,0,54.2791,0,54.2827,0
1765976277473893,0,0.631216,0.630814,0.631018,0.6306,54.2846,0,54.25,0,54.2675,0,54.2316,0
1765976277478898,0,0.631228,0.63082,0.63107,0.630649,54.2856,0,54.2505,0,54.272,0,54.2358,0
1765976277483899,0,0.630881,0.630666,0.630799,0.630569,54.2558,0,54.2373,0,54.2487,0,54.2289,0
1765976277488906,0,0.630932,0.630665,0.630858,0.630577,54.2601,0,54.2372,0,54.2538,0,54.2296,0
1765976277493901,0,0.630724,0.630485,0.630615,0.630363,54.2422,0,54.2218,0,54.2329,0,54.2112,0
1765976277498895,0,0.630756,0.630487,0.630669,0.630388,54.245,0,54.2219,0,54.2375,0,54.2134,0
1765976277503884,0,0.630714,0.630257,0.630471,0.630005,54.2414,0,54.2021,0,54.2205,0,54.1804,0
1765976277508899,0,0.630673,0.630277,0.630506,0.630103,54.2379,0,54.2039,0,54.2235,0,54.1888,0
1765976277513889,0,0.630071,0.630241,0.630161,0.630318,54.1861,0,54.2008,0,54.1939,0,54.2073,0
1765976277518891,0,0.630187,0.630213,0.630242,0.630257,54.196,0,54.1984,0,54.2008,0,54.2021,0
1765976277523902,0,0.630073,0.629986,0.630069,0.629971,54.1863,0,54.1788,0,54.186,0,54.1775,0
1765976277528901,0,0.630128,0.629987,0.630121,0.629969,54.191,0,54.1789,0,54.1904,0,54.1773,0
1765976277533903,0,0.629798,0.629888,0.629842,0.629919,54.1626,0,54.1704,0,54.1664,0,54.1731,0
1765976277538911,0,0.62989,0.629867,0.629914,0.62988,54.1706,0,54.1686,0,54.1726,0,54.1696,0
1765976277543896,0,0.629815,0.629618,0.62978,0.629574,54.1641,0,54.1472,0,54.1611,0,54.1433,0
1765976277548901,0,0.629842,0.629635,0.629813,0.629598,54.1664,0,54.1486,0,54.164,0,54.1454,0
1765976277553904,0,0.629774,0.629418,0.629652,0.629289,54.1606,0,54.13,0,54.1501,0,54.1188,0
1765976277558889,0,0.629749,0.629452,0.629667,0.629363,54.1584,0,54.1328,0,54.1514,0,54.1252,0
1765976277563893,0,0.629414,0.629363,0.629403,0.629345,54.1296,0,54.1252,0,54.1286,0,54.1236,0
1765976277568882,0,0.629453,0.629367,0.629447,0.629354,54.133,0,54.1255,0,54.1324,0,54.1244,0
1765976277573891,0,0.629336,0.629214,0.629247,0.629121,54.1229,0,54.1124,0,54.1152,0,54.1044,0
1765976277578897,0,0.629345,0.629217,0.62929,0.629158,54.1237,0,54.1126,0,54.1189,0,54.1076,0
1765976277583890,0,0.628961,0.629097,0.629082,0.629212,54.0907,0,54.1024,0,54.1011,0,54.1123,0
1765976277588879,0,0.62905,0.629092,0.629132,0.629169,54.0983,0,54.1019,0,54.1053,0,54.1085,0
1765976277593898,0,0.628734,0.629051,0.628852,0.629163,54.0711,0,54.0984,0,54.0813,0,54.108,0
1765976277598912,0,0.628859,0.629012,0.628934,0.629082,54.0819,0,54.0951,0,54.0884,0,54.101,0
1765976277603920,0,0.628889,0.628749,0.628866,0.628722,54.0844,0,54.0724,0,54.0825,0,54.0701,0
1765976277608897,0,0.628913,0.628763,0.628894,0.62874,54.0865,0,54.0736,0,54.0849,0,54.0716,0
1765976277613909,0,0.62854,0.628717,0.628641,0.628814,54.0544,0,54.0697,0,54.0631,0,54.078,0
1765976277618893,0,0.628639,0.628699,0.6287,0.628756,54.063,0,54.0681,0,54.0682,0,54.073,0
1765976277623878,0,0.628312,0.628664,0.628447,0.628791,54.0349,0,54.0651,0,54.0465,0,54.0761,0
1765976277628878,0,0.628454,0.628618,0.628532,0.62869,54.047,0,54.0612,0,54.0537,0,54.0673,0
1765976277633908,0,0.62851,0.628364,0.628483,0.628334,54.0519,0,54.0393,0,54.0495,0,54.0367,0
1765976277638896,0,0.628541,0.628375,0.62851,0.628342,54.0545,0,54.0402,0,54.0519,0,54.0374,0
1765976277643908,0,0.628136,0.628353,0.628263,0.628476,54.0197,0,54.0383,0,54.0306,0,54.0489,0
1765976277648910,0,0.628255,0.628329,0.628324,0.628394,54.0299,0,54.0363,0,54.0359,0,54.0419,0
1765976277653924,0,0.628276,0.628128,0.628244,0.628096,54.0317,0,54.019,0,54.029,0,54.0162,0
1765976277658905,0,0.628306,0.628139,0.628268,0.628101,54.0343,0,54.02,0,54.031,0,54.0167,0
1765976277663899,0,0.627708,0.628227,0.627946,0.628459,53.9829,0,54.0275,0,54.0034,0,54.0475,0
1765976277668898,0,0.627903,0.628169,0.628039,0.6283,53.9996,0,54.0225,0,54.0113,0,54.0338,0
1765976277673913,0,0.627985,0.62796,0.627982,0.627956,54.0067,0,54.0045,0,54.0065,0,54.0042,0
1765976277678903,0,0.628051,0.627951,0.628025,0.627923,54.0124,0,54.0038,0,54.0101,0,54.0014,0
1765976277683901,0,0.627787,0.627901,0.627835,0.627946,53.9897,0,53.9995,0,53.9938,0,54.0033,0
1765976277688900,0,0.627885,0.627876,0.627892,0.62788,53.9981,0,53.9974,0,53.9987,0,53.9977,0
1765976277693948,0,0.627686,0.627778,0.627762,0.627853,53.981,0,53.9889,0,53.9876,0,53.9954,0
1765976277698994,0,0.627787,0.627761,0.62781,0.627784,53.9897,0,53.9875,0,53.9916,0,53.9894,0
1765976277704031,0,0.627536,0.62774,0.627615,0.627816,53.9681,0,53.9856,0,53.9749,0,53.9922,0
1765976277709058,0,0.627659,0.627703,0.627681,0.627723,53.9787,0,53.9825,0,53.9806,0,53.9842,0
1765976277714106,0,0.62729,0.627683,0.627505,0.627892,53.9469,0,53.9807,0,53.9654,0,53.9987,0
1765976277719023,0,0.627476,0.627634,0.627582,0.627735,53.9629,0,53.9765,0,53.972,0,53.9852,0
1765976277724078,0,0.627701,0.627452,0.627533,0.627286,53.9823,0,53.9608,0,53.9679,0,53.9466,0
1765976277728952,0,0.627711,0.627447,0.627566,0.627302,53.9832,0,53.9604,0,53.9707,0,53.948,0
1765976277734106,0,0.627097,0.627519,0.627325,0.627744,53.9304,0,53.9667,0,53.9499,0,53.986,0
1765976277738957,0,0.62729,0.627466,0.627404,0.627577,53.947,0,53.962,0,53.9567,0,53.9716,0
1765976277743897,0,0.627517,0.627229,0.627431,0.627144,53.9665,0,53.9417,0,53.9591,0,53.9344,0
1765976277748907,0,0.627536,0.627244,0.627441,0.62715,53.9681,0,53.943,0,53.96,0,53.9349,0
1765976277753892,0,0.627374,0.627208,0.627296,0.627132,53.9541,0,53.9399,0,53.9475,0,53.9334,0
1765976277758897,0,0.627406,0.627207,0.627322,0.627124,53.9569,0,53.9398,0,53.9497,0,53.9326,0
1765976277763898,0,0.627028,0.627218,0.627155,0.627343,53.9244,0,53.9408,0,53.9353,0,53.9515,0
1765976277768882,0,0.627155,0.627191,0.627204,0.62724,53.9353,0,53.9385,0,53.9396,0,53.9426,0
1765976277773885,0,0.626922,0.627188,0.627056,0.627321,53.9153,0,53.9382,0,53.9269,0,53.9496,0
1765976277778893,0,0.627068,0.627148,0.627119,0.627197,53.9279,0,53.9347,0,53.9322,0,53.9389,0
1765976277783880,0,0.626969,0.627045,0.627072,0.627145,53.9194,0,53.9259,0,53.9282,0,53.9345,0
1765976277788881,0,0.627082,0.627031,0.627106,0.627054,53.929,0,53.9247,0,53.9312,0,53.9267,0
1765976277793897,0,0.626709,0.627176,0.626835,0.627301,53.8969,0,53.9371,0,53.9078,0,53.9479,0
1765976277798896,0,0.626898,0.627096,0.626935,0.627132,53.9132,0,53.9303,0,53.9164,0,53.9333,0
1765976277803917,0,0.626865,0.626988,0.626907,0.627031,53.9104,0,53.921,0,53.914,0,53.9246,0
1765976277808900,0,0.626987,0.626948,0.626966,0.626927,53.9209,0,53.9175,0,53.919,0,53.9158,0
1765976277813917,0,0.626651,0.627006,0.626797,0.627151,53.892,0,53.9225,0,53.9045,0,53.935,0
1765976277818913,0,0.626835,0.626942,0.626879,0.626985,53.9078,0,53.917,0,53.9116,0,53.9207,0
1765976277823879,0,0.626666,0.626889,0.626823,0.627045,53.8933,0,53.9125,0,53.9068,0,53.9259,0
1765976277828899,0,0.626836,0.626847,0.626883,0.626892,53.9079,0,53.9088,0,53.9119,0,53.9127,0
1765976277833907,0,0.626648,0.62683,0.6268,0.626981,53.8918,0,53.9074,0,53.9048,0,53.9204,0
1765976277838914,0,0.626815,0.626793,0.626852,0.62683,53.9061,0,53.9042,0,53.9093,0,53.9074,0
1765976277843919,0,0.626575,0.626884,0.626672,0.626981,53.8854,0,53.912,0,53.8938,0,53.9204,0
1765976277849095,0,0.626759,0.626814,0.626757,0.626812,53.9013,0,53.906,0,53.9011,0,53.9059,0
1765976277854126,0,0.626595,0.626764,0.626724,0.626894,53.8871,0,53.9017,0,53.8983,0,53.9129,0
1765976277859081,0,0.626765,0.626722,0.626781,0.626738,53.9018,0,53.8981,0,53.9032,0,53.8995,0
1765976277864114,0,0.626244,0.626898,0.626552,0.627203,53.8569,0,53.9132,0,53.8835,0,53.9394,0
1765976277869172,0,0.626537,0.626799,0.626664,0.626923,53.8822,0,53.9047,0,53.8931,0,53.9154,0
1765976277873958,0,0.626586,0.626746,0.626639,0.626799,53.8864,0,53.9001,0,53.8909,0,53.9047,0
1765976277879071,0,0.626761,0.626685,0.626713,0.626637,53.9014,0,53.8949,0,53.8974,0,53.8907,0
1765976277884026,0,0.626644,0.62666,0.626671,0.62669,53.8913,0,53.8928,0,53.8937,0,53.8954,0
1765976277889087,0,0.626789,0.626619,0.626724,0.626557,53.9038,0,53.8892,0,53.8983,0,53.8839,0
1765976277893947,0,0.626688,0.626628,0.62666,0.626604,53.8951,0,53.89,0,53.8927,0,53.888,0
1765976277899125,0,0.626806,0.626591,0.626708,0.626496,53.9053,0,53.8869,0,53.8969,0,53.8787,0
1765976277903944,0,0.626581,0.626654,0.6266,0.626678,53.8859,0,53.8923,0,53.8876,0,53.8943,0
1765976277909053,0,0.626726,0.626604,0.626661,0.626542,53.8985,0,53.8879,0,53.8929,0,53.8826,0
1765976277913926,0,0.62642,0.626723,0.626512,0.626818,53.8721,0,53.8982,0,53.8801,0,53.9063,0
1765976277918945,0,0.626619,0.626643,0.626601,0.626628,53.8892,0,53.8913,0,53.8877,0,53.89,0
1765976277923927,0,0.626531,0.626615,0.626595,0.626683,53.8817,0,53.8889,0,53.8872,0,53.8947,0
1765976277929027,0,0.62669,0.626566,0.626653,0.626532,53.8954,0,53.8847,0,53.8921,0,53.8817,0
1765976277934130,0,0.62626,0.626723,0.626494,0.626957,53.8584,0,53.8982,0,53.8785,0,53.9183,0
1765976277939092,0,0.626519,0.626637,0.626588,0.626707,53.8806,0,53.8908,0,53.8865,0,53.8968,0
1765976277943947,0,0.626426,0.626715,0.626493,0.626784,53.8727,0,53.8975,0,53.8784,0,53.9034,0
1765976277948909,0,0.626634,0.626626,0.626589,0.626583,53.8905,0,53.8898,0,53.8867,0,53.8861,0
1765976277953994,0,0.626765,0.626549,0.62664,0.62643,53.9018,0,53.8832,0,53.8911,0,53.873,0
1765976277959050,0,0.62685,0.626513,0.626683,0.626351,53.9091,0,53.8802,0,53.8947,0,53.8662,0
1765976277963903,0,0.626469,0.626626,0.626584,0.626744,53.8763,0,53.8898,0,53.8862,0,53.9,0
1765976277969027,0,0.626654,0.626569,0.626646,0.626565,53.8922,0,53.8849,0,53.8915,0,53.8846,0
1765976277974068,0,0.626494,0.626679,0.626542,0.62673,53.8785,0,53.8944,0,53.8827,0,53.8988,0
1765976277979071,0,0.626674,0.626605,0.626621,0.626555,53.8939,0,53.888,0,53.8894,0,53.8837,0
1765976277983948,0,0.626361,0.626695,0.626554,0.626889,53.8671,0,53.8958,0,53.8837,0,53.9124,0
1765976277989048,0,0.626595,0.626619,0.626635,0.626659,53.8872,0,53.8892,0,53.8906,0,53.8926,0
1765976277993943,0,0.626681,0.626607,0.626656,0.626584,53.8946,0,53.8882,0,53.8924,0,53.8862,0
1765976277999131,0,0.626809,0.626563,0.626703,0.626459,53.9056,0,53.8844,0,53.8965,0,53.8755,0
1765976278004128,0,0.626667,0.626617,0.626674,0.626626,53.8934,0,53.8891,0,53.894,0,53.8899,0
1765976278009056,0,0.626799,0.626577,0.626717,0.626497,53.9047,0,53.8856,0,53.8977,0,53.8788,0
1765976278013937,0,0.626301,0.626826,0.626518,0.627043,53.8618,0,53.9071,0,53.8806,0,53.9257,0
1765976278018961,0,0.626571,0.626721,0.626625,0.626776,53.8851,0,53.898,0,53.8898,0,53.9027,0
1765976278023933,0,0.626758,0.626637,0.626734,0.626614,53.9012,0,53.8908,0,53.8991,0,53.8888,0
1765976278028903,0,0.626879,0.6266,0.626772,0.626496,53.9116,0,53.8876,0,53.9024,0,53.8786,0
1765976278033905,0,0.626726,0.626733,0.626684,0.626693,53.8984,0,53.8991,0,53.8948,0,53.8956,0
1765976278038907,0,0.626859,0.626674,0.626745,0.626561,53.9099,0,53.8939,0,53.9001,0,53.8842,0
1765976278043906,0,0.626795,0.626696,0.626767,0.626671,53.9043,0,53.8959,0,53.902,0,53.8937,0
1765976278048901,0,0.626907,0.626658,0.626806,0.626559,53.914,0,53.8926,0,53.9053,0,53.8841,0
1765976278053910,0,0.626744,0.62676,0.626757,0.626775,53.9,0,53.9013,0,53.9011,0,53.9027,0
1765976278058921,0,0.626878,0.626711,0.626806,0.626641,53.9115,0,53.8972,0,53.9053,0,53.8911,0
1765976278063946,0,0.626727,0.626816,0.626764,0.626854,53.8986,0,53.9062,0,53.9017,0,53.9095,0
1765976278068892,0,0.626876,0.626759,0.62682,0.626705,53.9113,0,53.9013,0,53.9065,0,53.8966,0
1765976278073909,0,0.626717,0.626867,0.62678,0.62693,53.8977,0,53.9105,0,53.9031,0,53.916,0
1765976278078905,0,0.626881,0.626803,0.626843,0.626766,53.9118,0,53.9051,0,53.9085,0,53.9019,0
1765976278083901,0,0.626458,0.62701,0.626725,0.627275,53.8754,0,53.9228,0,53.8984,0,53.9457,0
1765976278088910,0,0.626733,0.62691,0.626824,0.627,53.8991,0,53.9142,0,53.9069,0,53.922,0
1765976278093888,0,0.626893,0.626883,0.626915,0.626906,53.9128,0,53.9119,0,53.9147,0,53.9139,0
1765976278098906,0,0.627035,0.626836,0.626961,0.626762,53.925,0,53.9079,0,53.9187,0,53.9016,0
1765976278103884,0,0.627015,0.62693,0.626943,0.626859,53.9233,0,53.916,0,53.9171,0,53.9099,0
1765976278108900,0,0.627123,0.626881,0.62699,0.626749,53.9326,0,53.9118,0,53.9212,0,53.9005,0
1765976278113904,0,0.626918,0.626985,0.626975,0.627043,53.915,0,53.9207,0,53.9199,0,53.9257,0
1765976278118904,0,0.62707,0.626933,0.627025,0.626889,53.928,0,53.9163,0,53.9241,0,53.9125,0
1765976278123888,0,0.627069,0.627051,0.626989,0.626973,53.9279,0,53.9263,0,53.9211,0,53.9197,0
1765976278128903,0,0.62718,0.62699,0.627047,0.626859,53.9375,0,53.9212,0,53.926,0,53.9099,0
1765976278133901,0,0.626956,0.627128,0.627007,0.62718,53.9182,0,53.933,0,53.9226,0,53.9374,0
1765976278138951,0,0.627119,0.627056,0.627075,0.627013,53.9323,0,53.9268,0,53.9284,0,53.9231,0
1765976278143893,0,0.627102,0.627111,0.627115,0.627126,53.9308,0,53.9315,0,53.9319,0,53.9328,0
1765976278148877,0,0.62723,0.627061,0.627162,0.626994,53.9418,0,53.9272,0,53.9359,0,53.9215,0
1765976278153899,0,0.627108,0.627178,0.627148,0.627218,53.9313,0,53.9373,0,53.9347,0,53.9407,0
1765976278158900,0,0.627249,0.627123,0.627199,0.627073,53.9434,0,53.9326,0,53.9391,0,53.9283,0
1765976278163899,0,0.627208,0.627229,0.627196,0.627217,53.9399,0,53.9417,0,53.9388,0,53.9407,0
1765976278168921,0,0.62733,0.627174,0.627247,0.627091,53.9504,0,53.937,0,53.9432,0,53.9299,0
1765976278173913,0,0.627135,0.627294,0.627241,0.627398,53.9336,0,53.9473,0,53.9427,0,53.9563,0
1765976278178921,0,0.6273,0.627235,0.627295,0.62723,53.9478,0,53.9422,0,53.9474,0,53.9417,0
1765976278183888,0,0.627199,0.627351,0.627292,0.627441,53.9392,0,53.9521,0,53.9471,0,53.9599,0
1765976278188907,0,0.627362,0.627291,0.627347,0.627273,53.9532,0,53.9471,0,53.9518,0,53.9455,0
1765976278193883,0,0.627344,0.627407,0.627346,0.627407,53.9516,0,53.957,0,53.9517,0,53.957,0
1765976278198889,0,0.627477,0.627347,0.627401,0.62727,53.963,0,53.9518,0,53.9565,0,53.9452,0
1765976278203908,0,0.627472,0.627441,0.627423,0.627391,53.9626,0,53.9599,0,53.9584,0,53.9556,0
1765976278208911,0,0.627576,0.627389,0.627471,0.627281,53.9715,0,53.9554,0,53.9625,0,53.9462,0
1765976278213887,0,0.627425,0.627505,0.627474,0.627553,53.9585,0,53.9654,0,53.9628,0,53.9695,0
1765976278218882,0,0.627562,0.627451,0.627523,0.62741,53.9704,0,53.9608,0,53.967,0,53.9573,0
1765976278223878,0,0.627395,0.62765,0.627452,0.627704,53.956,0,53.9779,0,53.9609,0,53.9826,0
1765976278228850,0,0.627565,0.627566,0.62753,0.627529,53.9706,0,53.9707,0,53.9676,0,53.9675,0
1765976278233910,0,0.627681,0.627552,0.627664,0.627534,53.9805,0,53.9695,0,53.9791,0,53.9679,0
1765976278238925,0,0.627771,0.627521,0.627689,0.627438,53.9883,0,53.9668,0,53.9813,0,53.9597,0
1765976278243902,0,0.627706,0.627649,0.627689,0.627632,53.9827,0,53.9778,0,53.9813,0,53.9763,0
1765976278249101,0,0.627803,0.627609,0.627723,0.627529,53.9911,0,53.9744,0,53.9842,0,53.9675,0
1765976278254122,0,0.627653,0.627791,0.627673,0.627811,53.9782,0,53.99,0,53.9799,0,53.9918,0
1765976278259077,0,0.627788,0.627724,0.627735,0.62767,53.9898,0,53.9843,0,53.9852,0,53.9797,0
1765976278263944,0,0.627628,0.627814,0.62778,0.627965,53.976,0,53.992,0,53.9891,0,54.005,0
1765976278269068,0,0.627796,0.627761,0.627827,0.627791,53.9905,0,53.9874,0,53.9931,0,53.99,0
1765976278273921,0,0.627839,0.627864,0.627855,0.62788,53.9942,0,53.9963,0,53.9955,0,53.9977,0
1765976278278944,0,0.627958,0.627816,0.627897,0.627756,54.0044,0,53.9922,0,53.9991,0,53.987,0
1765976278284030,0,0.627922,0.627969,0.627878,0.627926,54.0013,0,54.0053,0,53.9975,0,54.0017,0
1765976278289060,0,0.628031,0.627907,0.627934,0.627811,54.0107,0,54,0,54.0024,0,53.9917,0
1765976278293973,0,0.628051,0.627971,0.628007,0.627928,54.0124,0,54.0055,0,54.0086,0,54.0018,0
1765976278299125,0,0.628135,0.627931,0.628041,0.627838,54.0196,0,54.0021,0,54.0115,0,53.9941,0
1765976278304082,0,0.628084,0.628051,0.628061,0.628027,54.0153,0,54.0124,0,54.0132,0,54.0103,0
1765976278309018,0,0.628174,0.628008,0.628097,0.627931,54.023,0,54.0087,0,54.0164,0,54.0021,0
1765976278313973,0,0.627946,0.628233,0.628017,0.628301,54.0034,0,54.028,0,54.0094,0,54.0339,0
1765976278318968,0,0.628108,0.62815,0.628093,0.628134,54.0173,0,54.0209,0,54.016,0,54.0196,0
1765976278323898,0,0.628371,0.628075,0.628302,0.628007,54.0399,0,54.0144,0,54.034,0,54.0086,0
1765976278329113,0,0.628406,0.628069,0.628302,0.627966,54.0429,0,54.014,0,54.0339,0,54.005,0
1765976278334111,0,0.628221,0.62826,0.628254,0.628292,54.027,0,54.0304,0,54.0298,0,54.0331,0
1765976278339071,0,0.628325,0.628218,0.628289,0.628182,54.036,0,54.0268,0,54.0329,0,54.0237,0
1765976278343933,0,0.628378,0.628308,0.628342,0.628273,54.0405,0,54.0345,0,54.0374,0,54.0315,0
1765976278349027,0,0.628449,0.628274,0.62837,0.628196,54.0466,0,54.0316,0,54.0398,0,54.0248,0
1765976278354077,0,0.628564,0.628351,0.628433,0.628223,54.0565,0,54.0382,0,54.0453,0,54.0272,0
1765976278359142,0,0.628587,0.628328,0.62845,0.628193,54.0585,0,54.0362,0,54.0467,0,54.0246,0
1765976278364109,0,0.628487,0.628418,0.628504,0.628436,54.0499,0,54.044,0,54.0514,0,54.0455,0
1765976278369117,0,0.628553,0.628398,0.628518,0.628363,54.0556,0,54.0422,0,54.0525,0,54.0392,0
1765976278373945,0,0.628499,0.628558,0.628502,0.628561,54.0509,0,54.056,0,54.0511,0,54.0562,0
1765976278379076,0,0.628583,0.628514,0.628538,0.628471,54.0581,0,54.0522,0,54.0543,0,54.0485,0
1765976278383940,0,0.628478,0.628646,0.628552,0.62872,54.0491,0,54.0636,0,54.0555,0,54.07,0
1765976278388985,0,0.628594,0.628596,0.628597,0.628598,54.0591,0,54.0593,0,54.0593,0,54.0594,0
1765976278394020,0,0.628673,0.628661,0.628676,0.628665,54.0659,0,54.0649,0,54.0662,0,54.0652,0
1765976278399075,0,0.628747,0.628629,0.628702,0.628585,54.0722,0,54.0621,0,54.0684,0,54.0583,0
1765976278404097,0,0.62869,0.628779,0.628695,0.628784,54.0674,0,54.075,0,54.0677,0,54.0755,0
1765976278409073,0,0.62878,0.628731,0.628737,0.628688,54.0751,0,54.0708,0,54.0714,0,54.0672,0
1765976278414110,0,0.628798,0.628839,0.628775,0.628816,54.0766,0,54.0801,0,54.0746,0,54.0782,0
1765976278419114,0,0.628874,0.628793,0.628815,0.628734,54.0832,0,54.0762,0,54.0781,0,54.0711,0
1765976278424052,0,0.628894,0.628866,0.628887,0.62886,54.0849,0,54.0824,0,54.0843,0,54.082,0
1765976278429129,0,0.628959,0.628835,0.628912,0.628789,54.0905,0,54.0798,0,54.0865,0,54.0758,0
1765976278434011,0,0.628933,0.628957,0.628935,0.628959,54.0882,0,54.0903,0,54.0884,0,54.0905,0
1765976278439049,0,0.629007,0.628919,0.628966,0.62888,54.0946,0,54.0871,0,54.0911,0,54.0837,0
1765976278443937,0,0.629015,0.62899,0.62904,0.629015,54.0953,0,54.0932,0,54.0974,0,54.0953,0
1765976278449124,0,0.629083,0.628966,0.629058,0.628942,54.1011,0,54.0911,0,54.099,0,54.089,0
1765976278454088,0,0.629012,0.629097,0.62907,0.629156,54.095,0,54.1024,0,54.1,0,54.1074,0
1765976278459117,0,0.629104,0.629061,0.629101,0.629059,54.1029,0,54.0993,0,54.1027,0,54.099,0
1765976278464026,0,0.6291,0.629164,0.629144,0.629207,54.1026,0,54.1081,0,54.1064,0,54.1118,0
1765976278469020,0,0.629187,0.629129,0.629173,0.629115,54.1101,0,54.1051,0,54.1089,0,54.1039,0
1765976278474013,0,0.629239,0.629206,0.629237,0.629204,54.1145,0,54.1117,0,54.1143,0,54.1116,0
1765976278479090,0,0.6293,0.62918,0.629256,0.629138,54.1198,0,54.1095,0,54.116,0,54.1058,0
1765976278484103,0,0.629401,0.629272,0.629308,0.62918,54.1285,0,54.1174,0,54.1204,0,54.1095,0
1765976278489048,0,0.629426,0.629249,0.629325,0.62915,54.1306,0,54.1154,0,54.122,0,54.1069,0
1765976278494056,0,0.629239,0.629403,0.62931,0.629473,54.1145,0,54.1286,0,54.1207,0,54.1347,0
1765976278499089,0,0.62934,0.629358,0.629349,0.629367,54.1233,0,54.1248,0,54.124,0,54.1256,0
1765976278504069,0,0.629451,0.629439,0.629409,0.629398,54.1328,0,54.1318,0,54.1292,0,54.1283,0
1765976278509024,0,0.629503,0.629405,0.629439,0.629341,54.1373,0,54.1288,0,54.1317,0,54.1233,0
1765976278514072,0,0.629468,0.629466,0.629516,0.629515,54.1342,0,54.134,0,54.1384,0,54.1383,0
1765976278519119,0,0.629535,0.629446,0.629531,0.629442,54.14,0,54.1324,0,54.1397,0,54.132,0
1765976278524044,0,0.629637,0.629499,0.629614,0.629478,54.1488,0,54.1369,0,54.1468,0,54.1351,0
1765976278528974,0,0.629667,0.629494,0.629616,0.629444,54.1513,0,54.1365,0,54.147,0,54.1321,0
1765976278534008,0,0.629556,0.629667,0.629579,0.62969,54.1418,0,54.1513,0,54.1438,0,54.1533,0
1765976278539057,0,0.629634,0.629627,0.629615,0.629607,54.1486,0,54.1479,0,54.1469,0,54.1462,0
1765976278544049,0,0.629631,0.62972,0.629656,0.629745,54.1483,0,54.1559,0,54.1504,0,54.1581,0
1765976278549000,0,0.629707,0.629683,0.629688,0.629665,54.1548,0,54.1528,0,54.1532,0,54.1512,0
1765976278554043,0,0.629822,0.629769,0.629736,0.629684,54.1647,0,54.1601,0,54.1573,0,54.1528,0
1765976278559103,0,0.629853,0.629737,0.629763,0.629648,54.1674,0,54.1574,0,54.1597,0,54.1498,0
1765976278563989,0,0.629769,0.629824,0.629808,0.629863,54.1601,0,54.1649,0,54.1635,0,54.1682,0
1765976278568933,0,0.629838,0.629795,0.629832,0.62979,54.1661,0,54.1624,0,54.1656,0,54.162,0
1765976278573930,0,0.629782,0.629934,0.629824,0.629977,54.1613,0,54.1743,0,54.1649,0,54.178,0
1765976278578926,0,0.62987,0.629889,0.629866,0.629885,54.1689,0,54.1704,0,54.1684,0,54.1701,0
1765976278583932,0,0.629952,0.629908,0.629975,0.629932,54.1759,0,54.1721,0,54.1779,0,54.1741,0
1765976278588896,0,0.630004,0.629894,0.629987,0.629876,54.1803,0,54.1709,0,54.1789,0,54.1694,0
1765976278593917,0,0.62996,0.630002,0.630005,0.630046,54.1765,0,54.1802,0,54.1804,0,54.184,0
1765976278598916,0,0.630029,0.629978,0.630026,0.629974,54.1825,0,54.1781,0,54.1822,0,54.1777,0
1765976278603936,0,0.630248,0.630029,0.630104,0.629886,54.2013,0,54.1825,0,54.1889,0,54.1702,0
1765976278609092,0,0.630236,0.630019,0.630111,0.629895,54.2003,0,54.1816,0,54.1895,0,54.1709,0
1765976278613987,0,0.630109,0.63012,0.630131,0.630143,54.1894,0,54.1903,0,54.1913,0,54.1923,0
1765976278619069,0,0.630161,0.630101,0.630148,0.630089,54.1938,0,54.1887,0,54.1927,0,54.1877,0
1765976278623992,0,0.63015,0.630228,0.63014,0.630219,54.1929,0,54.1996,0,54.1921,0,54.1988,0
1765976278628940,0,0.630207,0.630191,0.630174,0.630159,54.1978,0,54.1964,0,54.195,0,54.1937,0
1765976278634082,0,0.630191,0.630202,0.630287,0.630297,54.1964,0,54.1974,0,54.2047,0,54.2056,0
1765976278638913,0,0.630256,0.630195,0.630291,0.630231,54.202,0,54.1968,0,54.205,0,54.1998,0
1765976278644097,0,0.630273,0.6303,0.630302,0.630329,54.2035,0,54.2058,0,54.2059,0,54.2083,0
1765976278648999,0,0.630329,0.630281,0.630319,0.63027,54.2083,0,54.2042,0,54.2074,0,54.2032,0
1765976278653885,0,0.630337,0.630382,0.630334,0.630379,54.209,0,54.2128,0,54.2087,0,54.2126,0
1765976278658901,0,0.630391,0.630354,0.63036,0.630323,54.2136,0,54.2105,0,54.2109,0,54.2078,0
1765976278663819,0,0.630436,0.630419,0.630407,0.630391,54.2175,0,54.2161,0,54.215,0,54.2137,0
1765976278668868,0,0.630473,0.630398,0.630427,0.630352,54.2207,0,54.2142,0,54.2167,0,54.2102,0
1765976278673882,0,0.630515,0.630451,0.630486,0.630424,54.2243,0,54.2188,0,54.2218,0,54.2164,0
1765976278678889,0,0.630542,0.630439,0.630497,0.630395,54.2266,0,54.2177,0,54.2228,0,54.214,0
1765976278683881,0,0.630547,0.630509,0.630536,0.630497,54.2271,0,54.2238,0,54.2261,0,54.2228,0
1765976278688863,0,0.630579,0.630497,0.630547,0.630464,54.2298,0,54.2227,0,54.2271,0,54.2199,0
1765976278693889,0,0.630464,0.630649,0.630498,0.630681,54.2199,0,54.2358,0,54.2228,0,54.2385,0
1765976278698874,0,0.630543,0.630605,0.630541,0.630602,54.2267,0,54.232,0,54.2265,0,54.2317,0
1765976278703909,0,0.630639,0.630622,0.630631,0.630613,54.2349,0,54.2335,0,54.2342,0,54.2327,0
1765976278708854,0,0.630677,0.630605,0.630648,0.630574,54.2382,0,54.232,0,54.2357,0,54.2294,0
1765976278713869,0,0.630602,0.630657,0.630699,0.630753,54.2318,0,54.2365,0,54.2401,0,54.2447,0
1765976278718902,0,0.630671,0.630646,0.630709,0.630684,54.2377,0,54.2355,0,54.2409,0,54.2388,0
1765976278723880,0,0.630677,0.63076,0.630693,0.630775,54.2382,0,54.2454,0,54.2396,0,54.2466,0
1765976278728900,0,0.630738,0.630731,0.630722,0.630713,54.2435,0,54.2429,0,54.2421,0,54.2413,0
1765976278733870,0,0.630764,0.630807,0.630741,0.630785,54.2457,0,54.2494,0,54.2438,0,54.2475,0
1765976278738889,0,0.630812,0.630778,0.630771,0.630737,54.2499,0,54.2469,0,54.2463,0,54.2434,0
1765976278743851,0,0.630704,0.630858,0.630784,0.630937,54.2405,0,54.2538,0,54.2474,0,54.2605,0
1765976278748876,0,0.63079,0.630826,0.630816,0.630851,54.248,0,54.251,0,54.2502,0,54.2532,0
1765976278753853,0,0.630932,0.630851,0.630889,0.630807,54.2602,0,54.2532,0,54.2564,0,54.2494,0
1765976278758895,0,0.630957,0.630838,0.630902,0.630783,54.2623,0,54.2521,0,54.2576,0,54.2473,0
1765976278763891,0,0.630946,0.630902,0.63093,0.630886,54.2614,0,54.2575,0,54.26,0,54.2562,0
1765976278768901,0,0.630979,0.630889,0.630944,0.630854,54.2642,0,54.2564,0,54.2612,0,54.2534,0
1765976278773863,0,0.630892,0.630932,0.630985,0.631025,54.2567,0,54.2601,0,54.2647,0,54.2681,0
1765976278778916,0,0.630958,0.630925,0.630993,0.63096,54.2624,0,54.2595,0,54.2654,0,54.2626,0
1765976278783889,0,0.630957,0.631028,0.630971,0.631043,54.2623,0,54.2684,0,54.2635,0,54.2697,0
1765976278788872,0,0.631016,0.631003,0.630998,0.630985,54.2674,0,54.2662,0,54.2658,0,54.2647,0
1765976278793884,0,0.630988,0.631092,0.630991,0.631096,54.2649,0,54.2739,0,54.2653,0,54.2742,0
1765976278798909,0,0.631052,0.631058,0.631027,0.631033,54.2704,0,54.271,0,54.2683,0,54.2688,0
1765976278803928,0,0.631133,0.631076,0.631091,0.631034,54.2774,0,54.2725,0,54.2738,0,54.2689,0
1765976278808898,0,0.63116,0.631061,0.631107,0.631008,54.2798,0,54.2713,0,54.2752,0,54.2667,0
1765976278813886,0,0.631017,0.631142,0.631101,0.631227,54.2674,0,54.2782,0,54.2747,0,54.2855,0
1765976278818859,0,0.631097,0.631118,0.631127,0.631148,54.2744,0,54.2761,0,54.2769,0,54.2787,0
1765976278823901,0,0.631171,0.631133,0.63119,0.631153,54.2807,0,54.2775,0,54.2824,0,54.2791,0
1765976278828941,0,0.631213,0.631127,0.631199,0.631112,54.2844,0,54.2769,0,54.2831,0,54.2756,0
1765976278834083,0,0.631217,0.631231,0.631166,0.631181,54.2847,0,54.2859,0,54.2803,0,54.2816,0
1765976278838942,0,0.631255,0.631204,0.631196,0.631145,54.2879,0,54.2836,0,54.2828,0,54.2785,0
1765976278844051,0,0.631197,0.63122,0.631251,0.631274,54.2829,0,54.2849,0,54.2875,0,54.2895,0
1765976278848970,0,0.631254,0.631209,0.631263,0.631219,54.2878,0,54.284,0,54.2886,0,54.2849,0
1765976278853879,0,0.631225,0.631323,0.631214,0.631313,54.2853,0,54.2938,0,54.2844,0,54.2929,0
1765976278858885,0,0.631284,0.631289,0.631252,0.631256,54.2904,0,54.2908,0,54.2876,0,54.288,0
1765976278863811,0,0.631308,0.631292,0.631311,0.631295,54.2925,0,54.2911,0,54.2928,0,54.2914,0
1765976278868868,0,0.63135,0.631279,0.631327,0.631256,54.2961,0,54.29,0,54.2941,0,54.288,0
1765976278873914,0,0.631376,0.631295,0.631378,0.631297,54.2983,0,54.2914,0,54.2985,0,54.2915,0
1765976278878888,0,0.631405,0.631295,0.631381,0.631271,54.3008,0,54.2913,0,54.2988,0,54.2893,0
1765976278883864,0,0.631386,0.631386,0.631351,0.631351,54.2992,0,54.2992,0,54.2962,0,54.2962,0
1765976278888836,0,0.63142,0.631367,0.631374,0.631321,54.3021,0,54.2975,0,54.2982,0,54.2936,0
1765976278893861,0,0.631281,0.631438,0.631353,0.63151,54.2901,0,54.3037,0,54.2964,0,54.3099,0
1765976278898848,0,0.631361,0.63141,0.631386,0.631433,54.2971,0,54.3012,0,54.2992,0,54.3033,0
1765976278903808,0,0.631474,0.631427,0.631427,0.63138,54.3068,0,54.3027,0,54.3027,0,54.2986,0
1765976278908832,0,0.6315,0.631412,0.631446,0.631358,54.309,0,54.3014,0,54.3043,0,54.2968,0
1765976278913848,0,0.631355,0.631463,0.631443,0.631552,54.2965,0,54.3058,0,54.3041,0,54.3134,0
1765976278918841,0,0.63143,0.631445,0.631465,0.63148,54.303,0,54.3043,0,54.306,0,54.3073,0
1765976278923844,0,0.63153,0.631475,0.631488,0.631433,54.3116,0,54.3068,0,54.308,0,54.3033,0
1765976278928846,0,0.631556,0.631463,0.631504,0.631412,54.3138,0,54.3058,0,54.3093,0,54.3014,0
1765976278933817,0,0.631507,0.631504,0.63151,0.631507,54.3096,0,54.3093,0,54.3098,0,54.3096,0
1765976278938833,0,0.631547,0.631492,0.631527,0.631472,54.3131,0,54.3083,0,54.3113,0,54.3066,0
1765976278943832,0,0.631512,0.631546,0.631514,0.631549,54.3101,0,54.313,0,54.3102,0,54.3132,0
1765976278948796,0,0.631558,0.631528,0.631538,0.631508,54.314,0,54.3114,0,54.3122,0,54.3097,0
1765976278953828,0,0.631546,0.63155,0.63156,0.631564,54.3129,0,54.3133,0,54.3142,0,54.3145,0
1765976278958888,0,0.631588,0.631539,0.631576,0.631527,54.3166,0,54.3123,0,54.3156,0,54.3113,0
1765976278963828,0,0.631584,0.631601,0.631555,0.631572,54.3162,0,54.3177,0,54.3137,0,54.3152,0
1765976278968873,0,0.63162,0.63158,0.631581,0.63154,54.3194,0,54.3159,0,54.3159,0,54.3125,0
1765976278973854,0,0.631598,0.631576,0.63162,0.631599,54.3175,0,54.3156,0,54.3193,0,54.3175,0
1765976278978869,0,0.631636,0.631572,0.63163,0.631566,54.3207,0,54.3152,0,54.3202,0,54.3147,0
1765976278983895,0,0.631557,0.631672,0.631562,0.631677,54.3139,0,54.3238,0,54.3143,0,54.3242,0
1765976278988866,0,0.631615,0.631641,0.631598,0.631624,54.3189,0,54.3211,0,54.3175,0,54.3197,0
1765976278993874,0,0.631628,0.631629,0.631645,0.631646,54.32,0,54.3201,0,54.3215,0,54.3216,0
1765976278998906,0,0.63167,0.631619,0.631661,0.63161,54.3236,0,54.3193,0,54.3228,0,54.3185,0
1765976279003899,0,0.631576,0.63163,0.63168,0.631733,54.3156,0,54.3202,0,54.3245,0,54.329,0
1765976279008885,0,0.631643,0.631627,0.631689,0.631672,54.3213,0,54.3199,0,54.3252,0,54.3238,0
1765976279013921,0,0.631642,0.631673,0.631668,0.631699,54.3212,0,54.3238,0,54.3234,0,54.3261,0
1765976279018916,0,0.631693,0.631661,0.631685,0.631654,54.3256,0,54.3228,0,54.3249,0,54.3223,0
1765976279023835,0,0.631701,0.631692,0.63168,0.63167,54.3263,0,54.3255,0,54.3245,0,54.3237,0
1765976279028914,0,0.631737,0.63168,0.631699,0.631641,54.3294,0,54.3245,0,54.3261,0,54.3212,0
1765976279033907,0,0.631709,0.631709,0.631694,0.631693,54.3269,0,54.3269,0,54.3256,0,54.3256,0
1765976279038884,0,0.631745,0.631696,0.631713,0.631663,54.3301,0,54.3258,0,54.3273,0,54.323,0
1765976279043910,0,0.63172,0.631777,0.631652,0.631709,54.328,0,54.3328,0,54.3221,0,54.3269,0
1765976279048920,0,0.631756,0.631744,0.631691,0.631679,54.3311,0,54.33,0,54.3255,0,54.3244,0
1765976279053914,0,0.631716,0.631695,0.63176,0.631739,54.3276,0,54.3258,0,54.3314,0,54.3296,0
1765976279058904,0,0.631757,0.631695,0.631767,0.631705,54.3311,0,54.3258,0,54.332,0,54.3266,0
1765976279064060,0,0.631712,0.631761,0.631714,0.631763,54.3273,0,54.3314,0,54.3274,0,54.3316,0
1765976279069018,0,0.631759,0.631742,0.63174,0.631724,54.3312,0,54.3298,0,54.3296,0,54.3283,0
1765976279073925,0,0.631713,0.631727,0.631768,0.631781,54.3273,0,54.3285,0,54.332,0,54.3332,0
1765976279079095,0,0.631763,0.631724,0.631779,0.631739,54.3316,0,54.3282,0,54.333,0,54.3296,0
1765976279084110,0,0.631719,0.631756,0.631758,0.631796,54.3278,0,54.331,0,54.3312,0,54.3344,0
1765976279089057,0,0.631771,0.631747,0.631775,0.631751,54.3323,0,54.3302,0,54.3326,0,54.3306,0
1765976279094126,0,0.631739,0.631802,0.631727,0.63179,54.3295,0,54.335,0,54.3286,0,54.334,0
1765976279099130,0,0.631787,0.631779,0.631757,0.63175,54.3337,0,54.333,0,54.3311,0,54.3305,0
1765976279103951,0,0.631788,0.63176,0.631787,0.631759,54.3338,0,54.3313,0,54.3337,0,54.3313,0
1765976279109079,0,0.631822,0.631755,0.6318,0.631733,54.3367,0,54.3309,0,54.3348,0,54.3291,0
1765976279114097,0,0.631734,0.63178,0.631778,0.63182,54.3292,0,54.3331,0,54.3329,0,54.3365,0
1765976279118971,0,0.631787,0.63177,0.631795,0.631775,54.3337,0,54.3322,0,54.3343,0,54.3327,0
1765976279123893,0,0.631796,0.631792,0.631778,0.631773,54.3344,0,54.3341,0,54.3329,0,54.3325,0
1765976279128954,0,0.63183,0.631781,0.631798,0.631747,54.3374,0,54.3332,0,54.3346,0,54.3302,0
1765976279133904,0,0.631844,0.631792,0.631789,0.631735,54.3386,0,54.3341,0,54.3338,0,54.3292,0
1765976279138904,0,0.631861,0.631782,0.631806,0.631726,54.3401,0,54.3333,0,54.3353,0,54.3284,0
1765976279143875,0,0.631789,0.631804,0.631784,0.631799,54.3339,0,54.3351,0,54.3334,0,54.3347,0
1765976279148881,0,0.631825,0.631792,0.631804,0.631771,54.3369,0,54.3341,0,54.3351,0,54.3323,0
1765976279153886,0,0.631804,0.631764,0.631828,0.631789,54.3351,0,54.3317,0,54.3372,0,54.3338,0
1765976279158910,0,0.631834,0.631767,0.631833,0.631766,54.3378,0,54.332,0,54.3377,0,54.3319,0
1765976279163913,0,0.631808,0.631781,0.631817,0.631788,54.3355,0,54.3332,0,54.3363,0,54.3338,0
1765976279168901,0,0.631837,0.631781,0.631826,0.631768,54.338,0,54.3331,0,54.337,0,54.332,0
1765976279173913,0,0.631772,0.631832,0.631768,0.631828,54.3324,0,54.3376,0,54.332,0,54.3372,0
1765976279178908,0,0.631813,0.631815,0.631794,0.631795,54.336,0,54.3361,0,54.3343,0,54.3343,0
1765976279183829,0,0.631755,0.631817,0.631782,0.631843,54.3309,0,54.3363,0,54.3332,0,54.3385,0
1765976279188898,0,0.631803,0.631804,0.631803,0.631804,54.3351,0,54.3351,0,54.3351,0,54.3351,0
1765976279193890,0,0.631779,0.631806,0.631791,0.631819,54.333,0,54.3353,0,54.334,0,54.3364,0
1765976279198926,0,0.631819,0.631796,0.63181,0.631787,54.3365,0,54.3345,0,54.3356,0,54.3337,0
1765976279203909,0,0.631795,0.63184,0.631753,0.631799,54.3343,0,54.3382,0,54.3308,0,54.3347,0
1765976279208904,0,0.631828,0.631817,0.631785,0.631774,54.3372,0,54.3363,0,54.3335,0,54.3326,0
1765976279213913,0,0.631777,0.631782,0.631807,0.631811,54.3328,0,54.3332,0,54.3354,0,54.3357,0
1765976279218903,0,0.631816,0.631778,0.63182,0.631781,54.3362,0,54.3329,0,54.3365,0,54.3332,0
1765976279223905,0,0.631782,0.631811,0.631774,0.631802,54.3333,0,54.3357,0,54.3325,0,54.3349,0
1765976279228906,0,0.631819,0.631796,0.631797,0.631775,54.3364,0,54.3345,0,54.3345,0,54.3326,0
1765976279233903,0,0.631742,0.631796,0.631777,0.631832,54.3298,0,54.3345,0,54.3328,0,54.3375,0
1765976279238908,0,0.631791,0.631785,0.631798,0.631792,54.334,0,54.3335,0,54.3346,0,54.3341,0
1765976279244092,0,0.631744,0.631775,0.63179,0.631821,54.33,0,54.3327,0,54.3339,0,54.3366,0
1765976279249132,0,0.631792,0.63177,0.631805,0.631783,54.3341,0,54.3322,0,54.3352,0,54.3333,0
1765976279253950,0,0.631717,0.631762,0.631793,0.631839,54.3276,0,54.3316,0,54.3342,0,54.3381,0
1765976279259088,0,0.631773,0.63176,0.631804,0.631791,54.3325,0,54.3314,0,54.3351,0,54.334,0
1765976279264018,0,0.631762,0.631796,0.631748,0.631782,54.3316,0,54.3345,0,54.3303,0,54.3332,0
1765976279269000,0,0.631802,0.631781,0.631772,0.631751,54.335,0,54.3332,0,54.3324,0,54.3306,0
1765976279274026,0,0.63178,0.631758,0.631774,0.631751,54.3331,0,54.3312,0,54.3325,0,54.3306,0
1765976279279017,0,0.631811,0.631754,0.631787,0.63173,54.3357,0,54.3308,0,54.3337,0,54.3288,0
1765976279284061,0,0.631756,0.631785,0.631731,0.631761,54.331,0,54.3335,0,54.3289,0,54.3314,0
1765976279289054,0,0.631791,0.631769,0.631757,0.631735,54.334,0,54.3321,0,54.3311,0,54.3292,0
1765976279293974,0,0.631764,0.631751,0.63175,0.631736,54.3317,0,54.3305,0,54.3305,0,54.3293,0
1765976279299128,0,0.631793,0.631743,0.631767,0.631717,54.3342,0,54.3299,0,54.3319,0,54.3276,0
1765976279303951,0,0.631758,0.631702,0.631784,0.631727,54.3312,0,54.3263,0,54.3334,0,54.3285,0
1765976279309053,0,0.631785,0.631709,0.631785,0.631709,54.3335,0,54.327,0,54.3335,0,54.327,0
1765976279314119,0,0.631727,0.631766,0.6317,0.631739,54.3286,0,54.3319,0,54.3262,0,54.3296,0
1765976279318962,0,0.631761,0.631749,0.631726,0.631715,54.3314,0,54.3304,0,54.3285,0,54.3275,0
1765976279323958,0,0.631734,0.631682,0.631765,0.631714,54.3291,0,54.3247,0,54.3318,0,54.3274,0
1765976279328909,0,0.631761,0.631691,0.631766,0.631696,54.3315,0,54.3254,0,54.3319,0,54.3259,0
1765976279333904,0,0.631676,0.631743,0.631683,0.631751,54.3241,0,54.3299,0,54.3247,0,54.3306,0
1765976279338911,0,0.631719,0.631728,0.631708,0.631717,54.3279,0,54.3286,0,54.3269,0,54.3277,0
1765976279344046,0,0.631746,0.631665,0.631742,0.631662,54.3301,0,54.3232,0,54.3298,0,54.3229,0
1765976279349174,0,0.631761,0.631674,0.631743,0.631656,54.3315,0,54.324,0,54.3299,0,54.3224,0
1765976279353956,0,0.631728,0.631684,0.6317,0.631656,54.3286,0,54.3248,0,54.3262,0,54.3224,0
1765976279358948,0,0.631743,0.631684,0.63171,0.63165,54.3299,0,54.3248,0,54.3271,0,54.3219,0
1765976279364114,0,0.631648,0.631713,0.631648,0.631713,54.3217,0,54.3273,0,54.3217,0,54.3274,0
1765976279369121,0,0.631686,0.631698,0.631672,0.631685,54.325,0,54.326,0,54.3238,0,54.3249,0
1765976279373943,0,0.631639,0.631678,0.631658,0.631697,54.3209,0,54.3243,0,54.3226,0,54.326,0
1765976279378959,0,0.631676,0.63167,0.631675,0.631669,54.3241,0,54.3237,0,54.3241,0,54.3235,0
1765976279384065,0,0.631618,0.631678,0.631633,0.631693,54.3191,0,54.3243,0,54.3204,0,54.3256,0
1765976279388947,0,0.631659,0.631665,0.631654,0.631661,54.3227,0,54.3232,0,54.3223,0,54.3228,0
1765976279393889,0,0.631647,0.631664,0.631622,0.63164,54.3216,0,54.3231,0,54.3195,0,54.321,0
1765976279398903,0,0.631674,0.631652,0.631644,0.631622,54.324,0,54.322,0,54.3214,0,54.3195,0
1765976279403923,0,0.631639,0.631618,0.631638,0.631619,54.321,0,54.3192,0,54.3209,0,54.3192,0
1765976279408908,0,0.631663,0.631616,0.63165,0.631604,54.323,0,54.319,0,54.3219,0,54.318,0
1765976279413900,0,0.631592,0.63158,0.631651,0.63164,54.3169,0,54.3159,0,54.322,0,54.321,0
1765976279418910,0,0.631627,0.631588,0.631652,0.631614,54.3199,0,54.3166,0,54.3221,0,54.3188,0
1765976279423893,0,0.631605,0.631639,0.631562,0.631595,54.318,0,54.321,0,54.3143,0,54.3172,0
1765976279428848,0,0.63163,0.631622,0.631588,0.63158,54.3202,0,54.3195,0,54.3166,0,54.3158,0
1765976279433897,0,0.631567,0.631573,0.631601,0.631606,54.3148,0,54.3153,0,54.3177,0,54.3181,0
1765976279438860,0,0.631601,0.631573,0.63161,0.631582,54.3177,0,54.3153,0,54.3184,0,54.3161,0
1765976279443897,0,0.631555,0.631544,0.631601,0.63159,54.3137,0,54.3128,0,54.3177,0,54.3167,0
1765976279448954,0,0.631588,0.631551,0.631604,0.631566,54.3166,0,54.3134,0,54.3179,0,54.3147,0
1765976279453931,0,0.631549,0.631566,0.631547,0.631564,54.3132,0,54.3147,0,54.313,0,54.3145,0
1765976279458907,0,0.631579,0.631561,0.631562,0.631544,54.3158,0,54.3142,0,54.3143,0,54.3127,0
1765976279463859,0,0.631543,0.631605,0.631474,0.631538,54.3127,0,54.3181,0,54.3068,0,54.3123,0
1765976279468884,0,0.631568,0.631579,0.63151,0.631522,54.3149,0,54.3158,0,54.3099,0,54.3109,0
1765976279473890,0,0.631483,0.631532,0.631519,0.631568,54.3076,0,54.3118,0,54.3107,0,54.3148,0
1765976279478917,0,0.631525,0.631525,0.631536,0.631536,54.3111,0,54.3111,0,54.3121,0,54.3121,0
1765976279483910,0,0.631537,0.631534,0.631483,0.631481,54.3122,0,54.3119,0,54.3076,0,54.3073,0
1765976279488899,0,0.631554,0.63152,0.631507,0.631473,54.3136,0,54.3107,0,54.3096,0,54.3067,0
1765976279493862,0,0.631441,0.631497,0.631487,0.631543,54.3039,0,54.3088,0,54.3079,0,54.3127,0
1765976279498895,0,0.631485,0.631489,0.631504,0.631509,54.3077,0,54.3081,0,54.3094,0,54.3097,0
1765976279503822,0,0.631497,0.631445,0.631506,0.631454,54.3087,0,54.3043,0,54.3095,0,54.3051,0
1765976279508871,0,0.631516,0.63145,0.63151,0.631444,54.3104,0,54.3047,0,54.3098,0,54.3042,0
1765976279513907,0,0.631442,0.631445,0.631473,0.631477,54.304,0,54.3043,0,54.3067,0,54.307,0
1765976279518902,0,0.631474,0.631446,0.631482,0.631454,54.3067,0,54.3044,0,54.3074,0,54.3051,0
1765976279523895,0,0.631443,0.631454,0.631429,0.631441,54.3041,0,54.3051,0,54.3029,0,54.3039,0
1765976279528880,0,0.631468,0.631446,0.631446,0.631425,54.3062,0,54.3044,0,54.3044,0,54.3025,0
1765976279533907,0,0.631405,0.631389,0.631461,0.631445,54.3008,0,54.2995,0,54.3056,0,54.3043,0
1765976279538822,0,0.631437,0.631398,0.631461,0.631422,54.3036,0,54.3002,0,54.3056,0,54.3023,0
1765976279544027,0,0.631395,0.631475,0.631341,0.63142,54.3,0,54.3069,0,54.2953,0,54.3021,0
1765976279548921,0,0.631425,0.631448,0.631376,0.631399,54.3026,0,54.3045,0,54.2983,0,54.3003,0
1765976279553933,0,0.631354,0.631379,0.631405,0.63143,54.2964,0,54.2986,0,54.3008,0,54.303,0
1765976279558963,0,0.631393,0.631379,0.631414,0.6314,54.2998,0,54.2986,0,54.3016,0,54.3004,0
1765976279563898,0,0.631342,0.631402,0.631344,0.631405,54.2954,0,54.3006,0,54.2955,0,54.3008,0
1765976279568846,0,0.631379,0.631387,0.631367,0.631376,54.2986,0,54.2993,0,54.2976,0,54.2983,0
1765976279573925,0,0.631399,0.631335,0.631378,0.631312,54.3003,0,54.2948,0,54.2985,0,54.2929,0
1765976279578897,0,0.631411,0.631337,0.631384,0.63131,54.3013,0,54.295,0,54.299,0,54.2927,0
1765976279583878,0,0.631328,0.631303,0.631373,0.631348,54.2942,0,54.2921,0,54.2981,0,54.2959,0
1765976279588889,0,0.631356,0.631312,0.631373,0.631329,54.2966,0,54.2928,0,54.2981,0,54.2943,0
1765976279593845,0,0.631323,0.631316,0.631323,0.631315,54.2938,0,54.2932,0,54.2938,0,54.2931,0
1765976279598902,0,0.631346,0.631315,0.631333,0.631301,54.2958,0,54.2931,0,54.2946,0,54.2919,0
1765976279603844,0,0.63131,0.631325,0.631279,0.631294,54.2926,0,54.294,0,54.29,0,54.2913,0
1765976279608895,0,0.631331,0.631315,0.631299,0.631282,54.2944,0,54.2931,0,54.2917,0,54.2903,0
1765976279613846,0,0.631277,0.631308,0.63126,0.631291,54.2898,0,54.2925,0,54.2884,0,54.291,0
1765976279618856,0,0.631302,0.631296,0.63128,0.631274,54.292,0,54.2915,0,54.2901,0,54.2896,0
1765976279623854,0,0.631242,0.631234,0.631297,0.63129,54.2868,0,54.2861,0,54.2916,0,54.2909,0
1765976279628804,0,0.631273,0.631242,0.631298,0.631267,54.2895,0,54.2868,0,54.2916,0,54.289,0
1765976279633841,0,0.631237,0.631292,0.631205,0.63126,54.2864,0,54.2911,0,54.2836,0,54.2883,0
1765976279638837,0,0.631264,0.631273,0.631231,0.631241,54.2887,0,54.2895,0,54.2859,0,54.2867,0
1765976279643855,0,0.631246,0.631219,0.631242,0.631216,54.2871,0,54.2848,0,54.2868,0,54.2846,0
1765976279648876,0,0.631263,0.631219,0.631251,0.631207,54.2886,0,54.2848,0,54.2875,0,54.2838,0
1765976279653920,0,0.631186,0.631213,0.631212,0.631239,54.282,0,54.2843,0,54.2842,0,54.2866,0
1765976279658904,0,0.631217,0.631209,0.631223,0.631216,54.2847,0,54.284,0,54.2852,0,54.2846,0
1765976279663876,0,0.631147,0.63124,0.631149,0.631243,54.2786,0,54.2867,0,54.2789,0,54.2869,0
1765976279668891,0,0.631187,0.63122,0.631177,0.631211,54.2821,0,54.285,0,54.2813,0,54.2842,0
1765976279673912,0,0.631187,0.631147,0.631206,0.631166,54.2821,0,54.2786,0,54.2837,0,54.2803,0
1765976279678895,0,0.631207,0.631153,0.631208,0.631154,54.2838,0,54.2791,0,54.2839,0,54.2792,0
1765976279683923,0,0.631162,0.63114,0.631178,0.631155,54.2799,0,54.278,0,54.2813,0,54.2793,0
1765976279688913,0,0.631184,0.631143,0.631182,0.631141,54.2818,0,54.2783,0,54.2817,0,54.2782,0
1765976279693818,0,0.63114,0.63117,0.631114,0.631144,54.278,0,54.2806,0,54.2758,0,54.2783,0
1765976279698916,0,0.631163,0.631157,0.631134,0.631128,54.28,0,54.2795,0,54.2776,0,54.2771,0
1765976279703827,0,0.631125,0.631117,0.631131,0.631123,54.2767,0,54.276,0,54.2772,0,54.2765,0
1765976279708867,0,0.631146,0.631115,0.63114,0.631109,54.2786,0,54.2759,0,54.278,0,54.2754,0
1765976279713915,0,0.63106,0.631115,0.631098,0.631154,54.2711,0,54.2759,0,54.2745,0,54.2793,0
1765976279718955,0,0.631098,0.631109,0.631112,0.631123,54.2745,0,54.2753,0,54.2757,0,54.2766,0
1765976279723875,0,0.631099,0.631055,0.631124,0.631081,54.2745,0,54.2708,0,54.2767,0,54.273,0
1765976279728913,0,0.631119,0.631065,0.631123,0.631069,54.2762,0,54.2716,0,54.2766,0,54.2719,0
1765976279733922,0,0.631081,0.63109,0.631052,0.631062,54.273,0,54.2738,0,54.2705,0,54.2713,0
1765976279738860,0,0.631099,0.631081,0.631069,0.631051,54.2745,0,54.273,0,54.2719,0,54.2704,0
1765976279743895,0,0.631037,0.631084,0.631026,0.631074,54.2691,0,54.2732,0,54.2683,0,54.2724,0
1765976279748897,0,0.631064,0.631071,0.631047,0.631054,54.2715,0,54.2721,0,54.27,0,54.2706,0
1765976279753859,0,0.631068,0.631047,0.631027,0.631007,54.2718,0,54.2701,0,54.2683,0,54.2666,0
1765976279758910,0,0.631078,0.63104,0.631042,0.631004,54.2727,0,54.2694,0,54.2696,0,54.2663,0
1765976279763914,0,0.631021,0.631019,0.631023,0.63102,54.2678,0,54.2676,0,54.268,0,54.2677,0
1765976279768879,0,0.631041,0.631015,0.631033,0.631008,54.2695,0,54.2673,0,54.2689,0,54.2667,0
1765976279773925,0,0.630977,0.631001,0.631007,0.631031,54.264,0,54.2661,0,54.2666,0,54.2687,0
1765976279778913,0,0.631006,0.630998,0.631017,0.631009,54.2665,0,54.2659,0,54.2675,0,54.2668,0
1765976279783852,0,0.630998,0.631008,0.630964,0.630976,54.2658,0,54.2667,0,54.2629,0,54.2639,0
1765976279788913,0,0.631013,0.630997,0.630983,0.630967,54.2671,0,54.2657,0,54.2645,0,54.2632,0
1765976279793923,0,0.630962,0.63096,0.630983,0.630981,54.2627,0,54.2625,0,54.2645,0,54.2643,0
1765976279798876,0,0.630984,0.63096,0.63099,0.630965,54.2646,0,54.2625,0,54.2651,0,54.263,0
1765976279803929,0,0.630961,0.630982,0.630928,0.630948,54.2626,0,54.2644,0,54.2598,0,54.2615,0
1765976279808851,0,0.630977,0.630968,0.630948,0.630938,54.264,0,54.2633,0,54.2616,0,54.2607,0
1765976279813874,0,0.630905,0.630914,0.630968,0.630975,54.2578,0,54.2586,0,54.2633,0,54.2639,0
1765976279818962,0,0.630936,0.630919,0.630969,0.630951,54.2605,0,54.259,0,54.2634,0,54.2618,0
1765976279823846,0,0.630934,0.630923,0.630923,0.630911,54.2604,0,54.2594,0,54.2594,0,54.2583,0
1765976279828916,0,0.630949,0.63092,0.630933,0.630903,54.2616,0,54.2591,0,54.2603,0,54.2576,0
1765976279833850,0,0.630907,0.630852,0.630963,0.630907,54.258,0,54.2533,0,54.2628,0,54.258,0
1765976279838823,0,0.630925,0.630869,0.630952,0.630895,54.2595,0,54.2547,0,54.2619,0,54.257,0
1765976279843840,0,0.630866,0.630924,0.630861,0.630918,54.2545,0,54.2595,0,54.254,0,54.259,0
1765976279848840,0,0.630893,0.630912,0.630879,0.630898,54.2568,0,54.2584,0,54.2556,0,54.2572,0
1765976279853819,0,0.630894,0.630869,0.630883,0.630858,54.2569,0,54.2548,0,54.2559,0,54.2538,0
1765976279858837,0,0.630906,0.63087,0.630889,0.630853,54.2579,0,54.2548,0,54.2564,0,54.2533,0
1765976279863872,0,0.630852,0.630901,0.630826,0.630874,54.2533,0,54.2574,0,54.251,0,54.2551,0
1765976279868799,0,0.630873,0.630885,0.630847,0.630859,54.2551,0,54.2561,0,54.2528,0,54.2539,0
1765976279873858,0,0.630839,0.630839,0.630855,0.630854,54.2522,0,54.2521,0,54.2535,0,54.2535,0
1765976279878895,0,0.630859,0.630838,0.630861,0.63084,54.2539,0,54.2521,0,54.2541,0,54.2523,0
1765976279883901,0,0.630854,0.630841,0.630825,0.630812,54.2534,0,54.2523,0,54.2509,0,54.2498,0
1765976279888886,0,0.630863,0.630835,0.630836,0.630808,54.2542,0,54.2518,0,54.2519,0,54.2495,0
1765976279893836,0,0.630786,0.63082,0.630818,0.630853,54.2476,0,54.2505,0,54.2504,0,54.2533,0
1765976279898899,0,0.630814,0.630817,0.630827,0.630831,54.25,0,54.2503,0,54.2512,0,54.2514,0
1765976279903840,0,0.6308,0.630785,0.630824,0.630809,54.2488,0,54.2475,0,54.2509,0,54.2495,0
1765976279908897,0,0.630818,0.630789,0.630825,0.630796,54.2503,0,54.2478,0,54.251,0,54.2485,0
1765976279913967,0,0.630774,0.630847,0.630738,0.630811,54.2466,0,54.2528,0,54.2435,0,54.2497,0
1765976279918963,0,0.630797,0.630825,0.630765,0.630793,54.2486,0,54.251,0,54.2458,0,54.2482,0
1765976279923841,0,0.630786,0.630764,0.630794,0.630771,54.2476,0,54.2457,0,54.2483,0,54.2463,0
1765976279928902,0,0.6308,0.630765,0.630798,0.630763,54.2488,0,54.2458,0,54.2486,0,54.2456,0
1765976279934088,0,0.630751,0.630754,0.630776,0.630779,54.2446,0,54.2448,0,54.2467,0,54.247,0
1765976279938856,0,0.630772,0.630754,0.630781,0.630763,54.2464,0,54.2449,0,54.2471,0,54.2456,0
1765976279943835,0,0.630719,0.630741,0.630764,0.630786,54.2419,0,54.2437,0,54.2457,0,54.2476,0
1765976279948806,0,0.630748,0.630742,0.630768,0.630763,54.2443,0,54.2438,0,54.2461,0,54.2456,0
1765976279953835,0,0.630752,0.63071,0.63077,0.630728,54.2447,0,54.2411,0,54.2462,0,54.2426,0
1765976279958820,0,0.630765,0.630719,0.630766,0.63072,54.2458,0,54.2418,0,54.2459,0,54.2419,0
1765976279963822,0,0.630728,0.630765,0.630691,0.630728,54.2426,0,54.2458,0,54.2395,0,54.2426,0
1765976279968864,0,0.630744,0.630751,0.630711,0.630717,54.244,0,54.2446,0,54.2412,0,54.2416,0
1765976279973848,0,0.630708,0.630708,0.630726,0.630726,54.2409,0,54.2409,0,54.2425,0,54.2424,0
1765976279978896,0,0.630727,0.630709,0.63073,0.630712,54.2425,0,54.241,0,54.2428,0,54.2412,0
1765976279983911,0,0.630722,0.630715,0.630692,0.630686,54.2421,0,54.2415,0,54.2395,0,54.239,0
1765976279988858,0,0.630731,0.630709,0.630703,0.630681,54.2429,0,54.241,0,54.2405,0,54.2386,0
1765976279993815,0,0.630668,0.630728,0.63066,0.63072,54.2374,0,54.2426,0,54.2367,0,54.2419,0
1765976279998884,0,0.630692,0.630713,0.630679,0.6307,54.2395,0,54.2413,0,54.2384,0,54.2402,0
1765976280003821,0,0.630685,0.630631,0.630733,0.630679,54.2389,0,54.2343,0,54.243,0,54.2384,0
1765976280008839,0,0.630699,0.630646,0.630723,0.630669,54.2401,0,54.2355,0,54.2421,0,54.2375,0
1765976280013844,0,0.63067,0.630706,0.630637,0.630674,54.2376,0,54.2407,0,54.2348,0,54.2379,0
1765976280018828,0,0.630686,0.630692,0.630656,0.630662,54.239,0,54.2395,0,54.2364,0,54.237,0
1765976280023859,0,0.630655,0.630691,0.630633,0.630669,54.2363,0,54.2394,0,54.2344,0,54.2375,0
1765976280028855,0,0.630672,0.630677,0.630651,0.630656,54.2378,0,54.2383,0,54.236,0,54.2364,0
1765976280033851,0,0.630643,0.630608,0.630692,0.630657,54.2353,0,54.2323,0,54.2395,0,54.2365,0
1765976280038839,0,0.63066,0.630619,0.630685,0.630644,54.2368,0,54.2332,0,54.2389,0,54.2354,0
1765976280043849,0,0.630644,0.630613,0.630668,0.630637,54.2354,0,54.2327,0,54.2375,0,54.2347,0
1765976280048878,0,0.630657,0.63062,0.630665,0.630628,54.2365,0,54.2334,0,54.2371,0,54.234,0
1765976280053896,0,0.630642,0.630662,0.6306,0.63062,54.2352,0,54.2369,0,54.2316,0,54.2333,0
1765976280058889,0,0.630652,0.630649,0.630616,0.630614,54.2361,0,54.2359,0,54.233,0,54.2328,0
1765976280063872,0,0.630592,0.630631,0.630614,0.630654,54.2309,0,54.2343,0,54.2328,0,54.2362,0
1765976280068878,0,0.630616,0.630626,0.630624,0.630633,54.233,0,54.2338,0,54.2336,0,54.2345,0
1765976280073887,0,0.63063,0.630617,0.630609,0.630596,54.2342,0,54.2331,0,54.2323,0,54.2313,0
1765976280078861,0,0.630638,0.630613,0.630617,0.630592,54.2348,0,54.2327,0,54.233,0,54.2309,0
1765976280083915,0,0.630615,0.630631,0.630578,0.630593,54.2329,0,54.2343,0,54.2297,0,54.231,0
1765976280088891,0,0.630624,0.630619,0.630594,0.630588,54.2337,0,54.2332,0,54.2311,0,54.2306,0
1765976280093931,0,0.630581,0.630591,0.630603,0.630612,54.23,0,54.2308,0,54.2318,0,54.2327,0
1765976280098901,0,0.630599,0.630589,0.630608,0.630598,54.2315,0,54.2307,0,54.2323,0,54.2314,0
1765976280103871,0,0.630593,0.630594,0.630583,0.630584,54.231,0,54.2311,0,54.2301,0,54.2302,0
1765976280108934,0,0.630604,0.630589,0.630592,0.630577,54.2319,0,54.2306,0,54.2309,0,54.2296,0
1765976280114098,0,0.630537,0.630566,0.6306,0.63063,54.2262,0,54.2287,0,54.2316,0,54.2342,0
1765976280118962,0,0.630566,0.630568,0.630601,0.630604,54.2287,0,54.2289,0,54.2317,0,54.232,0
1765976280123928,0,0.630551,0.630581,0.630569,0.630601,54.2274,0,54.23,0,54.229,0,54.2316,0
1765976280128924,0,0.630573,0.630576,0.630578,0.630581,54.2293,0,54.2296,0,54.2297,0,54.23,0
1765976280133841,0,0.630575,0.630572,0.630563,0.630561,54.2295,0,54.2292,0,54.2284,0,54.2282,0
1765976280138846,0,0.630587,0.630567,0.630571,0.630552,54.2305,0,54.2288,0,54.2291,0,54.2275,0
1765976280143843,0,0.630549,0.63056,0.63056,0.630571,54.2273,0,54.2282,0,54.2282,0,54.2291,0
1765976280148813,0,0.630567,0.630557,0.630566,0.630557,54.2288,0,54.2279,0,54.2287,0,54.2279,0
1765976280153809,0,0.630577,0.630524,0.630582,0.630529,54.2297,0,54.225,0,54.2301,0,54.2255,0
1765976280158846,0,0.630582,0.630531,0.630578,0.630527,54.2301,0,54.2257,0,54.2297,0,54.2253,0
1765976280163827,0,0.630557,0.630588,0.630508,0.630538,54.2279,0,54.2305,0,54.2237,0,54.2263,0
1765976280168845,0,0.630566,0.630571,0.630527,0.630532,54.2287,0,54.2291,0,54.2253,0,54.2258,0
1765976280173844,0,0.630546,0.630543,0.63054,0.630538,54.2269,0,54.2267,0,54.2264,0,54.2263,0
1765976280178827,0,0.630556,0.630539,0.630547,0.630531,54.2278,0,54.2264,0,54.227,0,54.2256,0
1765976280183846,0,0.630537,0.630533,0.630542,0.630538,54.2262,0,54.2258,0,54.2266,0,54.2263,0
1765976280188857,0,0.630548,0.630531,0.630546,0.630529,54.2271,0,54.2257,0,54.227,0,54.2255,0
1765976280193826,0,0.63052,0.630518,0.630546,0.630543,54.2248,0,54.2245,0,54.2269,0,54.2267,0
1765976280198843,0,0.630535,0.63052,0.630547,0.63053,54.226,0,54.2247,0,54.227,0,54.2256,0
1765976280203816,0,0.630525,0.630549,0.630503,0.630527,54.2251,0,54.2272,0,54.2233,0,54.2253,0
1765976280208816,0,0.630536,0.630538,0.630516,0.630518,54.2261,0,54.2263,0,54.2244,0,54.2245,0
1765976280213843,0,0.630513,0.630519,0.630525,0.630531,54.2241,0,54.2247,0,54.2252,0,54.2257,0
1765976280218828,0,0.630527,0.630517,0.63053,0.63052,54.2253,0,54.2245,0,54.2256,0,54.2247,0
1765976280223824,0,0.630501,0.630502,0.630534,0.630534,54.2231,0,54.2232,0,54.2259,0,54.2259,0
1765976280228846,0,0.630518,0.630505,0.630533,0.63052,54.2245,0,54.2234,0,54.2259,0,54.2247,0
1765976280233857,0,0.630521,0.63054,0.630486,0.630505,54.2248,0,54.2265,0,54.2218,0,54.2234,0
1765976280238819,0,0.63053,0.630528,0.630501,0.630499,54.2256,0,54.2254,0,54.2231,0,54.2229,0
1765976280243904,0,0.630495,0.630501,0.630518,0.630524,54.2226,0,54.2231,0,54.2246,0,54.225,0
1765976280248910,0,0.630511,0.630501,0.630521,0.63051,54.224,0,54.2231,0,54.2248,0,54.2239,0
1765976280253912,0,0.630497,0.630485,0.630529,0.630516,54.2227,0,54.2217,0,54.2255,0,54.2244,0
1765976280258954,0,0.630512,0.63049,0.630526,0.630504,54.224,0,54.2221,0,54.2252,0,54.2233,0
1765976280263967,0,0.630473,0.630531,0.630479,0.630538,54.2207,0,54.2257,0,54.2212,0,54.2262,0
1765976280268913,0,0.630496,0.63052,0.630493,0.630517,54.2227,0,54.2247,0,54.2224,0,54.2245,0
1765976280273952,0,0.63051,0.630498,0.630504,0.630493,54.2239,0,54.2228,0,54.2234,0,54.2224,0
1765976280278908,0,0.630519,0.630496,0.630508,0.630486,54.2246,0,54.2227,0,54.2237,0,54.2218,0
1765976280283948,0,0.630515,0.630509,0.63049,0.630484,54.2243,0,54.2238,0,54.2221,0,54.2216,0
1765976280288971,0,0.630521,0.630502,0.630498,0.63048,54.2248,0,54.2232,0,54.2228,0,54.2213,0
1765976280293973,0,0.630477,0.630485,0.630507,0.630515,54.221,0,54.2217,0,54.2236,0,54.2243,0
1765976280298936,0,0.630494,0.630486,0.630508,0.6305,54.2225,0,54.2218,0,54.2237,0,54.223,0
1765976280303928,0,0.63048,0.63048,0.63051,0.63051,54.2213,0,54.2213,0,54.2239,0,54.2239,0
1765976280308993,0,0.630497,0.630483,0.630509,0.630495,54.2227,0,54.2215,0,54.2238,0,54.2226,0
1765976280313951,0,0.630489,0.630502,0.630485,0.630498,54.222,0,54.2232,0,54.2217,0,54.2229,0
1765976280318947,0,0.630502,0.630497,0.630492,0.630487,54.2232,0,54.2227,0,54.2223,0,54.2219,0
1765976280323951,0,0.630497,0.63046,0.630524,0.630487,54.2228,0,54.2196,0,54.2251,0,54.2219,0
1765976280329114,0,0.630507,0.63047,0.630517,0.630479,54.2236,0,54.2204,0,54.2244,0,54.2212,0
1765976280333937,0,0.630502,0.63051,0.630471,0.630479,54.2232,0,54.2239,0,54.2205,0,54.2212,0
1765976280339074,0,0.630509,0.630502,0.630481,0.630474,54.2237,0,54.2232,0,54.2214,0,54.2208,0
1765976280343974,0,0.630487,0.630522,0.630459,0.630493,54.2219,0,54.2249,0,54.2194,0,54.2224,0
1765976280349017,0,0.630498,0.630508,0.630473,0.630484,54.2228,0,54.2237,0,54.2207,0,54.2216,0
1765976280353851,0,0.630484,0.630488,0.630489,0.630494,54.2216,0,54.2219,0,54.2221,0,54.2224,0
1765976280359021,0,0.630495,0.630485,0.630494,0.630483,54.2226,0,54.2217,0,54.2225,0,54.2216,0
1765976280363956,0,0.630498,0.630478,0.630496,0.630476,54.2228,0,54.2211,0,54.2226,0,54.2209,0
1765976280369061,0,0.630504,0.630479,0.630497,0.630471,54.2233,0,54.2211,0,54.2227,0,54.2205,0
1765976280374023,0,0.630495,0.630509,0.630465,0.630479,54.2226,0,54.2238,0,54.22,0,54.2212,0
1765976280378995,0,0.630501,0.630498,0.630477,0.630474,54.2231,0,54.2229,0,54.221,0,54.2208,0
1765976280384077,0,0.630495,0.630506,0.630468,0.630479,54.2225,0,54.2235,0,54.2203,0,54.2212,0
1765976280389023,0,0.6305,0.630495,0.63048,0.630474,54.223,0,54.2226,0,54.2212,0,54.2208,0
1765976280394105,0,0.630456,0.630501,0.630475,0.630521,54.2192,0,54.2231,0,54.2209,0,54.2248,0
1765976280399120,0,0.630476,0.630492,0.630485,0.630502,54.2209,0,54.2224,0,54.2217,0,54.2232,0
1765976280404070,0,0.630481,0.630461,0.630517,0.630497,54.2214,0,54.2197,0,54.2244,0,54.2228,0
1765976280409127,0,0.630493,0.630467,0.630512,0.630487,54.2224,0,54.2201,0,54.2241,0,54.2218,0
1765976280414114,0,0.630488,0.630501,0.630477,0.63049,54.2219,0,54.2231,0,54.221,0,54.2222,0
1765976280419101,0,0.630497,0.630493,0.630486,0.630482,54.2228,0,54.2224,0,54.2218,0,54.2214,0
1765976280423964,0,0.630473,0.630468,0.630512,0.630507,54.2207,0,54.2203,0,54.224,0,54.2236,0
1765976280429003,0,0.630488,0.630472,0.630509,0.630493,54.222,0,54.2206,0,54.2238,0,54.2224,0
1765976280433979,0,0.630513,0.630487,0.630495,0.63047,54.2241,0,54.2219,0,54.2226,0,54.2204,0
1765976280439054,0,0.630514,0.630486,0.630498,0.63047,54.2242,0,54.2218,0,54.2228,0,54.2204,0
1765976280444114,0,0.630489,0.630503,0.630481,0.630496,54.222,0,54.2233,0,54.2214,0,54.2227,0
1765976280449118,0,0.630498,0.630497,0.630489,0.630487,54.2228,0,54.2227,0,54.222,0,54.2219,0
1765976280454078,0,0.630511,0.630502,0.630484,0.630475,54.224,0,54.2232,0,54.2216,0,54.2208,0
1765976280459085,0,0.630513,0.630496,0.630491,0.630474,54.2241,0,54.2227,0,54.2222,0,54.2208,0
1765976280464064,0,0.630484,0.630477,0.630511,0.630504,54.2216,0,54.221,0,54.2239,0,54.2233,0
1765976280469020,0,0.630495,0.63048,0.630509,0.630494,54.2225,0,54.2213,0,54.2238,0,54.2225,0
1765976280474013,0,0.630481,0.630449,0.630545,0.630513,54.2213,0,54.2186,0,54.2268,0,54.2241,0
1765976280479100,0,0.630494,0.630464,0.630531,0.630501,54.2225,0,54.2199,0,54.2256,0,54.2231,0
1765976280484116,0,0.63052,0.630548,0.630448,0.630476,54.2247,0,54.2272,0,54.2185,0,54.221,0
1765976280489073,0,0.63052,0.63053,0.630467,0.630477,54.2247,0,54.2255,0,54.2202,0,54.221,0
1765976280493955,0,0.630493,0.630515,0.630487,0.630509,54.2224,0,54.2243,0,54.2219,0,54.2238,0
1765976280499111,0,0.630503,0.630507,0.630496,0.6305,54.2233,0,54.2236,0,54.2226,0,54.223,0
1765976280504023,0,0.630491,0.630504,0.630502,0.630515,54.2222,0,54.2233,0,54.2232,0,54.2243,0
1765976280509048,0,0.630503,0.630501,0.630506,0.630505,54.2232,0,54.223,0,54.2235,0,54.2234,0
1765976280514107,0,0.630501,0.630526,0.630485,0.63051,54.2231,0,54.2252,0,54.2217,0,54.2239,0
1765976280519051,0,0.63051,0.630516,0.630497,0.630502,54.2239,0,54.2243,0,54.2227,0,54.2232,0
1765976280524054,0,0.630502,0.630473,0.630542,0.630514,54.2232,0,54.2207,0,54.2266,0,54.2242,0
1765976280529003,0,0.630511,0.630482,0.630534,0.630505,54.224,0,54.2215,0,54.2259,0,54.2234,0
1765976280534090,0,0.630509,0.630489,0.630533,0.630514,54.2238,0,54.2221,0,54.2259,0,54.2242,0
1765976280538957,0,0.630517,0.630495,0.630528,0.630506,54.2245,0,54.2226,0,54.2254,0,54.2235,0
1765976280543975,0,0.630507,0.630503,0.630528,0.630524,54.2236,0,54.2233,0,54.2254,0,54.2251,0
1765976280548912,0,0.630517,0.630506,0.630525,0.630514,54.2245,0,54.2235,0,54.2252,0,54.2242,0
1765976280554069,0,0.630515,0.630544,0.630491,0.63052,54.2243,0,54.2268,0,54.2223,0,54.2247,0
1765976280558937,0,0.630523,0.630534,0.630502,0.630512,54.225,0,54.2259,0,54.2232,0,54.2241,0
1765976280564118,0,0.630515,0.630528,0.630514,0.630527,54.2243,0,54.2254,0,54.2242,0,54.2253,0
1765976280569083,0,0.630524,0.630524,0.630519,0.630518,54.2251,0,54.2251,0,54.2246,0,54.2246,0
1765976280573955,0,0.630519,0.630514,0.630534,0.630529,54.2246,0,54.2242,0,54.2259,0,54.2255,0
1765976280579111,0,0.630528,0.630516,0.630533,0.63052,54.2254,0,54.2243,0,54.2258,0,54.2247,0
1765976280584048,0,0.630533,0.63056,0.630497,0.630524,54.2258,0,54.2282,0,54.2227,0,54.2251,0
1765976280588925,0,0.630538,0.630547,0.63051,0.630519,54.2263,0,54.227,0,54.2239,0,54.2246,0
1765976280594140,0,0.630532,0.63053,0.630534,0.630532,54.2258,0,54.2256,0,54.2259,0,54.2257,0
1765976280599141,0,0.630539,0.630528,0.630537,0.630525,54.2264,0,54.2254,0,54.2262,0,54.2252,0
1765976280604080,0,0.630545,0.630535,0.630537,0.630527,54.2269,0,54.226,0,54.2262,0,54.2253,0
1765976280608955,0,0.630548,0.630532,0.63054,0.630524,54.2272,0,54.2258,0,54.2264,0,54.2251,0
1765976280614006,0,0.630537,0.630565,0.630513,0.630541,54.2262,0,54.2286,0,54.2241,0,54.2265,0
1765976280618931,0,0.630544,0.630553,0.630525,0.630535,54.2268,0,54.2276,0,54.2252,0,54.226,0
1765976280624054,0,0.630546,0.630572,0.630516,0.630542,54.2269,0,54.2292,0,54.2243,0,54.2266,0
1765976280628987,0,0.630551,0.630558,0.63053,0.630537,54.2274,0,54.228,0,54.2256,0,54.2262,0
1765976280633997,0,0.630544,0.630497,0.630596,0.630549,54.2268,0,54.2227,0,54.2313,0,54.2272,0
1765976280638947,0,0.630551,0.63051,0.630583,0.630543,54.2274,0,54.2239,0,54.2301,0,54.2267,0
1765976280644104,0,0.630533,0.630546,0.630557,0.630571,54.2259,0,54.227,0,54.2279,0,54.2291,0
1765976280649115,0,0.630546,0.630546,0.630558,0.630559,54.227,0,54.2269,0,54.228,0,54.228,0
1765976280654063,0,0.630551,0.630553,0.630558,0.630561,54.2274,0,54.2276,0,54.228,0,54.2282,0
1765976280658950,0,0.630559,0.630552,0.63056,0.630553,54.2281,0,54.2274,0,54.2282,0,54.2275,0
1765976280663954,0,0.630551,0.630551,0.630571,0.630571,54.2274,0,54.2274,0,54.2291,0,54.2291,0
1765976280668931,0,0.630561,0.630552,0.63057,0.630561,54.2283,0,54.2275,0,54.229,0,54.2283,0
1765976280673954,0,0.630575,0.63062,0.63051,0.630554,54.2295,0,54.2333,0,54.2239,0,54.2277,0
1765976280679115,0,0.630578,0.630598,0.630532,0.630552,54.2297,0,54.2314,0,54.2257,0,54.2275,0
1765976280684069,0,0.630559,0.630527,0.630611,0.63058,54.2281,0,54.2254,0,54.2326,0,54.2299,0
1765976280689024,0,0.630569,0.630539,0.6306,0.63057,54.2289,0,54.2263,0,54.2316,0,54.229,0
1765976280693974,0,0.630565,0.630575,0.630574,0.630584,54.2286,0,54.2294,0,54.2294,0,54.2302,0
1765976280699121,0,0.630575,0.630573,0.630577,0.630575,54.2294,0,54.2293,0,54.2296,0,54.2294,0
1765976280703925,0,0.630585,0.630579,0.630578,0.630572,54.2303,0,54.2298,0,54.2297,0,54.2292,0
1765976280708945,0,0.630589,0.630577,0.63058,0.630568,54.2306,0,54.2296,0,54.2299,0,54.2288,0
1765976280713997,0,0.630576,0.630577,0.630592,0.630593,54.2295,0,54.2296,0,54.2309,0,54.231,0
1765976280718928,0,0.630585,0.630577,0.630591,0.630584,54.2303,0,54.2297,0,54.2309,0,54.2302,0
1765976280723920,0,0.630591,0.630607,0.630571,0.630587,54.2308,0,54.2322,0,54.2291,0,54.2305,0
1765976280728897,0,0.630596,0.630599,0.630579,0.630582,54.2313,0,54.2315,0,54.2298,0,54.23,0
1765976280734070,0,0.630597,0.630563,0.630622,0.630589,54.2313,0,54.2284,0,54.2335,0,54.2306,0
1765976280739066,0,0.630601,0.630572,0.630614,0.630584,54.2317,0,54.2292,0,54.2328,0,54.2302,0
1765976280744139,0,0.630602,0.630624,0.630573,0.630596,54.2318,0,54.2337,0,54.2293,0,54.2312,0
1765976280748912,0,0.630607,0.630614,0.630584,0.630591,54.2322,0,54.2328,0,54.2302,0,54.2308,0
1765976280753921,0,0.630598,0.630599,0.630607,0.630608,54.2315,0,54.2315,0,54.2322,0,54.2323,0
1765976280759061,0,0.630606,0.630598,0.630608,0.630601,54.2321,0,54.2315,0,54.2323,0,54.2317,0
1765976280764106,0,0.630613,0.630618,0.630599,0.630603,54.2328,0,54.2331,0,54.2315,0,54.2319,0
1765976280768930,0,0.630617,0.630612,0.630604,0.6306,54.2331,0,54.2327,0,54.232,0,54.2316,0
1765976280773919,0,0.630596,0.630632,0.630595,0.630631,54.2313,0,54.2343,0,54.2312,0,54.2343,0
1765976280779117,0,0.630608,0.630623,0.630604,0.63062,54.2323,0,54.2336,0,54.232,0,54.2333,0
1765976280784046,0,0.630618,0.630591,0.630645,0.630619,54.2331,0,54.2308,0,54.2355,0,54.2332,0
1765976280789018,0,0.630624,0.630598,0.630638,0.630613,54.2336,0,54.2314,0,54.2349,0,54.2327,0
1765976280793979,0,0.630622,0.63064,0.630608,0.630626,54.2335,0,54.235,0,54.2323,0,54.2338,0
1765976280799090,0,0.630628,0.630632,0.630615,0.630619,54.234,0,54.2344,0,54.2329,0,54.2333,0
1765976280804076,0,0.630632,0.630635,0.630621,0.630624,54.2344,0,54.2346,0,54.2334,0,54.2337,0
1765976280809075,0,0.630636,0.63063,0.630626,0.63062,54.2347,0,54.2342,0,54.2338,0,54.2333,0
1765976280813994,0,0.630622,0.630629,0.63064,0.630647,54.2335,0,54.2341,0,54.2351,0,54.2357,0
1765976280818931,0,0.630632,0.630629,0.630641,0.630638,54.2344,0,54.2341,0,54.2351,0,54.2348,0
1765976280823965,0,0.63063,0.630622,0.630654,0.630646,54.2341,0,54.2335,0,54.2362,0,54.2356,0
1765976280828938,0,0.630638,0.630626,0.63065,0.630638,54.2349,0,54.2338,0,54.2359,0,54.2349,0
1765976280833941,0,0.630649,0.630637,0.630651,0.630639,54.2358,0,54.2348,0,54.236,0,54.235,0
1765976280839028,0,0.630653,0.630638,0.63065,0.630635,54.2362,0,54.2349,0,54.2359,0,54.2346,0
1765976280844108,0,0.630658,0.630677,0.630622,0.63064,54.2366,0,54.2382,0,54.2335,0,54.2351,0
1765976280848998,0,0.63066,0.630665,0.630633,0.630638,54.2368,0,54.2372,0,54.2344,0,54.2349,0
1765976280853894,0,0.630666,0.630697,0.630611,0.630643,54.2372,0,54.24,0,54.2325,0,54.2353,0
1765976280858894,0,0.630666,0.630679,0.630629,0.630642,54.2373,0,54.2384,0,54.2341,0,54.2352,0
1765976280863888,0,0.630652,0.630629,0.630689,0.630666,54.2361,0,54.2341,0,54.2393,0,54.2373,0
1765976280868910,0,0.630659,0.630636,0.630683,0.630659,54.2367,0,54.2347,0,54.2387,0,54.2367,0
1765976280873902,0,0.630662,0.630644,0.630685,0.630667,54.2369,0,54.2354,0,54.2389,0,54.2374,0
1765976280878908,0,0.630667,0.630649,0.63068,0.630662,54.2374,0,54.2358,0,54.2385,0,54.2369,0
1765976280883920,0,0.630678,0.630693,0.630645,0.63066,54.2383,0,54.2396,0,54.2354,0,54.2367,0
1765976280888909,0,0.63068,0.630683,0.630656,0.630659,54.2384,0,54.2387,0,54.2364,0,54.2366,0
1765976280893901,0,0.630672,0.630678,0.630671,0.630677,54.2378,0,54.2383,0,54.2377,0,54.2382,0
1765976280898919,0,0.630677,0.630674,0.630675,0.630672,54.2382,0,54.238,0,54.238,0,54.2378,0
1765976280903890,0,0.630657,0.630641,0.630719,0.630703,54.2365,0,54.2352,0,54.2418,0,54.2404,0
1765976280908914,0,0.63067,0.630653,0.630708,0.630691,54.2376,0,54.2361,0,54.2409,0,54.2394,0
1765976280913903,0,0.630686,0.630702,0.630668,0.630683,54.239,0,54.2403,0,54.2375,0,54.2388,0
1765976280918912,0,0.630691,0.630694,0.630676,0.630679,54.2394,0,54.2397,0,54.2381,0,54.2384,0
1765976280923904,0,0.630684,0.630689,0.63069,0.630695,54.2389,0,54.2393,0,54.2394,0,54.2398,0
1765976280928898,0,0.630691,0.630688,0.630692,0.630688,54.2394,0,54.2391,0,54.2395,0,54.2392,0
1765976280933901,0,0.630691,0.630696,0.630695,0.6307,54.2395,0,54.2399,0,54.2398,0,54.2402,0
1765976280938859,0,0.630698,0.630694,0.630697,0.630694,54.24,0,54.2397,0,54.2399,0,54.2396,0
1765976280943913,0,0.630699,0.630726,0.630676,0.630703,54.2401,0,54.2424,0,54.2381,0,54.2404,0
1765976280949058,0,0.630705,0.630715,0.630687,0.630697,54.2406,0,54.2415,0,54.2391,0,54.24,0
1765976280953978,0,0.630699,0.630688,0.630722,0.630709,54.2402,0,54.2391,0,54.2421,0,54.241,0
1765976280959147,0,0.630706,0.630691,0.630718,0.630703,54.2407,0,54.2394,0,54.2418,0,54.2405,0
1765976280964063,0,0.630701,0.630722,0.630696,0.630718,54.2403,0,54.2421,0,54.2399,0,54.2417,0
1765976280969069,0,0.630709,0.630716,0.630703,0.63071,54.241,0,54.2416,0,54.2405,0,54.241,0
1765976280973969,0,0.630713,0.63071,0.630717,0.630714,54.2413,0,54.2411,0,54.2417,0,54.2414,0
1765976280979123,0,0.630719,0.630709,0.630719,0.630709,54.2418,0,54.241,0,54.2418,0,54.241,0
1765976280983956,0,0.630716,0.630683,0.630756,0.630723,54.2416,0,54.2387,0,54.245,0,54.2422,0
1765976280989051,0,0.630722,0.630694,0.630746,0.630717,54.2421,0,54.2397,0,54.2441,0,54.2417,0
1765976280994115,0,0.630721,0.63074,0.630711,0.630729,54.242,0,54.2436,0,54.2412,0,54.2427,0
1765976280998999,0,0.630728,0.630734,0.630717,0.630723,54.2426,0,54.2431,0,54.2417,0,54.2422,0
1765976281003972,0,0.630731,0.630734,0.630724,0.630726,54.2429,0,54.2431,0,54.2423,0,54.2425,0
1765976281009085,0,0.630735,0.630731,0.630727,0.630722,54.2432,0,54.2429,0,54.2425,0,54.2421,0
1765976281014129,0,0.630737,0.63073,0.630737,0.63073,54.2434,0,54.2428,0,54.2434,0,54.2428,0
1765976281018926,0,0.630741,0.63073,0.630737,0.630727,54.2437,0,54.2428,0,54.2434,0,54.2425,0
1765976281023946,0,0.63074,0.630765,0.63071,0.630735,54.2437,0,54.2458,0,54.241,0,54.2432,0
1765976281029145,0,0.630744,0.630754,0.630721,0.630731,54.244,0,54.2449,0,54.242,0,54.2429,0
1765976281034067,0,0.630751,0.630754,0.630732,0.630735,54.2446,0,54.2448,0,54.2429,0,54.2432,0
1765976281038929,0,0.630752,0.630747,0.630738,0.630733,54.2447,0,54.2443,0,54.2435,0,54.2431,0
1765976281043989,0,0.630737,0.630742,0.630755,0.63076,54.2434,0,54.2438,0,54.2449,0,54.2453,0
1765976281048961,0,0.630745,0.630741,0.630756,0.630752,54.2441,0,54.2438,0,54.245,0,54.2446,0
1765976281053901,0,0.630762,0.630741,0.630763,0.630742,54.2455,0,54.2438,0,54.2456,0,54.2438,0
1765976281058849,0,0.630763,0.630743,0.630761,0.630742,54.2456,0,54.2439,0,54.2455,0,54.2438,0
1765976281063864,0,0.630745,0.630712,0.6308,0.630768,54.244,0,54.2412,0,54.2488,0,54.246,0
1765976281068915,0,0.630753,0.630726,0.630786,0.63076,54.2447,0,54.2425,0,54.2476,0,54.2453,0
1765976281073819,0,0.630776,0.630809,0.630712,0.630745,54.2467,0,54.2495,0,54.2412,0,54.244,0
1765976281078907,0,0.630774,0.630791,0.63073,0.630746,54.2466,0,54.248,0,54.2427,0,54.2442,0
1765976281083880,0,0.630762,0.630753,0.630778,0.630769,54.2455,0,54.2448,0,54.2469,0,54.2461,0
1765976281088889,0,0.630767,0.630756,0.630776,0.630764,54.2459,0,54.245,0,54.2467,0,54.2457,0
1765976281093915,0,0.630759,0.630754,0.630785,0.63078,54.2453,0,54.2449,0,54.2475,0,54.2471,0
1765976281098911,0,0.630766,0.630759,0.630781,0.630773,54.2459,0,54.2452,0,54.2472,0,54.2465,0
1765976281103911,0,0.630774,0.630764,0.630783,0.630773,54.2466,0,54.2457,0,54.2474,0,54.2465,0
1765976281108919,0,0.630778,0.630767,0.630781,0.63077,54.2469,0,54.2459,0,54.2471,0,54.2462,0
1765976281113903,0,0.630773,0.630778,0.630776,0.630781,54.2464,0,54.2469,0,54.2467,0,54.2472,0
1765976281118905,0,0.630778,0.630777,0.630777,0.630776,54.2469,0,54.2469,0,54.2468,0,54.2468,0
1765976281123912,0,0.630775,0.630808,0.630755,0.630788,54.2466,0,54.2495,0,54.2449,0,54.2478,0
1765976281128919,0,0.630781,0.630798,0.630765,0.630782,54.2472,0,54.2487,0,54.2458,0,54.2473,0
1765976281133894,0,0.630781,0.63076,0.63081,0.630789,54.2472,0,54.2454,0,54.2496,0,54.2479,0
1765976281138908,0,0.630787,0.630768,0.630803,0.630784,54.2477,0,54.246,0,54.249,0,54.2474,0
1765976281143886,0,0.630792,0.630809,0.630769,0.630786,54.2481,0,54.2496,0,54.2461,0,54.2476,0
1765976281148866,0,0.630795,0.630802,0.630777,0.630783,54.2484,0,54.2489,0,54.2468,0,54.2473,0
1765976281153865,0,0.630802,0.630834,0.63075,0.630782,54.249,0,54.2518,0,54.2445,0,54.2473,0
1765976281158876,0,0.630802,0.630818,0.630767,0.630782,54.249,0,54.2503,0,54.2459,0,54.2473,0
1765976281164067,0,0.6308,0.630813,0.630779,0.630791,54.2488,0,54.2499,0,54.247,0,54.2481,0
1765976281168962,0,0.630802,0.630804,0.630788,0.63079,54.249,0,54.2491,0,54.2478,0,54.2479,0
1765976281173922,0,0.630782,0.63076,0.63084,0.630819,54.2472,0,54.2454,0,54.2523,0,54.2505,0
1765976281178955,0,0.630792,0.630771,0.63083,0.63081,54.2481,0,54.2463,0,54.2514,0,54.2496,0
1765976281183887,0,0.630793,0.630781,0.630828,0.630815,54.2482,0,54.2471,0,54.2512,0,54.2501,0
1765976281188899,0,0.630801,0.630787,0.630821,0.630807,54.2489,0,54.2477,0,54.2506,0,54.2494,0
1765976281193897,0,0.630808,0.630793,0.630821,0.630807,54.2495,0,54.2482,0,54.2506,0,54.2494,0
1765976281198925,0,0.630812,0.630798,0.630817,0.630803,54.2498,0,54.2486,0,54.2503,0,54.2491,0
1765976281204051,0,0.630826,0.630839,0.630782,0.630795,54.251,0,54.2521,0,54.2473,0,54.2484,0
1765976281209053,0,0.630825,0.630828,0.630793,0.630797,54.2509,0,54.2512,0,54.2482,0,54.2485,0
1765976281214056,0,0.630803,0.630793,0.630834,0.630823,54.2491,0,54.2482,0,54.2518,0,54.2508,0
1765976281219086,0,0.63081,0.630799,0.630828,0.630817,54.2497,0,54.2487,0,54.2512,0,54.2503,0
1765976281223927,0,0.630814,0.630837,0.630797,0.63082,54.25,0,54.252,0,54.2485,0,54.2505,0
1765976281228937,0,0.630819,0.63083,0.630805,0.630816,54.2504,0,54.2513,0,54.2492,0,54.2502,0
1765976281234125,0,0.630822,0.630826,0.630812,0.630816,54.2507,0,54.251,0,54.2499,0,54.2502,0
1765976281238963,0,0.630825,0.630822,0.630816,0.630814,54.2509,0,54.2507,0,54.2502,0,54.25,0
1765976281244118,0,0.630816,0.630822,0.630824,0.63083,54.2502,0,54.2507,0,54.2508,0,54.2514,0
1765976281249114,0,0.630822,0.630821,0.630825,0.630825,54.2507,0,54.2506,0,54.251,0,54.2509,0
1765976281253935,0,0.630824,0.630819,0.63083,0.630825,54.2509,0,54.2505,0,54.2514,0,54.251,0
1765976281258957,0,0.630828,0.63082,0.63083,0.630822,54.2512,0,54.2505,0,54.2514,0,54.2507,0
1765976281263981,0,0.630821,0.630822,0.630835,0.630836,54.2506,0,54.2507,0,54.2518,0,54.2519,0
1765976281268871,0,0.630828,0.630824,0.630835,0.63083,54.2512,0,54.2508,0,54.2518,0,54.2514,0
1765976281273894,0,0.63083,0.630824,0.630839,0.630833,54.2514,0,54.2508,0,54.2522,0,54.2516,0
1765976281278894,0,0.630835,0.630826,0.630838,0.630829,54.2518,0,54.251,0,54.252,0,54.2513,0
1765976281283906,0,0.630841,0.630832,0.630836,0.630827,54.2523,0,54.2516,0,54.2519,0,54.2511,0
1765976281288893,0,0.630842,0.630833,0.630836,0.630826,54.2524,0,54.2516,0,54.2519,0,54.2511,0
1765976281293899,0,0.630842,0.630867,0.630806,0.630831,54.2524,0,54.2546,0,54.2493,0,54.2515,0
1765976281298907,0,0.630843,0.630856,0.630818,0.63083,54.2525,0,54.2536,0,54.2503,0,54.2514,0
1765976281303882,0,0.630832,0.630814,0.630866,0.630847,54.2516,0,54.25,0,54.2545,0,54.2529,0
1765976281308926,0,0.630838,0.630822,0.630859,0.630842,54.2521,0,54.2507,0,54.2538,0,54.2524,0
1765976281313902,0,0.630837,0.63083,0.630855,0.630848,54.2519,0,54.2514,0,54.2535,0,54.2529,0
1765976281318909,0,0.630842,0.630834,0.630851,0.630843,54.2524,0,54.2517,0,54.2532,0,54.2525,0
1765976281323961,0,0.630851,0.630869,0.630818,0.630836,54.2531,0,54.2548,0,54.2503,0,54.2519,0
1765976281329116,0,0.630852,0.63086,0.630828,0.630836,54.2532,0,54.254,0,54.2512,0,54.2519,0
1765976281334105,0,0.630843,0.630825,0.630869,0.630851,54.2525,0,54.2509,0,54.2548,0,54.2532,0
1765976281338944,0,0.630847,0.630832,0.630863,0.630847,54.2529,0,54.2515,0,54.2542,0,54.2528,0
1765976281343930,0,0.630848,0.63087,0.630826,0.630848,54.2529,0,54.2549,0,54.251,0,54.253,0
1765976281348887,0,0.630851,0.630862,0.630835,0.630846,54.2532,0,54.2542,0,54.2518,0,54.2527,0
1765976281353938,0,0.630797,0.630871,0.630827,0.630901,54.2486,0,54.2549,0,54.2511,0,54.2575,0
1765976281359088,0,0.630819,0.630862,0.630836,0.630879,54.2505,0,54.2541,0,54.2519,0,54.2556,0
1765976281364010,0,0.630885,0.630842,0.630862,0.630819,54.2561,0,54.2524,0,54.2541,0,54.2505,0
1765976281369008,0,0.630879,0.630844,0.630861,0.630827,54.2556,0,54.2526,0,54.254,0,54.2511,0
1765976281373976,0,0.63087,0.630845,0.630866,0.630841,54.2548,0,54.2526,0,54.2544,0,54.2523,0
1765976281379001,0,0.630868,0.630847,0.630864,0.630843,54.2547,0,54.2529,0,54.2543,0,54.2525,0
1765976281384066,0,0.63087,0.630883,0.630827,0.630839,54.2548,0,54.2559,0,54.2511,0,54.2522,0
1765976281389019,0,0.630868,0.630872,0.630838,0.630843,54.2546,0,54.255,0,54.2521,0,54.2525,0
1765976281394085,0,0.630863,0.630866,0.63085,0.630853,54.2542,0,54.2545,0,54.2531,0,54.2534,0
1765976281399144,0,0.630864,0.630861,0.630855,0.630853,54.2543,0,54.2541,0,54.2536,0,54.2534,0
1765976281404020,0,0.630862,0.630857,0.63086,0.630855,54.2541,0,54.2537,0,54.2539,0,54.2535,0
1765976281409061,0,0.630863,0.630855,0.630862,0.630855,54.2542,0,54.2535,0,54.2541,0,54.2535,0
1765976281414077,0,0.630843,0.630817,0.630904,0.630878,54.2525,0,54.2503,0,54.2578,0,54.2555,0
1765976281419087,0,0.630852,0.630831,0.630891,0.63087,54.2532,0,54.2515,0,54.2566,0,54.2549,0
1765976281423971,0,0.630866,0.630876,0.630847,0.630858,54.2545,0,54.2554,0,54.2528,0,54.2537,0
1765976281429024,0,0.630867,0.630871,0.630853,0.630857,54.2546,0,54.2549,0,54.2534,0,54.2537,0
1765976281434072,0,0.630849,0.630832,0.630894,0.630877,54.253,0,54.2516,0,54.2569,0,54.2554,0
1765976281439057,0,0.630857,0.630843,0.630884,0.63087,54.2537,0,54.2525,0,54.256,0,54.2548,0
1765976281444061,0,0.63086,0.630856,0.630875,0.630871,54.254,0,54.2536,0,54.2552,0,54.2549,0
1765976281449145,0,0.630865,0.63086,0.630872,0.630867,54.2544,0,54.254,0,54.255,0,54.2545,0
1765976281453900,0,0.630868,0.630892,0.63084,0.630864,54.2547,0,54.2567,0,54.2523,0,54.2543,0
1765976281458964,0,0.630871,0.630884,0.630849,0.630862,54.2549,0,54.256,0,54.253,0,54.2542,0
1765976281463963,0,0.630869,0.630882,0.630853,0.630866,54.2547,0,54.2558,0,54.2534,0,54.2545,0
1765976281468977,0,0.630871,0.630876,0.630859,0.630864,54.2549,0,54.2554,0,54.2539,0,54.2543,0
1765976281474025,0,0.630877,0.630902,0.630836,0.630861,54.2554,0,54.2576,0,54.2519,0,54.254,0
1765976281478907,0,0.630877,0.630889,0.630849,0.630862,54.2554,0,54.2565,0,54.2531,0,54.2541,0
1765976281484070,0,0.630863,0.630852,0.630887,0.630876,54.2542,0,54.2533,0,54.2563,0,54.2553,0
1765976281488938,0,0.630868,0.630857,0.630883,0.630872,54.2547,0,54.2537,0,54.256,0,54.255,0
1765976281493939,0,0.630858,0.630851,0.63089,0.630884,54.2537,0,54.2532,0,54.2566,0,54.256,0
1765976281499007,0,0.630865,0.630857,0.630885,0.630877,54.2544,0,54.2537,0,54.2561,0,54.2554,0
1765976281503909,0,0.630877,0.630862,0.630879,0.630864,54.2555,0,54.2542,0,54.2556,0,54.2543,0
1765976281508900,0,0.630878,0.630865,0.630877,0.630864,54.2555,0,54.2544,0,54.2555,0,54.2543,0
1765976281513916,0,0.630883,0.630901,0.630844,0.630862,54.2559,0,54.2575,0,54.2525,0,54.2541,0
1765976281518907,0,0.630882,0.63089,0.630855,0.630863,54.2558,0,54.2566,0,54.2535,0,54.2542,0
1765976281523915,0,0.630872,0.630878,0.630867,0.630873,54.255,0,54.2555,0,54.2545,0,54.2551,0
1765976281528914,0,0.630874,0.630875,0.630871,0.630871,54.2552,0,54.2552,0,54.2549,0,54.2549,0
1765976281533843,0,0.630878,0.630875,0.630872,0.630869,54.2555,0,54.2553,0,54.255,0,54.2547,0
1765976281538901,0,0.630879,0.630873,0.630874,0.630869,54.2556,0,54.2551,0,54.2552,0,54.2547,0
1765976281543868,0,0.630871,0.630872,0.630877,0.630877,54.2549,0,54.255,0,54.2554,0,54.2555,0
1765976281548860,0,0.630875,0.630871,0.630878,0.630875,54.2552,0,54.2549,0,54.2555,0,54.2553,0
1765976281553881,0,0.630873,0.63087,0.630879,0.630875,54.2551,0,54.2548,0,54.2556,0,54.2553,0
1765976281558906,0,0.630876,0.63087,0.630879,0.630874,54.2553,0,54.2548,0,54.2556,0,54.2551,0
1765976281563906,0,0.630871,0.63087,0.630878,0.630878,54.2549,0,54.2548,0,54.2555,0,54.2555,0
1765976281568898,0,0.630874,0.630871,0.630879,0.630875,54.2552,0,54.2549,0,54.2556,0,54.2553,0
1765976281573877,0,0.630864,0.630868,0.630881,0.630886,54.2543,0,54.2547,0,54.2558,0,54.2562,0
1765976281578825,0,0.63087,0.63087,0.630881,0.63088,54.2548,0,54.2548,0,54.2557,0,54.2557,0
1765976281583925,0,0.630865,0.630838,0.630913,0.630886,54.2544,0,54.2521,0,54.2585,0,54.2562,0
1765976281588912,0,0.630872,0.630852,0.630901,0.630881,54.255,0,54.2532,0,54.2575,0,54.2557,0
1765976281594083,0,0.630877,0.630896,0.630855,0.630875,54.2554,0,54.257,0,54.2536,0,54.2552,0
1765976281598936,0,0.63088,0.63089,0.630862,0.630873,54.2556,0,54.2565,0,54.2542,0,54.2551,0
1765976281604052,0,0.630876,0.630883,0.630869,0.630876,54.2553,0,54.2559,0,54.2547,0,54.2553,0
1765976281608943,0,0.630879,0.63088,0.630872,0.630874,54.2556,0,54.2557,0,54.255,0,54.2551,0
1765976281614106,0,0.630869,0.630876,0.630876,0.630883,54.2547,0,54.2553,0,54.2554,0,54.256,0
1765976281618937,0,0.630874,0.630876,0.630877,0.630879,54.2552,0,54.2553,0,54.2554,0,54.2556,0
1765976281623848,0,0.630878,0.630874,0.63088,0.630875,54.2555,0,54.2551,0,54.2556,0,54.2553,0
1765976281628877,0,0.630881,0.630875,0.630879,0.630874,54.2557,0,54.2552,0,54.2556,0,54.2551,0
1765976281633932,0,0.630893,0.630908,0.630844,0.630859,54.2568,0,54.2581,0,54.2526,0,54.2539,0
1765976281638948,0,0.63089,0.630897,0.630856,0.630863,54.2565,0,54.2571,0,54.2536,0,54.2542,0
1765976281643972,0,0.630876,0.630894,0.630858,0.630876,54.2553,0,54.2569,0,54.2537,0,54.2553,0
1765976281648999,0,0.630878,0.630886,0.630866,0.630875,54.2555,0,54.2562,0,54.2545,0,54.2552,0
1765976281654028,0,0.630866,0.630874,0.630877,0.630885,54.2544,0,54.2552,0,54.2554,0,54.2561,0
1765976281658984,0,0.630871,0.630873,0.630879,0.63088,54.2549,0,54.2551,0,54.2556,0,54.2557,0
1765976281664031,0,0.63088,0.63087,0.630881,0.630872,54.2556,0,54.2548,0,54.2558,0,54.255,0
1765976281668938,0,0.630881,0.63087,0.630882,0.630871,54.2557,0,54.2549,0,54.2558,0,54.2549,0
1765976281673987,0,0.630871,0.630869,0.630882,0.63088,54.2549,0,54.2547,0,54.2558,0,54.2557,0
1765976281679004,0,0.630875,0.63087,0.630882,0.630877,54.2552,0,54.2548,0,54.2558,0,54.2554,0
1765976281683962,0,0.630876,0.630871,0.630878,0.630872,54.2553,0,54.2549,0,54.2555,0,54.255,0
1765976281689074,0,0.630878,0.630871,0.630878,0.630871,54.2555,0,54.2549,0,54.2555,0,54.2549,0
1765976281693905,0,0.630863,0.630864,0.630882,0.630883,54.2542,0,54.2543,0,54.2559,0,54.256,0
1765976281698944,0,0.630869,0.630867,0.630881,0.630878,54.2548,0,54.2545,0,54.2558,0,54.2555,0
1765976281703923,0,0.630866,0.630836,0.630912,0.630882,54.2545,0,54.2519,0,54.2584,0,54.2559,0
1765976281708941,0,0.630872,0.630849,0.6309,0.630877,54.255,0,54.253,0,54.2574,0,54.2555,0
1765976281713985,0,0.630878,0.630889,0.630858,0.630869,54.2555,0,54.2565,0,54.2538,0,54.2548,0
1765976281718930,0,0.630879,0.630885,0.630863,0.630869,54.2556,0,54.2561,0,54.2542,0,54.2547,0
1765976281724080,0,0.630877,0.630874,0.630871,0.630867,54.2554,0,54.2551,0,54.2549,0,54.2546,0
1765976281728999,0,0.630878,0.630874,0.630872,0.630867,54.2555,0,54.2551,0,54.255,0,54.2546,0
1765976281734085,0,0.630893,0.630912,0.630831,0.63085,54.2568,0,54.2584,0,54.2515,0,54.2531,0
1765976281739047,0,0.630888,0.630898,0.630847,0.630856,54.2564,0,54.2572,0,54.2528,0,54.2536,0
1765976281744030,0,0.630858,0.630848,0.630896,0.630886,54.2538,0,54.253,0,54.2571,0,54.2562,0
1765976281749013,0,0.630865,0.630856,0.63089,0.63088,54.2544,0,54.2536,0,54.2565,0,54.2557,0
1765976281753930,0,0.630877,0.630893,0.630847,0.630864,54.2554,0,54.2568,0,54.2529,0,54.2543,0
1765976281759133,0,0.630876,0.630885,0.630857,0.630865,54.2554,0,54.2561,0,54.2537,0,54.2544,0
1765976281764141,0,0.630862,0.630843,0.630897,0.630878,54.2542,0,54.2525,0,54.2572,0,54.2555,0
1765976281769077,0,0.630867,0.630852,0.63089,0.630874,54.2546,0,54.2532,0,54.2565,0,54.2552,0
1765976281774065,0,0.630872,0.63089,0.630849,0.630867,54.255,0,54.2565,0,54.253,0,54.2545,0
1765976281779120,0,0.630873,0.630882,0.630857,0.630867,54.2551,0,54.2559,0,54.2537,0,54.2545,0
1765976281784058,0,0.630859,0.630844,0.630896,0.630881,54.2539,0,54.2526,0,54.257,0,54.2557,0
1765976281789076,0,0.630865,0.630853,0.630888,0.630876,54.2544,0,54.2533,0,54.2564,0,54.2553,0
1765976281794085,0,0.630872,0.630888,0.630848,0.630864,54.255,0,54.2564,0,54.2529,0,54.2543,0
1765976281799065,0,0.630873,0.630881,0.630856,0.630864,54.2551,0,54.2558,0,54.2536,0,54.2543,0
1765976281804029,0,0.630854,0.63084,0.630895,0.630882,54.2534,0,54.2523,0,54.257,0,54.2559,0
1765976281809098,0,0.630861,0.63085,0.630887,0.630876,54.2541,0,54.2531,0,54.2563,0,54.2553,0
1765976281814127,0,0.630872,0.63089,0.630843,0.630861,54.255,0,54.2566,0,54.2525,0,54.2541,0
1765976281819060,0,0.630873,0.630882,0.630852,0.630862,54.2551,0,54.2559,0,54.2533,0,54.2541,0
1765976281823924,0,0.630868,0.63087,0.630861,0.630863,54.2547,0,54.2548,0,54.2541,0,54.2542,0
1765976281828955,0,0.63087,0.630868,0.630864,0.630862,54.2548,0,54.2546,0,54.2543,0,54.2542,0
1765976281833992,0,0.630869,0.630865,0.630865,0.630861,54.2547,0,54.2544,0,54.2544,0,54.2541,0
1765976281839078,0,0.63087,0.630864,0.630867,0.630861,54.2548,0,54.2543,0,54.2545,0,54.2541,0
1765976281844089,0,0.63087,0.630862,0.630865,0.630858,54.2548,0,54.2542,0,54.2544,0,54.2538,0
1765976281849126,0,0.63087,0.630862,0.630866,0.630859,54.2548,0,54.2542,0,54.2545,0,54.2539,0
1765976281854086,0,0.630856,0.63086,0.630865,0.630869,54.2536,0,54.254,0,54.2544,0,54.2547,0
1765976281859122,0,0.63086,0.630861,0.630865,0.630866,54.254,0,54.254,0,54.2544,0,54.2544,0
1765976281864028,0,0.63086,0.630858,0.630866,0.630864,54.254,0,54.2538,0,54.2545,0,54.2543,0
1765976281868926,0,0.630863,0.630859,0.630866,0.630862,54.2542,0,54.2539,0,54.2545,0,54.2541,0
1765976281874027,0,0.630854,0.630856,0.630865,0.630867,54.2535,0,54.2536,0,54.2544,0,54.2545,0
1765976281879115,0,0.630859,0.630857,0.630865,0.630863,54.2538,0,54.2537,0,54.2544,0,54.2542,0
1765976281883975,0,0.63086,0.630858,0.630858,0.630857,54.2539,0,54.2538,0,54.2538,0,54.2537,0
1765976281888984,0,0.630861,0.630858,0.630859,0.630856,54.2541,0,54.2538,0,54.2539,0,54.2536,0
1765976281893942,0,0.630853,0.630855,0.630862,0.630864,54.2533,0,54.2535,0,54.2541,0,54.2543,0
1765976281898914,0,0.630857,0.630856,0.630861,0.630861,54.2537,0,54.2537,0,54.2541,0,54.254,0
1765976281903931,0,0.630869,0.630888,0.630825,0.630844,54.2548,0,54.2564,0,54.251,0,54.2526,0
1765976281908924,0,0.630867,0.630877,0.630838,0.630847,54.2546,0,54.2554,0,54.252,0,54.2529,0
1765976281913915,0,0.630852,0.630831,0.630881,0.63086,54.2533,0,54.2515,0,54.2558,0,54.254,0
1765976281918863,0,0.630855,0.630839,0.630874,0.630858,54.2536,0,54.2522,0,54.2552,0,54.2538,0
1765976281923866,0,0.630849,0.630843,0.630866,0.63086,54.253,0,54.2525,0,54.2545,0,54.254,0
1765976281928907,0,0.630853,0.630847,0.630863,0.630857,54.2534,0,54.2529,0,54.2542,0,54.2537,0
1765976281933903,0,0.630855,0.630849,0.630857,0.630851,54.2535,0,54.253,0,54.2537,0,54.2532,0
1765976281938897,0,0.630856,0.630851,0.630856,0.630851,54.2537,0,54.2532,0,54.2536,0,54.2532,0
1765976281943855,0,0.630841,0.630847,0.630859,0.630864,54.2523,0,54.2528,0,54.2538,0,54.2543,0
1765976281948941,0,0.630847,0.630849,0.630857,0.630859,54.2528,0,54.253,0,54.2537,0,54.2539,0
1765976281953859,0,0.63085,0.63085,0.630852,0.630852,54.2531,0,54.2531,0,54.2533,0,54.2533,0
1765976281958884,0,0.630853,0.630852,0.630852,0.63085,54.2533,0,54.2532,0,54.2532,0,54.2531,0
1765976281963985,0,0.630849,0.630853,0.630848,0.630852,54.253,0,54.2534,0,54.2529,0,54.2533,0
1765976281968920,0,0.630852,0.630853,0.630849,0.63085,54.2533,0,54.2534,0,54.253,0,54.2531,0
1765976281974100,0,0.630847,0.630848,0.630849,0.63085,54.2528,0,54.2529,0,54.253,0,54.2531,0
1765976281979128,0,0.63085,0.630849,0.630849,0.630848,54.2531,0,54.253,0,54.253,0,54.2529,0
1765976281983938,0,0.630849,0.630847,0.630848,0.630846,54.253,0,54.2528,0,54.2529,0,54.2528,0
1765976281989062,0,0.630851,0.630848,0.630848,0.630845,54.2532,0,54.2529,0,54.2529,0,54.2527,0
1765976281994101,0,0.630845,0.630848,0.630845,0.630849,54.2527,0,54.2529,0,54.2527,0,54.253,0
1765976281999131,0,0.630848,0.630848,0.630846,0.630846,54.2529,0,54.253,0,54.2527,0,54.2528,0
1765976282003957,0,0.630841,0.630846,0.630847,0.630851,54.2524,0,54.2527,0,54.2528,0,54.2532,0
1765976282009052,0,0.630845,0.630847,0.630847,0.630848,54.2527,0,54.2528,0,54.2528,0,54.2529,0
1765976282014090,0,0.630849,0.630842,0.630847,0.63084,54.253,0,54.2524,0,54.2528,0,54.2522,0
1765976282018891,0,0.63085,0.630843,0.630846,0.63084,54.2531,0,54.2525,0,54.2528,0,54.2522,0
1765976282023916,0,0.630846,0.630841,0.630844,0.630839,54.2527,0,54.2523,0,54.2526,0,54.2521,0
1765976282029106,0,0.630847,0.630842,0.630843,0.630839,54.2528,0,54.2524,0,54.2525,0,54.2521,0
1765976282033940,0,0.630853,0.630876,0.630806,0.630829,54.2533,0,54.2553,0,54.2493,0,54.2513,0
1765976282038906,0,0.630851,0.630864,0.630819,0.630832,54.2532,0,54.2543,0,54.2504,0,54.2516,0
1765976282044115,0,0.630846,0.630855,0.630824,0.630833,54.2528,0,54.2535,0,54.2509,0,54.2516,0
1765976282049108,0,0.630845,0.630849,0.630831,0.630835,54.2527,0,54.253,0,54.2515,0,54.2518,0
1765976282053937,0,0.630834,0.630842,0.630837,0.630845,54.2517,0,54.2524,0,54.252,0,54.2527,0
1765976282059048,0,0.630837,0.63084,0.63084,0.630843,54.252,0,54.2522,0,54.2523,0,54.2525,0
1765976282063921,0,0.630828,0.630802,0.630874,0.630848,54.2513,0,54.249,0,54.2551,0,54.2529,0
1765976282068930,0,0.630833,0.630814,0.630863,0.630843,54.2517,0,54.25,0,54.2542,0,54.2525,0
1765976282073951,0,0.630837,0.630852,0.630822,0.630836,54.252,0,54.2532,0,54.2507,0,54.2519,0
1765976282079010,0,0.630839,0.630847,0.630828,0.630836,54.2521,0,54.2528,0,54.2512,0,54.2519,0
1765976282084072,0,0.630838,0.630845,0.630826,0.630833,54.2521,0,54.2527,0,54.2511,0,54.2517,0
1765976282088948,0,0.630839,0.630841,0.630831,0.630833,54.2521,0,54.2523,0,54.2515,0,54.2517,0
1765976282093905,0,0.630827,0.630832,0.630834,0.63084,54.2511,0,54.2516,0,54.2518,0,54.2522,0
1765976282098917,0,0.630831,0.630832,0.630836,0.630836,54.2515,0,54.2515,0,54.2519,0,54.2519,0
1765976282103888,0,0.630838,0.630827,0.630836,0.630824,54.2521,0,54.2511,0,54.2519,0,54.2509,0
1765976282108917,0,0.630838,0.630828,0.630836,0.630826,54.252,0,54.2512,0,54.2519,0,54.251,0
1765976282113911,0,0.630832,0.630828,0.630834,0.63083,54.2516,0,54.2512,0,54.2517,0,54.2514,0
1765976282118897,0,0.630833,0.630829,0.630834,0.63083,54.2517,0,54.2513,0,54.2517,0,54.2513,0
