1765976261170576,0,-4,1.5,-1.64,1,0,0,0,-4,1.5,-1.63996,1,0,0,0,0,0,-0.000463064,0,0,0,0
1765976261170576,0,-4,1.5,-1.64,1,0,0,0,-4,1.5,-1.63996,1,0,0,0,0,0,-0.000463064,0,0,0,0
1765976261180595,0,-4,1.5,-1.64001,1,0,0,0,-4,1.5,-1.63997,1,0,0,0,0,0,-0.000594916,0,0,0,0
1765976261180595,0,-4,1.5,-1.64001,1,0,0,0,-4,1.5,-1.63997,1,0,0,0,0,0,-0.000594916,0,0,0,0
1765976261190639,0,-4,1.5,-1.64002,1,0,0,0,-4,1.5,-1.63998,1,0,0,0,2.37374e-05,0,-0.000652779,0,0,0,0
1765976261190639,0,-4,1.5,-1.64002,1,0,0,0,-4,1.5,-1.63998,1,0,0,0,2.37374e-05,0,-0.000652779,0,0,0,0
1765976261200667,0,-4,1.5,-1.64003,1,0,0,0,-4,1.5,-1.63998,1,0,0,0,-2.37753e-05,1.18876e-05,-0.00065382,0,0,0,0
1765976261200667,0,-4,1.5,-1.64003,1,0,0,0,-4,1.5,-1.63998,1,0,0,0,-2.37753e-05,1.18876e-05,-0.00065382,0,0,0,0
1765976261210592,0,-4,1.5,-1.64003,1,0,0,0,-4,1.5,-1.63999,1,0,0,0,0,0,-0.000540496,0,0,0,0
1765976261210592,0,-4,1.5,-1.64003,1,0,0,0,-4,1.5,-1.63999,1,0,0,0,0,0,-0.000540496,0,0,0,0
1765976261220647,0,-4,1.5,-1.64002,1,0,0,0,-4,1.5,-1.63999,1,0,0,0,2.37114e-05,0,-0.000343816,0,0,0,0
1765976261220647,0,-4,1.5,-1.64002,1,0,0,0,-4,1.5,-1.63999,1,0,0,0,2.37114e-05,0,-0.000343816,0,0,0,0
1765976261230510,0,-4,1.5,-1.64,1,0,0,0,-4,1.5,-1.63999,1,0,0,0,0,0,-7.25191e-05,0,0,0,0
1765976261230510,0,-4,1.5,-1.64,1,0,0,0,-4,1.5,-1.63999,1,0,0,0,0,0,-7.25191e-05,0,0,0,0
1765976261240590,0,-4,1.5,-1.63997,1,0,0,0,-4,1.5,-1.63999,1,0,0,0,0,-1.18263e-05,0.000283832,0,0,0,0
1765976261240590,0,-4,1.5,-1.63997,1,0,0,0,-4,1.5,-1.63999,1,0,0,0,0,-1.18263e-05,0.000283832,0,0,0,0
1765976261250530,0,-4,1.5,-1.63994,1,0,0,0,-4,1.5,-1.63998,1,0,0,0,2.39858e-05,0,0.000695587,0,0,0,0
1765976261250530,0,-4,1.5,-1.63994,1,0,0,0,-4,1.5,-1.63998,1,0,0,0,2.39858e-05,0,0.000695587,0,0,0,0
1765976261260481,0,-4,1.5,-1.63989,1,0,0,0,-4,1.5,-1.63997,1,0,0,0,-2.39593e-05,0,0.00112609,0,0,0,0
1765976261260481,0,-4,1.5,-1.63989,1,0,0,0,-4,1.5,-1.63997,1,0,0,0,-2.39593e-05,0,0.00112609,0,0,0,0
1765976261270480,0,-4,1.5,-1.63984,1,0,0,0,-4,1.5,-1.63996,1,0,0,0,-2.38442e-05,0,0.00159756,0,0,0,0
1765976261270480,0,-4,1.5,-1.63984,1,0,0,0,-4,1.5,-1.63996,1,0,0,0,-2.38442e-05,0,0.00159756,0,0,0,0
1765976261280524,0,-4,1.5,-1.63979,1,0,0,0,-4,1.5,-1.63994,1,0,0,0,2.37374e-05,0,0.00202955,0,0,0,0
1765976261280524,0,-4,1.5,-1.63979,1,0,0,0,-4,1.5,-1.63994,1,0,0,0,2.37374e-05,0,0.00202955,0,0,0,0
1765976261290452,0,-4,1.5,-1.63974,1,0,0,0,-4,1.5,-1.63991,1,0,0,0,0,0,0.00240148,0,0,0,0
1765976261290452,0,-4,1.5,-1.63974,1,0,0,0,-4,1.5,-1.63991,1,0,0,0,0,0,0.00240148,0,0,0,0
1765976261300492,0,-4,1.5,-1.6397,1,0,0,0,-4,1.5,-1.63989,1,0,0,0,-2.37469e-05,0,0.0026359,0,0,0,0
1765976261300492,0,-4,1.5,-1.6397,1,0,0,0,-4,1.5,-1.63989,1,0,0,0,-2.37469e-05,0,0.0026359,0,0,0,0
1765976261310499,0,-4,1.5,-1.63967,1,0,0,0,-4,1.5,-1.63986,1,0,0,0,0,0,0.00272798,0,0,0,0
1765976261310499,0,-4,1.5,-1.63967,1,0,0,0,-4,1.5,-1.63986,1,0,0,0,0,0,0.00272798,0,0,0,0
1765976261320510,0,-4,1.5,-1.63965,1,0,0,0,-4,1.5,-1.63983,1,0,0,0,0,0,0.00266735,0,0,0,0
1765976261320510,0,-4,1.5,-1.63965,1,0,0,0,-4,1.5,-1.63983,1,0,0,0,0,0,0.00266735,0,0,0,0
1765976261330515,0,-4,1.5,-1.63964,1,0,0,0,-4,1.5,-1.63981,1,0,0,0,0,0,0.00240682,0,0,0,0
1765976261330515,0,-4,1.5,-1.63964,1,0,0,0,-4,1.5,-1.63981,1,0,0,0,0,0,0.00240682,0,0,0,0
1765976261340447,0,-4,1.5,-1.63965,1,0,0,0,-4,1.5,-1.63979,1,0,0,0,0,0,0.00201643,0,0,0,0
1765976261340447,0,-4,1.5,-1.63965,1,0,0,0,-4,1.5,-1.63979,1,0,0,0,0,0,0.00201643,0,0,0,0
1765976261350475,0,-4,1.5,-1.63967,1,0,0,0,-4,1.5,-1.63977,1,0,0,0,0,1.18876e-05,0.00148596,0,0,0,0
1765976261350475,0,-4,1.5,-1.63967,1,0,0,0,-4,1.5,-1.63977,1,0,0,0,0,1.18876e-05,0.00148596,0,0,0,0
1765976261360522,0,-4,1.5,-1.6397,1,0,0,0,-4,1.5,-1.63976,1,0,0,0,0,0,0.000889887,0,0,0,0
1765976261360522,0,-4,1.5,-1.6397,1,0,0,0,-4,1.5,-1.63976,1,0,0,0,0,0,0.000889887,0,0,0,0
1765976261370501,0,-4,1.5,-1.63974,1,0,0,0,-4,1.5,-1.63976,1,0,0,0,2.3892e-05,0,0.000286704,0,0,0,0
1765976261370501,0,-4,1.5,-1.63974,1,0,0,0,-4,1.5,-1.63976,1,0,0,0,2.3892e-05,0,0.000286704,0,0,0,0
1765976261380470,0,-4,1.5,-1.63978,1,0,0,0,-4,1.5,-1.63976,1,0,0,0,0,-1.1958e-05,-0.000263076,0,0,0,0
1765976261380470,0,-4,1.5,-1.63978,1,0,0,0,-4,1.5,-1.63976,1,0,0,0,0,-1.1958e-05,-0.000263076,0,0,0,0
1765976261390456,0,-4,1.5,-1.63982,1,0,0,0,-4,1.5,-1.63977,1,0,0,0,0,0,-0.000716258,0,0,0,0
1765976261390456,0,-4,1.5,-1.63982,1,0,0,0,-4,1.5,-1.63977,1,0,0,0,0,0,-0.000716258,0,0,0,0
1765976261400524,0,-4,1.5,-1.63985,1,0,0,0,-4,1.5,-1.63978,1,0,0,0,0,0,-0.00101828,0,0,0,0
1765976261400524,0,-4,1.5,-1.63985,1,0,0,0,-4,1.5,-1.63978,1,0,0,0,0,0,-0.00101828,0,0,0,0
1765976261410544,0,-4,1.5,-1.63987,1,0,0,0,-4,1.5,-1.63979,1,0,0,0,0,0,-0.00116592,0,0,0,0
1765976261410544,0,-4,1.5,-1.63987,1,0,0,0,-4,1.5,-1.63979,1,0,0,0,0,0,-0.00116592,0,0,0,0
1765976261420537,0,-4,1.5,-1.63988,1,0,0,0,-4,1.5,-1.6398,1,0,0,0,0,0,-0.00110942,0,0,0,0
1765976261420537,0,-4,1.5,-1.63988,1,0,0,0,-4,1.5,-1.6398,1,0,0,0,0,0,-0.00110942,0,0,0,0
1765976261430527,0,-4,1.5,-1.63988,1,0,0,0,-4,1.5,-1.63981,1,0,0,0,-2.38657e-05,0,-0.00091883,0,0,0,0
1765976261430527,0,-4,1.5,-1.63988,1,0,0,0,-4,1.5,-1.63981,1,0,0,0,-2.38657e-05,0,-0.00091883,0,0,0,0
1765976261440446,0,-4,1.5,-1.63986,1,0,0,0,-4,1.5,-1.63982,1,0,0,0,0,-1.20183e-05,-0.000564859,0,0,0,0
1765976261440446,0,-4,1.5,-1.63986,1,0,0,0,-4,1.5,-1.63982,1,0,0,0,0,-1.20183e-05,-0.000564859,0,0,0,0
1765976261450604,0,-4,1.5,-1.63983,1,0,0,0,-4,1.5,-1.63982,1,0,0,0,0,0,-0.000129091,0,0,0,0
1765976261450604,0,-4,1.5,-1.63983,1,0,0,0,-4,1.5,-1.63982,1,0,0,0,0,0,-0.000129091,0,0,0,0
1765976261460562,0,-4,1.5,-1.63979,1,0,0,0,-4,1.5,-1.63982,1,0,0,0,0,0,0.000323223,0,0,0,0
1765976261460562,0,-4,1.5,-1.63979,1,0,0,0,-4,1.5,-1.63982,1,0,0,0,0,0,0.000323223,0,0,0,0
1765976261470535,0,-4,1.5,-1.63975,1,0,0,0,-4,1.5,-1.63981,1,0,0,0,2.39064e-05,0,0.000776958,0,0,0,0
1765976261470535,0,-4,1.5,-1.63975,1,0,0,0,-4,1.5,-1.63981,1,0,0,0,2.39064e-05,0,0.000776958,0,0,0,0
1765976261480465,0,-4,1.5,-1.63972,1,0,0,0,-4,1.5,-1.6398,1,0,0,0,0,0,0.00115248,0,0,0,0
1765976261480465,0,-4,1.5,-1.63972,1,0,0,0,-4,1.5,-1.6398,1,0,0,0,0,0,0.00115248,0,0,0,0
1765976261490451,0,-4,1.5,-1.63968,1,0,0,0,-4,1.5,-1.63978,1,0,0,0,0,0,0.00142058,0,0,0,0
1765976261490451,0,-4,1.5,-1.63968,1,0,0,0,-4,1.5,-1.63978,1,0,0,0,0,0,0.00142058,0,0,0,0
1765976261500547,0,-4,1.5,-1.63966,1,0,0,0,-4,1.5,-1.63977,1,0,0,0,0,0,0.0015586,0,0,0,0
1765976261500547,0,-4,1.5,-1.63966,1,0,0,0,-4,1.5,-1.63977,1,0,0,0,0,0,0.0015586,0,0,0,0
1765976261510483,0,-4,1.5,-1.63964,1,0,0,0,-4,1.5,-1.63975,1,0,0,0,0,1.19977e-05,0.0015717,0,0,0,0
1765976261510483,0,-4,1.5,-1.63964,1,0,0,0,-4,1.5,-1.63975,1,0,0,0,0,1.19977e-05,0.0015717,0,0,0,0
1765976261520537,0,-4,1.5,-1.63963,1,0,0,0,-4,1.5,-1.63974,1,0,0,0,-2.37138e-05,0,0.0014584,0,0,0,0
1765976261520537,0,-4,1.5,-1.63963,1,0,0,0,-4,1.5,-1.63974,1,0,0,0,-2.37138e-05,0,0.0014584,0,0,0,0
1765976261530463,0,-4,1.5,-1.63964,1,0,0,0,-4,1.5,-1.63972,1,0,0,0,0,0,0.00126103,0,0,0,0
1765976261530463,0,-4,1.5,-1.63964,1,0,0,0,-4,1.5,-1.63972,1,0,0,0,0,0,0.00126103,0,0,0,0
1765976261540453,0,-4,1.5,-1.63964,1,0,0,0,-4,1.5,-1.63971,1,0,0,0,0,0,0.00100236,0,0,0,0
1765976261540453,0,-4,1.5,-1.63964,1,0,0,0,-4,1.5,-1.63971,1,0,0,0,0,0,0.00100236,0,0,0,0
1765976261550453,0,-4,1.5,-1.63966,1,0,0,0,-4,1.5,-1.63971,1,0,0,0,0,0,0.000691414,0,0,0,0
1765976261550453,0,-4,1.5,-1.63966,1,0,0,0,-4,1.5,-1.63971,1,0,0,0,0,0,0.000691414,0,0,0,0
1765976261560552,0,-4,1.5,-1.63967,1,0,0,0,-4,1.5,-1.6397,1,0,0,0,0,0,0.000413142,0,0,0,0
1765976261560552,0,-4,1.5,-1.63967,1,0,0,0,-4,1.5,-1.6397,1,0,0,0,0,0,0.000413142,0,0,0,0
1765976261570732,0,-4,1.5,-1.63969,1,0,0,0,-4,1.5,-1.6397,1,0,0,0,0,0,0.000140522,0,0,0,0
1765976261570732,0,-4,1.5,-1.63969,1,0,0,0,-4,1.5,-1.6397,1,0,0,0,0,0,0.000140522,0,0,0,0
1765976261580679,0,-4,1.5,-1.63971,1,0,0,0,-4,1.5,-1.6397,1,0,0,0,0,0,-7.19067e-05,0,0,0,0
1765976261580679,0,-4,1.5,-1.63971,1,0,0,0,-4,1.5,-1.6397,1,0,0,0,0,0,-7.19067e-05,0,0,0,0
1765976261590572,0,-4,1.5,-1.63972,1,0,0,0,-4,1.5,-1.6397,1,0,0,0,0,0,-0.000228947,0,0,0,0
1765976261590572,0,-4,1.5,-1.63972,1,0,0,0,-4,1.5,-1.6397,1,0,0,0,0,0,-0.000228947,0,0,0,0
1765976261600727,0,-4,1.5,-1.63973,1,0,0,0,-4,1.5,-1.63971,1,0,0,0,2.3478e-05,0,-0.000305213,0,0,0,0
1765976261600727,0,-4,1.5,-1.63973,1,0,0,0,-4,1.5,-1.63971,1,0,0,0,2.3478e-05,0,-0.000305213,0,0,0,0
1765976261610678,0,-4,1.5,-1.63973,1,0,0,0,-4,1.5,-1.63971,1,0,0,0,-2.39593e-05,0,-0.000347409,0,0,0,0
1765976261610678,0,-4,1.5,-1.63973,1,0,0,0,-4,1.5,-1.63971,1,0,0,0,-2.39593e-05,0,-0.000347409,0,0,0,0
1765976261620755,0,-4,1.5,-1.63974,1,0,0,0,-4,1.5,-1.63971,1,0,0,0,0,0,-0.000319406,0,0,0,0
1765976261620755,0,-4,1.5,-1.63974,1,0,0,0,-4,1.5,-1.63971,1,0,0,0,0,0,-0.000319406,0,0,0,0
1765976261630610,0,-4,1.5,-1.63973,1,0,0,0,-4,1.5,-1.63972,1,0,0,0,0,0,-0.000254023,0,0,0,0
1765976261630610,0,-4,1.5,-1.63973,1,0,0,0,-4,1.5,-1.63972,1,0,0,0,0,0,-0.000254023,0,0,0,0
1765976261640520,0,-4,1.5,-1.63973,1,0,0,0,-4,1.5,-1.63972,1,0,0,0,0,0,-0.000168409,0,0,0,0
1765976261640520,0,-4,1.5,-1.63973,1,0,0,0,-4,1.5,-1.63972,1,0,0,0,0,0,-0.000168409,0,0,0,0
1765976261650588,0,-4,1.5,-1.63972,1,0,0,0,-4,1.5,-1.63972,1,0,0,0,2.36808e-05,0,-5.92021e-05,0,0,0,0
1765976261650588,0,-4,1.5,-1.63972,1,0,0,0,-4,1.5,-1.63972,1,0,0,0,2.36808e-05,0,-5.92021e-05,0,0,0,0
1765976261660515,0,-4,1.5,-1.63972,1,0,0,0,-4,1.5,-1.63972,1,0,0,0,0,-1.20086e-05,3.60258e-05,0,0,0,0
1765976261660515,0,-4,1.5,-1.63972,1,0,0,0,-4,1.5,-1.63972,1,0,0,0,0,-1.20086e-05,3.60258e-05,0,0,0,0
1765976261670510,0,-4,1.5,-1.63971,1,0,0,0,-4,1.5,-1.63972,1,0,0,0,-2.38538e-05,0,0.000131196,0,0,0,0
1765976261670510,0,-4,1.5,-1.63971,1,0,0,0,-4,1.5,-1.63972,1,0,0,0,-2.38538e-05,0,0.000131196,0,0,0,0
1765976261680561,0,-4,1.5,-1.6397,1,0,0,0,-4,1.5,-1.63972,1,0,0,0,2.37209e-05,-1.18604e-05,0.000201627,0,0,0,0
1765976261680561,0,-4,1.5,-1.6397,1,0,0,0,-4,1.5,-1.63972,1,0,0,0,2.37209e-05,-1.18604e-05,0.000201627,0,0,0,0
1765976261690567,0,-4,1.5,-1.63969,1,0,0,0,-4,1.5,-1.63971,1,0,0,0,-2.38276e-05,0,0.000250189,0,0,0,0
1765976261690567,0,-4,1.5,-1.63969,1,0,0,0,-4,1.5,-1.63971,1,0,0,0,-2.38276e-05,0,0.000250189,0,0,0,0
1765976261700587,0,-4,1.5,-1.63969,1,0,0,0,-4,1.5,-1.63971,1,0,0,0,2.37943e-05,0,0.000285531,0,0,0,0
1765976261700587,0,-4,1.5,-1.63969,1,0,0,0,-4,1.5,-1.63971,1,0,0,0,2.37943e-05,0,0.000285531,0,0,0,0
1765976261710527,0,-4,1.5,-1.63969,1,0,0,0,-4,1.5,-1.63971,1,0,0,0,2.39858e-05,0,0.000287829,0,0,0,0
1765976261710527,0,-4,1.5,-1.63969,1,0,0,0,-4,1.5,-1.63971,1,0,0,0,2.39858e-05,0,0.000287829,0,0,0,0
1765976261720547,0,-4,1.5,-1.63969,1,0,0,0,-4,1.5,-1.6397,1,0,0,0,-2.37943e-05,0,0.00024984,0,0,0,0
1765976261720547,0,-4,1.5,-1.63969,1,0,0,0,-4,1.5,-1.6397,1,0,0,0,-2.37943e-05,0,0.00024984,0,0,0,0
1765976261730571,0,-4,1.5,-1.63969,1,0,0,0,-4,1.5,-1.6397,1,0,0,0,-2.37848e-05,0,0.000178386,0,0,0,0
1765976261730571,0,-4,1.5,-1.63969,1,0,0,0,-4,1.5,-1.6397,1,0,0,0,-2.37848e-05,0,0.000178386,0,0,0,0
1765976261740508,0,-4,1.5,-1.6397,1,0,0,0,-4,1.5,-1.6397,1,0,0,0,0,0,9.5972e-05,0,0,0,0
1765976261740508,0,-4,1.5,-1.6397,1,0,0,0,-4,1.5,-1.6397,1,0,0,0,0,0,9.5972e-05,0,0,0,0
1765976261750490,0,-4,1.5,-1.6397,1,0,0,0,-4,1.5,-1.6397,1,0,0,0,0,0,-3.58273e-05,0,0,0,0
1765976261750490,0,-4,1.5,-1.6397,1,0,0,0,-4,1.5,-1.6397,1,0,0,0,0,0,-3.58273e-05,0,0,0,0
1765976261760494,0,-4,1.5,-1.63972,1,0,0,0,-4,1.5,-1.6397,1,0,0,0,0,1.19162e-05,-0.000178742,0,0,0,0
1765976261760494,0,-4,1.5,-1.63972,1,0,0,0,-4,1.5,-1.6397,1,0,0,0,0,1.19162e-05,-0.000178742,0,0,0,0
1765976261770422,0,-4,1.5,-1.63973,1,0,0,0,-4,1.5,-1.63971,1,0,0,0,2.40148e-05,0,-0.000324199,0,0,0,0
1765976261770422,0,-4,1.5,-1.63973,1,0,0,0,-4,1.5,-1.63971,1,0,0,0,2.40148e-05,0,-0.000324199,0,0,0,0
1765976261780458,0,-4,1.5,-1.63975,1,0,0,0,-4,1.5,-1.63971,1,0,0,0,-2.37563e-05,0,-0.000510761,0,0,0,0
1765976261780458,0,-4,1.5,-1.63975,1,0,0,0,-4,1.5,-1.63971,1,0,0,0,-2.37563e-05,0,-0.000510761,0,0,0,0
1765976261790530,0,-4,1.5,-1.63977,1,0,0,0,-4,1.5,-1.63972,1,0,0,0,0,0,-0.000686471,0,0,0,0
1765976261790530,0,-4,1.5,-1.63977,1,0,0,0,-4,1.5,-1.63972,1,0,0,0,0,0,-0.000686471,0,0,0,0
1765976261800614,0,-4,1.5,-1.63979,1,0,0,0,-4,1.5,-1.63973,1,0,0,0,0,0,-0.000862979,0,0,0,0
1765976261800614,0,-4,1.5,-1.63979,1,0,0,0,-4,1.5,-1.63973,1,0,0,0,0,0,-0.000862979,0,0,0,0
1765976261810566,0,-4,1.5,-1.63981,1,0,0,0,-4,1.5,-1.63974,1,0,0,0,2.39569e-05,-1.19784e-05,-0.00101817,0,0,0,0
1765976261810566,0,-4,1.5,-1.63981,1,0,0,0,-4,1.5,-1.63974,1,0,0,0,2.39569e-05,-1.19784e-05,-0.00101817,0,0,0,0
1765976261820580,0,-4,1.5,-1.63983,1,0,0,0,-4,1.5,-1.63975,1,0,0,0,-2.38085e-05,0,-0.00114281,0,0,0,0
1765976261820580,0,-4,1.5,-1.63983,1,0,0,0,-4,1.5,-1.63975,1,0,0,0,-2.38085e-05,0,-0.00114281,0,0,0,0
1765976261830593,0,-4,1.5,-1.63985,1,0,0,0,-4,1.5,-1.63976,1,0,0,0,0,0,-0.00120245,0,0,0,0
1765976261830593,0,-4,1.5,-1.63985,1,0,0,0,-4,1.5,-1.63976,1,0,0,0,0,0,-0.00120245,0,0,0,0
1765976261840525,0,-4,1.5,-1.63986,1,0,0,0,-4,1.5,-1.63977,1,0,0,0,0,0,-0.00123626,0,0,0,0
1765976261840525,0,-4,1.5,-1.63986,1,0,0,0,-4,1.5,-1.63977,1,0,0,0,0,0,-0.00123626,0,0,0,0
1765976261850614,0,-4,1.5,-1.63987,1,0,0,0,-4,1.5,-1.63979,1,0,0,0,0,0,-0.00122884,0,0,0,0
1765976261850614,0,-4,1.5,-1.63987,1,0,0,0,-4,1.5,-1.63979,1,0,0,0,0,0,-0.00122884,0,0,0,0
1765976261860518,0,-4,1.5,-1.63988,1,0,0,0,-4,1.5,-1.6398,1,0,0,0,2.4073e-05,0,-0.00116754,0,0,0,0
1765976261860518,0,-4,1.5,-1.63988,1,0,0,0,-4,1.5,-1.6398,1,0,0,0,2.4073e-05,0,-0.00116754,0,0,0,0
1765976261870456,0,-4,1.5,-1.63989,1,0,0,0,-4,1.5,-1.63981,1,0,0,0,0,0,-0.00109157,0,0,0,0
1765976261870456,0,-4,1.5,-1.63989,1,0,0,0,-4,1.5,-1.63981,1,0,0,0,0,0,-0.00109157,0,0,0,0
1765976261880444,0,-4,1.5,-1.63989,1,0,0,0,-4,1.5,-1.63982,1,0,0,0,-2.38705e-05,1.19353e-05,-0.00100256,0,0,0,0
1765976261880444,0,-4,1.5,-1.63989,1,0,0,0,-4,1.5,-1.63982,1,0,0,0,-2.38705e-05,1.19353e-05,-0.00100256,0,0,0,0
1765976261890449,0,-4,1.5,-1.63989,1,0,0,0,-4,1.5,-1.63983,1,0,0,0,0,0,-0.000893623,0,0,0,0
1765976261890449,0,-4,1.5,-1.63989,1,0,0,0,-4,1.5,-1.63983,1,0,0,0,0,0,-0.000893623,0,0,0,0
1765976261900506,0,-4,1.5,-1.63989,1,0,0,0,-4,1.5,-1.63984,1,0,0,0,0,0,-0.000770469,0,0,0,0
1765976261900506,0,-4,1.5,-1.63989,1,0,0,0,-4,1.5,-1.63984,1,0,0,0,0,0,-0.000770469,0,0,0,0
1765976261910441,0,-4,1.5,-1.63989,1,0,0,0,-4,1.5,-1.63984,1,0,0,0,0,0,-0.00067194,0,0,0,0
1765976261910441,0,-4,1.5,-1.63989,1,0,0,0,-4,1.5,-1.63984,1,0,0,0,0,0,-0.00067194,0,0,0,0
1765976261920470,0,-4,1.5,-1.63989,1,0,0,0,-4,1.5,-1.63985,1,0,0,0,0,0,-0.000618096,0,0,0,0
1765976261920470,0,-4,1.5,-1.63989,1,0,0,0,-4,1.5,-1.63985,1,0,0,0,0,0,-0.000618096,0,0,0,0
1765976261930553,0,-4,1.5,-1.63989,1,0,0,0,-4,1.5,-1.63985,1,0,0,0,0,0,-0.000579317,0,0,0,0
1765976261930553,0,-4,1.5,-1.63989,1,0,0,0,-4,1.5,-1.63985,1,0,0,0,0,0,-0.000579317,0,0,0,0
1765976261940444,0,-4,1.5,-1.6399,1,0,0,0,-4,1.5,-1.63986,1,0,0,0,0,0,-0.000566458,0,0,0,0
1765976261940444,0,-4,1.5,-1.6399,1,0,0,0,-4,1.5,-1.63986,1,0,0,0,0,0,-0.000566458,0,0,0,0
1765976261950475,0,-4,1.5,-1.63991,1,0,0,0,-4,1.5,-1.63987,1,0,0,0,2.37682e-05,0,-0.000617973,0,0,0,0
1765976261950475,0,-4,1.5,-1.63991,1,0,0,0,-4,1.5,-1.63987,1,0,0,0,2.37682e-05,0,-0.000617973,0,0,0,0
1765976261960487,0,-4,1.5,-1.63992,1,0,0,0,-4,1.5,-1.63987,1,0,0,0,-2.38133e-05,0,-0.000666772,0,0,0,0
1765976261960487,0,-4,1.5,-1.63992,1,0,0,0,-4,1.5,-1.63987,1,0,0,0,-2.38133e-05,0,-0.000666772,0,0,0,0
1765976261970461,0,-4,1.5,-1.63993,1,0,0,0,-4,1.5,-1.63988,1,0,0,0,2.3904e-05,0,-0.000741024,0,0,0,0
1765976261970461,0,-4,1.5,-1.63993,1,0,0,0,-4,1.5,-1.63988,1,0,0,0,2.3904e-05,0,-0.000741024,0,0,0,0
1765976261980606,0,-4,1.5,-1.63995,1,0,0,0,-4,1.5,-1.63989,1,0,0,0,0,0,-0.000846039,0,0,0,0
1765976261980606,0,-4,1.5,-1.63995,1,0,0,0,-4,1.5,-1.63989,1,0,0,0,0,0,-0.000846039,0,0,0,0
1765976261990559,0,-4,1.5,-1.63996,1,0,0,0,-4,1.5,-1.6399,1,0,0,0,-2.39544e-05,1.19772e-05,-0.000958178,0,0,0,0
1765976261990559,0,-4,1.5,-1.63996,1,0,0,0,-4,1.5,-1.6399,1,0,0,0,-2.39544e-05,1.19772e-05,-0.000958178,0,0,0,0
1765976262000555,0,-4,1.5,-1.63998,1,0,0,0,-4,1.5,-1.63991,1,0,0,0,2.38514e-05,0,-0.00104946,0,0,0,0
1765976262000555,0,-4,1.5,-1.63998,1,0,0,0,-4,1.5,-1.63991,1,0,0,0,2.38514e-05,0,-0.00104946,0,0,0,0
1765976262010551,0,-4,1.5,-1.64,1,0,0,0,-4,1.5,-1.63992,1,0,0,0,0,0,-0.00110909,0,0,0,0
1765976262010551,0,-4,1.5,-1.64,1,0,0,0,-4,1.5,-1.63992,1,0,0,0,0,0,-0.00110909,0,0,0,0
1765976262020578,0,-4,1.5,-1.64001,1,0,0,0,-4,1.5,-1.63993,1,0,0,0,0,0,-0.00112944,0,0,0,0
1765976262020578,0,-4,1.5,-1.64001,1,0,0,0,-4,1.5,-1.63993,1,0,0,0,0,0,-0.00112944,0,0,0,0
1765976262030603,0,-4,1.5,-1.64002,1,0,0,0,-4,1.5,-1.63994,1,0,0,0,-2.37824e-05,0,-0.00110588,0,0,0,0
1765976262030603,0,-4,1.5,-1.64002,1,0,0,0,-4,1.5,-1.63994,1,0,0,0,-2.37824e-05,0,-0.00110588,0,0,0,0
1765976262040567,0,-4,1.5,-1.64002,1,0,0,0,-4,1.5,-1.63995,1,0,0,0,2.3928e-05,-1.1964e-05,-0.00104087,0,0,0,0
1765976262040567,0,-4,1.5,-1.64002,1,0,0,0,-4,1.5,-1.63995,1,0,0,0,2.3928e-05,-1.1964e-05,-0.00104087,0,0,0,0
1765976262050577,0,-4,1.5,-1.64003,1,0,0,0,-4,1.5,-1.63996,1,0,0,0,0,-1.1909e-05,-0.000905085,0,0,0,0
1765976262050577,0,-4,1.5,-1.64003,1,0,0,0,-4,1.5,-1.63996,1,0,0,0,0,-1.1909e-05,-0.000905085,0,0,0,0
1765976262060575,0,-4,1.5,-1.64002,1,0,0,0,-4,1.5,-1.63997,1,0,0,0,0,0,-0.000763092,0,0,0,0
1765976262060575,0,-4,1.5,-1.64002,1,0,0,0,-4,1.5,-1.63997,1,0,0,0,0,0,-0.000763092,0,0,0,0
1765976262070565,0,-4,1.5,-1.64002,1,0,0,0,-4,1.5,-1.63998,1,0,0,0,-2.38657e-05,0,-0.000596643,0,0,0,0
1765976262070565,0,-4,1.5,-1.64002,1,0,0,0,-4,1.5,-1.63998,1,0,0,0,-2.38657e-05,0,-0.000596643,0,0,0,0
1765976262080635,0,-4,1.5,-1.64001,1,0,0,0,-4,1.5,-1.63998,1,0,0,0,0,1.18381e-05,-0.000414332,0,0,0,0
1765976262080635,0,-4,1.5,-1.64001,1,0,0,0,-4,1.5,-1.63998,1,0,0,0,0,1.18381e-05,-0.000414332,0,0,0,0
1765976262090579,0,-4,1.5,-1.64,1,0,0,0,-4,1.5,-1.63998,1,0,0,0,0,-1.19881e-05,-0.000227773,0,0,0,0
1765976262090579,0,-4,1.5,-1.64,1,0,0,0,-4,1.5,-1.63998,1,0,0,0,0,-1.19881e-05,-0.000227773,0,0,0,0
1765976262100621,0,-4,1.5,-1.63999,1,0,0,0,-4,1.5,-1.63998,1,0,0,0,0,0,-8.30975e-05,0,0,0,0
1765976262100621,0,-4,1.5,-1.63999,1,0,0,0,-4,1.5,-1.63998,1,0,0,0,0,0,-8.30975e-05,0,0,0,0
1765976262110562,0,-4,1.5,-1.63998,1,0,0,0,-4,1.5,-1.63998,1,0,0,0,0,0,1.19917e-05,0,0,0,0
1765976262110562,0,-4,1.5,-1.63998,1,0,0,0,-4,1.5,-1.63998,1,0,0,0,0,0,1.19917e-05,0,0,0,0
1765976262120581,0,-4,1.5,-1.63998,1,0,0,0,-4,1.5,-1.63998,1,0,0,0,0,1.18983e-05,7.13899e-05,0,0,0,0
1765976262120581,0,-4,1.5,-1.63998,1,0,0,0,-4,1.5,-1.63998,1,0,0,0,0,1.18983e-05,7.13899e-05,0,0,0,0
1765976262130586,0,-4,1.5,-1.63997,1,0,0,0,-4,1.5,-1.63998,1,0,0,0,0,0,0.000107235,0,0,0,0
1765976262130586,0,-4,1.5,-1.63997,1,0,0,0,-4,1.5,-1.63998,1,0,0,0,0,0,0.000107235,0,0,0,0
1765976262140486,0,-4,1.5,-1.63997,1,0,0,0,-4,1.5,-1.63998,1,0,0,0,0,0,9.63307e-05,0,0,0,0
1765976262140486,0,-4,1.5,-1.63997,1,0,0,0,-4,1.5,-1.63998,1,0,0,0,0,0,9.63307e-05,0,0,0,0
1765976262150437,0,-4,1.5,-1.63998,1,0,0,0,-4,1.5,-1.63998,1,0,0,0,0,0,3.59389e-05,0,0,0,0
1765976262150437,0,-4,1.5,-1.63998,1,0,0,0,-4,1.5,-1.63998,1,0,0,0,0,0,3.59389e-05,0,0,0,0
1765976262160515,0,-4,1.5,-1.63998,1,0,0,0,-4,1.5,-1.63998,1,0,0,0,2.36573e-05,0,-2.36573e-05,0,0,0,0
1765976262160515,0,-4,1.5,-1.63998,1,0,0,0,-4,1.5,-1.63998,1,0,0,0,2.36573e-05,0,-2.36573e-05,0,0,0,0
1765976262170563,0,-4,1.5,-1.63999,1,0,0,0,-4,1.5,-1.63998,1,0,0,0,-2.3728e-05,0,-0.000130504,0,0,0,0
1765976262170563,0,-4,1.5,-1.63999,1,0,0,0,-4,1.5,-1.63998,1,0,0,0,-2.3728e-05,0,-0.000130504,0,0,0,0
1765976262180683,0,-4,1.5,-1.64,1,0,0,0,-4,1.5,-1.63998,1,0,0,0,0,1.17796e-05,-0.00027093,0,0,0,0
1765976262180683,0,-4,1.5,-1.64,1,0,0,0,-4,1.5,-1.63998,1,0,0,0,0,1.17796e-05,-0.00027093,0,0,0,0
1765976262190550,0,-4,1.5,-1.64002,1,0,0,0,-4,1.5,-1.63999,1,0,0,0,0,0,-0.000410775,0,0,0,0
1765976262190550,0,-4,1.5,-1.64002,1,0,0,0,-4,1.5,-1.63999,1,0,0,0,0,0,-0.000410775,0,0,0,0
1765976262200678,0,-4,1.5,-1.64003,1,0,0,0,-4,1.5,-1.63999,1,0,0,0,0,0,-0.000564973,0,0,0,0
1765976262200678,0,-4,1.5,-1.64003,1,0,0,0,-4,1.5,-1.63999,1,0,0,0,0,0,-0.000564973,0,0,0,0
1765976262210455,0,-4,1.5,-1.64005,1,0,0,0,-4,1.5,-1.64,1,0,0,0,0,0,-0.000719377,0,0,0,0
1765976262210455,0,-4,1.5,-1.64005,1,0,0,0,-4,1.5,-1.64,1,0,0,0,0,0,-0.000719377,0,0,0,0
1765976262220475,0,-4,1.5,-1.64007,1,0,0,0,-4,1.5,-1.64001,1,0,0,0,2.37943e-05,0,-0.000832799,0,0,0,0
1765976262220475,0,-4,1.5,-1.64007,1,0,0,0,-4,1.5,-1.64001,1,0,0,0,2.37943e-05,0,-0.000832799,0,0,0,0
1765976262230464,0,-4,1.5,-1.64008,1,0,0,0,-4,1.5,-1.64002,1,0,0,0,-2.38681e-05,0,-0.000954724,0,0,0,0
1765976262230464,0,-4,1.5,-1.64008,1,0,0,0,-4,1.5,-1.64002,1,0,0,0,-2.38681e-05,0,-0.000954724,0,0,0,0
1765976262240514,0,-4,1.5,-1.6401,1,0,0,0,-4,1.5,-1.64003,1,0,0,0,0,0,-0.00104382,0,0,0,0
1765976262240514,0,-4,1.5,-1.6401,1,0,0,0,-4,1.5,-1.64003,1,0,0,0,0,0,-0.00104382,0,0,0,0
1765976262250612,0,-4,1.5,-1.64012,1,0,0,0,-4,1.5,-1.64004,1,0,0,0,0,0,-0.00110969,0,0,0,0
1765976262250612,0,-4,1.5,-1.64012,1,0,0,0,-4,1.5,-1.64004,1,0,0,0,0,0,-0.00110969,0,0,0,0
1765976262260539,0,-4,1.5,-1.64013,1,0,0,0,-4,1.5,-1.64005,1,0,0,0,2.40172e-05,-1.20086e-05,-0.00116483,0,0,0,0
1765976262260539,0,-4,1.5,-1.64013,1,0,0,0,-4,1.5,-1.64005,1,0,0,0,2.40172e-05,-1.20086e-05,-0.00116483,0,0,0,0
1765976262270495,0,-4,1.5,-1.64015,1,0,0,0,-4,1.5,-1.64006,1,0,0,0,0,0,-0.00120933,0,0,0,0
1765976262270495,0,-4,1.5,-1.64015,1,0,0,0,-4,1.5,-1.64006,1,0,0,0,0,0,-0.00120933,0,0,0,0
1765976262280530,0,-4,1.5,-1.64016,1,0,0,0,-4,1.5,-1.64008,1,0,0,0,-2.37587e-05,1.18794e-05,-0.00124733,0,0,0,0
1765976262280530,0,-4,1.5,-1.64016,1,0,0,0,-4,1.5,-1.64008,1,0,0,0,-2.37587e-05,1.18794e-05,-0.00124733,0,0,0,0
1765976262290511,0,-4,1.5,-1.64017,1,0,0,0,-4,1.5,-1.64009,1,0,0,0,2.38872e-05,-1.19436e-05,-0.00124214,0,0,0,0
1765976262290511,0,-4,1.5,-1.64017,1,0,0,0,-4,1.5,-1.64009,1,0,0,0,2.38872e-05,-1.19436e-05,-0.00124214,0,0,0,0
1765976262300563,0,-4,1.5,-1.64019,1,0,0,0,-4,1.5,-1.6401,1,0,0,0,-2.37185e-05,1.18593e-05,-0.0012215,0,0,0,0
1765976262300563,0,-4,1.5,-1.64019,1,0,0,0,-4,1.5,-1.6401,1,0,0,0,-2.37185e-05,1.18593e-05,-0.0012215,0,0,0,0
1765976262310531,0,-4,1.5,-1.64019,1,0,0,0,-4,1.5,-1.64011,1,0,0,0,2.39184e-05,-1.19592e-05,-0.001172,0,0,0,0
1765976262310531,0,-4,1.5,-1.64019,1,0,0,0,-4,1.5,-1.64011,1,0,0,0,2.39184e-05,-1.19592e-05,-0.001172,0,0,0,0
1765976262320563,0,-4,1.5,-1.6402,1,0,0,0,-4,1.5,-1.64012,1,0,0,0,0,0,-0.00106946,0,0,0,0
1765976262320563,0,-4,1.5,-1.6402,1,0,0,0,-4,1.5,-1.64012,1,0,0,0,0,0,-0.00106946,0,0,0,0
1765976262330569,0,-4,1.5,-1.6402,1,0,0,0,-4,1.5,-1.64013,1,0,0,0,-2.38276e-05,0,-0.000953102,0,0,0,0
1765976262330569,0,-4,1.5,-1.6402,1,0,0,0,-4,1.5,-1.64013,1,0,0,0,-2.38276e-05,0,-0.000953102,0,0,0,0
1765976262340479,0,-4,1.5,-1.64019,1,0,0,0,-4,1.5,-1.64014,1,0,0,0,0,0,-0.000781898,0,0,0,0
1765976262340479,0,-4,1.5,-1.64019,1,0,0,0,-4,1.5,-1.64014,1,0,0,0,0,0,-0.000781898,0,0,0,0
1765976262350474,0,-4,1.5,-1.64019,1,0,0,0,-4,1.5,-1.64015,1,0,0,0,0,0,-0.000572491,0,0,0,0
1765976262350474,0,-4,1.5,-1.64019,1,0,0,0,-4,1.5,-1.64015,1,0,0,0,0,0,-0.000572491,0,0,0,0
1765976262360527,0,-4,1.5,-1.64018,1,0,0,0,-4,1.5,-1.64015,1,0,0,0,0,0,-0.000379459,0,0,0,0
1765976262360527,0,-4,1.5,-1.64018,1,0,0,0,-4,1.5,-1.64015,1,0,0,0,0,0,-0.000379459,0,0,0,0
1765976262370534,0,-4,1.5,-1.64017,1,0,0,0,-4,1.5,-1.64015,1,0,0,0,0,0,-0.000214427,0,0,0,0
1765976262370534,0,-4,1.5,-1.64017,1,0,0,0,-4,1.5,-1.64015,1,0,0,0,0,0,-0.000214427,0,0,0,0
1765976262380570,0,-4,1.5,-1.64016,1,0,0,0,-4,1.5,-1.64015,1,0,0,0,0,0,-9.50253e-05,0,0,0,0
1765976262380570,0,-4,1.5,-1.64016,1,0,0,0,-4,1.5,-1.64015,1,0,0,0,0,0,-9.50253e-05,0,0,0,0
1765976262390535,0,-4,1.5,-1.64015,1,0,0,0,-4,1.5,-1.64015,1,0,0,0,0,0,-2.39256e-05,0,0,0,0
1765976262390535,0,-4,1.5,-1.64015,1,0,0,0,-4,1.5,-1.64015,1,0,0,0,0,0,-2.39256e-05,0,0,0,0
1765976262400640,0,-4,1.5,-1.64015,1,0,0,0,-4,1.5,-1.64015,1,0,0,0,0,0,1.17971e-05,0,0,0,0
1765976262400640,0,-4,1.5,-1.64015,1,0,0,0,-4,1.5,-1.64015,1,0,0,0,0,0,1.17971e-05,0,0,0,0
1765976262410555,0,-4,1.5,-1.64015,1,0,0,0,-4,1.5,-1.64015,1,0,0,0,0,0,1.20231e-05,0,0,0,0
1765976262410555,0,-4,1.5,-1.64015,1,0,0,0,-4,1.5,-1.64015,1,0,0,0,0,0,1.20231e-05,0,0,0,0
1765976262420556,0,-4,1.5,-1.64015,1,0,0,0,-4,1.5,-1.64015,1,0,0,0,0,0,0,0,0,0,0
1765976262420556,0,-4,1.5,-1.64015,1,0,0,0,-4,1.5,-1.64015,1,0,0,0,0,0,0,0,0,0,0
1765976262430586,0,-4,1.5,-1.64015,1,0,0,0,-4,1.5,-1.64015,1,0,0,0,0,0,0,0,0,0,0
1765976262430586,0,-4,1.5,-1.64015,1,0,0,0,-4,1.5,-1.64015,1,0,0,0,0,0,0,0,0,0,0
1765976262440569,0,-4,1.5,-1.64015,1,0,0,0,-4,1.5,-1.64015,1,0,0,0,0,0,1.19412e-05,0,0,0,0
1765976262440569,0,-4,1.5,-1.64015,1,0,0,0,-4,1.5,-1.64015,1,0,0,0,0,0,1.19412e-05,0,0,0,0
1765976262450498,0,-4,1.5,-1.64015,1,0,0,0,-4,1.5,-1.64015,1,0,0,0,0,1.20062e-05,7.2037e-05,0,0,0,0
1765976262450498,0,-4,1.5,-1.64015,1,0,0,0,-4,1.5,-1.64015,1,0,0,0,0,1.20062e-05,7.2037e-05,0,0,0,0
1765976262460584,0,-4,1.5,-1.64014,1,0,0,0,-4,1.5,-1.64015,1,0,0,0,0,0,0.000177289,0,0,0,0
1765976262460584,0,-4,1.5,-1.64014,1,0,0,0,-4,1.5,-1.64015,1,0,0,0,0,0,0.000177289,0,0,0,0
1765976262470538,0,-4,1.5,-1.64012,1,0,0,0,-4,1.5,-1.64015,1,0,0,0,0,0,0.000323353,0,0,0,0
1765976262470538,0,-4,1.5,-1.64012,1,0,0,0,-4,1.5,-1.64015,1,0,0,0,0,0,0.000323353,0,0,0,0
1765976262480684,0,-4,1.5,-1.64011,1,0,0,0,-4,1.5,-1.64014,1,0,0,0,0,0,0.000469975,0,0,0,0
1765976262480684,0,-4,1.5,-1.64011,1,0,0,0,-4,1.5,-1.64014,1,0,0,0,0,0,0.000469975,0,0,0,0
1765976262490494,0,-4,1.5,-1.64009,1,0,0,0,-4,1.5,-1.64014,1,0,0,0,2.43036e-05,0,0.000631894,0,0,0,0
1765976262490494,0,-4,1.5,-1.64009,1,0,0,0,-4,1.5,-1.64014,1,0,0,0,2.43036e-05,0,0.000631894,0,0,0,0
1765976262500618,0,-4,1.5,-1.64008,1,0,0,0,-4,1.5,-1.64013,1,0,0,0,-2.35498e-05,0,0.000753595,0,0,0,0
1765976262500618,0,-4,1.5,-1.64008,1,0,0,0,-4,1.5,-1.64013,1,0,0,0,-2.35498e-05,0,0.000753595,0,0,0,0
1765976262510527,0,-4,1.5,-1.64006,1,0,0,0,-4,1.5,-1.64012,1,0,0,0,0,0,0.000818068,0,0,0,0
1765976262510527,0,-4,1.5,-1.64006,1,0,0,0,-4,1.5,-1.64012,1,0,0,0,0,0,0.000818068,0,0,0,0
1765976262520611,0,-4,1.5,-1.64005,1,0,0,0,-4,1.5,-1.64011,1,0,0,0,0,0,0.000827514,0,0,0,0
1765976262520611,0,-4,1.5,-1.64005,1,0,0,0,-4,1.5,-1.64011,1,0,0,0,0,0,0.000827514,0,0,0,0
1765976262530590,0,-4,1.5,-1.64005,1,0,0,0,-4,1.5,-1.6401,1,0,0,0,2.3892e-05,0,0.000764545,0,0,0,0
1765976262530590,0,-4,1.5,-1.64005,1,0,0,0,-4,1.5,-1.6401,1,0,0,0,2.3892e-05,0,0.000764545,0,0,0,0
1765976262540468,0,-4,1.5,-1.64005,1,0,0,0,-4,1.5,-1.6401,1,0,0,0,0,0,0.000627544,0,0,0,0
1765976262540468,0,-4,1.5,-1.64005,1,0,0,0,-4,1.5,-1.6401,1,0,0,0,0,0,0.000627544,0,0,0,0
1765976262550508,0,-4,1.5,-1.64006,1,0,0,0,-4,1.5,-1.64009,1,0,0,0,-2.37469e-05,0,0.000427444,0,0,0,0
1765976262550508,0,-4,1.5,-1.64006,1,0,0,0,-4,1.5,-1.64009,1,0,0,0,-2.37469e-05,0,0.000427444,0,0,0,0
1765976262560676,0,-4,1.5,-1.64008,1,0,0,0,-4,1.5,-1.64009,1,0,0,0,0,0,0.000164136,0,0,0,0
1765976262560676,0,-4,1.5,-1.64008,1,0,0,0,-4,1.5,-1.64009,1,0,0,0,0,0,0.000164136,0,0,0,0
1765976262570528,0,-4,1.5,-1.6401,1,0,0,0,-4,1.5,-1.64009,1,0,0,0,0,0,-0.0001573,0,0,0,0
1765976262570528,0,-4,1.5,-1.6401,1,0,0,0,-4,1.5,-1.64009,1,0,0,0,0,0,-0.0001573,0,0,0,0
1765976262580565,0,-4,1.5,-1.64013,1,0,0,0,-4,1.5,-1.6401,1,0,0,0,0,0,-0.000498833,0,0,0,0
1765976262580565,0,-4,1.5,-1.64013,1,0,0,0,-4,1.5,-1.6401,1,0,0,0,0,0,-0.000498833,0,0,0,0
1765976262590434,0,-4,1.5,-1.64017,1,0,0,0,-4,1.5,-1.64011,1,0,0,0,2.41583e-05,-1.20792e-05,-0.0008697,0,0,0,0
1765976262590434,0,-4,1.5,-1.64017,1,0,0,0,-4,1.5,-1.64011,1,0,0,0,2.41583e-05,-1.20792e-05,-0.0008697,0,0,0,0
1765976262600551,0,-4,1.5,-1.6402,1,0,0,0,-4,1.5,-1.64012,1,0,0,0,-2.35661e-05,1.17831e-05,-0.00120187,0,0,0,0
1765976262600551,0,-4,1.5,-1.6402,1,0,0,0,-4,1.5,-1.64012,1,0,0,0,-2.35661e-05,1.17831e-05,-0.00120187,0,0,0,0
1765976262610562,0,-4,1.5,-1.64024,1,0,0,0,-4,1.5,-1.64013,1,0,0,0,0,0,-0.00151229,0,0,0,0
1765976262610562,0,-4,1.5,-1.64024,1,0,0,0,-4,1.5,-1.64013,1,0,0,0,0,0,-0.00151229,0,0,0,0
1765976262620458,0,-4,1.5,-1.64027,1,0,0,0,-4,1.5,-1.64015,1,0,0,0,0,0,-0.0017467,0,0,0,0
1765976262620458,0,-4,1.5,-1.64027,1,0,0,0,-4,1.5,-1.64015,1,0,0,0,0,0,-0.0017467,0,0,0,0
1765976262630594,0,-4,1.5,-1.64031,1,0,0,0,-4,1.5,-1.64017,1,0,0,0,0,0,-0.0019288,0,0,0,0
1765976262630594,0,-4,1.5,-1.64031,1,0,0,0,-4,1.5,-1.64017,1,0,0,0,0,0,-0.0019288,0,0,0,0
1765976262640455,0,-4,1.5,-1.64033,1,0,0,0,-4,1.5,-1.64019,1,0,0,0,0,0,-0.00201886,0,0,0,0
1765976262640455,0,-4,1.5,-1.64033,1,0,0,0,-4,1.5,-1.64019,1,0,0,0,0,0,-0.00201886,0,0,0,0
1765976262650649,0,-4,1.5,-1.64035,1,0,0,0,-4,1.5,-1.64021,1,0,0,0,0,0,-0.00202307,0,0,0,0
1765976262650649,0,-4,1.5,-1.64035,1,0,0,0,-4,1.5,-1.64021,1,0,0,0,0,0,-0.00202307,0,0,0,0
1765976262660762,0,-4,1.5,-1.64037,1,0,0,0,-4,1.5,-1.64023,1,0,0,0,2.35755e-05,0,-0.00193319,0,0,0,0
1765976262660762,0,-4,1.5,-1.64037,1,0,0,0,-4,1.5,-1.64023,1,0,0,0,2.35755e-05,0,-0.00193319,0,0,0,0
1765976262670624,0,-4,1.5,-1.64037,1,0,0,0,-4,1.5,-1.64025,1,0,0,0,0,0,-0.0017769,0,0,0,0
1765976262670624,0,-4,1.5,-1.64037,1,0,0,0,-4,1.5,-1.64025,1,0,0,0,0,0,-0.0017769,0,0,0,0
1765976262680685,0,-4,1.5,-1.64038,1,0,0,0,-4,1.5,-1.64027,1,0,0,0,0,0,-0.00158772,0,0,0,0
1765976262680685,0,-4,1.5,-1.64038,1,0,0,0,-4,1.5,-1.64027,1,0,0,0,0,0,-0.00158772,0,0,0,0
1765976262690582,0,-4,1.5,-1.64038,1,0,0,0,-4,1.5,-1.64028,1,0,0,0,0,0,-0.00138517,0,0,0,0
1765976262690582,0,-4,1.5,-1.64038,1,0,0,0,-4,1.5,-1.64028,1,0,0,0,0,0,-0.00138517,0,0,0,0
1765976262700723,0,-4,1.5,-1.64037,1,0,0,0,-4,1.5,-1.64029,1,0,0,0,-2.35104e-05,0,-0.00115201,0,0,0,0
1765976262700723,0,-4,1.5,-1.64037,1,0,0,0,-4,1.5,-1.64029,1,0,0,0,-2.35104e-05,0,-0.00115201,0,0,0,0
1765976262710599,0,-4,1.5,-1.64036,1,0,0,0,-4,1.5,-1.6403,1,0,0,0,0,0,-0.000905295,0,0,0,0
1765976262710599,0,-4,1.5,-1.64036,1,0,0,0,-4,1.5,-1.6403,1,0,0,0,0,0,-0.000905295,0,0,0,0
1765976262720632,0,-4,1.5,-1.64035,1,0,0,0,-4,1.5,-1.64031,1,0,0,0,0,0,-0.000653495,0,0,0,0
1765976262720632,0,-4,1.5,-1.64035,1,0,0,0,-4,1.5,-1.64031,1,0,0,0,0,0,-0.000653495,0,0,0,0
1765976262730562,0,-4,1.5,-1.64034,1,0,0,0,-4,1.5,-1.64031,1,0,0,0,0,0,-0.000396164,0,0,0,0
1765976262730562,0,-4,1.5,-1.64034,1,0,0,0,-4,1.5,-1.64031,1,0,0,0,0,0,-0.000396164,0,0,0,0
1765976262740575,0,-4,1.5,-1.64032,1,0,0,0,-4,1.5,-1.64031,1,0,0,0,0,0,-0.000142865,0,0,0,0
1765976262740575,0,-4,1.5,-1.64032,1,0,0,0,-4,1.5,-1.64031,1,0,0,0,0,0,-0.000142865,0,0,0,0
1765976262750653,0,-4,1.5,-1.64031,1,0,0,0,-4,1.5,-1.64031,1,0,0,0,2.36573e-05,0,8.28007e-05,0,0,0,0
1765976262750653,0,-4,1.5,-1.64031,1,0,0,0,-4,1.5,-1.64031,1,0,0,0,2.36573e-05,0,8.28007e-05,0,0,0,0
1765976262760691,0,-4,1.5,-1.64029,1,0,0,0,-4,1.5,-1.64031,1,0,0,0,-2.37516e-05,0,0.000261268,0,0,0,0
1765976262760691,0,-4,1.5,-1.64029,1,0,0,0,-4,1.5,-1.64031,1,0,0,0,-2.37516e-05,0,0.000261268,0,0,0,0
1765976262770666,0,-4,1.5,-1.64028,1,0,0,0,-4,1.5,-1.6403,1,0,0,0,0,0,0.000406327,0,0,0,0
1765976262770666,0,-4,1.5,-1.64028,1,0,0,0,-4,1.5,-1.6403,1,0,0,0,0,0,0.000406327,0,0,0,0
1765976262780735,0,-4,1.5,-1.64027,1,0,0,0,-4,1.5,-1.6403,1,0,0,0,0,0,0.00046173,0,0,0,0
1765976262780735,0,-4,1.5,-1.64027,1,0,0,0,-4,1.5,-1.6403,1,0,0,0,0,0,0.00046173,0,0,0,0
1765976262790500,0,-4,1.5,-1.64026,1,0,0,0,-4,1.5,-1.64029,1,0,0,0,0,1.22078e-05,0.000439481,0,0,0,0
1765976262790500,0,-4,1.5,-1.64026,1,0,0,0,-4,1.5,-1.64029,1,0,0,0,0,1.22078e-05,0.000439481,0,0,0,0
1765976262800615,0,-4,1.5,-1.64027,1,0,0,0,-4,1.5,-1.64029,1,0,0,0,0,0,0.000365347,0,0,0,0
1765976262800615,0,-4,1.5,-1.64027,1,0,0,0,-4,1.5,-1.64029,1,0,0,0,0,0,0.000365347,0,0,0,0
1765976262810590,0,-4,1.5,-1.64027,1,0,0,0,-4,1.5,-1.64029,1,0,0,0,0,0,0.000239016,0,0,0,0
1765976262810590,0,-4,1.5,-1.64027,1,0,0,0,-4,1.5,-1.64029,1,0,0,0,0,0,0.000239016,0,0,0,0
1765976262820458,0,-4,1.5,-1.64028,1,0,0,0,-4,1.5,-1.64029,1,0,0,0,0,-1.20804e-05,0.000120804,0,0,0,0
1765976262820458,0,-4,1.5,-1.64028,1,0,0,0,-4,1.5,-1.64029,1,0,0,0,0,-1.20804e-05,0.000120804,0,0,0,0
1765976262830514,0,-4,1.5,-1.64029,1,0,0,0,-4,1.5,-1.64029,1,0,0,0,2.37091e-05,0,0,0,0,0,0
1765976262830514,0,-4,1.5,-1.64029,1,0,0,0,-4,1.5,-1.64029,1,0,0,0,2.37091e-05,0,0,0,0,0,0
1765976262840575,0,-4,1.5,-1.6403,1,0,0,0,-4,1.5,-1.64029,1,0,0,0,0,0,-0.000118487,0,0,0,0
1765976262840575,0,-4,1.5,-1.6403,1,0,0,0,-4,1.5,-1.64029,1,0,0,0,0,0,-0.000118487,0,0,0,0
1765976262850639,0,-4,1.5,-1.6403,1,0,0,0,-4,1.5,-1.64029,1,0,0,0,-2.36902e-05,0,-0.000177677,0,0,0,0
1765976262850639,0,-4,1.5,-1.6403,1,0,0,0,-4,1.5,-1.64029,1,0,0,0,-2.36902e-05,0,-0.000177677,0,0,0,0
1765976262860539,0,-4,1.5,-1.6403,1,0,0,0,-4,1.5,-1.64029,1,0,0,0,0,0,-0.00018062,0,0,0,0
1765976262860539,0,-4,1.5,-1.6403,1,0,0,0,-4,1.5,-1.64029,1,0,0,0,0,0,-0.00018062,0,0,0,0
1765976262870475,0,-4,1.5,-1.6403,1,0,0,0,-4,1.5,-1.64029,1,0,0,0,0,0,-0.000143973,0,0,0,0
1765976262870475,0,-4,1.5,-1.6403,1,0,0,0,-4,1.5,-1.64029,1,0,0,0,0,0,-0.000143973,0,0,0,0
1765976262880637,0,-4,1.5,-1.6403,1,0,0,0,-4,1.5,-1.64029,1,0,0,0,0,0,-5.86544e-05,0,0,0,0
1765976262880637,0,-4,1.5,-1.6403,1,0,0,0,-4,1.5,-1.64029,1,0,0,0,0,0,-5.86544e-05,0,0,0,0
1765976262890490,0,-4,1.5,-1.64029,1,0,0,0,-4,1.5,-1.64029,1,0,0,0,0,0,6.04939e-05,0,0,0,0
1765976262890490,0,-4,1.5,-1.64029,1,0,0,0,-4,1.5,-1.64029,1,0,0,0,0,0,6.04939e-05,0,0,0,0
1765976262900606,0,-4,1.5,-1.64028,1,0,0,0,-4,1.5,-1.64029,1,0,0,0,0,0,0.000188548,0,0,0,0
1765976262900606,0,-4,1.5,-1.64028,1,0,0,0,-4,1.5,-1.64029,1,0,0,0,0,0,0.000188548,0,0,0,0
1765976262910619,0,-4,1.5,-1.64027,1,0,0,0,-4,1.5,-1.64029,1,0,0,0,0,0,0.000309542,0,0,0,0
1765976262910619,0,-4,1.5,-1.64027,1,0,0,0,-4,1.5,-1.64029,1,0,0,0,0,0,0.000309542,0,0,0,0
1765976262920625,0,-4,1.5,-1.64026,1,0,0,0,-4,1.5,-1.64028,1,0,0,0,0,0,0.000416982,0,0,0,0
1765976262920625,0,-4,1.5,-1.64026,1,0,0,0,-4,1.5,-1.64028,1,0,0,0,0,0,0.000416982,0,0,0,0
1765976262930600,0,-4,1.5,-1.64024,1,0,0,0,-4,1.5,-1.64028,1,0,0,0,0,0,0.000525835,0,0,0,0
1765976262930600,0,-4,1.5,-1.64024,1,0,0,0,-4,1.5,-1.64028,1,0,0,0,0,0,0.000525835,0,0,0,0
1765976262940654,0,-4,1.5,-1.64023,1,0,0,0,-4,1.5,-1.64027,1,0,0,0,0,0,0.000640273,0,0,0,0
1765976262940654,0,-4,1.5,-1.64023,1,0,0,0,-4,1.5,-1.64027,1,0,0,0,0,0,0.000640273,0,0,0,0
1765976262950687,0,-4,1.5,-1.64021,1,0,0,0,-4,1.5,-1.64027,1,0,0,0,0,0,0.000736667,0,0,0,0
1765976262950687,0,-4,1.5,-1.64021,1,0,0,0,-4,1.5,-1.64027,1,0,0,0,0,0,0.000736667,0,0,0,0
1765976262960581,0,-4,1.5,-1.6402,1,0,0,0,-4,1.5,-1.64026,1,0,0,0,0,0,0.000807259,0,0,0,0
1765976262960581,0,-4,1.5,-1.6402,1,0,0,0,-4,1.5,-1.64026,1,0,0,0,0,0,0.000807259,0,0,0,0
1765976262970605,0,-4,1.5,-1.64019,1,0,0,0,-4,1.5,-1.64025,1,0,0,0,0,0,0.000868144,0,0,0,0
1765976262970605,0,-4,1.5,-1.64019,1,0,0,0,-4,1.5,-1.64025,1,0,0,0,0,0,0.000868144,0,0,0,0
1765976262980610,0,-4,1.5,-1.64018,1,0,0,0,-4,1.5,-1.64024,1,0,0,0,0,0,0.000845963,0,0,0,0
1765976262980610,0,-4,1.5,-1.64018,1,0,0,0,-4,1.5,-1.64024,1,0,0,0,0,0,0.000845963,0,0,0,0
1765976262990545,0,-4,1.5,-1.64018,1,0,0,0,-4,1.5,-1.64023,1,0,0,0,0,0,0.00077993,0,0,0,0
1765976262990545,0,-4,1.5,-1.64018,1,0,0,0,-4,1.5,-1.64023,1,0,0,0,0,0,0.00077993,0,0,0,0
1765976263000539,0,-4,1.5,-1.64018,1,0,0,0,-4,1.5,-1.64023,1,0,0,0,0,0,0.000644117,0,0,0,0
1765976263000539,0,-4,1.5,-1.64018,1,0,0,0,-4,1.5,-1.64023,1,0,0,0,0,0,0.000644117,0,0,0,0
1765976263010543,0,-4,1.5,-1.64019,1,0,0,0,-4,1.5,-1.64022,1,0,0,0,0,0,0.00046473,0,0,0,0
1765976263010543,0,-4,1.5,-1.64019,1,0,0,0,-4,1.5,-1.64022,1,0,0,0,0,0,0.00046473,0,0,0,0
1765976263020570,0,-4,1.5,-1.6402,1,0,0,0,-4,1.5,-1.64022,1,0,0,0,2.37777e-05,0,0.00030911,0,0,0,0
1765976263020570,0,-4,1.5,-1.6402,1,0,0,0,-4,1.5,-1.64022,1,0,0,0,2.37777e-05,0,0.00030911,0,0,0,0
1765976263030604,0,-4,1.5,-1.64021,1,0,0,0,-4,1.5,-1.64022,1,0,0,0,-2.37611e-05,0,0.000106925,0,0,0,0
1765976263030604,0,-4,1.5,-1.64021,1,0,0,0,-4,1.5,-1.64022,1,0,0,0,-2.37611e-05,0,0.000106925,0,0,0,0
1765976263040597,0,-4,1.5,-1.64022,1,0,0,0,-4,1.5,-1.64022,1,0,0,0,2.38586e-05,0,-4.77171e-05,0,0,0,0
1765976263040597,0,-4,1.5,-1.64022,1,0,0,0,-4,1.5,-1.64022,1,0,0,0,2.38586e-05,0,-4.77171e-05,0,0,0,0
1765976263050581,0,-4,1.5,-1.64023,1,0,0,0,-4,1.5,-1.64022,1,0,0,0,0,-1.194e-05,-0.00014328,0,0,0,0
1765976263050581,0,-4,1.5,-1.64023,1,0,0,0,-4,1.5,-1.64022,1,0,0,0,0,-1.194e-05,-0.00014328,0,0,0,0
1765976263060548,0,-4,1.5,-1.64023,1,0,0,0,-4,1.5,-1.64022,1,0,0,0,-2.39208e-05,0,-0.000167446,0,0,0,0
1765976263060548,0,-4,1.5,-1.64023,1,0,0,0,-4,1.5,-1.64022,1,0,0,0,-2.39208e-05,0,-0.000167446,0,0,0,0
1765976263070474,0,-4,1.5,-1.64023,1,0,0,0,-4,1.5,-1.64022,1,0,0,0,0,0,-8.40686e-05,0,0,0,0
1765976263070474,0,-4,1.5,-1.64023,1,0,0,0,-4,1.5,-1.64022,1,0,0,0,0,0,-8.40686e-05,0,0,0,0
1765976263080533,0,-4,1.5,-1.64022,1,0,0,0,-4,1.5,-1.64022,1,0,0,0,0,0,4.7404e-05,0,0,0,0
1765976263080533,0,-4,1.5,-1.64022,1,0,0,0,-4,1.5,-1.64022,1,0,0,0,0,0,4.7404e-05,0,0,0,0
1765976263090549,0,-4,1.5,-1.6402,1,0,0,0,-4,1.5,-1.64022,1,0,0,0,0,0,0.000238038,0,0,0,0
1765976263090549,0,-4,1.5,-1.6402,1,0,0,0,-4,1.5,-1.64022,1,0,0,0,0,0,0.000238038,0,0,0,0
1765976263100585,0,-4,1.5,-1.64018,1,0,0,0,-4,1.5,-1.64021,1,0,0,0,0,0,0.000439492,0,0,0,0
1765976263100585,0,-4,1.5,-1.64018,1,0,0,0,-4,1.5,-1.64021,1,0,0,0,0,0,0.000439492,0,0,0,0
1765976263110498,0,-4,1.5,-1.64016,1,0,0,0,-4,1.5,-1.64021,1,0,0,0,0,0,0.000637354,0,0,0,0
1765976263110498,0,-4,1.5,-1.64016,1,0,0,0,-4,1.5,-1.64021,1,0,0,0,0,0,0.000637354,0,0,0,0
1765976263120632,0,-4,1.5,-1.64014,1,0,0,0,-4,1.5,-1.6402,1,0,0,0,0,1.17633e-05,0.000823431,0,0,0,0
1765976263120632,0,-4,1.5,-1.64014,1,0,0,0,-4,1.5,-1.6402,1,0,0,0,0,1.17633e-05,0.000823431,0,0,0,0
1765976263130581,0,-4,1.5,-1.64012,1,0,0,0,-4,1.5,-1.64019,1,0,0,0,2.39641e-05,0,0.000970545,0,0,0,0
1765976263130581,0,-4,1.5,-1.64012,1,0,0,0,-4,1.5,-1.64019,1,0,0,0,2.39641e-05,0,0.000970545,0,0,0,0
1765976263140565,0,-4,1.5,-1.64011,1,0,0,0,-4,1.5,-1.64018,1,0,0,0,0,-1.194e-05,0.0010746,0,0,0,0
1765976263140565,0,-4,1.5,-1.64011,1,0,0,0,-4,1.5,-1.64018,1,0,0,0,0,-1.194e-05,0.0010746,0,0,0,0
1765976263150531,0,-4,1.5,-1.64009,1,0,0,0,-4,1.5,-1.64017,1,0,0,0,-2.39232e-05,0,0.00108851,0,0,0,0
1765976263150531,0,-4,1.5,-1.64009,1,0,0,0,-4,1.5,-1.64017,1,0,0,0,-2.39232e-05,0,0.00108851,0,0,0,0
1765976263160658,0,-4,1.5,-1.64008,1,0,0,0,-4,1.5,-1.64016,1,0,0,0,0,1.17714e-05,0.00105943,0,0,0,0
1765976263160658,0,-4,1.5,-1.64008,1,0,0,0,-4,1.5,-1.64016,1,0,0,0,0,1.17714e-05,0.00105943,0,0,0,0
1765976263170601,0,-4,1.5,-1.64008,1,0,0,0,-4,1.5,-1.64015,1,0,0,0,0,0,0.000959141,0,0,0,0
1765976263170601,0,-4,1.5,-1.64008,1,0,0,0,-4,1.5,-1.64015,1,0,0,0,0,0,0.000959141,0,0,0,0
1765976263180586,0,-4,1.5,-1.64008,1,0,0,0,-4,1.5,-1.64014,1,0,0,0,2.38777e-05,-1.19388e-05,0.000811841,0,0,0,0
1765976263180586,0,-4,1.5,-1.64008,1,0,0,0,-4,1.5,-1.64014,1,0,0,0,2.38777e-05,-1.19388e-05,0.000811841,0,0,0,0
1765976263190568,0,-4,1.5,-1.64009,1,0,0,0,-4,1.5,-1.64013,1,0,0,0,-2.38848e-05,0,0.000621006,0,0,0,0
1765976263190568,0,-4,1.5,-1.64009,1,0,0,0,-4,1.5,-1.64013,1,0,0,0,-2.38848e-05,0,0.000621006,0,0,0,0
1765976263200621,0,-4,1.5,-1.6401,1,0,0,0,-4,1.5,-1.64013,1,0,0,0,0,0,0.000415033,0,0,0,0
1765976263200621,0,-4,1.5,-1.6401,1,0,0,0,-4,1.5,-1.64013,1,0,0,0,0,0,0.000415033,0,0,0,0
1765976263210538,0,-4,1.5,-1.64011,1,0,0,0,-4,1.5,-1.64013,1,0,0,0,0,0,0.000216373,0,0,0,0
1765976263210538,0,-4,1.5,-1.64011,1,0,0,0,-4,1.5,-1.64013,1,0,0,0,0,0,0.000216373,0,0,0,0
1765976263220453,0,-4,1.5,-1.64012,1,0,0,0,-4,1.5,-1.64013,1,0,0,0,0,0,6.01156e-05,0,0,0,0
1765976263220453,0,-4,1.5,-1.64012,1,0,0,0,-4,1.5,-1.64013,1,0,0,0,0,0,6.01156e-05,0,0,0,0
1765976263230564,0,-4,1.5,-1.64013,1,0,0,0,-4,1.5,-1.64013,1,0,0,0,0,0,-3.53702e-05,0,0,0,0
1765976263230564,0,-4,1.5,-1.64013,1,0,0,0,-4,1.5,-1.64013,1,0,0,0,0,0,-3.53702e-05,0,0,0,0
1765976263240461,0,-4,1.5,-1.64013,1,0,0,0,-4,1.5,-1.64013,1,0,0,0,0,0,-6.0225e-05,0,0,0,0
1765976263240461,0,-4,1.5,-1.64013,1,0,0,0,-4,1.5,-1.64013,1,0,0,0,0,0,-6.0225e-05,0,0,0,0
1765976263250423,0,-4,1.5,-1.64013,1,0,0,0,-4,1.5,-1.64013,1,0,0,0,2.39328e-05,0,0,0,0,0,0
1765976263250423,0,-4,1.5,-1.64013,1,0,0,0,-4,1.5,-1.64013,1,0,0,0,2.39328e-05,0,0,0,0,0,0
1765976263260491,0,-4,1.5,-1.64012,1,0,0,0,-4,1.5,-1.64013,1,0,0,0,0,-1.18404e-05,0.000142085,0,0,0,0
1765976263260491,0,-4,1.5,-1.64012,1,0,0,0,-4,1.5,-1.64013,1,0,0,0,0,-1.18404e-05,0.000142085,0,0,0,0
1765976263270606,0,-4,1.5,-1.6401,1,0,0,0,-4,1.5,-1.64012,1,0,0,0,-2.35708e-05,0,0.00030642,0,0,0,0
1765976263270606,0,-4,1.5,-1.6401,1,0,0,0,-4,1.5,-1.64012,1,0,0,0,-2.35708e-05,0,0.00030642,0,0,0,0
1765976263280715,0,-4,1.5,-1.64008,1,0,0,0,-4,1.5,-1.64012,1,0,0,0,2.35848e-05,0,0.000530658,0,0,0,0
1765976263280715,0,-4,1.5,-1.64008,1,0,0,0,-4,1.5,-1.64012,1,0,0,0,2.35848e-05,0,0.000530658,0,0,0,0
1765976263290539,0,-4,1.5,-1.64006,1,0,0,0,-4,1.5,-1.64011,1,0,0,0,0,0,0.000764473,0,0,0,0
1765976263290539,0,-4,1.5,-1.64006,1,0,0,0,-4,1.5,-1.64011,1,0,0,0,0,0,0.000764473,0,0,0,0
1765976263300535,0,-4,1.5,-1.64003,1,0,0,0,-4,1.5,-1.6401,1,0,0,0,0,0,0.00100176,0,0,0,0
1765976263300535,0,-4,1.5,-1.64003,1,0,0,0,-4,1.5,-1.6401,1,0,0,0,0,0,0.00100176,0,0,0,0
1765976263310571,0,-4,1.5,-1.64001,1,0,0,0,-4,1.5,-1.64009,1,0,0,0,-2.37563e-05,1.18782e-05,0.00116406,0,0,0,0
1765976263310571,0,-4,1.5,-1.64001,1,0,0,0,-4,1.5,-1.64009,1,0,0,0,-2.37563e-05,1.18782e-05,0.00116406,0,0,0,0
1765976263320476,0,-4,1.5,-1.63999,1,0,0,0,-4,1.5,-1.64008,1,0,0,0,0,1.20353e-05,0.00127574,0,0,0,0
1765976263320476,0,-4,1.5,-1.63999,1,0,0,0,-4,1.5,-1.64008,1,0,0,0,0,1.20353e-05,0.00127574,0,0,0,0
1765976263330555,0,-4,1.5,-1.63997,1,0,0,0,-4,1.5,-1.64006,1,0,0,0,2.3655e-05,0,0.00132468,0,0,0,0
1765976263330555,0,-4,1.5,-1.63997,1,0,0,0,-4,1.5,-1.64006,1,0,0,0,2.3655e-05,0,0.00132468,0,0,0,0
1765976263340500,0,-4,1.5,-1.63996,1,0,0,0,-4,1.5,-1.64005,1,0,0,0,2.39737e-05,0,0.00130657,0,0,0,0
1765976263340500,0,-4,1.5,-1.63996,1,0,0,0,-4,1.5,-1.64005,1,0,0,0,2.39737e-05,0,0.00130657,0,0,0,0
1765976263350489,0,-4,1.5,-1.63995,1,0,0,0,-4,1.5,-1.64004,1,0,0,0,-2.38681e-05,0,0.00120534,0,0,0,0
1765976263350489,0,-4,1.5,-1.63995,1,0,0,0,-4,1.5,-1.64004,1,0,0,0,-2.38681e-05,0,0.00120534,0,0,0,0
1765976263360558,0,-4,1.5,-1.63995,1,0,0,0,-4,1.5,-1.64003,1,0,0,0,-2.36785e-05,0,0.00106553,0,0,0,0
1765976263360558,0,-4,1.5,-1.63995,1,0,0,0,-4,1.5,-1.64003,1,0,0,0,-2.36785e-05,0,0.00106553,0,0,0,0
1765976263370583,0,-4,1.5,-1.63996,1,0,0,0,-4,1.5,-1.64002,1,0,0,0,0,0,0.000868058,0,0,0,0
1765976263370583,0,-4,1.5,-1.63996,1,0,0,0,-4,1.5,-1.64002,1,0,0,0,0,0,0.000868058,0,0,0,0
1765976263380538,0,-4,1.5,-1.63997,1,0,0,0,-4,1.5,-1.64001,1,0,0,0,0,0,0.00064664,0,0,0,0
1765976263380538,0,-4,1.5,-1.63997,1,0,0,0,-4,1.5,-1.64001,1,0,0,0,0,0,0.00064664,0,0,0,0
1765976263390559,0,-4,1.5,-1.63998,1,0,0,0,-4,1.5,-1.64001,1,0,0,0,2.37919e-05,0,0.000416358,0,0,0,0
1765976263390559,0,-4,1.5,-1.63998,1,0,0,0,-4,1.5,-1.64001,1,0,0,0,2.37919e-05,0,0.000416358,0,0,0,0
1765976263400585,0,-4,1.5,-1.63999,1,0,0,0,-4,1.5,-1.64001,1,0,0,0,0,-1.189e-05,0.00021402,0,0,0,0
1765976263400585,0,-4,1.5,-1.63999,1,0,0,0,-4,1.5,-1.64001,1,0,0,0,0,-1.189e-05,0.00021402,0,0,0,0
1765976263410539,0,-4,1.5,-1.64,1,0,0,0,-4,1.5,-1.64001,1,0,0,0,-2.3952e-05,0,5.98801e-05,0,0,0,0
1765976263410539,0,-4,1.5,-1.64,1,0,0,0,-4,1.5,-1.64001,1,0,0,0,-2.3952e-05,0,5.98801e-05,0,0,0,0
1765976263420528,0,-4,1.5,-1.64001,1,0,0,0,-4,1.5,-1.64001,1,0,0,0,0,0,-1.19341e-05,0,0,0,0
1765976263420528,0,-4,1.5,-1.64001,1,0,0,0,-4,1.5,-1.64001,1,0,0,0,0,0,-1.19341e-05,0,0,0,0
1765976263430586,0,-4,1.5,-1.64001,1,0,0,0,-4,1.5,-1.64001,1,0,0,0,0,0,-2.37044e-05,0,0,0,0
1765976263430586,0,-4,1.5,-1.64001,1,0,0,0,-4,1.5,-1.64001,1,0,0,0,0,0,-2.37044e-05,0,0,0,0
1765976263440550,0,-4,1.5,-1.64,1,0,0,0,-4,1.5,-1.64001,1,0,0,0,2.3928e-05,0,4.7856e-05,0,0,0,0
1765976263440550,0,-4,1.5,-1.64,1,0,0,0,-4,1.5,-1.64001,1,0,0,0,2.3928e-05,0,4.7856e-05,0,0,0,0
1765976263450633,0,-4,1.5,-1.63999,1,0,0,0,-4,1.5,-1.64,1,0,0,0,-2.36456e-05,0,0.000177342,0,0,0,0
1765976263450633,0,-4,1.5,-1.63999,1,0,0,0,-4,1.5,-1.64,1,0,0,0,-2.36456e-05,0,0.000177342,0,0,0,0
1765976263460578,0,-4,1.5,-1.63997,1,0,0,0,-4,1.5,-1.64,1,0,0,0,2.39737e-05,-1.19869e-05,0.000371593,0,0,0,0
1765976263460578,0,-4,1.5,-1.63997,1,0,0,0,-4,1.5,-1.64,1,0,0,0,2.39737e-05,-1.19869e-05,0.000371593,0,0,0,0
1765976263470540,0,-4,1.5,-1.63995,1,0,0,0,-4,1.5,-1.63999,1,0,0,0,0,0,0.00059832,0,0,0,0
1765976263470540,0,-4,1.5,-1.63995,1,0,0,0,-4,1.5,-1.63999,1,0,0,0,0,0,0.00059832,0,0,0,0
1765976263480558,0,-4,1.5,-1.63993,1,0,0,0,-4,1.5,-1.63999,1,0,0,0,-2.3799e-05,0,0.000809167,0,0,0,0
1765976263480558,0,-4,1.5,-1.63993,1,0,0,0,-4,1.5,-1.63999,1,0,0,0,-2.3799e-05,0,0.000809167,0,0,0,0
1765976263490591,0,-4,1.5,-1.6399,1,0,0,0,-4,1.5,-1.63998,1,0,0,0,0,0,0.00102183,0,0,0,0
1765976263490591,0,-4,1.5,-1.6399,1,0,0,0,-4,1.5,-1.63998,1,0,0,0,0,0,0.00102183,0,0,0,0
1765976263500669,0,-4,1.5,-1.63988,1,0,0,0,-4,1.5,-1.63996,1,0,0,0,2.36573e-05,0,0.00118287,0,0,0,0
1765976263500669,0,-4,1.5,-1.63988,1,0,0,0,-4,1.5,-1.63996,1,0,0,0,2.36573e-05,0,0.00118287,0,0,0,0
1765976263510570,0,-4,1.5,-1.63986,1,0,0,0,-4,1.5,-1.63995,1,0,0,0,0,0,0.00130033,0,0,0,0
1765976263510570,0,-4,1.5,-1.63986,1,0,0,0,-4,1.5,-1.63995,1,0,0,0,0,0,0.00130033,0,0,0,0
1765976263520569,0,-4,1.5,-1.63984,1,0,0,0,-4,1.5,-1.63994,1,0,0,0,-2.38442e-05,0,0.00140681,0,0,0,0
1765976263520569,0,-4,1.5,-1.63984,1,0,0,0,-4,1.5,-1.63994,1,0,0,0,-2.38442e-05,0,0.00140681,0,0,0,0
1765976263530557,0,-4,1.5,-1.63982,1,0,0,0,-4,1.5,-1.63992,1,0,0,0,0,1.19353e-05,0.00146804,0,0,0,0
1765976263530557,0,-4,1.5,-1.63982,1,0,0,0,-4,1.5,-1.63992,1,0,0,0,0,1.19353e-05,0.00146804,0,0,0,0
1765976263540533,0,-4,1.5,-1.6398,1,0,0,0,-4,1.5,-1.63991,1,0,0,0,0,0,0.0015176,0,0,0,0
1765976263540533,0,-4,1.5,-1.6398,1,0,0,0,-4,1.5,-1.63991,1,0,0,0,0,0,0.0015176,0,0,0,0
1765976263550476,0,-4,1.5,-1.63978,1,0,0,0,-4,1.5,-1.63989,1,0,0,0,0,0,0.00154662,0,0,0,0
1765976263550476,0,-4,1.5,-1.63978,1,0,0,0,-4,1.5,-1.63989,1,0,0,0,0,0,0.00154662,0,0,0,0
1765976263560634,0,-4,1.5,-1.63977,1,0,0,0,-4,1.5,-1.63988,1,0,0,0,0,0,0.00156082,0,0,0,0
1765976263560634,0,-4,1.5,-1.63977,1,0,0,0,-4,1.5,-1.63988,1,0,0,0,0,0,0.00156082,0,0,0,0
1765976263570673,0,-4,1.5,-1.63975,1,0,0,0,-4,1.5,-1.63986,1,0,0,0,2.37492e-05,0,0.0015437,0,0,0,0
1765976263570673,0,-4,1.5,-1.63975,1,0,0,0,-4,1.5,-1.63986,1,0,0,0,2.37492e-05,0,0.0015437,0,0,0,0
1765976263580590,0,-4,1.5,-1.63974,1,0,0,0,-4,1.5,-1.63984,1,0,0,0,0,0,0.00151461,0,0,0,0
1765976263580590,0,-4,1.5,-1.63974,1,0,0,0,-4,1.5,-1.63984,1,0,0,0,0,0,0.00151461,0,0,0,0
1765976263590494,0,-4,1.5,-1.63973,1,0,0,0,-4,1.5,-1.63983,1,0,0,0,0,0,0.00145641,0,0,0,0
1765976263590494,0,-4,1.5,-1.63973,1,0,0,0,-4,1.5,-1.63983,1,0,0,0,0,0,0.00145641,0,0,0,0
1765976263600554,0,-4,1.5,-1.63972,1,0,0,0,-4,1.5,-1.63982,1,0,0,0,-2.36997e-05,0,0.00137458,0,0,0,0
1765976263600554,0,-4,1.5,-1.63972,1,0,0,0,-4,1.5,-1.63982,1,0,0,0,-2.36997e-05,0,0.00137458,0,0,0,0
1765976263610582,0,-4,1.5,-1.63972,1,0,0,0,-4,1.5,-1.6398,1,0,0,0,0,1.18876e-05,0.00123631,0,0,0,0
1765976263610582,0,-4,1.5,-1.63972,1,0,0,0,-4,1.5,-1.6398,1,0,0,0,0,1.18876e-05,0.00123631,0,0,0,0
1765976263620613,0,-4,1.5,-1.63972,1,0,0,0,-4,1.5,-1.63979,1,0,0,0,2.37682e-05,0,0.00110522,0,0,0,0
1765976263620613,0,-4,1.5,-1.63972,1,0,0,0,-4,1.5,-1.63979,1,0,0,0,2.37682e-05,0,0.00110522,0,0,0,0
1765976263630600,0,-4,1.5,-1.63972,1,0,0,0,-4,1.5,-1.63978,1,0,0,0,-2.38729e-05,0,0.00090717,0,0,0,0
1765976263630600,0,-4,1.5,-1.63972,1,0,0,0,-4,1.5,-1.63978,1,0,0,0,-2.38729e-05,0,0.00090717,0,0,0,0
1765976263640706,0,-4,1.5,-1.63973,1,0,0,0,-4,1.5,-1.63978,1,0,0,0,0,0,0.000707754,0,0,0,0
1765976263640706,0,-4,1.5,-1.63973,1,0,0,0,-4,1.5,-1.63978,1,0,0,0,0,0,0.000707754,0,0,0,0
1765976263650700,0,-4,1.5,-1.63974,1,0,0,0,-4,1.5,-1.63977,1,0,0,0,0,0,0.000465195,0,0,0,0
1765976263650700,0,-4,1.5,-1.63974,1,0,0,0,-4,1.5,-1.63977,1,0,0,0,0,0,0.000465195,0,0,0,0
1765976263660510,0,-4,1.5,-1.63976,1,0,0,0,-4,1.5,-1.63977,1,0,0,0,2.43036e-05,0,0.000218733,0,0,0,0
1765976263660510,0,-4,1.5,-1.63976,1,0,0,0,-4,1.5,-1.63977,1,0,0,0,2.43036e-05,0,0.000218733,0,0,0,0
1765976263670547,0,-4,1.5,-1.63977,1,0,0,0,-4,1.5,-1.63977,1,0,0,0,-2.3754e-05,0,-4.75079e-05,0,0,0,0
1765976263670547,0,-4,1.5,-1.63977,1,0,0,0,-4,1.5,-1.63977,1,0,0,0,-2.3754e-05,0,-4.75079e-05,0,0,0,0
1765976263680723,0,-4,1.5,-1.63979,1,0,0,0,-4,1.5,-1.63977,1,0,0,0,0,0,-0.000281154,0,0,0,0
1765976263680723,0,-4,1.5,-1.63979,1,0,0,0,-4,1.5,-1.63977,1,0,0,0,0,0,-0.000281154,0,0,0,0
1765976263690564,0,-4,1.5,-1.63981,1,0,0,0,-4,1.5,-1.63978,1,0,0,0,0,0,-0.000496655,0,0,0,0
1765976263690564,0,-4,1.5,-1.63981,1,0,0,0,-4,1.5,-1.63978,1,0,0,0,0,0,-0.000496655,0,0,0,0
1765976263700616,0,-4,1.5,-1.63983,1,0,0,0,-4,1.5,-1.63978,1,0,0,0,0,0,-0.000628541,0,0,0,0
1765976263700616,0,-4,1.5,-1.63983,1,0,0,0,-4,1.5,-1.63978,1,0,0,0,0,0,-0.000628541,0,0,0,0
1765976263710549,0,-4,1.5,-1.63984,1,0,0,0,-4,1.5,-1.63979,1,0,0,0,0,-1.20013e-05,-0.000708079,0,0,0,0
1765976263710549,0,-4,1.5,-1.63984,1,0,0,0,-4,1.5,-1.63979,1,0,0,0,0,-1.20013e-05,-0.000708079,0,0,0,0
1765976263720616,0,-4,1.5,-1.63985,1,0,0,0,-4,1.5,-1.6398,1,0,0,0,2.36832e-05,-1.18416e-05,-0.000686812,0,0,0,0
1765976263720616,0,-4,1.5,-1.63985,1,0,0,0,-4,1.5,-1.6398,1,0,0,0,2.36832e-05,-1.18416e-05,-0.000686812,0,0,0,0
1765976263730677,0,-4,1.5,-1.63985,1,0,0,0,-4,1.5,-1.6398,1,0,0,0,0,0,-0.000592433,0,0,0,0
1765976263730677,0,-4,1.5,-1.63985,1,0,0,0,-4,1.5,-1.6398,1,0,0,0,0,0,-0.000592433,0,0,0,0
1765976263740550,0,-4,1.5,-1.63984,1,0,0,0,-4,1.5,-1.63981,1,0,0,0,0,0,-0.000434674,0,0,0,0
1765976263740550,0,-4,1.5,-1.63984,1,0,0,0,-4,1.5,-1.63981,1,0,0,0,0,0,-0.000434674,0,0,0,0
1765976263750532,0,-4,1.5,-1.63983,1,0,0,0,-4,1.5,-1.63981,1,0,0,0,-2.38848e-05,0,-0.000214964,0,0,0,0
1765976263750532,0,-4,1.5,-1.63983,1,0,0,0,-4,1.5,-1.63981,1,0,0,0,-2.38848e-05,0,-0.000214964,0,0,0,0
1765976263760697,0,-4,1.5,-1.63981,1,0,0,0,-4,1.5,-1.63981,1,0,0,0,0,0,2.34549e-05,0,0,0,0
1765976263760697,0,-4,1.5,-1.63981,1,0,0,0,-4,1.5,-1.63981,1,0,0,0,0,0,2.34549e-05,0,0,0,0
1765976263770641,0,-4,1.5,-1.63979,1,0,0,0,-4,1.5,-1.63981,1,0,0,0,0,0,0.000263737,0,0,0,0
1765976263770641,0,-4,1.5,-1.63979,1,0,0,0,-4,1.5,-1.63981,1,0,0,0,0,0,0.000263737,0,0,0,0
1765976263780669,0,-4,1.5,-1.63977,1,0,0,0,-4,1.5,-1.6398,1,0,0,0,0,1.18876e-05,0.000439843,0,0,0,0
1765976263780669,0,-4,1.5,-1.63977,1,0,0,0,-4,1.5,-1.6398,1,0,0,0,0,1.18876e-05,0.000439843,0,0,0,0
1765976263790521,0,-4,1.5,-1.63976,1,0,0,0,-4,1.5,-1.6398,1,0,0,0,0,0,0.0005687,0,0,0,0
1765976263790521,0,-4,1.5,-1.63976,1,0,0,0,-4,1.5,-1.6398,1,0,0,0,0,0,0.0005687,0,0,0,0
1765976263800645,0,-4,1.5,-1.63975,1,0,0,0,-4,1.5,-1.63979,1,0,0,0,0,0,0.000647621,0,0,0,0
1765976263800645,0,-4,1.5,-1.63975,1,0,0,0,-4,1.5,-1.63979,1,0,0,0,0,0,0.000647621,0,0,0,0
1765976263810644,0,-4,1.5,-1.63974,1,0,0,0,-4,1.5,-1.63979,1,0,0,0,0,0,0.000655717,0,0,0,0
1765976263810644,0,-4,1.5,-1.63974,1,0,0,0,-4,1.5,-1.63979,1,0,0,0,0,0,0.000655717,0,0,0,0
1765976263820542,0,-4,1.5,-1.63974,1,0,0,0,-4,1.5,-1.63978,1,0,0,0,0,0,0.000614233,0,0,0,0
1765976263820542,0,-4,1.5,-1.63974,1,0,0,0,-4,1.5,-1.63978,1,0,0,0,0,0,0.000614233,0,0,0,0
1765976263830642,0,-4,1.5,-1.63974,1,0,0,0,-4,1.5,-1.63977,1,0,0,0,0,0,0.000519328,0,0,0,0
1765976263830642,0,-4,1.5,-1.63974,1,0,0,0,-4,1.5,-1.63977,1,0,0,0,0,0,0.000519328,0,0,0,0
1765976263840572,0,-4,1.5,-1.63974,1,0,0,0,-4,1.5,-1.63977,1,0,0,0,0,0,0.000408169,0,0,0,0
1765976263840572,0,-4,1.5,-1.63974,1,0,0,0,-4,1.5,-1.63977,1,0,0,0,0,0,0.000408169,0,0,0,0
1765976263850642,0,-4,1.5,-1.63975,1,0,0,0,-4,1.5,-1.63977,1,0,0,0,0,0,0.000295952,0,0,0,0
1765976263850642,0,-4,1.5,-1.63975,1,0,0,0,-4,1.5,-1.63977,1,0,0,0,0,0,0.000295952,0,0,0,0
1765976263860553,0,-4,1.5,-1.63975,1,0,0,0,-4,1.5,-1.63976,1,0,0,0,0,0,0.00018042,0,0,0,0
1765976263860553,0,-4,1.5,-1.63975,1,0,0,0,-4,1.5,-1.63976,1,0,0,0,0,0,0.00018042,0,0,0,0
1765976263870518,0,-4,1.5,-1.63976,1,0,0,0,-4,1.5,-1.63976,1,0,0,0,0,0,8.37396e-05,0,0,0,0
1765976263870518,0,-4,1.5,-1.63976,1,0,0,0,-4,1.5,-1.63976,1,0,0,0,0,0,8.37396e-05,0,0,0,0
1765976263880514,0,-4,1.5,-1.63977,1,0,0,0,-4,1.5,-1.63976,1,0,0,0,2.38514e-05,0,-2.38514e-05,0,0,0,0
1765976263880514,0,-4,1.5,-1.63977,1,0,0,0,-4,1.5,-1.63976,1,0,0,0,2.38514e-05,0,-2.38514e-05,0,0,0,0
1765976263890563,0,-4,1.5,-1.63978,1,0,0,0,-4,1.5,-1.63977,1,0,0,0,-2.37256e-05,0,-0.000142354,0,0,0,0
1765976263890563,0,-4,1.5,-1.63978,1,0,0,0,-4,1.5,-1.63977,1,0,0,0,-2.37256e-05,0,-0.000142354,0,0,0,0
1765976263900556,0,-4,1.5,-1.63978,1,0,0,0,-4,1.5,-1.63977,1,0,0,0,2.38586e-05,-1.19293e-05,-0.000238586,0,0,0,0
1765976263900556,0,-4,1.5,-1.63978,1,0,0,0,-4,1.5,-1.63977,1,0,0,0,2.38586e-05,-1.19293e-05,-0.000238586,0,0,0,0
1765976263910577,0,-4,1.5,-1.63979,1,0,0,0,-4,1.5,-1.63977,1,0,0,0,0,0,-0.000333087,0,0,0,0
1765976263910577,0,-4,1.5,-1.63979,1,0,0,0,-4,1.5,-1.63977,1,0,0,0,0,0,-0.000333087,0,0,0,0
1765976263920513,0,-4,1.5,-1.6398,1,0,0,0,-4,1.5,-1.63978,1,0,0,0,0,1.19977e-05,-0.000407922,0,0,0,0
1765976263920513,0,-4,1.5,-1.6398,1,0,0,0,-4,1.5,-1.63978,1,0,0,0,0,1.19977e-05,-0.000407922,0,0,0,0
1765976263930557,0,-4,1.5,-1.63981,1,0,0,0,-4,1.5,-1.63978,1,0,0,0,0,0,-0.00046288,0,0,0,0
1765976263930557,0,-4,1.5,-1.63981,1,0,0,0,-4,1.5,-1.63978,1,0,0,0,0,0,-0.00046288,0,0,0,0
1765976263940565,0,-4,1.5,-1.63982,1,0,0,0,-4,1.5,-1.63979,1,0,0,0,0,0,-0.000500279,0,0,0,0
1765976263940565,0,-4,1.5,-1.63982,1,0,0,0,-4,1.5,-1.63979,1,0,0,0,0,0,-0.000500279,0,0,0,0
1765976263951227,0,-4,1.5,-1.63983,1,0,0,0,-4,1.5,-1.63979,1,0,0,0,0,0,-0.000514315,0,0,0,0
1765976263951227,0,-4,1.5,-1.63983,1,0,0,0,-4,1.5,-1.63979,1,0,0,0,0,0,-0.000514315,0,0,0,0
1765976263960579,0,-4,1.5,-1.63983,1,0,0,0,-4,1.5,-1.6398,1,0,0,0,0,1.27469e-05,-0.00049713,0,0,0,0
1765976263960579,0,-4,1.5,-1.63983,1,0,0,0,-4,1.5,-1.6398,1,0,0,0,0,1.27469e-05,-0.00049713,0,0,0,0
1765976263970499,0,-4,1.5,-1.63983,1,0,0,0,-4,1.5,-1.6398,1,0,0,0,0,0,-0.000444631,0,0,0,0
1765976263970499,0,-4,1.5,-1.63983,1,0,0,0,-4,1.5,-1.6398,1,0,0,0,0,0,-0.000444631,0,0,0,0
1765976263980645,0,-4,1.5,-1.63983,1,0,0,0,-4,1.5,-1.6398,1,0,0,0,-2.34988e-05,0,-0.000364231,0,0,0,0
1765976263980645,0,-4,1.5,-1.63983,1,0,0,0,-4,1.5,-1.6398,1,0,0,0,-2.34988e-05,0,-0.000364231,0,0,0,0
1765976263990680,0,-4,1.5,-1.63982,1,0,0,0,-4,1.5,-1.63981,1,0,0,0,0,0,-0.000261346,0,0,0,0
1765976263990680,0,-4,1.5,-1.63982,1,0,0,0,-4,1.5,-1.63981,1,0,0,0,0,0,-0.000261346,0,0,0,0
1765976264000673,0,-4,1.5,-1.63982,1,0,0,0,-4,1.5,-1.63981,1,0,0,0,2.38586e-05,0,-0.000143151,0,0,0,0
1765976264000673,0,-4,1.5,-1.63982,1,0,0,0,-4,1.5,-1.63981,1,0,0,0,2.38586e-05,0,-0.000143151,0,0,0,0
1765976264010633,0,-4,1.5,-1.63981,1,0,0,0,-4,1.5,-1.63981,1,0,0,0,-2.39376e-05,0,-9.57504e-05,0,0,0,0
1765976264010633,0,-4,1.5,-1.63981,1,0,0,0,-4,1.5,-1.63981,1,0,0,0,-2.39376e-05,0,-9.57504e-05,0,0,0,0
1765976264020551,0,-4,1.5,-1.63981,1,0,0,0,-4,1.5,-1.63981,1,0,0,0,0,0,-7.21169e-05,0,0,0,0
1765976264020551,0,-4,1.5,-1.63981,1,0,0,0,-4,1.5,-1.63981,1,0,0,0,0,0,-7.21169e-05,0,0,0,0
1765976264030579,0,-4,1.5,-1.63982,1,0,0,0,-4,1.5,-1.63981,1,0,0,0,0,1.18876e-05,-0.000106989,0,0,0,0
1765976264030579,0,-4,1.5,-1.63982,1,0,0,0,-4,1.5,-1.63981,1,0,0,0,0,1.18876e-05,-0.000106989,0,0,0,0
1765976264040514,0,-4,1.5,-1.63983,1,0,0,0,-4,1.5,-1.63981,1,0,0,0,0,0,-0.000203982,0,0,0,0
1765976264040514,0,-4,1.5,-1.63983,1,0,0,0,-4,1.5,-1.63981,1,0,0,0,0,0,-0.000203982,0,0,0,0
1765976264050683,0,-4,1.5,-1.63984,1,0,0,0,-4,1.5,-1.63982,1,0,0,0,0,0,-0.000351684,0,0,0,0
1765976264050683,0,-4,1.5,-1.63984,1,0,0,0,-4,1.5,-1.63982,1,0,0,0,0,0,-0.000351684,0,0,0,0
1765976264060650,0,-4,1.5,-1.63986,1,0,0,0,-4,1.5,-1.63982,1,0,0,0,0,-1.19604e-05,-0.000538218,0,0,0,0
1765976264060650,0,-4,1.5,-1.63986,1,0,0,0,-4,1.5,-1.63982,1,0,0,0,0,-1.19604e-05,-0.000538218,0,0,0,0
1765976264070524,0,-4,1.5,-1.63988,1,0,0,0,-4,1.5,-1.63983,1,0,0,0,0,0,-0.000724383,0,0,0,0
1765976264070524,0,-4,1.5,-1.63988,1,0,0,0,-4,1.5,-1.63983,1,0,0,0,0,0,-0.000724383,0,0,0,0
1765976264080587,0,-4,1.5,-1.6399,1,0,0,0,-4,1.5,-1.63984,1,0,0,0,2.36926e-05,-1.18463e-05,-0.000912165,0,0,0,0
1765976264080587,0,-4,1.5,-1.6399,1,0,0,0,-4,1.5,-1.63984,1,0,0,0,2.36926e-05,-1.18463e-05,-0.000912165,0,0,0,0
1765976264090449,0,-4,1.5,-1.63992,1,0,0,0,-4,1.5,-1.63985,1,0,0,0,0,-1.20877e-05,-0.00105163,0,0,0,0
1765976264090449,0,-4,1.5,-1.63992,1,0,0,0,-4,1.5,-1.63985,1,0,0,0,0,-1.20877e-05,-0.00105163,0,0,0,0
1765976264100495,0,-4,1.5,-1.63994,1,0,0,0,-4,1.5,-1.63986,1,0,0,0,-2.37327e-05,1.18663e-05,-0.0011273,0,0,0,0
1765976264100495,0,-4,1.5,-1.63994,1,0,0,0,-4,1.5,-1.63986,1,0,0,0,-2.37327e-05,1.18663e-05,-0.0011273,0,0,0,0
1765976264110455,0,-4,1.5,-1.63995,1,0,0,0,-4,1.5,-1.63987,1,0,0,0,0,1.19688e-05,-0.00113704,0,0,0,0
1765976264110455,0,-4,1.5,-1.63995,1,0,0,0,-4,1.5,-1.63987,1,0,0,0,0,1.19688e-05,-0.00113704,0,0,0,0
1765976264120507,0,-4,1.5,-1.63995,1,0,0,0,-4,1.5,-1.63988,1,0,0,0,0,0,-0.00105547,0,0,0,0
1765976264120507,0,-4,1.5,-1.63995,1,0,0,0,-4,1.5,-1.63988,1,0,0,0,0,0,-0.00105547,0,0,0,0
1765976264130479,0,-4,1.5,-1.63995,1,0,0,0,-4,1.5,-1.63989,1,0,0,0,0,0,-0.000884626,0,0,0,0
1765976264130479,0,-4,1.5,-1.63995,1,0,0,0,-4,1.5,-1.63989,1,0,0,0,0,0,-0.000884626,0,0,0,0
1765976264140449,0,-4,1.5,-1.63995,1,0,0,0,-4,1.5,-1.6399,1,0,0,0,0,0,-0.000693494,0,0,0,0
1765976264140449,0,-4,1.5,-1.63995,1,0,0,0,-4,1.5,-1.6399,1,0,0,0,0,0,-0.000693494,0,0,0,0
1765976264150558,0,-4,1.5,-1.63994,1,0,0,0,-4,1.5,-1.6399,1,0,0,0,2.35848e-05,0,-0.000483488,0,0,0,0
1765976264150558,0,-4,1.5,-1.63994,1,0,0,0,-4,1.5,-1.6399,1,0,0,0,2.35848e-05,0,-0.000483488,0,0,0,0
1765976264160647,0,-4,1.5,-1.63992,1,0,0,0,-4,1.5,-1.6399,1,0,0,0,-2.36315e-05,0,-0.000295394,0,0,0,0
1765976264160647,0,-4,1.5,-1.63992,1,0,0,0,-4,1.5,-1.6399,1,0,0,0,-2.36315e-05,0,-0.000295394,0,0,0,0
1765976264170605,0,-4,1.5,-1.63992,1,0,0,0,-4,1.5,-1.63991,1,0,0,0,0,0,-0.000143654,0,0,0,0
1765976264170605,0,-4,1.5,-1.63992,1,0,0,0,-4,1.5,-1.63991,1,0,0,0,0,0,-0.000143654,0,0,0,0
1765976264180575,0,-4,1.5,-1.63991,1,0,0,0,-4,1.5,-1.63991,1,0,0,0,0,0,-4.78272e-05,0,0,0,0
1765976264180575,0,-4,1.5,-1.63991,1,0,0,0,-4,1.5,-1.63991,1,0,0,0,0,0,-4.78272e-05,0,0,0,0
1765976264190598,0,-4,1.5,-1.63991,1,0,0,0,-4,1.5,-1.63991,1,0,0,0,0,0,0,0,0,0,0
1765976264190598,0,-4,1.5,-1.63991,1,0,0,0,-4,1.5,-1.63991,1,0,0,0,0,0,0,0,0,0,0
1765976264200727,0,-4,1.5,-1.63991,1,0,0,0,-4,1.5,-1.63991,1,0,0,0,0,0,-1.17691e-05,0,0,0,0
1765976264200727,0,-4,1.5,-1.63991,1,0,0,0,-4,1.5,-1.63991,1,0,0,0,0,0,-1.17691e-05,0,0,0,0
1765976264210646,0,-4,1.5,-1.63991,1,0,0,0,-4,1.5,-1.63991,1,0,0,0,0,-1.20183e-05,-3.60548e-05,0,0,0,0
1765976264210646,0,-4,1.5,-1.63991,1,0,0,0,-4,1.5,-1.63991,1,0,0,0,0,-1.20183e-05,-3.60548e-05,0,0,0,0
1765976264220444,0,-4,1.5,-1.63991,1,0,0,0,-4,1.5,-1.63991,1,0,0,0,0,0,-7.30002e-05,0,0,0,0
1765976264220444,0,-4,1.5,-1.63991,1,0,0,0,-4,1.5,-1.63991,1,0,0,0,0,0,-7.30002e-05,0,0,0,0
1765976264230530,0,-4,1.5,-1.63992,1,0,0,0,-4,1.5,-1.63991,1,0,0,0,0,1.18193e-05,-0.000118193,0,0,0,0
1765976264230530,0,-4,1.5,-1.63992,1,0,0,0,-4,1.5,-1.63991,1,0,0,0,0,1.18193e-05,-0.000118193,0,0,0,0
1765976264240564,0,-4,1.5,-1.63992,1,0,0,0,-4,1.5,-1.63991,1,0,0,0,0,0,-0.000118805,0,0,0,0
1765976264240564,0,-4,1.5,-1.63992,1,0,0,0,-4,1.5,-1.63991,1,0,0,0,0,0,-0.000118805,0,0,0,0
1765976264250578,0,-4,1.5,-1.63992,1,0,0,0,-4,1.5,-1.63991,1,0,0,0,0,0,-8.33298e-05,0,0,0,0
1765976264250578,0,-4,1.5,-1.63992,1,0,0,0,-4,1.5,-1.63991,1,0,0,0,0,0,-8.33298e-05,0,0,0,0
1765976264260605,0,-4,1.5,-1.63991,1,0,0,0,-4,1.5,-1.63991,1,0,0,0,2.37777e-05,0,1.18888e-05,0,0,0,0
1765976264260605,0,-4,1.5,-1.63991,1,0,0,0,-4,1.5,-1.63991,1,0,0,0,2.37777e-05,0,1.18888e-05,0,0,0,0
1765976264270564,0,-4,1.5,-1.6399,1,0,0,0,-4,1.5,-1.63991,1,0,0,0,-2.394e-05,0,0.0001197,0,0,0,0
1765976264270564,0,-4,1.5,-1.6399,1,0,0,0,-4,1.5,-1.63991,1,0,0,0,-2.394e-05,0,0.0001197,0,0,0,0
1765976264280570,0,-4,1.5,-1.63989,1,0,0,0,-4,1.5,-1.63991,1,0,0,0,0,0,0.000262103,0,0,0,0
1765976264280570,0,-4,1.5,-1.63989,1,0,0,0,-4,1.5,-1.63991,1,0,0,0,0,0,0.000262103,0,0,0,0
1765976264290592,0,-4,1.5,-1.63987,1,0,0,0,-4,1.5,-1.6399,1,0,0,0,2.37895e-05,0,0.000440106,0,0,0,0
1765976264290592,0,-4,1.5,-1.63987,1,0,0,0,-4,1.5,-1.6399,1,0,0,0,2.37895e-05,0,0.000440106,0,0,0,0
1765976264300569,0,-4,1.5,-1.63985,1,0,0,0,-4,1.5,-1.6399,1,0,0,0,-2.38968e-05,0,0.000609369,0,0,0,0
1765976264300569,0,-4,1.5,-1.63985,1,0,0,0,-4,1.5,-1.6399,1,0,0,0,-2.38968e-05,0,0.000609369,0,0,0,0
1765976264310726,0,-4,1.5,-1.63984,1,0,0,0,-4,1.5,-1.63989,1,0,0,0,0,0,0.00077462,0,0,0,0
1765976264310726,0,-4,1.5,-1.63984,1,0,0,0,-4,1.5,-1.63989,1,0,0,0,0,0,0.00077462,0,0,0,0
1765976264320529,0,-4,1.5,-1.63982,1,0,0,0,-4,1.5,-1.63988,1,0,0,0,0,-1.21605e-05,0.000912037,0,0,0,0
1765976264320529,0,-4,1.5,-1.63982,1,0,0,0,-4,1.5,-1.63988,1,0,0,0,0,-1.21605e-05,0.000912037,0,0,0,0
1765976264330577,0,-4,1.5,-1.6398,1,0,0,0,-4,1.5,-1.63987,1,0,0,0,0,0,0.00100844,0,0,0,0
1765976264330577,0,-4,1.5,-1.6398,1,0,0,0,-4,1.5,-1.63987,1,0,0,0,0,0,0.00100844,0,0,0,0
1765976264340545,0,-4,1.5,-1.63979,1,0,0,0,-4,1.5,-1.63986,1,0,0,0,2.39184e-05,-1.19592e-05,0.00104045,0,0,0,0
1765976264340545,0,-4,1.5,-1.63979,1,0,0,0,-4,1.5,-1.63986,1,0,0,0,2.39184e-05,-1.19592e-05,0.00104045,0,0,0,0
1765976264350572,0,-4,1.5,-1.63978,1,0,0,0,-4,1.5,-1.63985,1,0,0,0,0,0,0.00101055,0,0,0,0
1765976264350572,0,-4,1.5,-1.63978,1,0,0,0,-4,1.5,-1.63985,1,0,0,0,0,0,0.00101055,0,0,0,0
1765976264360554,0,-4,1.5,-1.63978,1,0,0,0,-4,1.5,-1.63984,1,0,0,0,-2.38848e-05,0,0.000883739,0,0,0,0
1765976264360554,0,-4,1.5,-1.63978,1,0,0,0,-4,1.5,-1.63984,1,0,0,0,-2.38848e-05,0,0.000883739,0,0,0,0
1765976264370594,0,-4,1.5,-1.63978,1,0,0,0,-4,1.5,-1.63983,1,0,0,0,0,0,0.000712406,0,0,0,0
1765976264370594,0,-4,1.5,-1.63978,1,0,0,0,-4,1.5,-1.63983,1,0,0,0,0,0,0.000712406,0,0,0,0
1765976264380721,0,-4,1.5,-1.63979,1,0,0,0,-4,1.5,-1.63983,1,0,0,0,0,0,0.000506172,0,0,0,0
1765976264380721,0,-4,1.5,-1.63979,1,0,0,0,-4,1.5,-1.63983,1,0,0,0,0,0,0.000506172,0,0,0,0
1765976264390585,0,-4,1.5,-1.63981,1,0,0,0,-4,1.5,-1.63983,1,0,0,0,0,1.20853e-05,0.000253791,0,0,0,0
1765976264390585,0,-4,1.5,-1.63981,1,0,0,0,-4,1.5,-1.63983,1,0,0,0,0,1.20853e-05,0.000253791,0,0,0,0
1765976264400580,0,-4,1.5,-1.63983,1,0,0,0,-4,1.5,-1.63983,1,0,0,0,0,0,-3.57807e-05,0,0,0,0
1765976264400580,0,-4,1.5,-1.63983,1,0,0,0,-4,1.5,-1.63983,1,0,0,0,0,0,-3.57807e-05,0,0,0,0
1765976264410609,0,-4,1.5,-1.63985,1,0,0,0,-4,1.5,-1.63983,1,0,0,0,0,0,-0.000309048,0,0,0,0
1765976264410609,0,-4,1.5,-1.63985,1,0,0,0,-4,1.5,-1.63983,1,0,0,0,0,0,-0.000309048,0,0,0,0
1765976264420464,0,-4,1.5,-1.63988,1,0,0,0,-4,1.5,-1.63983,1,0,0,0,0,0,-0.00059272,0,0,0,0
1765976264420464,0,-4,1.5,-1.63988,1,0,0,0,-4,1.5,-1.63983,1,0,0,0,0,0,-0.00059272,0,0,0,0
1765976264430565,0,-4,1.5,-1.6399,1,0,0,0,-4,1.5,-1.63984,1,0,0,0,2.36035e-05,-1.18017e-05,-0.000849725,0,0,0,0
1765976264430565,0,-4,1.5,-1.6399,1,0,0,0,-4,1.5,-1.63984,1,0,0,0,2.36035e-05,-1.18017e-05,-0.000849725,0,0,0,0
1765976264440434,0,-4,1.5,-1.63993,1,0,0,0,-4,1.5,-1.63985,1,0,0,0,0,-1.20792e-05,-0.00108712,0,0,0,0
1765976264440434,0,-4,1.5,-1.63993,1,0,0,0,-4,1.5,-1.63985,1,0,0,0,0,-1.20792e-05,-0.00108712,0,0,0,0
1765976264450608,0,-4,1.5,-1.63996,1,0,0,0,-4,1.5,-1.63987,1,0,0,0,-2.34341e-05,0,-0.00130059,0,0,0,0
1765976264450608,0,-4,1.5,-1.63996,1,0,0,0,-4,1.5,-1.63987,1,0,0,0,-2.34341e-05,0,-0.00130059,0,0,0,0
1765976264460549,0,-4,1.5,-1.63999,1,0,0,0,-4,1.5,-1.63988,1,0,0,0,0,0,-0.00148697,0,0,0,0
1765976264460549,0,-4,1.5,-1.63999,1,0,0,0,-4,1.5,-1.63988,1,0,0,0,0,0,-0.00148697,0,0,0,0
1765976264470542,0,-4,1.5,-1.64001,1,0,0,0,-4,1.5,-1.6399,1,0,0,0,2.38586e-05,-1.19293e-05,-0.00163431,0,0,0,0
1765976264470542,0,-4,1.5,-1.64001,1,0,0,0,-4,1.5,-1.6399,1,0,0,0,2.38586e-05,-1.19293e-05,-0.00163431,0,0,0,0
1765976264480662,0,-4,1.5,-1.64004,1,0,0,0,-4,1.5,-1.63992,1,0,0,0,-2.35591e-05,1.17796e-05,-0.00177872,0,0,0,0
1765976264480662,0,-4,1.5,-1.64004,1,0,0,0,-4,1.5,-1.63992,1,0,0,0,-2.35591e-05,1.17796e-05,-0.00177872,0,0,0,0
1765976264490708,0,-4,1.5,-1.64006,1,0,0,0,-4,1.5,-1.63994,1,0,0,0,0,1.18663e-05,-0.00186302,0,0,0,0
1765976264490708,0,-4,1.5,-1.64006,1,0,0,0,-4,1.5,-1.63994,1,0,0,0,0,1.18663e-05,-0.00186302,0,0,0,0
1765976264500661,0,-4,1.5,-1.64009,1,0,0,0,-4,1.5,-1.63995,1,0,0,0,0,0,-0.00190438,0,0,0,0
1765976264500661,0,-4,1.5,-1.64009,1,0,0,0,-4,1.5,-1.63995,1,0,0,0,0,0,-0.00190438,0,0,0,0
1765976264510667,0,-4,1.5,-1.6401,1,0,0,0,-4,1.5,-1.63997,1,0,0,0,0,0,-0.00189429,0,0,0,0
1765976264510667,0,-4,1.5,-1.6401,1,0,0,0,-4,1.5,-1.63997,1,0,0,0,0,0,-0.00189429,0,0,0,0
1765976264520547,0,-4,1.5,-1.64012,1,0,0,0,-4,1.5,-1.63999,1,0,0,0,0,0,-0.00182192,0,0,0,0
1765976264520547,0,-4,1.5,-1.64012,1,0,0,0,-4,1.5,-1.63999,1,0,0,0,0,0,-0.00182192,0,0,0,0
1765976264530523,0,-4,1.5,-1.64013,1,0,0,0,-4,1.5,-1.64001,1,0,0,0,0,0,-0.00170879,0,0,0,0
1765976264530523,0,-4,1.5,-1.64013,1,0,0,0,-4,1.5,-1.64001,1,0,0,0,0,0,-0.00170879,0,0,0,0
1765976264540563,0,-4,1.5,-1.64013,1,0,0,0,-4,1.5,-1.64002,1,0,0,0,0,0,-0.00150793,0,0,0,0
1765976264540563,0,-4,1.5,-1.64013,1,0,0,0,-4,1.5,-1.64002,1,0,0,0,0,0,-0.00150793,0,0,0,0
1765976264550515,0,-4,1.5,-1.64012,1,0,0,0,-4,1.5,-1.64004,1,0,0,0,2.39569e-05,0,-0.00123378,0,0,0,0
1765976264550515,0,-4,1.5,-1.64012,1,0,0,0,-4,1.5,-1.64004,1,0,0,0,2.39569e-05,0,-0.00123378,0,0,0,0
1765976264560564,0,-4,1.5,-1.64011,1,0,0,0,-4,1.5,-1.64004,1,0,0,0,-2.37256e-05,0,-0.000913436,0,0,0,0
1765976264560564,0,-4,1.5,-1.64011,1,0,0,0,-4,1.5,-1.64004,1,0,0,0,-2.37256e-05,0,-0.000913436,0,0,0,0
1765976264570564,0,-4,1.5,-1.64009,1,0,0,0,-4,1.5,-1.64005,1,0,0,0,0,0,-0.000536442,0,0,0,0
1765976264570564,0,-4,1.5,-1.64009,1,0,0,0,-4,1.5,-1.64005,1,0,0,0,0,0,-0.000536442,0,0,0,0
1765976264580516,0,-4,1.5,-1.64006,1,0,0,0,-4,1.5,-1.64005,1,0,0,0,2.39569e-05,0,-0.000143741,0,0,0,0
1765976264580516,0,-4,1.5,-1.64006,1,0,0,0,-4,1.5,-1.64005,1,0,0,0,2.39569e-05,0,-0.000143741,0,0,0,0
1765976264590561,0,-4,1.5,-1.64003,1,0,0,0,-4,1.5,-1.64005,1,0,0,0,-2.3735e-05,1.18675e-05,0.000284821,0,0,0,0
1765976264590561,0,-4,1.5,-1.64003,1,0,0,0,-4,1.5,-1.64005,1,0,0,0,-2.3735e-05,1.18675e-05,0.000284821,0,0,0,0
1765976264600578,0,-4,1.5,-1.63999,1,0,0,0,-4,1.5,-1.64004,1,0,0,0,0,0,0.000702141,0,0,0,0
1765976264600578,0,-4,1.5,-1.63999,1,0,0,0,-4,1.5,-1.64004,1,0,0,0,0,0,0.000702141,0,0,0,0
1765976264610595,0,-4,1.5,-1.63996,1,0,0,0,-4,1.5,-1.64003,1,0,0,0,0,0,0.00107106,0,0,0,0
1765976264610595,0,-4,1.5,-1.63996,1,0,0,0,-4,1.5,-1.64003,1,0,0,0,0,0,0.00107106,0,0,0,0
1765976264620566,0,-4,1.5,-1.63992,1,0,0,0,-4,1.5,-1.64002,1,0,0,0,0,0,0.00135098,0,0,0,0
1765976264620566,0,-4,1.5,-1.63992,1,0,0,0,-4,1.5,-1.64002,1,0,0,0,0,0,0.00135098,0,0,0,0
1765976264630661,0,-4,1.5,-1.63989,1,0,0,0,-4,1.5,-1.64,1,0,0,0,0,0,0.00155875,0,0,0,0
1765976264630661,0,-4,1.5,-1.63989,1,0,0,0,-4,1.5,-1.64,1,0,0,0,0,0,0.00155875,0,0,0,0
1765976264640651,0,-4,1.5,-1.63987,1,0,0,0,-4,1.5,-1.63999,1,0,0,0,0,0,0.00161094,0,0,0,0
1765976264640651,0,-4,1.5,-1.63987,1,0,0,0,-4,1.5,-1.63999,1,0,0,0,0,0,0.00161094,0,0,0,0
1765976264650719,0,-4,1.5,-1.63986,1,0,0,0,-4,1.5,-1.63997,1,0,0,0,2.36808e-05,-1.18404e-05,0.00153925,0,0,0,0
1765976264650719,0,-4,1.5,-1.63986,1,0,0,0,-4,1.5,-1.63997,1,0,0,0,2.36808e-05,-1.18404e-05,0.00153925,0,0,0,0
1765976264660709,0,-4,1.5,-1.63986,1,0,0,0,-4,1.5,-1.63996,1,0,0,0,-2.38657e-05,0,0.00133648,0,0,0,0
1765976264660709,0,-4,1.5,-1.63986,1,0,0,0,-4,1.5,-1.63996,1,0,0,0,-2.38657e-05,0,0.00133648,0,0,0,0
1765976264670506,0,-4,1.5,-1.63987,1,0,0,0,-4,1.5,-1.63995,1,0,0,0,0,0,0.00105861,0,0,0,0
1765976264670506,0,-4,1.5,-1.63987,1,0,0,0,-4,1.5,-1.63995,1,0,0,0,0,0,0.00105861,0,0,0,0
1765976264680716,0,-4,1.5,-1.63989,1,0,0,0,-4,1.5,-1.63994,1,0,0,0,0,1.16757e-05,0.00071222,0,0,0,0
1765976264680716,0,-4,1.5,-1.63989,1,0,0,0,-4,1.5,-1.63994,1,0,0,0,0,1.16757e-05,0.00071222,0,0,0,0
1765976264690639,0,-4,1.5,-1.63991,1,0,0,0,-4,1.5,-1.63994,1,0,0,0,0,0,0.000336376,0,0,0,0
1765976264690639,0,-4,1.5,-1.63991,1,0,0,0,-4,1.5,-1.63994,1,0,0,0,0,0,0.000336376,0,0,0,0
1765976264700651,0,-4,1.5,-1.63994,1,0,0,0,-4,1.5,-1.63994,1,0,0,0,0,0,-4.76266e-05,0,0,0,0
1765976264700651,0,-4,1.5,-1.63994,1,0,0,0,-4,1.5,-1.63994,1,0,0,0,0,0,-4.76266e-05,0,0,0,0
1765976264710641,0,-4,1.5,-1.63997,1,0,0,0,-4,1.5,-1.63994,1,0,0,0,0,0,-0.000369919,0,0,0,0
1765976264710641,0,-4,1.5,-1.63997,1,0,0,0,-4,1.5,-1.63994,1,0,0,0,0,0,-0.000369919,0,0,0,0
1765976264720469,0,-4,1.5,-1.63999,1,0,0,0,-4,1.5,-1.63995,1,0,0,0,0,-1.21296e-05,-0.000618607,0,0,0,0
1765976264720469,0,-4,1.5,-1.63999,1,0,0,0,-4,1.5,-1.63995,1,0,0,0,0,-1.21296e-05,-0.000618607,0,0,0,0
1765976264730669,0,-4,1.5,-1.64001,1,0,0,0,-4,1.5,-1.63995,1,0,0,0,0,1.16872e-05,-0.000759667,0,0,0,0
1765976264730669,0,-4,1.5,-1.64001,1,0,0,0,-4,1.5,-1.63995,1,0,0,0,0,1.16872e-05,-0.000759667,0,0,0,0
1765976264740710,0,-4,1.5,-1.64002,1,0,0,0,-4,1.5,-1.63996,1,0,0,0,0,0,-0.000819185,0,0,0,0
1765976264740710,0,-4,1.5,-1.64002,1,0,0,0,-4,1.5,-1.63996,1,0,0,0,0,0,-0.000819185,0,0,0,0
1765976264750438,0,-4,1.5,-1.64003,1,0,0,0,-4,1.5,-1.63997,1,0,0,0,0,0,-0.000796526,0,0,0,0
1765976264750438,0,-4,1.5,-1.64003,1,0,0,0,-4,1.5,-1.63997,1,0,0,0,0,0,-0.000796526,0,0,0,0
1765976264760557,0,-4,1.5,-1.64003,1,0,0,0,-4,1.5,-1.63998,1,0,0,0,0,0,-0.000730406,0,0,0,0
1765976264760557,0,-4,1.5,-1.64003,1,0,0,0,-4,1.5,-1.63998,1,0,0,0,0,0,-0.000730406,0,0,0,0
1765976264770446,0,-4,1.5,-1.64003,1,0,0,0,-4,1.5,-1.63998,1,0,0,0,0,0,-0.000602737,0,0,0,0
1765976264770446,0,-4,1.5,-1.64003,1,0,0,0,-4,1.5,-1.63998,1,0,0,0,0,0,-0.000602737,0,0,0,0
1765976264780625,0,-4,1.5,-1.64002,1,0,0,0,-4,1.5,-1.63999,1,0,0,0,2.34226e-05,0,-0.000468452,0,0,0,0
1765976264780625,0,-4,1.5,-1.64002,1,0,0,0,-4,1.5,-1.63999,1,0,0,0,2.34226e-05,0,-0.000468452,0,0,0,0
1765976264790587,0,-4,1.5,-1.64001,1,0,0,0,-4,1.5,-1.63999,1,0,0,0,0,0,-0.000323093,0,0,0,0
1765976264790587,0,-4,1.5,-1.64001,1,0,0,0,-4,1.5,-1.63999,1,0,0,0,0,0,-0.000323093,0,0,0,0
1765976264800695,0,-4,1.5,-1.64001,1,0,0,0,-4,1.5,-1.63999,1,0,0,0,0,-1.17936e-05,-0.000212284,0,0,0,0
1765976264800695,0,-4,1.5,-1.64001,1,0,0,0,-4,1.5,-1.63999,1,0,0,0,0,-1.17936e-05,-0.000212284,0,0,0,0
1765976264810697,0,-4,1.5,-1.64,1,0,0,0,-4,1.5,-1.63999,1,0,0,0,-2.38371e-05,1.19185e-05,-0.000107267,0,0,0,0
1765976264810697,0,-4,1.5,-1.64,1,0,0,0,-4,1.5,-1.63999,1,0,0,0,-2.38371e-05,1.19185e-05,-0.000107267,0,0,0,0
1765976264820613,0,-4,1.5,-1.64,1,0,0,0,-4,1.5,-1.63999,1,0,0,0,2.40438e-05,0,-2.40438e-05,0,0,0,0
1765976264820613,0,-4,1.5,-1.64,1,0,0,0,-4,1.5,-1.63999,1,0,0,0,2.40438e-05,0,-2.40438e-05,0,0,0,0
1765976264830541,0,-4,1.5,-1.63999,1,0,0,0,-4,1.5,-1.63999,1,0,0,0,0,0,2.40148e-05,0,0,0,0
1765976264830541,0,-4,1.5,-1.63999,1,0,0,0,-4,1.5,-1.63999,1,0,0,0,0,0,2.40148e-05,0,0,0,0
1765976264840543,0,-4,1.5,-1.63999,1,0,0,0,-4,1.5,-1.63999,1,0,0,0,-2.38371e-05,0,0,0,0,0,0
1765976264840543,0,-4,1.5,-1.63999,1,0,0,0,-4,1.5,-1.63999,1,0,0,0,-2.38371e-05,0,0,0,0,0,0
1765976264850531,0,-4,1.5,-1.64,1,0,0,0,-4,1.5,-1.64,1,0,0,0,0,0,-7.16115e-05,0,0,0,0
1765976264850531,0,-4,1.5,-1.64,1,0,0,0,-4,1.5,-1.64,1,0,0,0,0,0,-7.16115e-05,0,0,0,0
1765976264860594,0,-4,1.5,-1.64001,1,0,0,0,-4,1.5,-1.64,1,0,0,0,2.36926e-05,0,-0.000177694,0,0,0,0
1765976264860594,0,-4,1.5,-1.64001,1,0,0,0,-4,1.5,-1.64,1,0,0,0,2.36926e-05,0,-0.000177694,0,0,0,0
1765976264870490,0,-4,1.5,-1.64002,1,0,0,0,-4,1.5,-1.64,1,0,0,0,0,0,-0.000325248,0,0,0,0
1765976264870490,0,-4,1.5,-1.64002,1,0,0,0,-4,1.5,-1.64,1,0,0,0,0,0,-0.000325248,0,0,0,0
1765976264880699,0,-4,1.5,-1.64004,1,0,0,0,-4,1.5,-1.64001,1,0,0,0,-2.33538e-05,1.16769e-05,-0.000490429,0,0,0,0
1765976264880699,0,-4,1.5,-1.64004,1,0,0,0,-4,1.5,-1.64001,1,0,0,0,-2.33538e-05,1.16769e-05,-0.000490429,0,0,0,0
1765976264890566,0,-4,1.5,-1.64006,1,0,0,0,-4,1.5,-1.64001,1,0,0,0,0,0,-0.000664489,0,0,0,0
1765976264890566,0,-4,1.5,-1.64006,1,0,0,0,-4,1.5,-1.64001,1,0,0,0,0,0,-0.000664489,0,0,0,0
1765976264900608,0,-4,1.5,-1.64008,1,0,0,0,-4,1.5,-1.64002,1,0,0,0,0,0,-0.000830975,0,0,0,0
1765976264900608,0,-4,1.5,-1.64008,1,0,0,0,-4,1.5,-1.64002,1,0,0,0,0,0,-0.000830975,0,0,0,0
1765976264910614,0,-4,1.5,-1.6401,1,0,0,0,-4,1.5,-1.64003,1,0,0,0,0,0,-0.00100076,0,0,0,0
1765976264910614,0,-4,1.5,-1.6401,1,0,0,0,-4,1.5,-1.64003,1,0,0,0,0,0,-0.00100076,0,0,0,0
1765976264920669,0,-4,1.5,-1.64012,1,0,0,0,-4,1.5,-1.64004,1,0,0,0,2.37114e-05,0,-0.00111444,0,0,0,0
1765976264920669,0,-4,1.5,-1.64012,1,0,0,0,-4,1.5,-1.64004,1,0,0,0,2.37114e-05,0,-0.00111444,0,0,0,0
1765976264930758,0,-4,1.5,-1.64014,1,0,0,0,-4,1.5,-1.64005,1,0,0,0,-2.36315e-05,0,-0.00118158,0,0,0,0
1765976264930758,0,-4,1.5,-1.64014,1,0,0,0,-4,1.5,-1.64005,1,0,0,0,-2.36315e-05,0,-0.00118158,0,0,0,0
1765976264940547,0,-4,1.5,-1.64015,1,0,0,0,-4,1.5,-1.64006,1,0,0,0,0,0,-0.00120561,0,0,0,0
1765976264940547,0,-4,1.5,-1.64015,1,0,0,0,-4,1.5,-1.64006,1,0,0,0,0,0,-0.00120561,0,0,0,0
1765976264950562,0,-4,1.5,-1.64016,1,0,0,0,-4,1.5,-1.64008,1,0,0,0,2.38061e-05,-1.19031e-05,-0.0011427,0,0,0,0
1765976264950562,0,-4,1.5,-1.64016,1,0,0,0,-4,1.5,-1.64008,1,0,0,0,2.38061e-05,-1.19031e-05,-0.0011427,0,0,0,0
1765976264960589,0,-4,1.5,-1.64016,1,0,0,0,-4,1.5,-1.64009,1,0,0,0,0,-1.18888e-05,-0.00106999,0,0,0,0
1765976264960589,0,-4,1.5,-1.64016,1,0,0,0,-4,1.5,-1.64009,1,0,0,0,0,-1.18888e-05,-0.00106999,0,0,0,0
1765976264970521,0,-4,1.5,-1.64016,1,0,0,0,-4,1.5,-1.6401,1,0,0,0,0,0,-0.000960204,0,0,0,0
1765976264970521,0,-4,1.5,-1.64016,1,0,0,0,-4,1.5,-1.6401,1,0,0,0,0,0,-0.000960204,0,0,0,0
1765976264980654,0,-4,1.5,-1.64016,1,0,0,0,-4,1.5,-1.64011,1,0,0,0,0,0,-0.000835277,0,0,0,0
1765976264980654,0,-4,1.5,-1.64016,1,0,0,0,-4,1.5,-1.64011,1,0,0,0,0,0,-0.000835277,0,0,0,0
1765976264990577,0,-4,1.5,-1.64016,1,0,0,0,-4,1.5,-1.64011,1,0,0,0,0,0,-0.000720806,0,0,0,0
1765976264990577,0,-4,1.5,-1.64016,1,0,0,0,-4,1.5,-1.64011,1,0,0,0,0,0,-0.000720806,0,0,0,0
1765976265000573,0,-4,1.5,-1.64016,1,0,0,0,-4,1.5,-1.64012,1,0,0,0,0,0,-0.000584359,0,0,0,0
1765976265000573,0,-4,1.5,-1.64016,1,0,0,0,-4,1.5,-1.64012,1,0,0,0,0,0,-0.000584359,0,0,0,0
1765976265010743,0,-4,1.5,-1.64016,1,0,0,0,-4,1.5,-1.64012,1,0,0,0,-2.34433e-05,0,-0.000480588,0,0,0,0
1765976265010743,0,-4,1.5,-1.64016,1,0,0,0,-4,1.5,-1.64012,1,0,0,0,-2.34433e-05,0,-0.000480588,0,0,0,0
1765976265020513,0,-4,1.5,-1.64015,1,0,0,0,-4,1.5,-1.64013,1,0,0,0,2.44031e-05,-1.22016e-05,-0.000402652,0,0,0,0
1765976265020513,0,-4,1.5,-1.64015,1,0,0,0,-4,1.5,-1.64013,1,0,0,0,2.44031e-05,-1.22016e-05,-0.000402652,0,0,0,0
1765976265030562,0,-4,1.5,-1.64016,1,0,0,0,-4,1.5,-1.64013,1,0,0,0,-2.37256e-05,0,-0.000355884,0,0,0,0
1765976265030562,0,-4,1.5,-1.64016,1,0,0,0,-4,1.5,-1.64013,1,0,0,0,-2.37256e-05,0,-0.000355884,0,0,0,0
1765976265040561,0,-4,1.5,-1.64016,1,0,0,0,-4,1.5,-1.64013,1,0,0,0,0,0,-0.000369586,0,0,0,0
1765976265040561,0,-4,1.5,-1.64016,1,0,0,0,-4,1.5,-1.64013,1,0,0,0,0,0,-0.000369586,0,0,0,0
1765976265050558,0,-4,1.5,-1.64017,1,0,0,0,-4,1.5,-1.64014,1,0,0,0,2.3849e-05,0,-0.000393509,0,0,0,0
1765976265050558,0,-4,1.5,-1.64017,1,0,0,0,-4,1.5,-1.64014,1,0,0,0,2.3849e-05,0,-0.000393509,0,0,0,0
1765976265060578,0,-4,1.5,-1.64017,1,0,0,0,-4,1.5,-1.64014,1,0,0,0,0,0,-0.000452091,0,0,0,0
1765976265060578,0,-4,1.5,-1.64017,1,0,0,0,-4,1.5,-1.64014,1,0,0,0,0,0,-0.000452091,0,0,0,0
1765976265070551,0,-4,1.5,-1.64018,1,0,0,0,-4,1.5,-1.64015,1,0,0,0,0,0,-0.000502034,0,0,0,0
1765976265070551,0,-4,1.5,-1.64018,1,0,0,0,-4,1.5,-1.64015,1,0,0,0,0,0,-0.000502034,0,0,0,0
1765976265080570,0,-4,1.5,-1.64019,1,0,0,0,-4,1.5,-1.64015,1,0,0,0,-2.37966e-05,1.18983e-05,-0.000523526,0,0,0,0
1765976265080570,0,-4,1.5,-1.64019,1,0,0,0,-4,1.5,-1.64015,1,0,0,0,-2.37966e-05,1.18983e-05,-0.000523526,0,0,0,0
1765976265090577,0,-4,1.5,-1.64019,1,0,0,0,-4,1.5,-1.64016,1,0,0,0,0,0,-0.000500329,0,0,0,0
1765976265090577,0,-4,1.5,-1.64019,1,0,0,0,-4,1.5,-1.64016,1,0,0,0,0,0,-0.000500329,0,0,0,0
1765976265100586,0,-4,1.5,-1.64019,1,0,0,0,-4,1.5,-1.64016,1,0,0,0,2.38204e-05,0,-0.000428768,0,0,0,0
1765976265100586,0,-4,1.5,-1.64019,1,0,0,0,-4,1.5,-1.64016,1,0,0,0,2.38204e-05,0,-0.000428768,0,0,0,0
1765976265110628,0,-4,1.5,-1.64019,1,0,0,0,-4,1.5,-1.64017,1,0,0,0,-2.37421e-05,0,-0.000284906,0,0,0,0
1765976265110628,0,-4,1.5,-1.64019,1,0,0,0,-4,1.5,-1.64017,1,0,0,0,-2.37421e-05,0,-0.000284906,0,0,0,0
1765976265120553,0,-4,1.5,-1.64017,1,0,0,0,-4,1.5,-1.64017,1,0,0,0,0,0,-9.60881e-05,0,0,0,0
1765976265120553,0,-4,1.5,-1.64017,1,0,0,0,-4,1.5,-1.64017,1,0,0,0,0,0,-9.60881e-05,0,0,0,0
1765976265130650,0,-4,1.5,-1.64015,1,0,0,0,-4,1.5,-1.64016,1,0,0,0,2.36128e-05,0,0.00016529,0,0,0,0
1765976265130650,0,-4,1.5,-1.64015,1,0,0,0,-4,1.5,-1.64016,1,0,0,0,2.36128e-05,0,0.00016529,0,0,0,0
1765976265140602,0,-4,1.5,-1.64013,1,0,0,0,-4,1.5,-1.64016,1,0,0,0,0,0,0.000431223,0,0,0,0
1765976265140602,0,-4,1.5,-1.64013,1,0,0,0,-4,1.5,-1.64016,1,0,0,0,0,0,0.000431223,0,0,0,0
1765976265150494,0,-4,1.5,-1.64011,1,0,0,0,-4,1.5,-1.64015,1,0,0,0,0,0,0.000698963,0,0,0,0
1765976265150494,0,-4,1.5,-1.64011,1,0,0,0,-4,1.5,-1.64015,1,0,0,0,0,0,0.000698963,0,0,0,0
1765976265160555,0,-4,1.5,-1.64008,1,0,0,0,-4,1.5,-1.64014,1,0,0,0,0,0,0.000900498,0,0,0,0
1765976265160555,0,-4,1.5,-1.64008,1,0,0,0,-4,1.5,-1.64014,1,0,0,0,0,0,0.000900498,0,0,0,0
1765976265170532,0,-4,1.5,-1.64005,1,-7.67205e-05,-7.67032e-05,3.25143e-05,-4,1.5,-1.64013,1,-9.64002e-06,-9.63784e-06,4.08546e-06,-2.38968e-05,0,0.00121874,0,-0.000966225,-0.000966006,0.000409488
1765976265170532,0,-4,1.5,-1.64005,1,-7.67205e-05,-7.67032e-05,3.25143e-05,-4,1.5,-1.64013,1,-9.64002e-06,-9.63784e-06,4.08546e-06,-2.38968e-05,0,0.00121874,0,-0.000966225,-0.000966006,0.000409488
1765976265180560,0,-4,1.5,-1.63984,0.999999,-0.00108877,-0.00100513,0.000497907,-4,1.5,-1.64009,1,-0.000145234,-0.000134723,6.61347e-05,0,0,0.00370894,-1.18876e-05,-0.0135216,-0.0124736,0.0061876
1765976265180560,0,-4,1.5,-1.63984,0.999999,-0.00108877,-0.00100513,0.000497907,-4,1.5,-1.64009,1,-0.000145234,-0.000134723,6.61347e-05,0,0,0.00370894,-1.18876e-05,-0.0135216,-0.0124736,0.0061876
1765976265190651,0,-4,1.5,-1.63961,0.999997,-0.0018229,-0.00128479,0.000858277,-4,1.5,-1.64003,0.999999,-0.000357848,-0.000280473,0.000166524,4.72537e-05,-3.54403e-05,0.00610754,-3.54403e-05,-0.0210697,-0.0144436,0.00994844
1765976265190651,0,-4,1.5,-1.63961,0.999997,-0.0018229,-0.00128479,0.000858277,-4,1.5,-1.64003,0.999999,-0.000357848,-0.000280473,0.000166524,4.72537e-05,-3.54403e-05,0.00610754,-3.54403e-05,-0.0210697,-0.0144436,0.00994844
1765976265200720,0,-3.99999,1.49999,-1.63938,0.999995,-0.00262467,-0.00113236,0.00110233,-4,1.5,-1.63995,0.999999,-0.000642449,-0.000387428,0.000284015,7.10354e-05,-0.000106553,0.00820459,-5.32766e-05,-0.0282651,-0.0106222,0.0116686
1765976265200720,0,-3.99999,1.49999,-1.63938,0.999995,-0.00262467,-0.00113236,0.00110233,-4,1.5,-1.63995,0.999999,-0.000642449,-0.000387428,0.000284015,7.10354e-05,-0.000106553,0.00820459,-5.32766e-05,-0.0282651,-0.0106222,0.0116686
1765976265210722,0,-3.99998,1.49998,-1.63915,0.999992,-0.00369055,-0.000729738,0.00125214,-4,1.5,-1.63985,0.999998,-0.00102606,-0.000430508,0.000405856,0.00016686,-0.000250289,0.0100831,-8.93891e-05,-0.0383533,-0.00430718,0.0121817
1765976265210722,0,-3.99998,1.49998,-1.63915,0.999992,-0.00369055,-0.000729738,0.00125214,-4,1.5,-1.63985,0.999998,-0.00102606,-0.000430508,0.000405856,0.00016686,-0.000250289,0.0100831,-8.93891e-05,-0.0383533,-0.00430718,0.0121817
1765976265220524,0,-3.99998,1.49996,-1.63891,0.999986,-0.00508193,-0.000179543,0.00132692,-3.99999,1.49999,-1.63973,0.999997,-0.0015312,-0.000399252,0.00052057,0.000243235,-0.000462146,0.0117604,-0.000145941,-0.0515343,0.00318878,0.0117031
1765976265220524,0,-3.99998,1.49996,-1.63891,0.999986,-0.00508193,-0.000179543,0.00132692,-3.99999,1.49999,-1.63973,0.999997,-0.0015312,-0.000399252,0.00052057,0.000243235,-0.000462146,0.0117604,-0.000145941,-0.0515343,0.00318878,0.0117031
1765976265230719,0,-3.99997,1.49993,-1.63868,0.999976,-0.0067916,0.000458658,0.00134313,-3.99999,1.49998,-1.6396,0.999994,-0.00219898,-0.000290344,0.000624991,0.000327402,-0.000771733,0.0132598,-0.000257244,-0.0655011,0.0106825,0.0102423
1765976265230719,0,-3.99997,1.49993,-1.63868,0.999976,-0.0067916,0.000458658,0.00134313,-3.99999,1.49998,-1.6396,0.999994,-0.00219898,-0.000290344,0.000624991,0.000327402,-0.000771733,0.0132598,-0.000257244,-0.0655011,0.0106825,0.0102423
1765976265240670,0,-3.99996,1.49989,-1.63845,0.99996,-0.00878645,0.00114956,0.0013147,-3.99999,1.49997,-1.63946,0.99999,-0.00302571,-0.000109636,0.000711549,0.000359389,-0.00120994,0.0144834,-0.000425277,-0.0830801,0.0181598,0.0086985
1765976265240670,0,-3.99996,1.49989,-1.63845,0.99996,-0.00878645,0.00114956,0.0013147,-3.99999,1.49997,-1.63946,0.99999,-0.00302571,-0.000109636,0.000711549,0.000359389,-0.00120994,0.0144834,-0.000425277,-0.0830801,0.0181598,0.0086985
1765976265250650,0,-3.99996,1.49983,-1.63821,0.999937,-0.0110253,0.00187203,0.00125346,-3.99998,1.49995,-1.6393,0.999983,-0.00402946,0.000139013,0.000779545,0.000382234,-0.00181561,0.0156238,-0.000662937,-0.100576,0.0249148,0.00681321
1765976265250650,0,-3.99996,1.49983,-1.63821,0.999937,-0.0110253,0.00187203,0.00125346,-3.99998,1.49995,-1.6393,0.999983,-0.00402946,0.000139013,0.000779545,0.000382234,-0.00181561,0.0156238,-0.000662937,-0.100576,0.0249148,0.00681321
1765976265260744,0,-3.99995,1.49974,-1.63798,0.999905,-0.0134647,0.00261246,0.00116879,-3.99998,1.49993,-1.63913,0.999973,-0.00522011,0.000451141,0.000828664,0.000354297,-0.00263361,0.0166166,-0.000968413,-0.117956,0.0309221,0.00486616
1765976265260744,0,-3.99995,1.49974,-1.63798,0.999905,-0.0134647,0.00261246,0.00116879,-3.99998,1.49993,-1.63913,0.999973,-0.00522011,0.000451141,0.000828664,0.000354297,-0.00263361,0.0166166,-0.000968413,-0.117956,0.0309221,0.00486616
1765976265270659,0,-3.99996,1.49963,-1.63774,0.999865,-0.0160567,0.0033606,0.00106874,-3.99998,1.49989,-1.63896,0.99996,-0.00657846,0.000815841,0.000858758,0.000264509,-0.00367908,0.0174335,-0.00137064,-0.137,0.0367826,0.00303515
1765976265270659,0,-3.99996,1.49963,-1.63774,0.999865,-0.0160567,0.0033606,0.00106874,-3.99998,1.49989,-1.63896,0.99996,-0.00657846,0.000815841,0.000858758,0.000264509,-0.00367908,0.0174335,-0.00137064,-0.137,0.0367826,0.00303515
1765976265280647,0,-3.99997,1.49949,-1.63751,0.999815,-0.0187616,0.00410972,0.000959873,-3.99998,1.49984,-1.63878,0.999941,-0.0081151,0.00123129,0.000871511,9.5482e-05,-0.004977,0.0181774,-0.00182609,-0.153849,0.0415952,0.00127689
1765976265280647,0,-3.99997,1.49949,-1.63751,0.999815,-0.0187616,0.00410972,0.000959873,-3.99998,1.49984,-1.63878,0.999941,-0.0081151,0.00123129,0.000871511,9.5482e-05,-0.004977,0.0181774,-0.00182609,-0.153849,0.0415952,0.00127689
1765976265290533,0,-3.99999,1.49932,-1.63728,0.999756,-0.021547,0.00485499,0.000847369,-3.99998,1.49978,-1.63859,0.999918,-0.00979541,0.00168461,0.000868491,-0.000144701,-0.006608,0.018799,-0.00235139,-0.169968,0.0458546,-0.000305493
1765976265290533,0,-3.99999,1.49932,-1.63728,0.999756,-0.021547,0.00485499,0.000847369,-3.99998,1.49978,-1.63859,0.999918,-0.00979541,0.00168461,0.000868491,-0.000144701,-0.006608,0.018799,-0.00235139,-0.169968,0.0458546,-0.000305493
1765976265300509,0,-4.00002,1.4991,-1.63705,0.999687,-0.0243821,0.0055919,0.000735313,-3.99998,1.49969,-1.6384,0.999889,-0.0116218,0.00217385,0.000851816,-0.000501884,-0.00853202,0.0193464,-0.00290375,-0.183081,0.0490414,-0.00167156
1765976265300509,0,-4.00002,1.4991,-1.63705,0.999687,-0.0243821,0.0055919,0.000735313,-3.99998,1.49969,-1.6384,0.999889,-0.0116218,0.00217385,0.000851816,-0.000501884,-0.00853202,0.0193464,-0.00290375,-0.183081,0.0490414,-0.00167156
1765976265310622,0,-4.00006,1.49883,-1.63682,0.999609,-0.0272407,0.00631662,0.00062722,-3.99999,1.49958,-1.6382,0.999854,-0.013602,0.00269908,0.000823341,-0.000919443,-0.0108447,0.0197798,-0.00351274,-0.195807,0.0519361,-0.00281566
1765976265310622,0,-4.00006,1.49883,-1.63682,0.999609,-0.0272407,0.00631662,0.00062722,-3.99999,1.49958,-1.6382,0.999854,-0.013602,0.00269908,0.000823341,-0.000919443,-0.0108447,0.0197798,-0.00351274,-0.195807,0.0519361,-0.00281566
1765976265320441,0,-4.00011,1.49851,-1.6366,0.999522,-0.0300998,0.00702547,0.000525683,-4.00001,1.49945,-1.638,0.999813,-0.0156474,0.00323546,0.000786437,-0.00145688,-0.0134883,0.020105,-0.00418853,-0.208309,0.0546272,-0.00375839
1765976265320441,0,-4.00011,1.49851,-1.6366,0.999522,-0.0300998,0.00702547,0.000525683,-4.00001,1.49945,-1.638,0.999813,-0.0156474,0.00323546,0.000786437,-0.00145688,-0.0134883,0.020105,-0.00418853,-0.208309,0.0546272,-0.00375839
1765976265330619,0,-4.00017,1.49813,-1.63637,0.999428,-0.0329396,0.0077156,0.0004327,-4.00003,1.49928,-1.63779,0.999764,-0.0178487,0.00380577,0.000741408,-0.00210824,-0.0165965,0.0204499,-0.00481382,-0.216276,0.0560335,-0.00442423
1765976265330619,0,-4.00017,1.49813,-1.63637,0.999428,-0.0329396,0.0077156,0.0004327,-4.00003,1.49928,-1.63779,0.999764,-0.0178487,0.00380577,0.000741408,-0.00210824,-0.0165965,0.0204499,-0.00481382,-0.216276,0.0560335,-0.00442423
1765976265340522,0,-4.00025,1.49768,-1.63615,0.999326,-0.0357424,0.00838376,0.000350028,-4.00006,1.49908,-1.63759,0.999709,-0.0200847,0.00437784,0.000692501,-0.0028409,-0.0200548,0.0206446,-0.00551928,-0.225791,0.0577669,-0.00493858
1765976265340522,0,-4.00025,1.49768,-1.63615,0.999326,-0.0357424,0.00838376,0.000350028,-4.00006,1.49908,-1.63759,0.999709,-0.0200847,0.00437784,0.000692501,-0.0028409,-0.0200548,0.0206446,-0.00551928,-0.225791,0.0577669,-0.00493858
1765976265350431,0,-4.00035,1.49717,-1.63593,0.999218,-0.0384924,0.00902711,0.00027892,-4.00009,1.49884,-1.63738,0.999648,-0.0223805,0.0049577,0.000640918,-0.00370536,-0.0240007,0.0208728,-0.00617761,-0.231692,0.0585189,-0.00520561
1765976265350431,0,-4.00035,1.49717,-1.63593,0.999218,-0.0384924,0.00902711,0.00027892,-4.00009,1.49884,-1.63738,0.999648,-0.0223805,0.0049577,0.000640918,-0.00370536,-0.0240007,0.0208728,-0.00617761,-0.231692,0.0585189,-0.00520561
1765976265360474,0,-4.00047,1.49658,-1.63571,0.999105,-0.0411757,0.00964317,0.000220239,-4.00014,1.49856,-1.63717,0.99958,-0.024744,0.00554691,0.000588017,-0.004653,-0.0283928,0.0210572,-0.00678958,-0.235341,0.0586683,-0.00526746
1765976265360474,0,-4.00047,1.49658,-1.63571,0.999105,-0.0411757,0.00964317,0.000220239,-4.00014,1.49856,-1.63717,0.99958,-0.024744,0.00554691,0.000588017,-0.004653,-0.0283928,0.0210572,-0.00678958,-0.235341,0.0586683,-0.00526746
1765976265370449,0,-4.0006,1.49592,-1.63549,0.998989,-0.0437801,0.0102296,0.000174701,-4.0002,1.49823,-1.63696,0.999505,-0.0271338,0.00613476,0.00053613,-0.00578419,-0.0331874,0.0211649,-0.0074334,-0.239574,0.0589326,-0.00520169
1765976265370449,0,-4.0006,1.49592,-1.63549,0.998989,-0.0437801,0.0102296,0.000174701,-4.0002,1.49823,-1.63696,0.999505,-0.0271338,0.00613476,0.00053613,-0.00578419,-0.0331874,0.0211649,-0.0074334,-0.239574,0.0589326,-0.00520169
1765976265380489,0,-4.00075,1.49516,-1.63527,0.99887,-0.046295,0.010784,0.000142872,-4.00027,1.49784,-1.63674,0.999425,-0.0295467,0.00672023,0.000486608,-0.00698158,-0.0384699,0.0212891,-0.00797895,-0.240331,0.0583136,-0.00493248
1765976265380489,0,-4.00075,1.49516,-1.63527,0.99887,-0.046295,0.010784,0.000142872,-4.00027,1.49784,-1.63674,0.999425,-0.0295467,0.00672023,0.000486608,-0.00698158,-0.0384699,0.0212891,-0.00797895,-0.240331,0.0583136,-0.00493248
1765976265390456,0,-4.00093,1.49432,-1.63505,0.998749,-0.0487119,0.0113039,0.00012514,-4.00035,1.4974,-1.63653,0.99934,-0.0319507,0.0072952,0.000441267,-0.0082766,-0.0441817,0.0213613,-0.0085158,-0.241199,0.0576874,-0.00454918
1765976265390456,0,-4.00093,1.49432,-1.63505,0.998749,-0.0487119,0.0113039,0.00012514,-4.00035,1.4974,-1.63653,0.99934,-0.0319507,0.0072952,0.000441267,-0.0082766,-0.0441817,0.0213613,-0.0085158,-0.241199,0.0576874,-0.00454918
1765976265400459,0,-4.00112,1.49339,-1.63483,0.998628,-0.051023,0.0117881,0.000121683,-4.00045,1.4969,-1.63632,0.999251,-0.0343482,0.00785996,0.000401095,-0.00967689,-0.0503866,0.0214512,-0.00895589,-0.239669,0.0564594,-0.00401601
1765976265400459,0,-4.00112,1.49339,-1.63483,0.998628,-0.051023,0.0117881,0.000121683,-4.00045,1.4969,-1.63632,0.999251,-0.0343482,0.00785996,0.000401095,-0.00967689,-0.0503866,0.0214512,-0.00895589,-0.239669,0.0564594,-0.00401601
1765976265410570,0,-4.00134,1.49236,-1.63461,0.998508,-0.0532224,0.0122355,0.00013271,-4.00056,1.49632,-1.6361,0.999157,-0.036743,0.00841514,0.000367041,-0.0112241,-0.0570049,0.0215051,-0.00932594,-0.236852,0.0549088,-0.00336795
1765976265410570,0,-4.00134,1.49236,-1.63461,0.998508,-0.0532224,0.0122355,0.00013271,-4.00056,1.49632,-1.6361,0.999157,-0.036743,0.00841514,0.000367041,-0.0112241,-0.0570049,0.0215051,-0.00932594,-0.236852,0.0549088,-0.00336795
1765976265420565,0,-4.00158,1.49123,-1.63438,0.99839,-0.0553035,0.0126448,0.000158429,-4.00069,1.49568,-1.63588,0.99906,-0.0390786,0.00894741,0.00034079,-0.0128333,-0.0639997,0.0215519,-0.00965482,-0.233682,0.0532528,-0.00262648
1765976265420565,0,-4.00158,1.49123,-1.63438,0.99839,-0.0553035,0.0126448,0.000158429,-4.00069,1.49568,-1.63588,0.99906,-0.0390786,0.00894741,0.00034079,-0.0128333,-0.0639997,0.0215519,-0.00965482,-0.233682,0.0532528,-0.00262648
1765976265430631,0,-4.00185,1.48999,-1.63416,0.998274,-0.0572624,0.0130147,0.00019899,-4.00083,1.49496,-1.63567,0.998961,-0.0413685,0.00945959,0.000322933,-0.0145429,-0.0715303,0.0216367,-0.0098295,-0.227483,0.0508826,-0.00177394
1765976265430631,0,-4.00185,1.48999,-1.63416,0.998274,-0.0572624,0.0130147,0.00019899,-4.00083,1.49496,-1.63567,0.998961,-0.0413685,0.00945959,0.000322933,-0.0145429,-0.0715303,0.0216367,-0.0098295,-0.227483,0.0508826,-0.00177394
1765976265440540,0,-4.00214,1.48864,-1.63394,0.998163,-0.0590963,0.0133448,0.000254214,-4.001,1.49417,-1.63545,0.998861,-0.0435837,0.00994509,0.000314346,-0.0163614,-0.0794127,0.0216788,-0.0100634,-0.223562,0.0489956,-0.0008666
1765976265440540,0,-4.00214,1.48864,-1.63394,0.998163,-0.0590963,0.0133448,0.000254214,-4.001,1.49417,-1.63545,0.998861,-0.0435837,0.00994509,0.000314346,-0.0163614,-0.0794127,0.0216788,-0.0100634,-0.223562,0.0489956,-0.0008666
1765976265450499,0,-4.00245,1.48718,-1.63372,0.998057,-0.0608014,0.0136346,0.00032416,-4.00118,1.4933,-1.63523,0.99876,-0.0457435,0.0104079,0.000315577,-0.0182902,-0.0878598,0.0217974,-0.0101326,-0.216864,0.0464714,0.00012361
1765976265450499,0,-4.00245,1.48718,-1.63372,0.998057,-0.0608014,0.0136346,0.00032416,-4.00118,1.4933,-1.63523,0.99876,-0.0457435,0.0104079,0.000315577,-0.0182902,-0.0878598,0.0217974,-0.0101326,-0.216864,0.0464714,0.00012361
1765976265460464,0,-4.00279,1.48561,-1.63349,0.997956,-0.0623754,0.0138836,0.000408858,-4.00138,1.49233,-1.63502,0.99866,-0.0478212,0.0108421,0.00032723,-0.0202889,-0.0966594,0.0218919,-0.0100787,-0.208499,0.0435712,0.00116938
1765976265460464,0,-4.00279,1.48561,-1.63349,0.997956,-0.0623754,0.0138836,0.000408858,-4.00138,1.49233,-1.63502,0.99866,-0.0478212,0.0108421,0.00032723,-0.0202889,-0.0966594,0.0218919,-0.0100787,-0.208499,0.0435712,0.00116938
1765976265470521,0,-4.00316,1.48391,-1.63327,0.997862,-0.0638149,0.0140911,0.00050807,-4.00161,1.49127,-1.6348,0.99856,-0.0498294,0.01125,0.000349937,-0.0223792,-0.105827,0.0219998,-0.00995683,-0.199684,0.0405643,0.00225782
1765976265470521,0,-4.00316,1.48391,-1.63327,0.997862,-0.0638149,0.0140911,0.00050807,-4.00161,1.49127,-1.6348,0.99856,-0.0498294,0.01125,0.000349937,-0.0223792,-0.105827,0.0219998,-0.00995683,-0.199684,0.0405643,0.00225782
1765976265480574,0,-4.00355,1.4821,-1.63304,0.997775,-0.0651194,0.0142573,0.000621766,-4.00185,1.49011,-1.63457,0.998461,-0.0517533,0.0116284,0.00038414,-0.0244751,-0.115225,0.0221035,-0.00981849,-0.191375,0.0376393,0.00340231
1765976265480574,0,-4.00355,1.4821,-1.63304,0.997775,-0.0651194,0.0142573,0.000621766,-4.00185,1.49011,-1.63457,0.998461,-0.0517533,0.0116284,0.00038414,-0.0244751,-0.115225,0.0221035,-0.00981849,-0.191375,0.0376393,0.00340231
1765976265490569,0,-4.00397,1.48017,-1.63281,0.997696,-0.0662923,0.0143829,0.000749856,-4.00212,1.48886,-1.63435,0.998365,-0.053579,0.0119743,0.000430065,-0.0266685,-0.124982,0.0221959,-0.00961308,-0.182666,0.0346072,0.0045948
1765976265490569,0,-4.00397,1.48017,-1.63281,0.997696,-0.0662923,0.0143829,0.000749856,-4.00212,1.48886,-1.63435,0.998365,-0.053579,0.0119743,0.000430065,-0.0266685,-0.124982,0.0221959,-0.00961308,-0.182666,0.0346072,0.0045948
1765976265500545,0,-4.00442,1.47811,-1.63257,0.997625,-0.0673355,0.0144691,0.000892222,-4.00241,1.48751,-1.63413,0.998272,-0.0553076,0.0122878,0.000488136,-0.0289659,-0.135162,0.0223338,-0.00932069,-0.173267,0.0314231,0.00582102
1765976265500545,0,-4.00442,1.47811,-1.63257,0.997625,-0.0673355,0.0144691,0.000892222,-4.00241,1.48751,-1.63413,0.998272,-0.0553076,0.0122878,0.000488136,-0.0289659,-0.135162,0.0223338,-0.00932069,-0.173267,0.0314231,0.00582102
1765976265510602,0,-4.0049,1.47592,-1.63234,0.997562,-0.0682496,0.014516,0.00104886,-4.00272,1.48605,-1.6339,0.998183,-0.0569347,0.0125679,0.000558634,-0.0312929,-0.145678,0.0224858,-0.00887224,-0.161794,0.0278556,0.00700988
1765976265510602,0,-4.0049,1.47592,-1.63234,0.997562,-0.0682496,0.014516,0.00104886,-4.00272,1.48605,-1.6339,0.998183,-0.0569347,0.0125679,0.000558634,-0.0312929,-0.145678,0.0224858,-0.00887224,-0.161794,0.0278556,0.00700988
1765976265520570,0,-4.0054,1.47361,-1.6321,0.997508,-0.0690345,0.0145235,0.0012196,-4.00306,1.48449,-1.63368,0.998098,-0.0584566,0.0128139,0.000641768,-0.0336293,-0.156343,0.0226268,-0.00852093,-0.152676,0.024675,0.00834011
1765976265520570,0,-4.0054,1.47361,-1.6321,0.997508,-0.0690345,0.0145235,0.0012196,-4.00306,1.48449,-1.63368,0.998098,-0.0584566,0.0128139,0.000641768,-0.0336293,-0.156343,0.0226268,-0.00852093,-0.152676,0.024675,0.00834011
1765976265530773,0,-4.00593,1.47117,-1.63186,0.997462,-0.0696901,0.0144924,0.0014042,-4.00343,1.48278,-1.63344,0.998017,-0.0598853,0.0130274,0.000738737,-0.0360327,-0.167428,0.0227833,-0.00792158,-0.14003,0.0209225,0.00950395
1765976265530773,0,-4.00593,1.47117,-1.63186,0.997462,-0.0696901,0.0144924,0.0014042,-4.00343,1.48278,-1.63344,0.998017,-0.0598853,0.0130274,0.000738737,-0.0360327,-0.167428,0.0227833,-0.00792158,-0.14003,0.0209225,0.00950395
1765976265540579,0,-4.00648,1.4686,-1.63162,0.997426,-0.0702195,0.014424,0.00160253,-4.0038,1.48103,-1.63322,0.997944,-0.0611676,0.0132007,0.000845917,-0.0384154,-0.178255,0.0228669,-0.00748249,-0.130764,0.0176718,0.01093
1765976265540579,0,-4.00648,1.4686,-1.63162,0.997426,-0.0702195,0.014424,0.00160253,-4.0038,1.48103,-1.63322,0.997944,-0.0611676,0.0132007,0.000845917,-0.0384154,-0.178255,0.0228669,-0.00748249,-0.130764,0.0176718,0.01093
1765976265550554,0,-4.00706,1.4659,-1.63138,0.997398,-0.0706272,0.0143195,0.00181434,-4.00421,1.47914,-1.63299,0.997875,-0.0623548,0.0133411,0.000967454,-0.0409674,-0.190221,0.0231009,-0.00685379,-0.119017,0.0140765,0.0121841
1765976265550554,0,-4.00706,1.4659,-1.63138,0.997398,-0.0706272,0.0143195,0.00181434,-4.00421,1.47914,-1.63299,0.997875,-0.0623548,0.0133411,0.000967454,-0.0409674,-0.190221,0.0231009,-0.00685379,-0.119017,0.0140765,0.0121841
1765976265560585,0,-4.00767,1.46307,-1.63114,0.997379,-0.0709175,0.0141799,0.00203961,-4.00465,1.47711,-1.63276,0.997813,-0.0634321,0.0134466,0.00110235,-0.0434482,-0.201958,0.023269,-0.00622132,-0.107399,0.0105204,0.0134476
1765976265560585,0,-4.00767,1.46307,-1.63114,0.997379,-0.0709175,0.0141799,0.00203961,-4.00465,1.47711,-1.63276,0.997813,-0.0634321,0.0134466,0.00110235,-0.0434482,-0.201958,0.023269,-0.00622132,-0.107399,0.0105204,0.0134476
1765976265570550,0,-4.0083,1.46011,-1.63089,0.997369,-0.071086,0.0140049,0.00227833,-4.0051,1.47498,-1.63252,0.997757,-0.0643934,0.0135167,0.00125005,-0.0459371,-0.213703,0.0234232,-0.00558663,-0.0964717,0.00703721,0.0148223
1765976265570550,0,-4.0083,1.46011,-1.63089,0.997369,-0.071086,0.0140049,0.00227833,-4.0051,1.47498,-1.63252,0.997757,-0.0643934,0.0135167,0.00125005,-0.0459371,-0.213703,0.0234232,-0.00558663,-0.0964717,0.00703721,0.0148223
1765976265580618,0,-4.00896,1.45701,-1.63065,0.997368,-0.0711395,0.0137966,0.00253037,-4.00559,1.47271,-1.63229,0.997708,-0.0652416,0.0135519,0.00141102,-0.0484036,-0.225797,0.0235861,-0.00486049,-0.0842423,0.00349459,0.0159882
1765976265580618,0,-4.00896,1.45701,-1.63065,0.997368,-0.0711395,0.0137966,0.00253037,-4.00559,1.47271,-1.63229,0.997708,-0.0652416,0.0135519,0.00141102,-0.0484036,-0.225797,0.0235861,-0.00486049,-0.0842423,0.00349459,0.0159882
1765976265590571,0,-4.00964,1.45379,-1.6304,0.997374,-0.0710843,0.0135566,0.00279558,-4.0061,1.47034,-1.63205,0.997666,-0.0659751,0.0135525,0.00158485,-0.0509272,-0.237712,0.0237149,-0.00421598,-0.0737018,5.95118e-05,0.0174653
1765976265590571,0,-4.00964,1.45379,-1.6304,0.997374,-0.0710843,0.0135566,0.00279558,-4.0061,1.47034,-1.63205,0.997666,-0.0659751,0.0135525,0.00158485,-0.0509272,-0.237712,0.0237149,-0.00421598,-0.0737018,5.95118e-05,0.0174653
1765976265600468,0,-4.01035,1.45044,-1.63015,0.997388,-0.0709238,0.0132865,0.00307393,-4.00663,1.46787,-1.63181,0.997631,-0.0665967,0.0135191,0.00177188,-0.0534316,-0.25009,0.0238611,-0.00352918,-0.0628026,-0.00337589,0.0188976
1765976265600468,0,-4.01035,1.45044,-1.63015,0.997388,-0.0709238,0.0132865,0.00307393,-4.00663,1.46787,-1.63181,0.997631,-0.0665967,0.0135191,0.00177188,-0.0534316,-0.25009,0.0238611,-0.00352918,-0.0628026,-0.00337589,0.0188976
1765976265610598,0,-4.01108,1.44696,-1.6299,0.99741,-0.0706642,0.012987,0.0033654,-4.00719,1.46521,-1.63157,0.997604,-0.0671081,0.0134522,0.00197225,-0.0559213,-0.262719,0.0240301,-0.00274782,-0.0504882,-0.00660494,0.0197796
1765976265610598,0,-4.01108,1.44696,-1.6299,0.99741,-0.0706642,0.012987,0.0033654,-4.00719,1.46521,-1.63157,0.997604,-0.0671081,0.0134522,0.00197225,-0.0559213,-0.262719,0.0240301,-0.00274782,-0.0504882,-0.00660494,0.0197796
1765976265620541,0,-4.01183,1.44335,-1.62965,0.997439,-0.0703051,0.0126593,0.00366977,-4.00777,1.46248,-1.63133,0.997583,-0.0675097,0.0133526,0.00218548,-0.0582678,-0.274614,0.0240984,-0.00208613,-0.0403873,-0.0100167,0.0214454
1765976265620541,0,-4.01183,1.44335,-1.62965,0.997439,-0.0703051,0.0126593,0.00366977,-4.00777,1.46248,-1.63133,0.997583,-0.0675097,0.0133526,0.00218548,-0.0582678,-0.274614,0.0240984,-0.00208613,-0.0403873,-0.0100167,0.0214454
1765976265630550,0,-4.0126,1.43962,-1.6294,0.997474,-0.0698515,0.0123056,0.00398713,-4.00838,1.4596,-1.63109,0.997569,-0.0678041,0.013221,0.002412,-0.0606944,-0.287239,0.0242015,-0.00137563,-0.029416,-0.0131515,0.0226312
1765976265630550,0,-4.0126,1.43962,-1.6294,0.997474,-0.0698515,0.0123056,0.00398713,-4.00838,1.4596,-1.63109,0.997569,-0.0678041,0.013221,0.002412,-0.0606944,-0.287239,0.0242015,-0.00137563,-0.029416,-0.0131515,0.0226312
1765976265640446,0,-4.0134,1.43576,-1.62916,0.997514,-0.0693144,0.0119286,0.00431722,-4.009,1.45664,-1.63085,0.997562,-0.0679939,0.0130586,0.00265134,-0.063074,-0.299625,0.0242611,-0.000704703,-0.0191723,-0.0164067,0.0241862
1765976265640446,0,-4.0134,1.43576,-1.62916,0.997514,-0.0693144,0.0119286,0.00431722,-4.009,1.45664,-1.63085,0.997562,-0.0679939,0.0130586,0.00265134,-0.063074,-0.299625,0.0242611,-0.000704703,-0.0191723,-0.0164067,0.0241862
1765976265650560,0,-4.01422,1.43177,-1.62891,0.99756,-0.0686946,0.0115288,0.00466016,-4.00967,1.45348,-1.6306,0.997562,-0.0680827,0.0128646,0.0029061,-0.0654861,-0.312426,0.024351,-2.35731e-05,-0.00878688,-0.0191824,0.0251886
1765976265650560,0,-4.01422,1.43177,-1.62891,0.99756,-0.0686946,0.0115288,0.00466016,-4.00967,1.45348,-1.6306,0.997562,-0.0680827,0.0128646,0.0029061,-0.0654861,-0.312426,0.024351,-2.35731e-05,-0.00878688,-0.0191824,0.0251886
1765976265660491,0,-4.01505,1.42767,-1.62867,0.997611,-0.0679947,0.011107,0.005016,-4.01034,1.45025,-1.63036,0.997568,-0.0680718,0.0126456,0.00316898,-0.0676532,-0.324329,0.0243196,0.000612192,0.0011051,-0.0220515,0.026471
1765976265660491,0,-4.01505,1.42767,-1.62867,0.997611,-0.0679947,0.011107,0.005016,-4.01034,1.45025,-1.63036,0.997568,-0.0680718,0.0126456,0.00316898,-0.0676532,-0.324329,0.0243196,0.000612192,0.0011051,-0.0220515,0.026471
1765976265670567,0,-4.0159,1.42344,-1.62842,0.997667,-0.0672193,0.0106645,0.00538471,-4.01104,1.44686,-1.63012,0.99758,-0.0679647,0.0123969,0.00344717,-0.0699449,-0.336971,0.0243246,0.00123043,0.0106213,-0.0246849,0.0276088
1765976265670567,0,-4.0159,1.42344,-1.62842,0.997667,-0.0672193,0.0106645,0.00538471,-4.01104,1.44686,-1.63012,0.99758,-0.0679647,0.0123969,0.00344717,-0.0699449,-0.336971,0.0243246,0.00123043,0.0106213,-0.0246849,0.0276088
1765976265680619,0,-4.01678,1.41909,-1.62818,0.997726,-0.0663796,0.0102045,0.00576651,-4.01177,1.44335,-1.62987,0.997599,-0.0677654,0.0121211,0.00373886,-0.0720094,-0.348923,0.024264,0.00181447,0.0198324,-0.0274302,0.0290181
1765976265680619,0,-4.01678,1.41909,-1.62818,0.997726,-0.0663796,0.0102045,0.00576651,-4.01177,1.44335,-1.62987,0.997599,-0.0677654,0.0121211,0.00373886,-0.0720094,-0.348923,0.024264,0.00181447,0.0198324,-0.0274302,0.0290181
1765976265690594,0,-4.01766,1.41463,-1.62795,0.997788,-0.0654768,0.00972757,0.00616148,-4.01251,1.43975,-1.62963,0.997622,-0.0674777,0.0118203,0.00404336,-0.074095,-0.360938,0.0241765,0.00238419,0.0288373,-0.03016,0.030526
1765976265690594,0,-4.01766,1.41463,-1.62795,0.997788,-0.0654768,0.00972757,0.00616148,-4.01251,1.43975,-1.62963,0.997622,-0.0674777,0.0118203,0.00404336,-0.074095,-0.360938,0.0241765,0.00238419,0.0288373,-0.03016,0.030526
1765976265700595,0,-4.01857,1.41005,-1.62771,0.997852,-0.0645213,0.00923665,0.00656945,-4.01327,1.43602,-1.62939,0.997651,-0.0671063,0.0114957,0.00436073,-0.0761433,-0.373231,0.0240779,0.00288458,0.0371412,-0.0324574,0.0317342
1765976265700595,0,-4.01857,1.41005,-1.62771,0.997852,-0.0645213,0.00923665,0.00656945,-4.01327,1.43602,-1.62939,0.997651,-0.0671063,0.0114957,0.00436073,-0.0761433,-0.373231,0.0240779,0.00288458,0.0371412,-0.0324574,0.0317342
1765976265710635,0,-4.01948,1.40536,-1.62748,0.997918,-0.0635161,0.00873239,0.00699073,-4.01405,1.43215,-1.62915,0.997685,-0.0666547,0.0111481,0.00469152,-0.0781272,-0.385269,0.023925,0.00334237,0.0449766,-0.0346176,0.0329475
1765976265710635,0,-4.01948,1.40536,-1.62748,0.997918,-0.0635161,0.00873239,0.00699073,-4.01405,1.43215,-1.62915,0.997685,-0.0666547,0.0111481,0.00469152,-0.0781272,-0.385269,0.023925,0.00334237,0.0449766,-0.0346176,0.0329475
1765976265720595,0,-4.02041,1.40056,-1.62726,0.997986,-0.0624603,0.00821513,0.00742561,-4.01485,1.4282,-1.62891,0.997723,-0.066128,0.0107798,0.00503486,-0.0799516,-0.396981,0.0237461,0.00379411,0.0528842,-0.0369794,0.0344713
1765976265720595,0,-4.02041,1.40056,-1.62726,0.997986,-0.0624603,0.00821513,0.00742561,-4.01485,1.4282,-1.62891,0.997723,-0.066128,0.0107798,0.00503486,-0.0799516,-0.396981,0.0237461,0.00379411,0.0528842,-0.0369794,0.0344713
1765976265730686,0,-4.02136,1.39565,-1.62704,0.998055,-0.0613579,0.00768613,0.00787416,-4.01567,1.42407,-1.62868,0.997765,-0.0655256,0.0103891,0.00539344,-0.0817489,-0.408981,0.0235323,0.00416423,0.0596984,-0.0387184,0.0355347
1765976265730686,0,-4.02136,1.39565,-1.62704,0.998055,-0.0613579,0.00768613,0.00787416,-4.01567,1.42407,-1.62868,0.997765,-0.0655256,0.0103891,0.00539344,-0.0817489,-0.408981,0.0235323,0.00416423,0.0596984,-0.0387184,0.0355347
1765976265740574,0,-4.02231,1.39064,-1.62683,0.998125,-0.0602141,0.00714739,0.00833654,-4.0165,1.41992,-1.62845,0.99781,-0.0648615,0.00998378,0.00576143,-0.083379,-0.420114,0.0232318,0.00455715,0.0671652,-0.0409921,0.0372161
1765976265740574,0,-4.02231,1.39064,-1.62683,0.998125,-0.0602141,0.00714739,0.00833654,-4.0165,1.41992,-1.62845,0.99781,-0.0648615,0.00998378,0.00576143,-0.083379,-0.420114,0.0232318,0.00455715,0.0671652,-0.0409921,0.0372161
1765976265750516,0,-4.02327,1.38552,-1.62662,0.998195,-0.059032,0.00660024,0.00881299,-4.01734,1.41562,-1.62822,0.997858,-0.0641297,0.00955906,0.00614448,-0.0851324,-0.432197,0.0229737,0.00487413,0.0736005,-0.0427199,0.0385283
1765976265750516,0,-4.02327,1.38552,-1.62662,0.998195,-0.059032,0.00660024,0.00881299,-4.01734,1.41562,-1.62822,0.997858,-0.0641297,0.00955906,0.00614448,-0.0851324,-0.432197,0.0229737,0.00487413,0.0736005,-0.0427199,0.0385283
1765976265760667,0,-4.02424,1.38031,-1.62641,0.998266,-0.0578182,0.00604565,0.00930369,-4.01822,1.41111,-1.62799,0.99791,-0.0633306,0.0091142,0.0065445,-0.0867148,-0.443744,0.0226417,0.00508498,0.0787262,-0.0438245,0.0394065
1765976265760667,0,-4.02424,1.38031,-1.62641,0.998266,-0.0578182,0.00604565,0.00930369,-4.01822,1.41111,-1.62799,0.99791,-0.0633306,0.0091142,0.0065445,-0.0867148,-0.443744,0.0226417,0.00508498,0.0787262,-0.0438245,0.0394065
1765976265770546,0,-4.02522,1.37499,-1.62622,0.998336,-0.0565658,0.00548228,0.00980902,-4.01909,1.40663,-1.62777,0.997963,-0.0624864,0.00866099,0.00695186,-0.0879439,-0.453898,0.0222152,0.00538186,0.0854475,-0.0458757,0.0412349
1765976265770546,0,-4.02522,1.37499,-1.62622,0.998336,-0.0565658,0.00548228,0.00980902,-4.01909,1.40663,-1.62777,0.997963,-0.0624864,0.00866099,0.00695186,-0.0879439,-0.453898,0.0222152,0.00538186,0.0854475,-0.0458757,0.0412349
1765976265780475,0,-4.02621,1.36959,-1.62603,0.998405,-0.055286,0.00491294,0.0103292,-4.01998,1.40201,-1.62755,0.998019,-0.0615798,0.00818906,0.00737712,-0.089422,-0.465491,0.0218272,0.00560688,0.0913129,-0.0475311,0.0428305
1765976265780475,0,-4.02621,1.36959,-1.62603,0.998405,-0.055286,0.00491294,0.0103292,-4.01998,1.40201,-1.62755,0.998019,-0.0615798,0.00818906,0.00737712,-0.089422,-0.465491,0.0218272,0.00560688,0.0913129,-0.0475311,0.0428305
1765976265790501,0,-4.0272,1.36409,-1.62585,0.998473,-0.0539901,0.00434079,0.0108641,-4.02089,1.39723,-1.62734,0.998075,-0.0606285,0.00770672,0.00781417,-0.0907446,-0.476516,0.0213664,0.00567154,0.0948801,-0.048108,0.043592
1765976265790501,0,-4.0272,1.36409,-1.62585,0.998473,-0.0539901,0.00434079,0.0108641,-4.02089,1.39723,-1.62734,0.998075,-0.0606285,0.00770672,0.00781417,-0.0907446,-0.476516,0.0213664,0.00567154,0.0948801,-0.048108,0.043592
1765976265800563,0,-4.0282,1.3585,-1.62568,0.99854,-0.0526675,0.00376338,0.0114143,-4.02182,1.39233,-1.62713,0.998134,-0.0596278,0.00721104,0.00826672,-0.0918416,-0.486694,0.0208516,0.00579934,0.0994544,-0.049263,0.0449754
1765976265800563,0,-4.0282,1.3585,-1.62568,0.99854,-0.0526675,0.00376338,0.0114143,-4.02182,1.39233,-1.62713,0.998134,-0.0596278,0.00721104,0.00826672,-0.0918416,-0.486694,0.0208516,0.00579934,0.0994544,-0.049263,0.0449754
1765976265810662,0,-4.02919,1.35283,-1.62551,0.998605,-0.0513249,0.00318168,0.0119801,-4.02275,1.38732,-1.62692,0.998193,-0.0585777,0.0067014,0.00873639,-0.0927328,-0.496444,0.0202794,0.00590203,0.103986,-0.050464,0.0465072
1765976265810662,0,-4.02919,1.35283,-1.62551,0.998605,-0.0513249,0.00318168,0.0119801,-4.02275,1.38732,-1.62692,0.998193,-0.0585777,0.0067014,0.00873639,-0.0927328,-0.496444,0.0202794,0.00590203,0.103986,-0.050464,0.0465072
1765976265820541,0,-4.03019,1.34707,-1.62536,0.998668,-0.0499752,0.0025992,0.0125619,-4.02368,1.38232,-1.62673,0.998253,-0.0575038,0.00618931,0.00921394,-0.0934946,-0.505762,0.0196691,0.0060033,0.108703,-0.0518367,0.0483399
1765976265820541,0,-4.03019,1.34707,-1.62536,0.998668,-0.0499752,0.0025992,0.0125619,-4.02368,1.38232,-1.62673,0.998253,-0.0575038,0.00618931,0.00921394,-0.0934946,-0.505762,0.0196691,0.0060033,0.108703,-0.0518367,0.0483399
1765976265830647,0,-4.03119,1.34124,-1.62521,0.998728,-0.0486286,0.00201957,0.0131592,-4.02463,1.37711,-1.62654,0.998313,-0.0563861,0.00566422,0.00971076,-0.0945087,-0.516318,0.019074,0.00592154,0.110591,-0.0519577,0.0491611
1765976265830647,0,-4.03119,1.34124,-1.62521,0.998728,-0.0486286,0.00201957,0.0131592,-4.02463,1.37711,-1.62654,0.998313,-0.0563861,0.00566422,0.00971076,-0.0945087,-0.516318,0.019074,0.00592154,0.110591,-0.0519577,0.0491611
1765976265840579,0,-4.03219,1.33532,-1.62507,0.998785,-0.0472846,0.00144253,0.0137726,-4.02557,1.37189,-1.62635,0.998372,-0.0552438,0.00513435,0.0102206,-0.0950602,-0.525039,0.0183639,0.00597727,0.115018,-0.0533505,0.0513304
1765976265840579,0,-4.03219,1.33532,-1.62507,0.998785,-0.0472846,0.00144253,0.0137726,-4.02557,1.37189,-1.62635,0.998372,-0.0552438,0.00513435,0.0102206,-0.0950602,-0.525039,0.0183639,0.00597727,0.115018,-0.0533505,0.0513304
1765976265850577,0,-4.03319,1.32934,-1.62495,0.99884,-0.045935,0.000865579,0.0144024,-4.02653,1.36654,-1.62618,0.998431,-0.0540742,0.00459803,0.010746,-0.0957204,-0.534737,0.0176942,0.00588416,0.116978,-0.0536429,0.0525509
1765976265850577,0,-4.03319,1.32934,-1.62495,0.99884,-0.045935,0.000865579,0.0144024,-4.02653,1.36654,-1.62618,0.998431,-0.0540742,0.00459803,0.010746,-0.0957204,-0.534737,0.0176942,0.00588416,0.116978,-0.0536429,0.0525509
1765976265860508,0,-4.03419,1.32328,-1.62483,0.998892,-0.0445891,0.000291234,0.0150489,-4.02749,1.36115,-1.62601,0.998489,-0.0528815,0.00405644,0.0112871,-0.0961741,-0.543674,0.0169493,0.00583983,0.120106,-0.0545349,0.0544854
1765976265860508,0,-4.03419,1.32328,-1.62483,0.998892,-0.0445891,0.000291234,0.0150489,-4.02749,1.36115,-1.62601,0.998489,-0.0528815,0.00405644,0.0112871,-0.0961741,-0.543674,0.0169493,0.00583983,0.120106,-0.0545349,0.0544854
1765976265870512,0,-4.03518,1.31716,-1.62472,0.998941,-0.0432399,-0.000281395,0.0157121,-4.02845,1.35562,-1.62585,0.998546,-0.0516712,0.00351193,0.0118425,-0.0966639,-0.552791,0.0161821,0.00567805,0.120977,-0.0544291,0.0555229
1765976265870512,0,-4.03518,1.31716,-1.62472,0.998941,-0.0432399,-0.000281395,0.0157121,-4.02845,1.35562,-1.62585,0.998546,-0.0516712,0.00351193,0.0118425,-0.0966639,-0.552791,0.0161821,0.00567805,0.120977,-0.0544291,0.0555229
1765976265880620,0,-4.03616,1.31096,-1.62462,0.998987,-0.0418898,-0.000852173,0.0163924,-4.02943,1.34994,-1.62569,0.998601,-0.0504412,0.00296314,0.0124147,-0.0968487,-0.561102,0.015367,0.0054958,0.121689,-0.054293,0.0566035
1765976265880620,0,-4.03616,1.31096,-1.62462,0.998987,-0.0418898,-0.000852173,0.0163924,-4.02943,1.34994,-1.62569,0.998601,-0.0504412,0.00296314,0.0124147,-0.0968487,-0.561102,0.015367,0.0054958,0.121689,-0.054293,0.0566035
1765976265890498,0,-4.03714,1.30471,-1.62454,0.999031,-0.0405404,-0.00142137,0.0170902,-4.03039,1.34433,-1.62555,0.998655,-0.0491973,0.00241227,0.0130021,-0.0968832,-0.568398,0.0145059,0.00546084,0.125928,-0.0557667,0.0594677
1765976265890498,0,-4.03714,1.30471,-1.62454,0.999031,-0.0405404,-0.00142137,0.0170902,-4.03039,1.34433,-1.62555,0.998655,-0.0491973,0.00241227,0.0130021,-0.0968832,-0.568398,0.0145059,0.00546084,0.125928,-0.0557667,0.0594677
1765976265900605,0,-4.03811,1.2984,-1.62446,0.999071,-0.039203,-0.00198559,0.0178054,-4.03137,1.3385,-1.62541,0.998707,-0.0479411,0.00185951,0.0136058,-0.097047,-0.577163,0.0136583,0.00516609,0.124287,-0.0546911,0.0597334
1765976265900605,0,-4.03811,1.2984,-1.62446,0.999071,-0.039203,-0.00198559,0.0178054,-4.03137,1.3385,-1.62541,0.998707,-0.0479411,0.00185951,0.0136058,-0.097047,-0.577163,0.0136583,0.00516609,0.124287,-0.0546911,0.0597334
1765976265910596,0,-4.03907,1.29203,-1.62439,0.999107,-0.0378818,-0.00254394,0.0185381,-4.03234,1.33266,-1.62528,0.998757,-0.0466766,0.00130599,0.0142258,-0.0967897,-0.583888,0.012755,0.00502323,0.126561,-0.0554019,0.0620551
1765976265910596,0,-4.03907,1.29203,-1.62439,0.999107,-0.0378818,-0.00254394,0.0185381,-4.03234,1.33266,-1.62528,0.998757,-0.0466766,0.00130599,0.0142258,-0.0967897,-0.583888,0.012755,0.00502323,0.126561,-0.0554019,0.0620551
1765976265920661,0,-4.04003,1.28561,-1.62434,0.99914,-0.0365705,-0.00309755,0.0192887,-4.03331,1.32671,-1.62516,0.998806,-0.0453993,0.000749415,0.0148657,-0.0966466,-0.591297,0.0118321,0.00480864,0.126909,-0.0552981,0.0635777
1765976265920661,0,-4.04003,1.28561,-1.62434,0.99914,-0.0365705,-0.00309755,0.0192887,-4.03331,1.32671,-1.62516,0.998806,-0.0453993,0.000749415,0.0148657,-0.0966466,-0.591297,0.0118321,0.00480864,0.126909,-0.0552981,0.0635777
1765976265930614,0,-4.04097,1.27914,-1.6243,0.999169,-0.0352822,-0.00364379,0.0200575,-4.03427,1.32076,-1.62505,0.998851,-0.0441352,0.000200496,0.0155144,-0.096249,-0.597855,0.0108753,0.00456332,0.127007,-0.0551511,0.0651758
1765976265930614,0,-4.04097,1.27914,-1.6243,0.999169,-0.0352822,-0.00364379,0.0200575,-4.03427,1.32076,-1.62505,0.998851,-0.0441352,0.000200496,0.0155144,-0.096249,-0.597855,0.0108753,0.00456332,0.127007,-0.0551511,0.0651758
1765976265940578,0,-4.0419,1.27261,-1.62426,0.999195,-0.0340138,-0.00418327,0.0208443,-4.03522,1.31473,-1.62496,0.998894,-0.0428637,-0.000350219,0.016184,-0.0959034,-0.605019,0.00993012,0.00433097,0.12761,-0.0552704,0.0671994
1765976265940578,0,-4.0419,1.27261,-1.62426,0.999195,-0.0340138,-0.00418327,0.0208443,-4.03522,1.31473,-1.62496,0.998894,-0.0428637,-0.000350219,0.016184,-0.0959034,-0.605019,0.00993012,0.00433097,0.12761,-0.0552704,0.0671994
1765976265950542,0,-4.04282,1.26605,-1.62424,0.999217,-0.0327667,-0.00471566,0.0216496,-4.03617,1.30864,-1.62487,0.998935,-0.0415952,-0.000898631,0.0168706,-0.095377,-0.611791,0.00894907,0.00406776,0.127303,-0.0550394,0.0689102
1765976265950542,0,-4.04282,1.26605,-1.62424,0.999217,-0.0327667,-0.00471566,0.0216496,-4.03617,1.30864,-1.62487,0.998935,-0.0415952,-0.000898631,0.0168706,-0.095377,-0.611791,0.00894907,0.00406776,0.127303,-0.0550394,0.0689102
1765976265960646,0,-4.04372,1.25944,-1.62423,0.999236,-0.0315313,-0.00524268,0.0224735,-4.03713,1.30239,-1.62479,0.998973,-0.0403299,-0.00144479,0.0175751,-0.0948106,-0.618239,0.00795201,0.00375184,0.125228,-0.054054,0.0697187
1765976265960646,0,-4.04372,1.25944,-1.62423,0.999236,-0.0315313,-0.00524268,0.0224735,-4.03713,1.30239,-1.62479,0.998973,-0.0403299,-0.00144479,0.0175751,-0.0948106,-0.618239,0.00795201,0.00375184,0.125228,-0.054054,0.0697187
1765976265970680,0,-4.04461,1.25279,-1.62423,0.999252,-0.0303069,-0.00576478,0.0233167,-4.03807,1.29614,-1.62472,0.999008,-0.0390603,-0.001992,0.0183023,-0.0939513,-0.623289,0.00692635,0.00352258,0.126531,-0.0545354,0.0724818
1765976265970680,0,-4.04461,1.25279,-1.62423,0.999252,-0.0303069,-0.00576478,0.0233167,-4.03807,1.29614,-1.62472,0.999008,-0.0390603,-0.001992,0.0183023,-0.0939513,-0.623289,0.00692635,0.00352258,0.126531,-0.0545354,0.0724818
1765976265980765,0,-4.04548,1.2461,-1.62425,0.999264,-0.0291,-0.00628099,0.0241788,-4.03901,1.28979,-1.62466,0.99904,-0.0378057,-0.00253227,0.0190426,-0.0930506,-0.628742,0.00591023,0.00319743,0.124408,-0.0535711,0.0733987
1765976265980765,0,-4.04548,1.2461,-1.62425,0.999264,-0.0291,-0.00628099,0.0241788,-4.03901,1.28979,-1.62466,0.99904,-0.0378057,-0.00253227,0.0190426,-0.0930506,-0.628742,0.00591023,0.00319743,0.124408,-0.0535711,0.0733987
1765976265990626,0,-4.04634,1.23938,-1.62427,0.999273,-0.0279244,-0.00678835,0.0250597,-4.03992,1.28355,-1.62461,0.99907,-0.0365616,-0.00306812,0.0198001,-0.0920212,-0.633522,0.00487185,0.00296784,0.12616,-0.0543405,0.0768256
1765976265990626,0,-4.04634,1.23938,-1.62427,0.999273,-0.0279244,-0.00678835,0.0250597,-4.03992,1.28355,-1.62461,0.99907,-0.0365616,-0.00306812,0.0198001,-0.0920212,-0.633522,0.00487185,0.00296784,0.12616,-0.0543405,0.0768256
1765976266000572,0,-4.04717,1.23263,-1.6243,0.999278,-0.0267802,-0.0072863,0.0259598,-4.04083,1.27718,-1.62457,0.999096,-0.0353483,-0.00359135,0.0205642,-0.0911389,-0.63989,0.00382342,0.00259489,0.121989,-0.0526075,0.0768204
1765976266000572,0,-4.04717,1.23263,-1.6243,0.999278,-0.0267802,-0.0072863,0.0259598,-4.04083,1.27718,-1.62457,0.999096,-0.0353483,-0.00359135,0.0205642,-0.0911389,-0.63989,0.00382342,0.00259489,0.121989,-0.0526075,0.0768204
1765976266010578,0,-4.04799,1.22584,-1.62435,0.999279,-0.0256609,-0.00777654,0.0268793,-4.04173,1.27073,-1.62454,0.999119,-0.0341301,-0.00411765,0.0213583,-0.0900205,-0.645167,0.00278782,0.00230532,0.121747,-0.0525978,0.0793664
1765976266010578,0,-4.04799,1.22584,-1.62435,0.999279,-0.0256609,-0.00777654,0.0268793,-4.04173,1.27073,-1.62454,0.999119,-0.0341301,-0.00411765,0.0213583,-0.0900205,-0.645167,0.00278782,0.00230532,0.121747,-0.0525978,0.0793664
1765976266020480,0,-4.04879,1.21903,-1.6244,0.999277,-0.0245444,-0.00826299,0.0278185,-4.04261,1.26429,-1.62453,0.999139,-0.032927,-0.00463794,0.0221692,-0.0887508,-0.649644,0.0017336,0.00201652,0.121503,-0.0525443,0.0818855
1765976266020480,0,-4.04879,1.21903,-1.6244,0.999277,-0.0245444,-0.00826299,0.0278185,-4.04261,1.26429,-1.62453,0.999139,-0.032927,-0.00463794,0.0221692,-0.0887508,-0.649644,0.0017336,0.00201652,0.121503,-0.0525443,0.0818855
1765976266030573,0,-4.04957,1.21219,-1.62447,0.999273,-0.023437,-0.00874521,0.0287774,-4.04349,1.25769,-1.62452,0.999155,-0.0317343,-0.00515413,0.0229997,-0.0874965,-0.654736,0.000685043,0.00167127,0.118167,-0.051143,0.082284
1765976266030573,0,-4.04957,1.21219,-1.62447,0.999273,-0.023437,-0.00874521,0.0287774,-4.04349,1.25769,-1.62452,0.999155,-0.0317343,-0.00515413,0.0229997,-0.0874965,-0.654736,0.000685043,0.00167127,0.118167,-0.051143,0.082284
1765976266040619,0,-4.05033,1.20533,-1.62455,0.999265,-0.0223434,-0.00922233,0.0297559,-4.04435,1.25108,-1.62452,0.999169,-0.0305533,-0.00566576,0.0238494,-0.0859123,-0.657894,-0.000367857,0.00137056,0.117563,-0.0509292,0.0845809
1765976266040619,0,-4.05033,1.20533,-1.62455,0.999265,-0.0223434,-0.00922233,0.0297559,-4.04435,1.25108,-1.62452,0.999169,-0.0305533,-0.00566576,0.0238494,-0.0859123,-0.657894,-0.000367857,0.00137056,0.117563,-0.0509292,0.0845809
1765976266050627,0,-4.05106,1.19845,-1.62464,0.999254,-0.0212668,-0.00969396,0.0307543,-4.0452,1.24446,-1.62454,0.99918,-0.0293822,-0.00617373,0.0247201,-0.0843327,-0.661309,-0.00141746,0.00106607,0.117011,-0.0507565,0.0870046
1765976266050627,0,-4.05106,1.19845,-1.62464,0.999254,-0.0212668,-0.00969396,0.0307543,-4.0452,1.24446,-1.62454,0.99918,-0.0293822,-0.00617373,0.0247201,-0.0843327,-0.661309,-0.00141746,0.00106607,0.117011,-0.0507565,0.0870046
1765976266060614,0,-4.05178,1.19155,-1.62473,0.999239,-0.0202259,-0.0101563,0.0317723,-4.04602,1.23782,-1.62456,0.999187,-0.0282355,-0.00667249,0.0256033,-0.0826957,-0.664836,-0.00247084,0.00074006,0.11482,-0.0499411,0.0884347
1765976266060614,0,-4.05178,1.19155,-1.62473,0.999239,-0.0202259,-0.0101563,0.0317723,-4.04602,1.23782,-1.62456,0.999187,-0.0282355,-0.00667249,0.0256033,-0.0826957,-0.664836,-0.00247084,0.00074006,0.11482,-0.0499411,0.0884347
1765976266070567,0,-4.05246,1.18464,-1.62484,0.99922,-0.0192194,-0.0106093,0.0328099,-4.04683,1.23117,-1.6246,0.999191,-0.0271036,-0.00716671,0.026508,-0.080966,-0.668293,-0.00350933,0.000419203,0.113721,-0.049655,0.0908976
1765976266070567,0,-4.05246,1.18464,-1.62484,0.99922,-0.0192194,-0.0106093,0.0328099,-4.04683,1.23117,-1.6246,0.999191,-0.0271036,-0.00716671,0.026508,-0.080966,-0.668293,-0.00350933,0.000419203,0.113721,-0.049655,0.0908976
1765976266080636,0,-4.05313,1.17771,-1.62496,0.999199,-0.018241,-0.0110544,0.0338674,-4.04763,1.2244,-1.62464,0.999192,-0.0259888,-0.00765573,0.0274337,-0.0791808,-0.671794,-0.00454627,8.87943e-05,0.110718,-0.0485673,0.0919389
1765976266080636,0,-4.05313,1.17771,-1.62496,0.999199,-0.018241,-0.0110544,0.0338674,-4.04763,1.2244,-1.62464,0.999192,-0.0259888,-0.00765573,0.0274337,-0.0791808,-0.671794,-0.00454627,8.87943e-05,0.110718,-0.0485673,0.0919389
1765976266090641,0,-4.05377,1.17077,-1.62509,0.999174,-0.017283,-0.0114928,0.0349448,-4.0484,1.21766,-1.6247,0.99919,-0.0248948,-0.00813792,0.0283776,-0.0771614,-0.674018,-0.00557621,-0.000232342,0.109346,-0.048194,0.0943401
1765976266090641,0,-4.05377,1.17077,-1.62509,0.999174,-0.017283,-0.0114928,0.0349448,-4.0484,1.21766,-1.6247,0.99919,-0.0248948,-0.00813792,0.0283776,-0.0771614,-0.674018,-0.00557621,-0.000232342,0.109346,-0.048194,0.0943401
1765976266100597,0,-4.05438,1.16381,-1.62522,0.999146,-0.0163444,-0.0119247,0.0360422,-4.04915,1.21092,-1.62476,0.999184,-0.0238204,-0.00861373,0.0293407,-0.0751464,-0.676653,-0.00658549,-0.00056276,0.107911,-0.0477917,0.096732
1765976266100597,0,-4.05438,1.16381,-1.62522,0.999146,-0.0163444,-0.0119247,0.0360422,-4.04915,1.21092,-1.62476,0.999184,-0.0238204,-0.00861373,0.0293407,-0.0751464,-0.676653,-0.00658549,-0.00056276,0.107911,-0.0477917,0.096732
1765976266110661,0,-4.05496,1.15685,-1.62537,0.999114,-0.0154337,-0.0123482,0.0371593,-4.04988,1.20409,-1.62484,0.999176,-0.0227663,-0.00908311,0.0303234,-0.0731081,-0.679448,-0.00759272,-0.000882461,0.104741,-0.0466394,0.0976467
1765976266110661,0,-4.05496,1.15685,-1.62537,0.999114,-0.0154337,-0.0123482,0.0371593,-4.04988,1.20409,-1.62484,0.999176,-0.0227663,-0.00908311,0.0303234,-0.0731081,-0.679448,-0.00759272,-0.000882461,0.104741,-0.0466394,0.0976467
1765976266120549,0,-4.05552,1.14989,-1.62552,0.999079,-0.0145439,-0.0127647,0.0382963,-4.05058,1.19735,-1.62492,0.999163,-0.0217338,-0.00954542,0.0313246,-0.070889,-0.681053,-0.00858384,-0.00122971,0.104424,-0.0467551,0.101254
1765976266120549,0,-4.05552,1.14989,-1.62552,0.999079,-0.0145439,-0.0127647,0.0382963,-4.05058,1.19735,-1.62492,0.999163,-0.0217338,-0.00954542,0.0313246,-0.070889,-0.681053,-0.00858384,-0.00122971,0.104424,-0.0467551,0.101254
1765976266130651,0,-4.05605,1.14292,-1.62569,0.999041,-0.0136728,-0.0131753,0.039453,-4.05128,1.19044,-1.62502,0.999148,-0.0207198,-0.010002,0.032347,-0.0687265,-0.684031,-0.00955846,-0.00152227,0.100375,-0.0451987,0.101214
1765976266130651,0,-4.05605,1.14292,-1.62569,0.999041,-0.0136728,-0.0131753,0.039453,-4.05128,1.19044,-1.62502,0.999148,-0.0207198,-0.010002,0.032347,-0.0687265,-0.684031,-0.00955846,-0.00152227,0.100375,-0.0451987,0.101214
1765976266140571,0,-4.05655,1.13594,-1.62586,0.999,-0.012822,-0.0135803,0.0406297,-4.05193,1.18365,-1.62513,0.999129,-0.0197276,-0.0104515,0.0333876,-0.0662861,-0.684816,-0.0105029,-0.00187466,0.100017,-0.0453151,0.104891
1765976266140571,0,-4.05655,1.13594,-1.62586,0.999,-0.012822,-0.0135803,0.0406297,-4.05193,1.18365,-1.62513,0.999129,-0.0197276,-0.0104515,0.0333876,-0.0662861,-0.684816,-0.0105029,-0.00187466,0.100017,-0.0453151,0.104891
1765976266150453,0,-4.05702,1.12897,-1.62604,0.998955,-0.0119841,-0.0139807,0.0418261,-4.05257,1.17686,-1.62524,0.999108,-0.0187559,-0.0108944,0.0344465,-0.0639354,-0.687088,-0.011448,-0.00221361,0.0983323,-0.0448153,0.107157
1765976266150453,0,-4.05702,1.12897,-1.62604,0.998955,-0.0119841,-0.0139807,0.0418261,-4.05257,1.17686,-1.62524,0.999108,-0.0187559,-0.0108944,0.0344465,-0.0639354,-0.687088,-0.011448,-0.00221361,0.0983323,-0.0448153,0.107157
1765976266160512,0,-4.05746,1.122,-1.62622,0.998907,-0.0111695,-0.0143744,0.0430422,-4.05319,1.16992,-1.62536,0.999082,-0.017801,-0.0113324,0.0355284,-0.0615304,-0.689397,-0.0123843,-0.00250056,0.0949256,-0.0435434,0.107555
1765976266160512,0,-4.05746,1.122,-1.62622,0.998907,-0.0111695,-0.0143744,0.0430422,-4.05319,1.16992,-1.62536,0.999082,-0.017801,-0.0113324,0.0355284,-0.0615304,-0.689397,-0.0123843,-0.00250056,0.0949256,-0.0435434,0.107555
1765976266170462,0,-4.05787,1.11503,-1.62642,0.998856,-0.0103613,-0.0147647,0.0442779,-4.05377,1.16306,-1.6255,0.999054,-0.0168674,-0.0117632,0.0366265,-0.0589457,-0.689856,-0.0132867,-0.00284545,0.0938384,-0.0432921,0.110359
1765976266170462,0,-4.05787,1.11503,-1.62642,0.998856,-0.0103613,-0.0147647,0.0442779,-4.05377,1.16306,-1.6255,0.999054,-0.0168674,-0.0117632,0.0366265,-0.0589457,-0.689856,-0.0132867,-0.00284545,0.0938384,-0.0432921,0.110359
1765976266180461,0,-4.05825,1.10806,-1.62662,0.998802,-0.00955833,-0.0151523,0.0455334,-4.05434,1.15615,-1.62564,0.999022,-0.0159487,-0.0121891,0.037746,-0.0563201,-0.691137,-0.0141635,-0.00316532,0.0918754,-0.0426022,0.111962
1765976266180461,0,-4.05825,1.10806,-1.62662,0.998802,-0.00955833,-0.0151523,0.0455334,-4.05434,1.15615,-1.62564,0.999022,-0.0159487,-0.0121891,0.037746,-0.0563201,-0.691137,-0.0141635,-0.00316532,0.0918754,-0.0426022,0.111962
1765976266190513,0,-4.0586,1.1011,-1.62683,0.998745,-0.0087758,-0.0155353,0.0468084,-4.05487,1.14919,-1.62579,0.998987,-0.0150462,-0.0126102,0.0388863,-0.0536039,-0.691774,-0.0150257,-0.00347476,0.0897875,-0.0418856,0.11344
1765976266190513,0,-4.0586,1.1011,-1.62683,0.998745,-0.0087758,-0.0155353,0.0468084,-4.05487,1.14919,-1.62579,0.998987,-0.0150462,-0.0126102,0.0388863,-0.0536039,-0.691774,-0.0150257,-0.00347476,0.0897875,-0.0418856,0.11344
1765976266200574,0,-4.05891,1.09415,-1.62705,0.998683,-0.00801076,-0.0159136,0.0481029,-4.05538,1.14223,-1.62595,0.998949,-0.0141634,-0.0130247,0.0400427,-0.0507596,-0.69176,-0.0158416,-0.00379749,0.0877415,-0.0411985,0.114945
1765976266200574,0,-4.05891,1.09415,-1.62705,0.998683,-0.00801076,-0.0159136,0.0481029,-4.05538,1.14223,-1.62595,0.998949,-0.0141634,-0.0130247,0.0400427,-0.0507596,-0.69176,-0.0158416,-0.00379749,0.0877415,-0.0411985,0.114945
1765976266210480,0,-4.05919,1.0872,-1.62727,0.998619,-0.00726965,-0.0162862,0.0494169,-4.05586,1.13538,-1.62611,0.998908,-0.0132965,-0.0134348,0.0412215,-0.0478955,-0.691561,-0.0166431,-0.00419387,0.0875124,-0.0414033,0.119
1765976266210480,0,-4.05919,1.0872,-1.62727,0.998619,-0.00726965,-0.0162862,0.0494169,-4.05586,1.13538,-1.62611,0.998908,-0.0132965,-0.0134348,0.0412215,-0.0478955,-0.691561,-0.0166431,-0.00419387,0.0875124,-0.0414033,0.119
1765976266220485,0,-4.05944,1.08027,-1.6275,0.998551,-0.00656008,-0.0166514,0.0507502,-4.05631,1.12845,-1.62629,0.998863,-0.0124486,-0.0138397,0.0424209,-0.0450386,-0.692593,-0.0174435,-0.00448599,0.0847452,-0.0404648,0.119873
1765976266220485,0,-4.05944,1.08027,-1.6275,0.998551,-0.00656008,-0.0166514,0.0507502,-4.05631,1.12845,-1.62629,0.998863,-0.0124486,-0.0138397,0.0424209,-0.0450386,-0.692593,-0.0174435,-0.00448599,0.0847452,-0.0404648,0.119873
1765976266230581,0,-4.05965,1.07335,-1.62773,0.99848,-0.00587519,-0.0170104,0.0521028,-4.05673,1.12146,-1.62647,0.998815,-0.0116247,-0.0142371,0.0436344,-0.042035,-0.692503,-0.0181955,-0.00475845,0.0816059,-0.0393625,0.120196
1765976266230581,0,-4.05965,1.07335,-1.62773,0.99848,-0.00587519,-0.0170104,0.0521028,-4.05673,1.12146,-1.62647,0.998815,-0.0116247,-0.0142371,0.0436344,-0.042035,-0.692503,-0.0181955,-0.00475845,0.0816059,-0.0393625,0.120196
1765976266240573,0,-4.05983,1.06644,-1.62797,0.998405,-0.0052001,-0.0173664,0.0534751,-4.05712,1.11455,-1.62666,0.998763,-0.0108169,-0.0146306,0.0448717,-0.0389411,-0.691454,-0.0189098,-0.00515993,0.0808472,-0.0393797,0.123836
1765976266240573,0,-4.05983,1.06644,-1.62797,0.998405,-0.0052001,-0.0173664,0.0534751,-4.05712,1.11455,-1.62666,0.998763,-0.0108169,-0.0146306,0.0448717,-0.0389411,-0.691454,-0.0189098,-0.00515993,0.0808472,-0.0393797,0.123836
1765976266250575,0,-4.05997,1.05955,-1.62822,0.998326,-0.00454477,-0.0177188,0.0548674,-4.05748,1.10764,-1.62686,0.998708,-0.0100287,-0.0150186,0.0461278,-0.0358033,-0.691264,-0.0196179,-0.00549445,0.078802,-0.0388005,0.125584
1765976266250575,0,-4.05997,1.05955,-1.62822,0.998326,-0.00454477,-0.0177188,0.0548674,-4.05748,1.10764,-1.62686,0.998708,-0.0100287,-0.0150186,0.0461278,-0.0358033,-0.691264,-0.0196179,-0.00549445,0.078802,-0.0388005,0.125584
1765976266260607,0,-4.06008,1.05267,-1.62847,0.998244,-0.00391596,-0.0180658,0.0562795,-4.05781,1.10071,-1.62706,0.99865,-0.00926048,-0.0154016,0.0474037,-0.0326542,-0.690813,-0.020296,-0.00581668,0.0765779,-0.0381737,0.127175
1765976266260607,0,-4.06008,1.05267,-1.62847,0.998244,-0.00391596,-0.0180658,0.0562795,-4.05781,1.10071,-1.62706,0.99865,-0.00926048,-0.0154016,0.0474037,-0.0326542,-0.690813,-0.020296,-0.00581668,0.0765779,-0.0381737,0.127175
1765976266270612,0,-4.06015,1.04581,-1.62872,0.998158,-0.00330289,-0.0184082,0.0577109,-4.0581,1.09381,-1.62727,0.998588,-0.00850771,-0.0157815,0.048706,-0.0294061,-0.689924,-0.0209346,-0.00621366,0.0752394,-0.0379707,0.130173
1765976266270612,0,-4.06015,1.04581,-1.62872,0.998158,-0.00330289,-0.0184082,0.0577109,-4.0581,1.09381,-1.62727,0.998588,-0.00850771,-0.0157815,0.048706,-0.0294061,-0.689924,-0.0209346,-0.00621366,0.0752394,-0.0379707,0.130173
1765976266280582,0,-4.06018,1.03897,-1.62898,0.998069,-0.00270283,-0.0187468,0.0591615,-4.05836,1.08694,-1.62748,0.998523,-0.00778263,-0.0161519,0.050012,-0.0261136,-0.689154,-0.0215581,-0.00651048,0.072727,-0.0371507,0.130992
1765976266280582,0,-4.06018,1.03897,-1.62898,0.998069,-0.00270283,-0.0187468,0.0591615,-4.05836,1.08694,-1.62748,0.998523,-0.00778263,-0.0161519,0.050012,-0.0261136,-0.689154,-0.0215581,-0.00651048,0.072727,-0.0371507,0.130992
1765976266290610,0,-4.06018,1.03214,-1.62925,0.997976,-0.00211662,-0.0190821,0.0606314,-4.05859,1.08003,-1.62771,0.998453,-0.00706214,-0.0165245,0.0513624,-0.0228243,-0.688544,-0.0221586,-0.00694238,0.0718473,-0.0371561,0.134658
1765976266290610,0,-4.06018,1.03214,-1.62925,0.997976,-0.00211662,-0.0190821,0.0606314,-4.05859,1.08003,-1.62771,0.998453,-0.00706214,-0.0165245,0.0513624,-0.0228243,-0.688544,-0.0221586,-0.00694238,0.0718473,-0.0371561,0.134658
1765976266300572,0,-4.06014,1.02534,-1.62951,0.997879,-0.00153859,-0.0194152,0.0621202,-4.05879,1.07319,-1.62793,0.998382,-0.00637608,-0.0168835,0.0526986,-0.0193856,-0.687242,-0.0227242,-0.00716787,0.0688676,-0.0360413,0.134128
1765976266300572,0,-4.06014,1.02534,-1.62951,0.997879,-0.00153859,-0.0194152,0.0621202,-4.05879,1.07319,-1.62793,0.998382,-0.00637608,-0.0168835,0.0526986,-0.0193856,-0.687242,-0.0227242,-0.00716787,0.0688676,-0.0360413,0.134128
1765976266310519,0,-4.06006,1.01856,-1.62978,0.997778,-0.000965892,-0.0197472,0.0636279,-4.05894,1.06636,-1.62816,0.998306,-0.00569574,-0.0172437,0.0540729,-0.0159633,-0.686385,-0.0232618,-0.00763409,0.0683965,-0.0362035,0.13817
1765976266310519,0,-4.06006,1.01856,-1.62978,0.997778,-0.000965892,-0.0197472,0.0636279,-4.05894,1.06636,-1.62816,0.998306,-0.00569574,-0.0172437,0.0540729,-0.0159633,-0.686385,-0.0232618,-0.00763409,0.0683965,-0.0362035,0.13817
1765976266320491,0,-4.05994,1.01181,-1.63006,0.997673,-0.000399953,-0.0200773,0.065154,-4.05907,1.05952,-1.6284,0.998226,-0.00502926,-0.0176003,0.0554675,-0.0124804,-0.685489,-0.0237893,-0.00799152,0.0668358,-0.0357616,0.139849
1765976266320491,0,-4.05994,1.01181,-1.63006,0.997673,-0.000399953,-0.0200773,0.065154,-4.05907,1.05952,-1.6284,0.998226,-0.00502926,-0.0176003,0.0554675,-0.0124804,-0.685489,-0.0237893,-0.00799152,0.0668358,-0.0357616,0.139849
1765976266330518,0,-4.05978,1.00508,-1.63033,0.997564,0.000166203,-0.0204066,0.0666986,-4.05916,1.05266,-1.62864,0.998143,-0.00437618,-0.017953,0.0568793,-0.0089404,-0.684178,-0.0242651,-0.0082984,0.0651318,-0.0351815,0.140795
1765976266330518,0,-4.05978,1.00508,-1.63033,0.997564,0.000166203,-0.0204066,0.0666986,-4.05916,1.05266,-1.62864,0.998143,-0.00437618,-0.017953,0.0568793,-0.0089404,-0.684178,-0.0242651,-0.0082984,0.0651318,-0.0351815,0.140795
1765976266340565,0,-4.05958,0.998372,-1.63061,0.997452,0.000734504,-0.0207365,0.0682615,-4.05921,1.04581,-1.62889,0.998055,-0.00372914,-0.0183054,0.0583203,-0.00536305,-0.682223,-0.0247151,-0.00871496,0.0644017,-0.0350753,0.143432
1765976266340565,0,-4.05958,0.998372,-1.63061,0.997452,0.000734504,-0.0207365,0.0682615,-4.05921,1.04581,-1.62889,0.998055,-0.00372914,-0.0183054,0.0583203,-0.00536305,-0.682223,-0.0247151,-0.00871496,0.0644017,-0.0350753,0.143432
1765976266350573,0,-4.05935,0.991693,-1.63089,0.997335,0.00129841,-0.0210664,0.0698426,-4.05923,1.039,-1.62914,0.997965,-0.00309628,-0.018653,0.0597707,-0.0016676,-0.680022,-0.0251092,-0.00905862,0.0632349,-0.0347268,0.144924
1765976266350573,0,-4.05935,0.991693,-1.63089,0.997335,0.00129841,-0.0210664,0.0698426,-4.05923,1.039,-1.62914,0.997965,-0.00309628,-0.018653,0.0597707,-0.0016676,-0.680022,-0.0251092,-0.00905862,0.0632349,-0.0347268,0.144924
1765976266360470,0,-4.05907,0.985042,-1.63117,0.997214,0.00184774,-0.0213948,0.0714417,-4.05921,1.03229,-1.6294,0.997872,-0.00248196,-0.0189937,0.0612209,0.00202356,-0.678085,-0.0254872,-0.00942521,0.0620719,-0.0344238,0.146529
1765976266360470,0,-4.05907,0.985042,-1.63117,0.997214,0.00184774,-0.0213948,0.0714417,-4.05921,1.03229,-1.6294,0.997872,-0.00248196,-0.0189937,0.0612209,0.00202356,-0.678085,-0.0254872,-0.00942521,0.0620719,-0.0344238,0.146529
1765976266370480,0,-4.05875,0.978419,-1.63146,0.997088,0.00237971,-0.0217204,0.0730588,-4.05915,1.02551,-1.62965,0.997773,-0.00187047,-0.0193366,0.0627099,0.0058116,-0.676968,-0.0258902,-0.00984876,0.0610874,-0.0342613,0.148744
1765976266370480,0,-4.05875,0.978419,-1.63146,0.997088,0.00237971,-0.0217204,0.0730588,-4.05915,1.02551,-1.62965,0.997773,-0.00187047,-0.0193366,0.0627099,0.0058116,-0.676968,-0.0258902,-0.00984876,0.0610874,-0.0342613,0.148744
1765976266380754,0,-4.05839,0.971827,-1.63174,0.996959,0.0029051,-0.0220442,0.0746939,-4.05905,1.01858,-1.62992,0.99767,-0.00126393,-0.0196805,0.0642319,0.00956088,-0.674657,-0.0262228,-0.0100656,0.0590361,-0.0334718,0.148149
1765976266380754,0,-4.05839,0.971827,-1.63174,0.996959,0.0029051,-0.0220442,0.0746939,-4.05905,1.01858,-1.62992,0.99767,-0.00126393,-0.0196805,0.0642319,0.00956088,-0.674657,-0.0262228,-0.0100656,0.0590361,-0.0334718,0.148149
1765976266390546,0,-4.05799,0.965266,-1.63203,0.996824,0.00343375,-0.0223688,0.0763473,-4.05892,1.01202,-1.63018,0.997564,-0.000676911,-0.0200164,0.0657459,0.0133429,-0.670004,-0.0264179,-0.0107863,0.0599492,-0.0343064,0.154609
1765976266390546,0,-4.05799,0.965266,-1.63203,0.996824,0.00343375,-0.0223688,0.0763473,-4.05892,1.01202,-1.63018,0.997564,-0.000676911,-0.0200164,0.0657459,0.0133429,-0.670004,-0.0264179,-0.0107863,0.0599492,-0.0343064,0.154609
1765976266400481,0,-4.05755,0.958736,-1.63231,0.996686,0.00394208,-0.0226927,0.0780188,-4.05875,1.00537,-1.63045,0.997454,-0.000100303,-0.0203505,0.0672779,0.0172784,-0.669612,-0.0267696,-0.011033,0.0580381,-0.033627,0.15421
1765976266400481,0,-4.05755,0.958736,-1.63231,0.996686,0.00394208,-0.0226927,0.0780188,-4.05875,1.00537,-1.63045,0.997454,-0.000100303,-0.0203505,0.0672779,0.0172784,-0.669612,-0.0267696,-0.011033,0.0580381,-0.033627,0.15421
1765976266410596,0,-4.05706,0.95224,-1.6326,0.996543,0.00442093,-0.0230128,0.0797078,-4.05854,0.998617,-1.63072,0.997339,0.000473193,-0.0206882,0.0688546,0.0212609,-0.667643,-0.0270357,-0.0114318,0.0566975,-0.0333856,0.155874
1765976266410596,0,-4.05706,0.95224,-1.6326,0.996543,0.00442093,-0.0230128,0.0797078,-4.05854,0.998617,-1.63072,0.997339,0.000473193,-0.0206882,0.0688546,0.0212609,-0.667643,-0.0270357,-0.0114318,0.0566975,-0.0333856,0.155874
1765976266420473,0,-4.05653,0.945778,-1.63289,0.996395,0.00491389,-0.023333,0.0814145,-4.05829,0.992058,-1.63099,0.997221,0.00102637,-0.0210177,0.0704192,0.0252009,-0.663991,-0.0272044,-0.0119004,0.0560069,-0.0333564,0.158407
1765976266420473,0,-4.05653,0.945778,-1.63289,0.996395,0.00491389,-0.023333,0.0814145,-4.05829,0.992058,-1.63099,0.997221,0.00102637,-0.0210177,0.0704192,0.0252009,-0.663991,-0.0272044,-0.0119004,0.0560069,-0.0333564,0.158407
1765976266430610,0,-4.05596,0.93935,-1.63317,0.996243,0.00541176,-0.0236535,0.0831385,-4.05799,0.985344,-1.63127,0.997097,0.00158451,-0.0213531,0.072038,0.0292584,-0.662354,-0.0274239,-0.0122831,0.0550595,-0.0330929,0.159694
1765976266430610,0,-4.05596,0.93935,-1.63317,0.996243,0.00541176,-0.0236535,0.0831385,-4.05799,0.985344,-1.63127,0.997097,0.00158451,-0.0213531,0.072038,0.0292584,-0.662354,-0.0274239,-0.0122831,0.0550595,-0.0330929,0.159694
1765976266440452,0,-4.05534,0.932958,-1.63346,0.996085,0.00590264,-0.0239736,0.0848796,-4.05766,0.978865,-1.63154,0.996971,0.00212025,-0.0216783,0.0736312,0.0332362,-0.658292,-0.0275313,-0.0127482,0.0544341,-0.0330327,0.161881
1765976266440452,0,-4.05534,0.932958,-1.63346,0.996085,0.00590264,-0.0239736,0.0848796,-4.05766,0.978865,-1.63154,0.996971,0.00212025,-0.0216783,0.0736312,0.0332362,-0.658292,-0.0275313,-0.0127482,0.0544341,-0.0330327,0.161881
1765976266450463,0,-4.05469,0.926604,-1.63375,0.995923,0.00639312,-0.0242945,0.086638,-4.05729,0.972291,-1.63182,0.996839,0.00265709,-0.022007,0.0752654,0.0373906,-0.656735,-0.0277214,-0.0131582,0.0536247,-0.032834,0.163236
1765976266450463,0,-4.05469,0.926604,-1.63375,0.995923,0.00639312,-0.0242945,0.086638,-4.05729,0.972291,-1.63182,0.996839,0.00265709,-0.022007,0.0752654,0.0373906,-0.656735,-0.0277214,-0.0131582,0.0536247,-0.032834,0.163236
1765976266460500,0,-4.05398,0.920287,-1.63403,0.995756,0.00687419,-0.0246154,0.0884131,-4.05687,0.965731,-1.6321,0.996703,0.00318734,-0.0223349,0.0769186,0.0415219,-0.653495,-0.027804,-0.0135754,0.0528299,-0.0326777,0.164709
1765976266460500,0,-4.05398,0.920287,-1.63403,0.995756,0.00687419,-0.0246154,0.0884131,-4.05687,0.965731,-1.6321,0.996703,0.00318734,-0.0223349,0.0769186,0.0415219,-0.653495,-0.027804,-0.0135754,0.0528299,-0.0326777,0.164709
1765976266470449,0,-4.05324,0.914009,-1.63431,0.995584,0.0073646,-0.0249381,0.0902051,-4.05642,0.959265,-1.63237,0.996563,0.00371149,-0.0226616,0.0785857,0.0456755,-0.649966,-0.0278582,-0.0141208,0.0526829,-0.0328306,0.167567
1765976266470449,0,-4.05324,0.914009,-1.63431,0.995584,0.0073646,-0.0249381,0.0902051,-4.05642,0.959265,-1.63237,0.996563,0.00371149,-0.0226616,0.0785857,0.0456755,-0.649966,-0.0278582,-0.0141208,0.0526829,-0.0328306,0.167567
1765976266480481,0,-4.05244,0.907771,-1.6346,0.995406,0.00785154,-0.0252614,0.0920137,-4.05592,0.952773,-1.63265,0.996417,0.0042321,-0.0229885,0.0802743,0.0499557,-0.647095,-0.0279248,-0.0144971,0.0518958,-0.032589,0.168321
1765976266480481,0,-4.05244,0.907771,-1.6346,0.995406,0.00785154,-0.0252614,0.0920137,-4.05592,0.952773,-1.63265,0.996417,0.0042321,-0.0229885,0.0802743,0.0499557,-0.647095,-0.0279248,-0.0144971,0.0518958,-0.032589,0.168321
1765976266490536,0,-4.05161,0.901573,-1.63488,0.995224,0.00833119,-0.0255847,0.0938388,-4.05537,0.946304,-1.63293,0.996266,0.00475169,-0.0233176,0.0819937,0.0541569,-0.643398,-0.0279202,-0.0150449,0.0516746,-0.0327283,0.170999
1765976266490536,0,-4.05161,0.901573,-1.63488,0.995224,0.00833119,-0.0255847,0.0938388,-4.05537,0.946304,-1.63293,0.996266,0.00475169,-0.0233176,0.0819937,0.0541569,-0.643398,-0.0279202,-0.0150449,0.0516746,-0.0327283,0.170999
1765976266500447,0,-4.05072,0.895418,-1.63515,0.995036,0.00880747,-0.0259078,0.0956801,-4.05479,0.939966,-1.63321,0.996113,0.00525687,-0.0236402,0.0836984,0.0584079,-0.639455,-0.0279049,-0.015456,0.0509716,-0.0325532,0.172007
1765976266500447,0,-4.05072,0.895418,-1.63515,0.995036,0.00880747,-0.0259078,0.0956801,-4.05479,0.939966,-1.63321,0.996113,0.00525687,-0.0236402,0.0836984,0.0584079,-0.639455,-0.0279049,-0.015456,0.0509716,-0.0325532,0.172007
1765976266510561,0,-4.04979,0.889304,-1.63543,0.994843,0.00927213,-0.026231,0.0975376,-4.05416,0.933527,-1.63349,0.995952,0.00576634,-0.0239689,0.0854544,0.0628459,-0.636639,-0.0278988,-0.0159354,0.0503725,-0.0325022,0.173616
1765976266510561,0,-4.04979,0.889304,-1.63543,0.994843,0.00927213,-0.026231,0.0975376,-4.05416,0.933527,-1.63349,0.995952,0.00576634,-0.0239689,0.0854544,0.0628459,-0.636639,-0.0278988,-0.0159354,0.0503725,-0.0325022,0.173616
1765976266520439,0,-4.04882,0.883235,-1.6357,0.994645,0.00972828,-0.0265535,0.0994111,-4.05349,0.927284,-1.63377,0.995789,0.00625938,-0.0242906,0.0871912,0.067099,-0.631991,-0.027793,-0.016467,0.0499132,-0.0325608,0.175829
1765976266520439,0,-4.04882,0.883235,-1.6357,0.994645,0.00972828,-0.0265535,0.0994111,-4.05349,0.927284,-1.63377,0.995789,0.00625938,-0.0242906,0.0871912,0.067099,-0.631991,-0.027793,-0.016467,0.0499132,-0.0325608,0.175829
1765976266530489,0,-4.0478,0.877209,-1.63598,0.994441,0.0101823,-0.0268758,0.1013,-4.05277,0.92096,-1.63405,0.995619,0.00675294,-0.0246158,0.0889664,0.0715967,-0.629259,-0.0277443,-0.0168791,0.0491107,-0.0323637,0.17663
1765976266530489,0,-4.0478,0.877209,-1.63598,0.994441,0.0101823,-0.0268758,0.1013,-4.05277,0.92096,-1.63405,0.995619,0.00675294,-0.0246158,0.0889664,0.0715967,-0.629259,-0.0277443,-0.0168791,0.0491107,-0.0323637,0.17663
1765976266540537,0,-4.04673,0.871229,-1.63624,0.994231,0.0106282,-0.0271982,0.103205,-4.05201,0.914681,-1.63432,0.995444,0.00724284,-0.0249423,0.0907664,0.0759769,-0.624935,-0.0276193,-0.0174638,0.0487557,-0.0324895,0.179146
1765976266540537,0,-4.04673,0.871229,-1.63624,0.994231,0.0106282,-0.0271982,0.103205,-4.05201,0.914681,-1.63432,0.995444,0.00724284,-0.0249423,0.0907664,0.0759769,-0.624935,-0.0276193,-0.0174638,0.0487557,-0.0324895,0.179146
1765976266550455,0,-4.04561,0.865296,-1.63651,0.994016,0.0110792,-0.0275219,0.105126,-4.05121,0.908526,-1.6346,0.995266,0.00772117,-0.0252639,0.0925568,0.0804344,-0.62059,-0.0274645,-0.0179451,0.0482282,-0.0324288,0.18052
1765976266550455,0,-4.04561,0.865296,-1.63651,0.994016,0.0110792,-0.0275219,0.105126,-4.05121,0.908526,-1.6346,0.995266,0.00772117,-0.0252639,0.0925568,0.0804344,-0.62059,-0.0274645,-0.0179451,0.0482282,-0.0324288,0.18052
1765976266560542,0,-4.04445,0.859409,-1.63677,0.993796,0.0115226,-0.0278463,0.107062,-4.05036,0.9023,-1.63487,0.99508,0.00820188,-0.0255905,0.0943911,0.0849959,-0.617225,-0.0273471,-0.0184363,0.0476568,-0.0323735,0.181842
1765976266560542,0,-4.04445,0.859409,-1.63677,0.993796,0.0115226,-0.0278463,0.107062,-4.05036,0.9023,-1.63487,0.99508,0.00820188,-0.0255905,0.0943911,0.0849959,-0.617225,-0.0273471,-0.0184363,0.0476568,-0.0323735,0.181842
1765976266570485,0,-4.04324,0.85357,-1.63703,0.993569,0.0119608,-0.0281706,0.109013,-4.04947,0.896211,-1.63514,0.99489,0.00867335,-0.0259141,0.096225,0.0894879,-0.612364,-0.0271197,-0.0190629,0.0474167,-0.0325466,0.184445
1765976266570485,0,-4.04324,0.85357,-1.63703,0.993569,0.0119608,-0.0281706,0.109013,-4.04947,0.896211,-1.63514,0.99489,0.00867335,-0.0259141,0.096225,0.0894879,-0.612364,-0.0271197,-0.0190629,0.0474167,-0.0325466,0.184445
1765976266580508,0,-4.04198,0.84778,-1.63729,0.993337,0.0123997,-0.028496,0.110979,-4.04852,0.890111,-1.63541,0.994694,0.00914334,-0.0262397,0.0980859,0.094102,-0.608606,-0.0269389,-0.0195471,0.0468916,-0.0324901,0.185662
1765976266580508,0,-4.04198,0.84778,-1.63729,0.993337,0.0123997,-0.028496,0.110979,-4.04852,0.890111,-1.63541,0.994694,0.00914334,-0.0262397,0.0980859,0.094102,-0.608606,-0.0269389,-0.0195471,0.0468916,-0.0324901,0.185662
1765976266590604,0,-4.04067,0.84204,-1.63754,0.993099,0.0128317,-0.0288215,0.11296,-4.04753,0.884012,-1.63568,0.994493,0.00960939,-0.0265659,0.0999653,0.0987113,-0.604087,-0.0266969,-0.0199725,0.0461614,-0.0323112,0.186152
1765976266590604,0,-4.04067,0.84204,-1.63754,0.993099,0.0128317,-0.0288215,0.11296,-4.04753,0.884012,-1.63568,0.994493,0.00960939,-0.0265659,0.0999653,0.0987113,-0.604087,-0.0266969,-0.0199725,0.0461614,-0.0323112,0.186152
1765976266600508,0,-4.03931,0.83635,-1.63778,0.992854,0.0132646,-0.0291478,0.114955,-4.0465,0.87808,-1.63594,0.994289,0.0100649,-0.0268877,0.101834,0.103225,-0.598947,-0.0264201,-0.0206185,0.0459974,-0.0324908,0.188637
1765976266600508,0,-4.03931,0.83635,-1.63778,0.992854,0.0132646,-0.0291478,0.114955,-4.0465,0.87808,-1.63594,0.994289,0.0100649,-0.0268877,0.101834,0.103225,-0.598947,-0.0264201,-0.0206185,0.0459974,-0.0324908,0.188637
1765976266610510,0,-4.0379,0.830711,-1.63803,0.992604,0.0136897,-0.0294748,0.116965,-4.04542,0.872127,-1.63621,0.994078,0.010519,-0.0272118,0.103729,0.108077,-0.59526,-0.026197,-0.0211018,0.0453994,-0.0324026,0.189526
1765976266610510,0,-4.0379,0.830711,-1.63803,0.992604,0.0136897,-0.0294748,0.116965,-4.04542,0.872127,-1.63621,0.994078,0.010519,-0.0272118,0.103729,0.108077,-0.59526,-0.026197,-0.0211018,0.0453994,-0.0324026,0.189526
1765976266620478,0,-4.03645,0.825125,-1.63827,0.992348,0.0141066,-0.0298016,0.11899,-4.0443,0.866239,-1.63646,0.99386,0.0109693,-0.0275369,0.105644,0.112799,-0.590647,-0.0259036,-0.0217717,0.045169,-0.0326066,0.192133
1765976266620478,0,-4.03645,0.825125,-1.63827,0.992348,0.0141066,-0.0298016,0.11899,-4.0443,0.866239,-1.63646,0.99386,0.0109693,-0.0275369,0.105644,0.112799,-0.590647,-0.0259036,-0.0217717,0.045169,-0.0326066,0.192133
1765976266630471,0,-4.03494,0.819591,-1.6385,0.992085,0.0145303,-0.0301282,0.121028,-4.04312,0.860381,-1.63672,0.993637,0.0114169,-0.0278626,0.107578,0.117575,-0.586199,-0.0255883,-0.0223316,0.0447899,-0.0325932,0.19349
1765976266630471,0,-4.03494,0.819591,-1.6385,0.992085,0.0145303,-0.0301282,0.121028,-4.04312,0.860381,-1.63672,0.993637,0.0114169,-0.0278626,0.107578,0.117575,-0.586199,-0.0255883,-0.0223316,0.0447899,-0.0325932,0.19349
1765976266640484,0,-4.03339,0.814111,-1.63873,0.991816,0.0149579,-0.0304555,0.12308,-4.0419,0.854559,-1.63697,0.993409,0.0118615,-0.0281882,0.109525,0.12234,-0.581444,-0.0252753,-0.0228406,0.0444087,-0.0325184,0.194419
1765976266640484,0,-4.03339,0.814111,-1.63873,0.991816,0.0149579,-0.0304555,0.12308,-4.0419,0.854559,-1.63697,0.993409,0.0118615,-0.0281882,0.109525,0.12234,-0.581444,-0.0252753,-0.0228406,0.0444087,-0.0325184,0.194419
1765976266650467,0,-4.03178,0.808686,-1.63896,0.991541,0.0153888,-0.0307839,0.125146,-4.04063,0.848805,-1.63722,0.993174,0.0123047,-0.0285143,0.111487,0.12715,-0.576451,-0.0249333,-0.0235003,0.0443961,-0.0326716,0.196621
1765976266650467,0,-4.03178,0.808686,-1.63896,0.991541,0.0153888,-0.0307839,0.125146,-4.04063,0.848805,-1.63722,0.993174,0.0123047,-0.0285143,0.111487,0.12715,-0.576451,-0.0249333,-0.0235003,0.0443961,-0.0326716,0.196621
1765976266660501,0,-4.03013,0.803317,-1.63918,0.99126,0.0158187,-0.0311135,0.127225,-4.03931,0.843069,-1.63747,0.992933,0.0127468,-0.0288413,0.113468,0.131969,-0.571614,-0.0245571,-0.0240046,0.044061,-0.0325911,0.197334
1765976266660501,0,-4.03013,0.803317,-1.63918,0.99126,0.0158187,-0.0311135,0.127225,-4.03931,0.843069,-1.63747,0.992933,0.0127468,-0.0288413,0.113468,0.131969,-0.571614,-0.0245571,-0.0240046,0.044061,-0.0325911,0.197334
1765976266670429,0,-4.02842,0.798004,-1.63939,0.990971,0.016245,-0.0314439,0.129318,-4.03795,0.837447,-1.63771,0.992687,0.0131859,-0.029168,0.115457,0.136836,-0.566304,-0.0241589,-0.0247952,0.0442206,-0.0328991,0.200366
1765976266670429,0,-4.02842,0.798004,-1.63939,0.990971,0.016245,-0.0314439,0.129318,-4.03795,0.837447,-1.63771,0.992687,0.0131859,-0.029168,0.115457,0.136836,-0.566304,-0.0241589,-0.0247952,0.0442206,-0.0328991,0.200366
1765976266680649,0,-4.02666,0.792748,-1.6396,0.990677,0.0166672,-0.0317748,0.131423,-4.0365,0.831706,-1.63795,0.992431,0.0136293,-0.0295,0.117491,0.141838,-0.561701,-0.0237719,-0.0250549,0.0433929,-0.0324922,0.199011
1765976266680649,0,-4.02666,0.792748,-1.6396,0.990677,0.0166672,-0.0317748,0.131423,-4.0365,0.831706,-1.63795,0.992431,0.0136293,-0.0295,0.117491,0.141838,-0.561701,-0.0237719,-0.0250549,0.0433929,-0.0324922,0.199011
1765976266690466,0,-4.02485,0.78755,-1.6398,0.990376,0.0170857,-0.032105,0.133541,-4.03506,0.826259,-1.63818,0.992176,0.0140581,-0.0298232,0.119482,0.146398,-0.554887,-0.0232906,-0.0259681,0.0436728,-0.0329155,0.20281
1765976266690466,0,-4.02485,0.78755,-1.6398,0.990376,0.0170857,-0.032105,0.133541,-4.03506,0.826259,-1.63818,0.992176,0.0140581,-0.0298232,0.119482,0.146398,-0.554887,-0.0232906,-0.0259681,0.0436728,-0.0329155,0.20281
1765976266700461,0,-4.02299,0.782411,-1.64,0.990068,0.0174966,-0.0324355,0.135672,-4.03354,0.820751,-1.63841,0.991911,0.0144899,-0.0301512,0.121515,0.15171,-0.55101,-0.0229235,-0.0264837,0.0432058,-0.0328245,0.203434
1765976266700461,0,-4.02299,0.782411,-1.64,0.990068,0.0174966,-0.0324355,0.135672,-4.03354,0.820751,-1.63841,0.991911,0.0144899,-0.0301512,0.121515,0.15171,-0.55101,-0.0229235,-0.0264837,0.0432058,-0.0328245,0.203434
1765976266710445,0,-4.02108,0.777331,-1.6402,0.989754,0.0178911,-0.0327658,0.137815,-4.03198,0.815304,-1.63863,0.99164,0.0149176,-0.03048,0.123564,0.156701,-0.545636,-0.0224711,-0.0271636,0.0428349,-0.0329276,0.205279
1765976266710445,0,-4.02108,0.777331,-1.6402,0.989754,0.0178911,-0.0327658,0.137815,-4.03198,0.815304,-1.63863,0.99164,0.0149176,-0.03048,0.123564,0.156701,-0.545636,-0.0224711,-0.0271636,0.0428349,-0.0329276,0.205279
1765976266720448,0,-4.01911,0.772312,-1.64038,0.989433,0.0182961,-0.0330951,0.13997,-4.03036,0.8099,-1.63885,0.991363,0.0153419,-0.0308085,0.125625,0.161742,-0.540249,-0.0219994,-0.0277078,0.0424224,-0.0328362,0.205988
1765976266720448,0,-4.01911,0.772312,-1.64038,0.989433,0.0182961,-0.0330951,0.13997,-4.03036,0.8099,-1.63885,0.991363,0.0153419,-0.0308085,0.125625,0.161742,-0.540249,-0.0219994,-0.0277078,0.0424224,-0.0328362,0.205988
1765976266730490,0,-4.01709,0.767354,-1.64057,0.989106,0.0187055,-0.0334247,0.142137,-4.02869,0.804531,-1.63907,0.991079,0.0157647,-0.0311373,0.127701,0.166765,-0.534643,-0.0215223,-0.0282591,0.0421033,-0.0327486,0.20669
1765976266730490,0,-4.01709,0.767354,-1.64057,0.989106,0.0187055,-0.0334247,0.142137,-4.02869,0.804531,-1.63907,0.991079,0.0157647,-0.0311373,0.127701,0.166765,-0.534643,-0.0215223,-0.0282591,0.0421033,-0.0327486,0.20669
1765976266740491,0,-4.01502,0.762459,-1.64074,0.988771,0.019115,-0.0337548,0.144316,-4.02697,0.799243,-1.63928,0.990789,0.0161858,-0.0314663,0.129789,0.17174,-0.5287,-0.0210145,-0.0290007,0.0421001,-0.0328929,0.208795
1765976266740491,0,-4.01502,0.762459,-1.64074,0.988771,0.019115,-0.0337548,0.144316,-4.02697,0.799243,-1.63928,0.990789,0.0161858,-0.0314663,0.129789,0.17174,-0.5287,-0.0210145,-0.0290007,0.0421001,-0.0328929,0.208795
1765976266750415,0,-4.0129,0.757625,-1.64091,0.98843,0.0195189,-0.0340856,0.146506,-4.02521,0.794053,-1.63948,0.990493,0.0166041,-0.031795,0.131887,0.17682,-0.522982,-0.0205289,-0.0298324,0.0421518,-0.0331245,0.211414
1765976266750415,0,-4.0129,0.757625,-1.64091,0.98843,0.0195189,-0.0340856,0.146506,-4.02521,0.794053,-1.63948,0.990493,0.0166041,-0.031795,0.131887,0.17682,-0.522982,-0.0205289,-0.0298324,0.0421518,-0.0331245,0.211414
1765976266760487,0,-4.01072,0.752856,-1.64108,0.988081,0.0199137,-0.0344167,0.148708,-4.02338,0.788839,-1.63968,0.99019,0.0170206,-0.032125,0.134004,0.182128,-0.5177,-0.0200142,-0.0301337,0.0413582,-0.0327616,0.210202
1765976266760487,0,-4.01072,0.752856,-1.64108,0.988081,0.0199137,-0.0344167,0.148708,-4.02338,0.788839,-1.63968,0.99019,0.0170206,-0.032125,0.134004,0.182128,-0.5177,-0.0200142,-0.0301337,0.0413582,-0.0327616,0.210202
1765976266770466,0,-4.00849,0.748151,-1.64123,0.987726,0.0203055,-0.0347479,0.15092,-4.02151,0.783737,-1.63988,0.98988,0.0174331,-0.0324543,0.136128,0.187122,-0.511301,-0.0194601,-0.030988,0.041333,-0.0330031,0.212853
1765976266770466,0,-4.00849,0.748151,-1.64123,0.987726,0.0203055,-0.0347479,0.15092,-4.02151,0.783737,-1.63988,0.98988,0.0174331,-0.0324543,0.136128,0.187122,-0.511301,-0.0194601,-0.030988,0.041333,-0.0330031,0.212853
1765976266780483,0,-4.00621,0.743511,-1.64139,0.987364,0.0206975,-0.035078,0.153144,-4.01959,0.778673,-1.64007,0.989564,0.0178437,-0.0327844,0.138268,0.192363,-0.505488,-0.018934,-0.0315964,0.0409923,-0.0329471,0.213674
1765976266780483,0,-4.00621,0.743511,-1.64139,0.987364,0.0206975,-0.035078,0.153144,-4.01959,0.778673,-1.64007,0.989564,0.0178437,-0.0327844,0.138268,0.192363,-0.505488,-0.018934,-0.0315964,0.0409923,-0.0329471,0.213674
1765976266790481,0,-4.00387,0.738937,-1.64153,0.986995,0.0210812,-0.035408,0.155377,-4.01761,0.773681,-1.64025,0.989241,0.0182503,-0.0331138,0.140417,0.197545,-0.499336,-0.0183738,-0.0322645,0.0406622,-0.0329531,0.214889
1765976266790481,0,-4.00387,0.738937,-1.64153,0.986995,0.0210812,-0.035408,0.155377,-4.01761,0.773681,-1.64025,0.989241,0.0182503,-0.0331138,0.140417,0.197545,-0.499336,-0.0183738,-0.0322645,0.0406622,-0.0329531,0.214889
1765976266800492,0,-4.00148,0.73443,-1.64167,0.986619,0.0214601,-0.0357372,0.157622,-4.01558,0.768743,-1.64043,0.988912,0.0186535,-0.0334434,0.142578,0.202719,-0.493234,-0.0178141,-0.0329073,0.0402834,-0.0329233,0.21592
1765976266800492,0,-4.00148,0.73443,-1.64167,0.986619,0.0214601,-0.0357372,0.157622,-4.01558,0.768743,-1.64043,0.988912,0.0186535,-0.0334434,0.142578,0.202719,-0.493234,-0.0178141,-0.0329073,0.0402834,-0.0329233,0.21592
1765976266810622,0,-3.99903,0.72999,-1.6418,0.986236,0.0218335,-0.036066,0.159876,-4.01347,0.76381,-1.6406,0.988575,0.0190533,-0.0337731,0.144753,0.207963,-0.486981,-0.01724,-0.0332033,0.0394634,-0.0325472,0.214664
1765976266810622,0,-3.99903,0.72999,-1.6418,0.986236,0.0218335,-0.036066,0.159876,-4.01347,0.76381,-1.6406,0.988575,0.0190533,-0.0337731,0.144753,0.207963,-0.486981,-0.01724,-0.0332033,0.0394634,-0.0325472,0.214664
1765976266820566,0,-3.99653,0.725619,-1.64193,0.985846,0.0222021,-0.0363958,0.16214,-4.01136,0.759038,-1.64077,0.988233,0.0194488,-0.0341026,0.146937,0.212908,-0.479924,-0.0166274,-0.0344717,0.039776,-0.0331298,0.219636
1765976266820566,0,-3.99653,0.725619,-1.64193,0.985846,0.0222021,-0.0363958,0.16214,-4.01136,0.759038,-1.64077,0.988233,0.0194488,-0.0341026,0.146937,0.212908,-0.479924,-0.0166274,-0.0344717,0.039776,-0.0331298,0.219636
1765976266830638,0,-3.99397,0.721316,-1.64205,0.985449,0.0225606,-0.0367278,0.164414,-4.00916,0.754263,-1.64093,0.987883,0.01984,-0.0344326,0.149134,0.21844,-0.47402,-0.0160492,-0.0347378,0.0388394,-0.0327668,0.218145
1765976266830638,0,-3.99397,0.721316,-1.64205,0.985449,0.0225606,-0.0367278,0.164414,-4.00916,0.754263,-1.64093,0.987883,0.01984,-0.0344326,0.149134,0.21844,-0.47402,-0.0160492,-0.0347378,0.0388394,-0.0327668,0.218145
1765976266840579,0,-3.99136,0.717083,-1.64216,0.985045,0.0229054,-0.0370616,0.166699,-4.00693,0.749619,-1.64109,0.987526,0.0202251,-0.0347628,0.15134,0.223621,-0.467214,-0.0154453,-0.0358491,0.0387301,-0.0332162,0.22192
1765976266840579,0,-3.99136,0.717083,-1.64216,0.985045,0.0229054,-0.0370616,0.166699,-4.00693,0.749619,-1.64109,0.987526,0.0202251,-0.0347628,0.15134,0.223621,-0.467214,-0.0154453,-0.0358491,0.0387301,-0.0332162,0.22192
1765976266850608,0,-3.9887,0.712921,-1.64227,0.984633,0.0232469,-0.0373941,0.168993,-4.00464,0.744994,-1.64123,0.987163,0.0206048,-0.0350934,0.153558,0.229171,-0.461159,-0.0148581,-0.0362478,0.0378608,-0.0329671,0.221162
1765976266850608,0,-3.9887,0.712921,-1.64227,0.984633,0.0232469,-0.0373941,0.168993,-4.00464,0.744994,-1.64123,0.987163,0.0206048,-0.0350934,0.153558,0.229171,-0.461159,-0.0148581,-0.0362478,0.0378608,-0.0329671,0.221162
1765976266860581,0,-3.98598,0.708829,-1.64237,0.984214,0.0235845,-0.0377251,0.171296,-4.0023,0.740461,-1.64138,0.986792,0.0209791,-0.0354241,0.155787,0.234474,-0.454461,-0.0142363,-0.0371446,0.0375383,-0.0331537,0.223456
1765976266860581,0,-3.98598,0.708829,-1.64237,0.984214,0.0235845,-0.0377251,0.171296,-4.0023,0.740461,-1.64138,0.986792,0.0209791,-0.0354241,0.155787,0.234474,-0.454461,-0.0142363,-0.0371446,0.0375383,-0.0331537,0.223456
1765976266870616,0,-3.9832,0.704809,-1.64246,0.983788,0.0239248,-0.0380537,0.173608,-3.99989,0.735965,-1.64151,0.986413,0.0213515,-0.0357565,0.15804,0.239987,-0.448018,-0.0136375,-0.0378476,0.0371091,-0.0331278,0.224512
1765976266870616,0,-3.9832,0.704809,-1.64246,0.983788,0.0239248,-0.0380537,0.173608,-3.99989,0.735965,-1.64151,0.986413,0.0213515,-0.0357565,0.15804,0.239987,-0.448018,-0.0136375,-0.0378476,0.0371091,-0.0331278,0.224512
1765976266880636,0,-3.98037,0.700861,-1.64255,0.983355,0.0242651,-0.0383806,0.175929,-3.99743,0.731545,-1.64164,0.986029,0.021717,-0.0360857,0.160284,0.245319,-0.441134,-0.0130036,-0.038285,0.0364781,-0.0328536,0.223977
1765976266880636,0,-3.98037,0.700861,-1.64255,0.983355,0.0242651,-0.0383806,0.175929,-3.99743,0.731545,-1.64164,0.986029,0.021717,-0.0360857,0.160284,0.245319,-0.441134,-0.0130036,-0.038285,0.0364781,-0.0328536,0.223977
1765976266890559,0,-3.97748,0.696987,-1.64263,0.982914,0.0246056,-0.0387062,0.178259,-3.99494,0.727236,-1.64177,0.985639,0.0220784,-0.0364135,0.162533,0.25072,-0.434274,-0.0123738,-0.0392719,0.0364191,-0.0330403,0.226627
1765976266890559,0,-3.97748,0.696987,-1.64263,0.982914,0.0246056,-0.0387062,0.178259,-3.99494,0.727236,-1.64177,0.985639,0.0220784,-0.0364135,0.162533,0.25072,-0.434274,-0.0123738,-0.0392719,0.0364191,-0.0330403,0.226627
1765976266900594,0,-3.97453,0.693186,-1.6427,0.982466,0.0249414,-0.0390312,0.180596,-3.99237,0.722942,-1.64188,0.98524,0.0224383,-0.0367426,0.164803,0.256475,-0.427882,-0.0117606,-0.0397483,0.0358588,-0.032787,0.226236
1765976266900594,0,-3.97453,0.693186,-1.6427,0.982466,0.0249414,-0.0390312,0.180596,-3.99237,0.722942,-1.64188,0.98524,0.0224383,-0.0367426,0.164803,0.256475,-0.427882,-0.0117606,-0.0397483,0.0358588,-0.032787,0.226236
1765976266910615,0,-3.97153,0.68946,-1.64277,0.982011,0.0252756,-0.0393545,0.18294,-3.98975,0.718726,-1.642,0.984834,0.022795,-0.0370709,0.167083,0.261877,-0.420754,-0.0111227,-0.0405116,0.0355949,-0.0327674,0.227532
1765976266910615,0,-3.97153,0.68946,-1.64277,0.982011,0.0252756,-0.0393545,0.18294,-3.98975,0.718726,-1.642,0.984834,0.022795,-0.0370709,0.167083,0.261877,-0.420754,-0.0111227,-0.0405116,0.0355949,-0.0327674,0.227532
1765976266920565,0,-3.96847,0.685808,-1.64283,0.981548,0.0256125,-0.0396745,0.185292,-3.98709,0.71461,-1.6421,0.984422,0.0231488,-0.0373979,0.16937,0.267316,-0.41365,-0.0104832,-0.0414776,0.035563,-0.0328623,0.229831
1765976266920565,0,-3.96847,0.685808,-1.64283,0.981548,0.0256125,-0.0396745,0.185292,-3.98709,0.71461,-1.6421,0.984422,0.0231488,-0.0373979,0.16937,0.267316,-0.41365,-0.0104832,-0.0414776,0.035563,-0.0328623,0.229831
1765976266930733,0,-3.96536,0.682233,-1.64288,0.981078,0.0259448,-0.039994,0.187651,-3.98431,0.710473,-1.6422,0.983997,0.0235041,-0.0377278,0.171693,0.273028,-0.406863,-0.00984813,-0.0417842,0.0349416,-0.0324439,0.228461
1765976266930733,0,-3.96536,0.682233,-1.64288,0.981078,0.0259448,-0.039994,0.187651,-3.98431,0.710473,-1.6422,0.983997,0.0235041,-0.0377278,0.171693,0.273028,-0.406863,-0.00984813,-0.0417842,0.0349416,-0.0324439,0.228461
1765976266940747,0,-3.96219,0.678734,-1.64293,0.980601,0.0262728,-0.0403125,0.190017,-3.98153,0.706479,-1.64229,0.98357,0.0238524,-0.038053,0.173999,0.277988,-0.398846,-0.00917819,-0.0426649,0.0347854,-0.0324737,0.230218
1765976266940747,0,-3.96219,0.678734,-1.64293,0.980601,0.0262728,-0.0403125,0.190017,-3.98153,0.706479,-1.64229,0.98357,0.0238524,-0.038053,0.173999,0.277988,-0.398846,-0.00917819,-0.0426649,0.0347854,-0.0324737,0.230218
1765976266950581,0,-3.95896,0.675312,-1.64297,0.980116,0.0265938,-0.0406306,0.192389,-3.97874,0.702627,-1.64238,0.983141,0.0241925,-0.0383728,0.17628,0.283586,-0.391661,-0.00854612,-0.043567,0.0345855,-0.0325192,0.23202
1765976266950581,0,-3.95896,0.675312,-1.64297,0.980116,0.0265938,-0.0406306,0.192389,-3.97874,0.702627,-1.64238,0.983141,0.0241925,-0.0383728,0.17628,0.283586,-0.391661,-0.00854612,-0.043567,0.0345855,-0.0325192,0.23202
1765976266960634,0,-3.95567,0.671967,-1.64301,0.979625,0.0268966,-0.0409517,0.194767,-3.97582,0.698754,-1.64246,0.982699,0.024533,-0.0386974,0.178607,0.289811,-0.385281,-0.0079212,-0.0440291,0.0338615,-0.0322947,0.231504
1765976266960634,0,-3.95567,0.671967,-1.64301,0.979625,0.0268966,-0.0409517,0.194767,-3.97582,0.698754,-1.64246,0.982699,0.024533,-0.0386974,0.178607,0.289811,-0.385281,-0.0079212,-0.0440291,0.0338615,-0.0322947,0.231504
1765976266970571,0,-3.95233,0.668701,-1.64303,0.979126,0.0271966,-0.0412705,0.197151,-3.97289,0.695001,-1.64253,0.98225,0.0248671,-0.0390203,0.180934,0.29521,-0.377656,-0.00726988,-0.0451009,0.0336311,-0.0324877,0.234133
1765976266970571,0,-3.95233,0.668701,-1.64303,0.979126,0.0271966,-0.0412705,0.197151,-3.97289,0.695001,-1.64253,0.98225,0.0248671,-0.0390203,0.180934,0.29521,-0.377656,-0.00726988,-0.0451009,0.0336311,-0.0324877,0.234133
1765976266980584,0,-3.94893,0.665514,-1.64306,0.97862,0.0275052,-0.0415826,0.199542,-3.96988,0.691291,-1.64259,0.981794,0.0251989,-0.0393425,0.183274,0.301065,-0.370545,-0.00663134,-0.045586,0.033128,-0.0321775,0.23367
1765976266980584,0,-3.94893,0.665514,-1.64306,0.97862,0.0275052,-0.0415826,0.199542,-3.96988,0.691291,-1.64259,0.981794,0.0251989,-0.0393425,0.183274,0.301065,-0.370545,-0.00663134,-0.045586,0.033128,-0.0321775,0.23367
1765976266990583,0,-3.94547,0.662407,-1.64307,0.978107,0.0278136,-0.0418916,0.201938,-3.96681,0.687662,-1.64265,0.981326,0.0255309,-0.0396662,0.185644,0.306661,-0.362969,-0.00598491,-0.0468301,0.0332093,-0.032376,0.237048
1765976266990583,0,-3.94547,0.662407,-1.64307,0.978107,0.0278136,-0.0418916,0.201938,-3.96681,0.687662,-1.64265,0.981326,0.0255309,-0.0396662,0.185644,0.306661,-0.362969,-0.00598491,-0.0468301,0.0332093,-0.032376,0.237048
1765976267000552,0,-3.94196,0.659379,-1.64308,0.977586,0.0281226,-0.0421973,0.204339,-3.9637,0.684119,-1.64271,0.980861,0.0258531,-0.0399808,0.187968,0.312295,-0.35541,-0.00533327,-0.0466362,0.0323167,-0.0315616,0.233108
1765976267000552,0,-3.94196,0.659379,-1.64308,0.977586,0.0281226,-0.0421973,0.204339,-3.9637,0.684119,-1.64271,0.980861,0.0258531,-0.0399808,0.187968,0.312295,-0.35541,-0.00533327,-0.0466362,0.0323167,-0.0315616,0.233108
1765976267010586,0,-3.93838,0.656433,-1.64308,0.977058,0.0284271,-0.0425017,0.206744,-3.9605,0.680628,-1.64275,0.980383,0.0261766,-0.0402977,0.190328,0.318066,-0.347904,-0.00470469,-0.047635,0.0322432,-0.0315773,0.2352
1765976267010586,0,-3.93838,0.656433,-1.64308,0.977058,0.0284271,-0.0425017,0.206744,-3.9605,0.680628,-1.64275,0.980383,0.0261766,-0.0402977,0.190328,0.318066,-0.347904,-0.00470469,-0.047635,0.0322432,-0.0315773,0.2352
1765976267020548,0,-3.93475,0.653568,-1.64308,0.976523,0.0287265,-0.0428049,0.209155,-3.95728,0.67724,-1.6428,0.979898,0.0264968,-0.0406125,0.192692,0.323619,-0.340043,-0.00405661,-0.0486494,0.0321363,-0.031598,0.237273
1765976267020548,0,-3.93475,0.653568,-1.64308,0.976523,0.0287265,-0.0428049,0.209155,-3.95728,0.67724,-1.6428,0.979898,0.0264968,-0.0406125,0.192692,0.323619,-0.340043,-0.00405661,-0.0486494,0.0321363,-0.031598,0.237273
1765976267030594,0,-3.93106,0.650785,-1.64307,0.975981,0.0290204,-0.043107,0.211569,-3.95397,0.673901,-1.64283,0.979405,0.0268142,-0.0409262,0.195066,0.329457,-0.332447,-0.00342937,-0.0490555,0.0315995,-0.0312352,0.236376
1765976267030594,0,-3.93106,0.650785,-1.64307,0.975981,0.0290204,-0.043107,0.211569,-3.95397,0.673901,-1.64283,0.979405,0.0268142,-0.0409262,0.195066,0.329457,-0.332447,-0.00342937,-0.0490555,0.0315995,-0.0312352,0.236376
1765976267040615,0,-3.92732,0.648085,-1.64305,0.975431,0.0293068,-0.043409,0.213988,-3.95061,0.67065,-1.64286,0.978906,0.0271277,-0.0412385,0.197446,0.334966,-0.324414,-0.00279555,-0.0498797,0.0312819,-0.0311592,0.237474
1765976267040615,0,-3.92732,0.648085,-1.64305,0.975431,0.0293068,-0.043409,0.213988,-3.95061,0.67065,-1.64286,0.978906,0.0271277,-0.0412385,0.197446,0.334966,-0.324414,-0.00279555,-0.0498797,0.0312819,-0.0311592,0.237474
1765976267050563,0,-3.92351,0.645468,-1.64303,0.974874,0.029587,-0.043711,0.216412,-3.94723,0.667502,-1.64288,0.978399,0.0274365,-0.0415489,0.199827,0.340588,-0.316447,-0.00216897,-0.0508749,0.0310418,-0.0312077,0.239383
1765976267050563,0,-3.92351,0.645468,-1.64303,0.974874,0.029587,-0.043711,0.216412,-3.94723,0.667502,-1.64288,0.978399,0.0274365,-0.0415489,0.199827,0.340588,-0.316447,-0.00216897,-0.0508749,0.0310418,-0.0312077,0.239383
1765976267060696,0,-3.91965,0.642934,-1.643,0.974311,0.0298566,-0.0440134,0.218838,-3.94371,0.664373,-1.64289,0.977881,0.0277434,-0.0418615,0.202239,0.346581,-0.308717,-0.00152938,-0.0511754,0.0302924,-0.0308475,0.237955
1765976267060696,0,-3.91965,0.642934,-1.643,0.974311,0.0298566,-0.0440134,0.218838,-3.94371,0.664373,-1.64289,0.977881,0.0277434,-0.0418615,0.202239,0.346581,-0.308717,-0.00152938,-0.0511754,0.0302924,-0.0308475,0.237955
1765976267070631,0,-3.91572,0.640485,-1.64297,0.97374,0.0301185,-0.0443145,0.221268,-3.94022,0.661391,-1.6429,0.977363,0.0280404,-0.0421682,0.204618,0.351712,-0.300183,-0.000899919,-0.0521113,0.0298882,-0.030868,0.239473
1765976267070631,0,-3.91572,0.640485,-1.64297,0.97374,0.0301185,-0.0443145,0.221268,-3.94022,0.661391,-1.6429,0.977363,0.0280404,-0.0421682,0.204618,0.351712,-0.300183,-0.000899919,-0.0521113,0.0298882,-0.030868,0.239473
1765976267080591,0,-3.91174,0.638121,-1.64293,0.973162,0.0303733,-0.0446148,0.223702,-3.93666,0.658479,-1.64291,0.976838,0.0283323,-0.0424743,0.207006,0.357819,-0.292416,-0.000287251,-0.0527764,0.0293079,-0.0307351,0.239744
1765976267080591,0,-3.91174,0.638121,-1.64293,0.973162,0.0303733,-0.0446148,0.223702,-3.93666,0.658479,-1.64291,0.976838,0.0283323,-0.0424743,0.207006,0.357819,-0.292416,-0.000287251,-0.0527764,0.0293079,-0.0307351,0.239744
1765976267090609,0,-3.9077,0.635843,-1.64288,0.972577,0.030616,-0.0449181,0.226138,-3.93301,0.655629,-1.6429,0.9763,0.0286205,-0.0427827,0.20942,0.363816,-0.284452,0.000321287,-0.0536668,0.0287667,-0.0307829,0.240999
1765976267090609,0,-3.9077,0.635843,-1.64288,0.972577,0.030616,-0.0449181,0.226138,-3.93301,0.655629,-1.6429,0.9763,0.0286205,-0.0427827,0.20942,0.363816,-0.284452,0.000321287,-0.0536668,0.0287667,-0.0307829,0.240999
1765976267100560,0,-3.90361,0.63365,-1.64283,0.971985,0.030857,-0.0452168,0.228577,-3.92933,0.652881,-1.64289,0.97576,0.0289002,-0.0430871,0.211816,0.3695,-0.276196,0.000922431,-0.0542258,0.0281111,-0.0305945,0.240785
1765976267100560,0,-3.90361,0.63365,-1.64283,0.971985,0.030857,-0.0452168,0.228577,-3.92933,0.652881,-1.64289,0.97576,0.0289002,-0.0430871,0.211816,0.3695,-0.276196,0.000922431,-0.0542258,0.0281111,-0.0305945,0.240785
1765976267110570,0,-3.89945,0.631544,-1.64277,0.971387,0.0310976,-0.0455117,0.231019,-3.92557,0.650197,-1.64288,0.975211,0.0291763,-0.0433918,0.214229,0.375539,-0.268126,0.00153626,-0.0549006,0.027583,-0.0304339,0.241049
1765976267110570,0,-3.89945,0.631544,-1.64277,0.971387,0.0310976,-0.0455117,0.231019,-3.92557,0.650197,-1.64288,0.975211,0.0291763,-0.0433918,0.214229,0.375539,-0.268126,0.00153626,-0.0549006,0.027583,-0.0304339,0.241049
1765976267120550,0,-3.89523,0.629524,-1.64271,0.970781,0.0313356,-0.0458041,0.233464,-3.92177,0.647604,-1.64286,0.974654,0.0294476,-0.0436949,0.216645,0.381255,-0.259776,0.00212618,-0.0557763,0.0271834,-0.030369,0.242145
1765976267120550,0,-3.89523,0.629524,-1.64271,0.970781,0.0313356,-0.0458041,0.233464,-3.92177,0.647604,-1.64286,0.974654,0.0294476,-0.0436949,0.216645,0.381255,-0.259776,0.00212618,-0.0557763,0.0271834,-0.030369,0.242145
1765976267130556,0,-3.89096,0.627592,-1.64264,0.970168,0.0315718,-0.0460921,0.23591,-3.9179,0.645088,-1.64283,0.97409,0.0297148,-0.0439965,0.219069,0.38715,-0.251476,0.00271634,-0.0564118,0.0267088,-0.030143,0.242231
1765976267130556,0,-3.89096,0.627592,-1.64264,0.970168,0.0315718,-0.0460921,0.23591,-3.9179,0.645088,-1.64283,0.97409,0.0297148,-0.0439965,0.219069,0.38715,-0.251476,0.00271634,-0.0564118,0.0267088,-0.030143,0.242231
1765976267140451,0,-3.88663,0.625748,-1.64257,0.969548,0.0318035,-0.0463782,0.238358,-3.91401,0.642683,-1.6428,0.973519,0.0299771,-0.0442955,0.221491,0.392939,-0.243033,0.00328895,-0.0576289,0.0265043,-0.0302232,0.244766
1765976267140451,0,-3.88663,0.625748,-1.64257,0.969548,0.0318035,-0.0463782,0.238358,-3.91401,0.642683,-1.6428,0.973519,0.0299771,-0.0442955,0.221491,0.392939,-0.243033,0.00328895,-0.0576289,0.0265043,-0.0302232,0.244766
1765976267150525,0,-3.88224,0.623992,-1.64249,0.968921,0.0320307,-0.0466626,0.240807,-3.90999,0.640317,-1.64276,0.972942,0.0302351,-0.0445929,0.223918,0.399258,-0.234874,0.00385768,-0.0573386,0.0256063,-0.0295143,0.240856
1765976267150525,0,-3.88224,0.623992,-1.64249,0.968921,0.0320307,-0.0466626,0.240807,-3.90999,0.640317,-1.64276,0.972942,0.0302351,-0.0445929,0.223918,0.399258,-0.234874,0.00385768,-0.0573386,0.0256063,-0.0295143,0.240856
1765976267160541,0,-3.87779,0.622325,-1.64241,0.968288,0.0322546,-0.0469429,0.243258,-3.90593,0.638052,-1.64271,0.972357,0.030489,-0.0448883,0.226349,0.40464,-0.226082,0.0044275,-0.0584145,0.0253503,-0.0294985,0.242772
1765976267160541,0,-3.87779,0.622325,-1.64241,0.968288,0.0322546,-0.0469429,0.243258,-3.90593,0.638052,-1.64271,0.972357,0.030489,-0.0448883,0.226349,0.40464,-0.226082,0.0044275,-0.0584145,0.0253503,-0.0294985,0.242772
1765976267170641,0,-3.87328,0.620748,-1.64232,0.967648,0.0324773,-0.047221,0.24571,-3.90179,0.635856,-1.64266,0.97176,0.030741,-0.0451839,0.228803,0.410387,-0.217463,0.00498082,-0.0590912,0.0249487,-0.0292697,0.24293
1765976267170641,0,-3.87328,0.620748,-1.64232,0.967648,0.0324773,-0.047221,0.24571,-3.90179,0.635856,-1.64266,0.97176,0.030741,-0.0451839,0.228803,0.410387,-0.217463,0.00498082,-0.0590912,0.0249487,-0.0292697,0.24293
1765976267180556,0,-3.86871,0.61926,-1.64222,0.967001,0.03269,-0.047503,0.248162,-3.89767,0.633788,-1.64261,0.971167,0.0309838,-0.0454729,0.231215,0.415712,-0.208553,0.00554266,-0.059815,0.0244951,-0.0291448,0.243301
1765976267180556,0,-3.86871,0.61926,-1.64222,0.967001,0.03269,-0.047503,0.248162,-3.89767,0.633788,-1.64261,0.971167,0.0309838,-0.0454729,0.231215,0.415712,-0.208553,0.00554266,-0.059815,0.0244951,-0.0291448,0.243301
1765976267190577,0,-3.86408,0.617862,-1.64213,0.966347,0.0328905,-0.0477887,0.250614,-3.89344,0.631783,-1.64255,0.970561,0.0312234,-0.0457639,0.233653,0.422068,-0.200137,0.00607883,-0.0604255,0.0239069,-0.0290373,0.243244
1765976267190577,0,-3.86408,0.617862,-1.64213,0.966347,0.0328905,-0.0477887,0.250614,-3.89344,0.631783,-1.64255,0.970561,0.0312234,-0.0457639,0.233653,0.422068,-0.200137,0.00607883,-0.0604255,0.0239069,-0.0290373,0.243244
1765976267200547,0,-3.85939,0.616555,-1.64202,0.965687,0.0330795,-0.0480778,0.253067,-3.88917,0.629875,-1.64248,0.969949,0.0314567,-0.0460547,0.236093,0.427814,-0.191357,0.00660015,-0.06144,0.0233972,-0.0291679,0.24472
1765976267200547,0,-3.85939,0.616555,-1.64202,0.965687,0.0330795,-0.0480778,0.253067,-3.88917,0.629875,-1.64248,0.969949,0.0314567,-0.0460547,0.236093,0.427814,-0.191357,0.00660015,-0.06144,0.0233972,-0.0291679,0.24472
1765976267210458,0,-3.85465,0.615339,-1.64192,0.965021,0.0332659,-0.048363,0.255519,-3.88487,0.628064,-1.64241,0.96933,0.0316839,-0.0463446,0.238532,0.433849,-0.182663,0.00713259,-0.0624553,0.022928,-0.0292528,0.246184
1765976267210458,0,-3.85465,0.615339,-1.64192,0.965021,0.0332659,-0.048363,0.255519,-3.88487,0.628064,-1.64241,0.96933,0.0316839,-0.0463446,0.238532,0.433849,-0.182663,0.00713259,-0.0624553,0.022928,-0.0292528,0.246184
1765976267220423,0,-3.84984,0.614214,-1.6418,0.964348,0.0334482,-0.0486432,0.25797,-3.88048,0.62633,-1.64234,0.968703,0.0319057,-0.0466336,0.240976,0.440207,-0.174053,0.00764423,-0.0628466,0.0222583,-0.0289982,0.245212
1765976267220423,0,-3.84984,0.614214,-1.6418,0.964348,0.0334482,-0.0486432,0.25797,-3.88048,0.62633,-1.64234,0.968703,0.0319057,-0.0466336,0.240976,0.440207,-0.174053,0.00764423,-0.0628466,0.0222583,-0.0289982,0.245212
1765976267230403,0,-3.84498,0.613181,-1.64169,0.963669,0.0336309,-0.0489165,0.26042,-3.87603,0.624681,-1.64225,0.968071,0.0321224,-0.0469203,0.243418,0.446211,-0.165227,0.00815831,-0.0633613,0.0217116,-0.0287306,0.244708
1765976267230403,0,-3.84498,0.613181,-1.64169,0.963669,0.0336309,-0.0489165,0.26042,-3.87603,0.624681,-1.64225,0.968071,0.0321224,-0.0469203,0.243418,0.446211,-0.165227,0.00815831,-0.0633613,0.0217116,-0.0287306,0.244708
1765976267240517,0,-3.84005,0.612241,-1.64157,0.962984,0.0338168,-0.0491819,0.262869,-3.87146,0.6231,-1.64217,0.967428,0.0323365,-0.0472061,0.245876,0.452133,-0.156331,0.00866312,-0.063559,0.0211687,-0.0282542,0.243002
1765976267240517,0,-3.84005,0.612241,-1.64157,0.962984,0.0338168,-0.0491819,0.262869,-3.87146,0.6231,-1.64217,0.967428,0.0323365,-0.0472061,0.245876,0.452133,-0.156331,0.00866312,-0.063559,0.0211687,-0.0282542,0.243002
1765976267250456,0,-3.83507,0.611392,-1.64144,0.962292,0.0340034,-0.0494448,0.265317,-3.86691,0.621638,-1.64208,0.966786,0.0325449,-0.047486,0.248307,0.457287,-0.14712,0.0091395,-0.0646182,0.0209728,-0.0281666,0.244603
1765976267250456,0,-3.83507,0.611392,-1.64144,0.962292,0.0340034,-0.0494448,0.265317,-3.86691,0.621638,-1.64208,0.966786,0.0325449,-0.047486,0.248307,0.457287,-0.14712,0.0091395,-0.0646182,0.0209728,-0.0281666,0.244603
1765976267260540,0,-3.83003,0.610637,-1.64131,0.961594,0.0341846,-0.0497121,0.267763,-3.86224,0.620244,-1.64198,0.96613,0.0327522,-0.0477675,0.250767,0.46355,-0.138236,0.00963463,-0.0650899,0.020556,-0.0279072,0.243913
1765976267260540,0,-3.83003,0.610637,-1.64131,0.961594,0.0341846,-0.0497121,0.267763,-3.86224,0.620244,-1.64198,0.96613,0.0327522,-0.0477675,0.250767,0.46355,-0.138236,0.00963463,-0.0650899,0.020556,-0.0279072,0.243913
1765976267270544,0,-3.82493,0.609975,-1.64117,0.96089,0.0343553,-0.0499872,0.270207,-3.85755,0.618953,-1.64188,0.96547,0.032954,-0.0480469,0.253214,0.468877,-0.129034,0.0101049,-0.0659262,0.0201707,-0.0279307,0.244615
1765976267270544,0,-3.82493,0.609975,-1.64117,0.96089,0.0343553,-0.0499872,0.270207,-3.85755,0.618953,-1.64188,0.96547,0.032954,-0.0480469,0.253214,0.468877,-0.129034,0.0101049,-0.0659262,0.0201707,-0.0279307,0.244615
1765976267280545,0,-3.81977,0.609407,-1.64103,0.960179,0.0345194,-0.0502657,0.272648,-3.8528,0.617753,-1.64177,0.964807,0.0331502,-0.0483249,0.255649,0.474787,-0.119954,0.0105966,-0.0663035,0.0196165,-0.0278046,0.243538
1765976267280545,0,-3.81977,0.609407,-1.64103,0.960179,0.0345194,-0.0502657,0.272648,-3.8528,0.617753,-1.64177,0.964807,0.0331502,-0.0483249,0.255649,0.474787,-0.119954,0.0105966,-0.0663035,0.0196165,-0.0278046,0.243538
1765976267290562,0,-3.81455,0.608933,-1.64089,0.959463,0.0346745,-0.0505523,0.275087,-3.84799,0.616643,-1.64166,0.964132,0.0333428,-0.0486064,0.258106,0.480693,-0.110837,0.0110676,-0.0674175,0.0192312,-0.0281016,0.245238
1765976267290562,0,-3.81455,0.608933,-1.64089,0.959463,0.0346745,-0.0505523,0.275087,-3.84799,0.616643,-1.64166,0.964132,0.0333428,-0.0486064,0.258106,0.480693,-0.110837,0.0110676,-0.0674175,0.0192312,-0.0281016,0.245238
1765976267300431,0,-3.80927,0.608553,-1.64074,0.95874,0.034824,-0.0508423,0.277523,-3.84318,0.61564,-1.64155,0.963462,0.0335269,-0.0488843,0.260519,0.486549,-0.101664,0.0115598,-0.067903,0.018654,-0.0281596,0.244546
1765976267300431,0,-3.80927,0.608553,-1.64074,0.95874,0.034824,-0.0508423,0.277523,-3.84318,0.61564,-1.64155,0.963462,0.0335269,-0.0488843,0.260519,0.486549,-0.101664,0.0115598,-0.067903,0.018654,-0.0281596,0.244546
1765976267310573,0,-3.80393,0.608267,-1.64059,0.958012,0.0349698,-0.0511338,0.279956,-3.83818,0.6147,-1.64142,0.962769,0.0337104,-0.0491704,0.262991,0.493293,-0.0926393,0.0120596,-0.068332,0.0180927,-0.0282071,0.243723
1765976267310573,0,-3.80393,0.608267,-1.64059,0.958012,0.0349698,-0.0511338,0.279956,-3.83818,0.6147,-1.64142,0.962769,0.0337104,-0.0491704,0.262991,0.493293,-0.0926393,0.0120596,-0.068332,0.0180927,-0.0282071,0.243723
1765976267320457,0,-3.79853,0.608077,-1.64043,0.957277,0.0351158,-0.0514214,0.282387,-3.83326,0.613877,-1.6413,0.962086,0.0338851,-0.0494503,0.265402,0.498233,-0.0832258,0.0125071,-0.0690603,0.0176763,-0.0283128,0.243958
1765976267320457,0,-3.79853,0.608077,-1.64043,0.957277,0.0351158,-0.0514214,0.282387,-3.83326,0.613877,-1.6413,0.962086,0.0338851,-0.0494503,0.265402,0.498233,-0.0832258,0.0125071,-0.0690603,0.0176763,-0.0283128,0.243958
1765976267330526,0,-3.79308,0.607982,-1.64026,0.956537,0.0352639,-0.0517042,0.284815,-3.82817,0.613132,-1.64117,0.961389,0.0340584,-0.0497335,0.267842,0.50492,-0.074084,0.0130232,-0.0692536,0.0172083,-0.0281326,0.242296
1765976267330526,0,-3.79308,0.607982,-1.64026,0.956537,0.0352639,-0.0517042,0.284815,-3.82817,0.613132,-1.64117,0.961389,0.0340584,-0.0497335,0.267842,0.50492,-0.074084,0.0130232,-0.0692536,0.0172083,-0.0281326,0.242296
1765976267340535,0,-3.78756,0.607982,-1.64009,0.955791,0.0354078,-0.0519917,0.287239,-3.82306,0.612484,-1.64103,0.960681,0.0342291,-0.0500191,0.270295,0.510352,-0.0647082,0.0135181,-0.0707228,0.0170506,-0.0285335,0.245091
1765976267340535,0,-3.78756,0.607982,-1.64009,0.955791,0.0354078,-0.0519917,0.287239,-3.82306,0.612484,-1.64103,0.960681,0.0342291,-0.0500191,0.270295,0.510352,-0.0647082,0.0135181,-0.0707228,0.0170506,-0.0285335,0.245091
1765976267350413,0,-3.78199,0.608078,-1.63992,0.955039,0.0355522,-0.0522759,0.28966,-3.81796,0.611937,-1.6409,0.959978,0.034394,-0.0503004,0.272709,0.516228,-0.0553567,0.0140111,-0.071172,0.0166922,-0.0284714,0.244308
1765976267350413,0,-3.78199,0.608078,-1.63992,0.955039,0.0355522,-0.0522759,0.28966,-3.81796,0.611937,-1.6409,0.959978,0.034394,-0.0503004,0.272709,0.516228,-0.0553567,0.0140111,-0.071172,0.0166922,-0.0284714,0.244308
1765976267360497,0,-3.77635,0.608271,-1.63974,0.954282,0.0356924,-0.0525644,0.292077,-3.81269,0.611472,-1.64075,0.95926,0.0345575,-0.0505856,0.275149,0.522918,-0.0460689,0.0145406,-0.0711603,0.016223,-0.0282866,0.241986
1765976267360497,0,-3.77635,0.608271,-1.63974,0.954282,0.0356924,-0.0525644,0.292077,-3.81269,0.611472,-1.64075,0.95926,0.0345575,-0.0505856,0.275149,0.522918,-0.0460689,0.0145406,-0.0711603,0.016223,-0.0282866,0.241986
1765976267370477,0,-3.77066,0.60856,-1.63955,0.953519,0.0358317,-0.0528518,0.294489,-3.80742,0.611107,-1.6406,0.95854,0.0347174,-0.05087,0.277576,0.5282,-0.0366049,0.0150505,-0.0721885,0.016021,-0.0284955,0.243185
1765976267370477,0,-3.77066,0.60856,-1.63955,0.953519,0.0358317,-0.0528518,0.294489,-3.80742,0.611107,-1.6406,0.95854,0.0347174,-0.05087,0.277576,0.5282,-0.0366049,0.0150505,-0.0721885,0.016021,-0.0284955,0.243185
1765976267380517,0,-3.7649,0.608945,-1.63936,0.952751,0.0359727,-0.053135,0.296898,-3.80206,0.610834,-1.64044,0.957812,0.0348753,-0.0511548,0.280005,0.534281,-0.0271724,0.0155779,-0.0724873,0.0157189,-0.0283642,0.24196
1765976267380517,0,-3.7649,0.608945,-1.63936,0.952751,0.0359727,-0.053135,0.296898,-3.80206,0.610834,-1.64044,0.957812,0.0348753,-0.0511548,0.280005,0.534281,-0.0271724,0.0155779,-0.0724873,0.0157189,-0.0283642,0.24196
1765976267390433,0,-3.75909,0.609428,-1.63916,0.951977,0.03611,-0.0534232,0.299301,-3.7967,0.610659,-1.64028,0.95708,0.0350303,-0.0514395,0.282427,0.539904,-0.0176842,0.0161334,-0.0738626,0.0156322,-0.0287181,0.244294
1765976267390433,0,-3.75909,0.609428,-1.63916,0.951977,0.03611,-0.0534232,0.299301,-3.7967,0.610659,-1.64028,0.95708,0.0350303,-0.0514395,0.282427,0.539904,-0.0176842,0.0161334,-0.0738626,0.0156322,-0.0287181,0.244294
1765976267400439,0,-3.75322,0.610007,-1.63895,0.951198,0.0362443,-0.0537141,0.3017,-3.79123,0.610577,-1.64012,0.956341,0.0351828,-0.0517253,0.284848,0.54639,-0.00819072,0.0167031,-0.0738357,0.0152422,-0.0285566,0.241963
1765976267400439,0,-3.75322,0.610007,-1.63895,0.951198,0.0362443,-0.0537141,0.3017,-3.79123,0.610577,-1.64012,0.956341,0.0351828,-0.0517253,0.284848,0.54639,-0.00819072,0.0167031,-0.0738357,0.0152422,-0.0285566,0.241963
1765976267410477,0,-3.74729,0.610685,-1.63874,0.950414,0.0363759,-0.0540068,0.304093,-3.78569,0.610591,-1.63994,0.955596,0.0353328,-0.0520121,0.287268,0.552225,0.00135384,0.0172674,-0.0742297,0.0149446,-0.0285761,0.241034
1765976267410477,0,-3.74729,0.610685,-1.63874,0.950414,0.0363759,-0.0540068,0.304093,-3.78569,0.610591,-1.63994,0.955596,0.0353328,-0.0520121,0.287268,0.552225,0.00135384,0.0172674,-0.0742297,0.0149446,-0.0285761,0.241034
1765976267420533,0,-3.7413,0.61146,-1.63852,0.949626,0.0365079,-0.0542943,0.306481,-3.78008,0.6107,-1.63976,0.954839,0.0354816,-0.0523012,0.289702,0.557851,0.010918,0.0178648,-0.0752052,0.0148026,-0.0287469,0.242008
1765976267420533,0,-3.7413,0.61146,-1.63852,0.949626,0.0365079,-0.0542943,0.306481,-3.78008,0.6107,-1.63976,0.954839,0.0354816,-0.0523012,0.289702,0.557851,0.010918,0.0178648,-0.0752052,0.0148026,-0.0287469,0.242008
1765976267430580,0,-3.73525,0.612333,-1.63829,0.948832,0.036638,-0.0545825,0.308863,-3.77442,0.610907,-1.63958,0.954084,0.0356271,-0.0525882,0.292112,0.563358,0.0205208,0.0184503,-0.0752251,0.0144807,-0.0285672,0.239943
1765976267430580,0,-3.73525,0.612333,-1.63829,0.948832,0.036638,-0.0545825,0.308863,-3.77442,0.610907,-1.63958,0.954084,0.0356271,-0.0525882,0.292112,0.563358,0.0205208,0.0184503,-0.0752251,0.0144807,-0.0285672,0.239943
1765976267440600,0,-3.72914,0.613305,-1.63806,0.948034,0.0367637,-0.0548779,0.311238,-3.76872,0.611208,-1.63939,0.953321,0.0357704,-0.0528769,0.294524,0.568992,0.0301295,0.0190949,-0.0761238,0.0143011,-0.0288104,0.240652
1765976267440600,0,-3.72914,0.613305,-1.63806,0.948034,0.0367637,-0.0548779,0.311238,-3.76872,0.611208,-1.63939,0.953321,0.0357704,-0.0528769,0.294524,0.568992,0.0301295,0.0190949,-0.0761238,0.0143011,-0.0288104,0.240652
1765976267450497,0,-3.72298,0.614375,-1.63781,0.94723,0.0368836,-0.0551839,0.313607,-3.76303,0.611602,-1.63919,0.952562,0.0359092,-0.0531645,0.296902,0.574859,0.0397846,0.0197417,-0.0767085,0.0140196,-0.0290555,0.240337
1765976267450497,0,-3.72298,0.614375,-1.63781,0.94723,0.0368836,-0.0551839,0.313607,-3.76303,0.611602,-1.63919,0.952562,0.0359092,-0.0531645,0.296902,0.574859,0.0397846,0.0197417,-0.0767085,0.0140196,-0.0290555,0.240337
1765976267460571,0,-3.71675,0.615544,-1.63756,0.946422,0.0369985,-0.0554973,0.315969,-3.75717,0.612101,-1.63898,0.951787,0.0360467,-0.053459,0.299309,0.581586,0.0495345,0.0204362,-0.0769346,0.0136502,-0.0292343,0.23893
1765976267460571,0,-3.71675,0.615544,-1.63756,0.946422,0.0369985,-0.0554973,0.315969,-3.75717,0.612101,-1.63898,0.951787,0.0360467,-0.053459,0.299309,0.581586,0.0495345,0.0204362,-0.0769346,0.0136502,-0.0292343,0.23893
1765976267470513,0,-3.71046,0.616812,-1.6373,0.94561,0.0371118,-0.0558082,0.318324,-3.75134,0.61269,-1.63877,0.951018,0.0361792,-0.0537513,0.301675,0.586982,0.059203,0.0211272,-0.0773146,0.0133323,-0.0294055,0.238008
1765976267470513,0,-3.71046,0.616812,-1.6373,0.94561,0.0371118,-0.0558082,0.318324,-3.75134,0.61269,-1.63877,0.951018,0.0361792,-0.0537513,0.301675,0.586982,0.059203,0.0211272,-0.0773146,0.0133323,-0.0294055,0.238008
1765976267480635,0,-3.70412,0.61818,-1.63703,0.944793,0.0372272,-0.0561117,0.320673,-3.74533,0.613388,-1.63855,0.950234,0.0363112,-0.0540486,0.304068,0.593385,0.0689911,0.0218821,-0.0774472,0.0130385,-0.029368,0.236372
1765976267480635,0,-3.70412,0.61818,-1.63703,0.944793,0.0372272,-0.0561117,0.320673,-3.74533,0.613388,-1.63855,0.950234,0.0363112,-0.0540486,0.304068,0.593385,0.0689911,0.0218821,-0.0774472,0.0130385,-0.029368,0.236372
1765976267490652,0,-3.69771,0.619647,-1.63675,0.943972,0.0373428,-0.0564176,0.323016,-3.73934,0.614176,-1.63833,0.949444,0.0364413,-0.0543474,0.306458,0.598391,0.0786517,0.0225994,-0.0788362,0.0129881,-0.0298265,0.238558
1765976267490652,0,-3.69771,0.619647,-1.63675,0.943972,0.0373428,-0.0564176,0.323016,-3.73934,0.614176,-1.63833,0.949444,0.0364413,-0.0543474,0.306458,0.598391,0.0786517,0.0225994,-0.0788362,0.0129881,-0.0298265,0.238558
1765976267500563,0,-3.69125,0.621214,-1.63647,0.943147,0.0374581,-0.0567241,0.325352,-3.73335,0.615053,-1.63809,0.948658,0.0365684,-0.0546443,0.308818,0.604286,0.0884417,0.0233824,-0.0793847,0.0128169,-0.0299609,0.238172
1765976267500563,0,-3.69125,0.621214,-1.63647,0.943147,0.0374581,-0.0567241,0.325352,-3.73335,0.615053,-1.63809,0.948658,0.0365684,-0.0546443,0.308818,0.604286,0.0884417,0.0233824,-0.0793847,0.0128169,-0.0299609,0.238172
1765976267510679,0,-3.68472,0.622881,-1.63617,0.942317,0.0375686,-0.0570407,0.32768,-3.72717,0.616048,-1.63785,0.947855,0.0366949,-0.0549474,0.311204,0.611012,0.0983807,0.0242284,-0.0792843,0.0125075,-0.0299647,0.23585
1765976267510679,0,-3.68472,0.622881,-1.63617,0.942317,0.0375686,-0.0570407,0.32768,-3.72717,0.616048,-1.63785,0.947855,0.0366949,-0.0549474,0.311204,0.611012,0.0983807,0.0242284,-0.0792843,0.0125075,-0.0299647,0.23585
1765976267520688,0,-3.67814,0.624649,-1.63586,0.941483,0.0376768,-0.0573542,0.33,-3.721,0.61713,-1.6376,0.947053,0.0368185,-0.0552504,0.31357,0.616091,0.108079,0.0250472,-0.0801498,0.0123516,-0.030275,0.23643
1765976267520688,0,-3.67814,0.624649,-1.63586,0.941483,0.0376768,-0.0573542,0.33,-3.721,0.61713,-1.6376,0.947053,0.0368185,-0.0552504,0.31357,0.616091,0.108079,0.0250472,-0.0801498,0.0123516,-0.030275,0.23643
1765976267530626,0,-3.6715,0.626517,-1.63554,0.940647,0.0377845,-0.0576575,0.332312,-3.71482,0.618302,-1.63734,0.946254,0.036939,-0.0555507,0.315908,0.622052,0.117962,0.0259218,-0.0804105,0.0121246,-0.0302113,0.235228
1765976267530626,0,-3.6715,0.626517,-1.63554,0.940647,0.0377845,-0.0576575,0.332312,-3.71482,0.618302,-1.63734,0.946254,0.036939,-0.0555507,0.315908,0.622052,0.117962,0.0259218,-0.0804105,0.0121246,-0.0302113,0.235228
1765976267540672,0,-3.6648,0.628486,-1.6352,0.939807,0.0378894,-0.0579658,0.334615,-3.7085,0.619587,-1.63707,0.945437,0.0370594,-0.0558567,0.318279,0.62856,0.127973,0.0268417,-0.0813201,0.011988,-0.0304635,0.235968
1765976267540672,0,-3.6648,0.628486,-1.6352,0.939807,0.0378894,-0.0579658,0.334615,-3.7085,0.619587,-1.63707,0.945437,0.0370594,-0.0558567,0.318279,0.62856,0.127973,0.0268417,-0.0813201,0.011988,-0.0304635,0.235968
1765976267550488,0,-3.65804,0.630555,-1.63486,0.938964,0.0379929,-0.0582705,0.33691,-3.70228,0.62094,-1.6368,0.944632,0.0371756,-0.056157,0.320597,0.63418,0.137827,0.0277864,-0.0820535,0.011832,-0.0305959,0.236151
1765976267550488,0,-3.65804,0.630555,-1.63486,0.938964,0.0379929,-0.0582705,0.33691,-3.70228,0.62094,-1.6368,0.944632,0.0371756,-0.056157,0.320597,0.63418,0.137827,0.0277864,-0.0820535,0.011832,-0.0305959,0.236151
1765976267560590,0,-3.65122,0.632726,-1.63451,0.938118,0.0380975,-0.0585688,0.339196,-3.6958,0.622437,-1.63651,0.943812,0.0372916,-0.0564606,0.322938,0.641691,0.148109,0.0288288,-0.0811584,0.0114849,-0.0300464,0.23171
1765976267560590,0,-3.65122,0.632726,-1.63451,0.938118,0.0380975,-0.0585688,0.339196,-3.6958,0.622437,-1.63651,0.943812,0.0372916,-0.0564606,0.322938,0.641691,0.148109,0.0288288,-0.0811584,0.0114849,-0.0300464,0.23171
1765976267570564,0,-3.64434,0.634999,-1.63414,0.937268,0.0382029,-0.0588559,0.341474,-3.68935,0.624011,-1.63621,0.942988,0.0374064,-0.0567624,0.325273,0.646675,0.157868,0.0297963,-0.0826541,0.0115116,-0.030258,0.234149
1765976267570564,0,-3.64434,0.634999,-1.63414,0.937268,0.0382029,-0.0588559,0.341474,-3.68935,0.624011,-1.63621,0.942988,0.0374064,-0.0567624,0.325273,0.646675,0.157868,0.0297963,-0.0826541,0.0115116,-0.030258,0.234149
1765976267580558,0,-3.6374,0.637373,-1.63376,0.936417,0.0383112,-0.0591222,0.343743,-3.68282,0.625689,-1.6359,0.942159,0.0375205,-0.05706,0.327603,0.6528,0.167912,0.030846,-0.08293,0.01142,-0.0297852,0.233128
1765976267580558,0,-3.6374,0.637373,-1.63376,0.936417,0.0383112,-0.0591222,0.343743,-3.68282,0.625689,-1.6359,0.942159,0.0375205,-0.05706,0.327603,0.6528,0.167912,0.030846,-0.08293,0.01142,-0.0297852,0.233128
1765976267590698,0,-3.6304,0.639849,-1.63336,0.935563,0.0384176,-0.0593899,0.346003,-3.67614,0.627494,-1.63558,0.94133,0.0376333,-0.0573529,0.329916,0.658778,0.177944,0.031942,-0.0817595,0.01112,-0.0288824,0.228097
1765976267590698,0,-3.6304,0.639849,-1.63336,0.935563,0.0384176,-0.0593899,0.346003,-3.67614,0.627494,-1.63558,0.94133,0.0376333,-0.0573529,0.329916,0.658778,0.177944,0.031942,-0.0817595,0.01112,-0.0288824,0.228097
1765976267600492,0,-3.62334,0.642427,-1.63295,0.934707,0.0385227,-0.0596591,0.348253,-3.66964,0.629332,-1.63526,0.940503,0.0377442,-0.0576406,0.332203,0.663526,0.187663,0.0329974,-0.0843557,0.0113276,-0.0293733,0.233556
1765976267600492,0,-3.62334,0.642427,-1.63295,0.934707,0.0385227,-0.0596591,0.348253,-3.66964,0.629332,-1.63526,0.940503,0.0377442,-0.0576406,0.332203,0.663526,0.187663,0.0329974,-0.0843557,0.0113276,-0.0293733,0.233556
1765976267610586,0,-3.61622,0.645107,-1.63253,0.933848,0.0386243,-0.0599361,0.350492,-3.66287,0.631333,-1.63491,0.939667,0.0378549,-0.0579293,0.334503,0.671276,0.198241,0.0342488,-0.0829174,0.010964,-0.0285973,0.227843
1765976267610586,0,-3.61622,0.645107,-1.63253,0.933848,0.0386243,-0.0599361,0.350492,-3.66287,0.631333,-1.63491,0.939667,0.0378549,-0.0579293,0.334503,0.671276,0.198241,0.0342488,-0.0829174,0.010964,-0.0285973,0.227843
1765976267620501,0,-3.60905,0.64789,-1.63209,0.932986,0.0387222,-0.0602211,0.352721,-3.65616,0.633396,-1.63456,0.938828,0.0379638,-0.0582169,0.33679,0.676325,0.208066,0.0354081,-0.0845707,0.010979,-0.0290122,0.230616
1765976267620501,0,-3.60905,0.64789,-1.63209,0.932986,0.0387222,-0.0602211,0.352721,-3.65616,0.633396,-1.63456,0.938828,0.0379638,-0.0582169,0.33679,0.676325,0.208066,0.0354081,-0.0845707,0.010979,-0.0290122,0.230616
1765976267630508,0,-3.60181,0.650775,-1.63164,0.932122,0.0388198,-0.0604903,0.35494,-3.64933,0.635581,-1.63419,0.937985,0.0380713,-0.0585026,0.33907,0.682973,0.218399,0.0366789,-0.0842041,0.0107493,-0.0285452,0.227906
1765976267630508,0,-3.60181,0.650775,-1.63164,0.932122,0.0388198,-0.0604903,0.35494,-3.64933,0.635581,-1.63419,0.937985,0.0380713,-0.0585026,0.33907,0.682973,0.218399,0.0366789,-0.0842041,0.0107493,-0.0285452,0.227906
1765976267640583,0,-3.59452,0.653763,-1.63117,0.931257,0.0389145,-0.0607553,0.357149,-3.64239,0.637883,-1.63381,0.937139,0.0381774,-0.0587858,0.341343,0.688752,0.22848,0.0379458,-0.083973,0.0105233,-0.0281151,0.225634
1765976267640583,0,-3.59452,0.653763,-1.63117,0.931257,0.0389145,-0.0607553,0.357149,-3.64239,0.637883,-1.63381,0.937139,0.0381774,-0.0587858,0.341343,0.688752,0.22848,0.0379458,-0.083973,0.0105233,-0.0281151,0.225634
1765976267650622,0,-3.58717,0.656854,-1.63069,0.93039,0.0390086,-0.061012,0.359348,-3.63542,0.640276,-1.63342,0.936291,0.0382818,-0.0590655,0.343606,0.693953,0.238395,0.0392219,-0.084482,0.0104036,-0.0278638,0.225348
1765976267650622,0,-3.58717,0.656854,-1.63069,0.93039,0.0390086,-0.061012,0.359348,-3.63542,0.640276,-1.63342,0.936291,0.0382818,-0.0590655,0.343606,0.693953,0.238395,0.0392219,-0.084482,0.0104036,-0.0278638,0.225348
1765976267660537,0,-3.57975,0.660049,-1.63019,0.929521,0.0390994,-0.0612694,0.361535,-3.62849,0.64274,-1.63301,0.93544,0.0383845,-0.0593425,0.345859,0.69953,0.24847,0.040554,-0.085803,0.0103624,-0.027932,0.227237
1765976267660537,0,-3.57975,0.660049,-1.63019,0.929521,0.0390994,-0.0612694,0.361535,-3.62849,0.64274,-1.63301,0.93544,0.0383845,-0.0593425,0.345859,0.69953,0.24847,0.040554,-0.085803,0.0103624,-0.027932,0.227237
1765976267670586,0,-3.57228,0.663346,-1.62967,0.928651,0.0391848,-0.0615365,0.36371,-3.62139,0.645342,-1.63259,0.934587,0.0384851,-0.0596182,0.348102,0.706264,0.258947,0.0419825,-0.0848961,0.0100059,-0.0274335,0.223207
1765976267670586,0,-3.57228,0.663346,-1.62967,0.928651,0.0391848,-0.0615365,0.36371,-3.62139,0.645342,-1.63259,0.934587,0.0384851,-0.0596182,0.348102,0.706264,0.258947,0.0419825,-0.0848961,0.0100059,-0.0274335,0.223207
1765976267680637,0,-3.56475,0.666747,-1.62914,0.92778,0.0392654,-0.0618051,0.365873,-3.61423,0.648046,-1.63216,0.93373,0.0385834,-0.0598936,0.35034,0.711698,0.268977,0.0433974,-0.0852944,0.00977634,-0.0273995,0.222647
1765976267680637,0,-3.56475,0.666747,-1.62914,0.92778,0.0392654,-0.0618051,0.365873,-3.61423,0.648046,-1.63216,0.93373,0.0385834,-0.0598936,0.35034,0.711698,0.268977,0.0433974,-0.0852944,0.00977634,-0.0273995,0.222647
1765976267690672,0,-3.55717,0.670251,-1.62859,0.926908,0.0393439,-0.0620649,0.368024,-3.60704,0.650846,-1.63171,0.932866,0.0386796,-0.0601685,0.352579,0.717109,0.279046,0.0448446,-0.0860778,0.00959443,-0.0273942,0.223115
1765976267690672,0,-3.55717,0.670251,-1.62859,0.926908,0.0393439,-0.0620649,0.368024,-3.60704,0.650846,-1.63171,0.932866,0.0386796,-0.0601685,0.352579,0.717109,0.279046,0.0448446,-0.0860778,0.00959443,-0.0273942,0.223115
1765976267700473,0,-3.54952,0.673859,-1.62802,0.926035,0.0394192,-0.0623286,0.370164,-3.59995,0.65368,-1.63125,0.932016,0.0387717,-0.0604373,0.354767,0.722772,0.289199,0.0463288,-0.0867524,0.00939171,-0.0274305,0.223303
1765976267700473,0,-3.54952,0.673859,-1.62802,0.926035,0.0394192,-0.0623286,0.370164,-3.59995,0.65368,-1.63125,0.932016,0.0387717,-0.0604373,0.354767,0.722772,0.289199,0.0463288,-0.0867524,0.00939171,-0.0274305,0.223303
1765976267710554,0,-3.54182,0.677571,-1.62743,0.92516,0.0394906,-0.0626006,0.37229,-3.59259,0.656707,-1.63077,0.931154,0.0388621,-0.0607093,0.356971,0.730581,0.300223,0.0480101,-0.0855195,0.0089679,-0.026985,0.218588
1765976267710554,0,-3.54182,0.677571,-1.62743,0.92516,0.0394906,-0.0626006,0.37229,-3.59259,0.656707,-1.63077,0.931154,0.0388621,-0.0607093,0.356971,0.730581,0.300223,0.0480101,-0.0855195,0.0089679,-0.026985,0.218588
1765976267720488,0,-3.53405,0.681387,-1.62682,0.924285,0.0395593,-0.0628632,0.374406,-3.58528,0.659788,-1.63028,0.930287,0.0389501,-0.0609813,0.359172,0.73556,0.310143,0.0495485,-0.0872829,0.00885985,-0.0273715,0.221564
1765976267720488,0,-3.53405,0.681387,-1.62682,0.924285,0.0395593,-0.0628632,0.374406,-3.58528,0.659788,-1.63028,0.930287,0.0389501,-0.0609813,0.359172,0.73556,0.310143,0.0495485,-0.0872829,0.00885985,-0.0273715,0.221564
1765976267730505,0,-3.52623,0.685307,-1.6262,0.923411,0.0396272,-0.0630973,0.37651,-3.57785,0.663,-1.62976,0.929426,0.0390349,-0.0612463,0.361343,0.742032,0.320682,0.0512206,-0.0859587,0.00846586,-0.0264553,0.216771
1765976267730505,0,-3.52623,0.685307,-1.6262,0.923411,0.0396272,-0.0630973,0.37651,-3.57785,0.663,-1.62976,0.929426,0.0390349,-0.0612463,0.361343,0.742032,0.320682,0.0512206,-0.0859587,0.00846586,-0.0264553,0.216771
1765976267740597,0,-3.51836,0.689331,-1.62555,0.922537,0.039694,-0.0633261,0.378602,-3.5703,0.666339,-1.62923,0.928553,0.0391184,-0.0615098,0.36353,0.747621,0.330885,0.0528835,-0.0864775,0.00827375,-0.0261106,0.216669
1765976267740597,0,-3.51836,0.689331,-1.62555,0.922537,0.039694,-0.0633261,0.378602,-3.5703,0.666339,-1.62923,0.928553,0.0391184,-0.0615098,0.36353,0.747621,0.330885,0.0528835,-0.0864775,0.00827375,-0.0261106,0.216669
1765976267750488,0,-3.51042,0.693459,-1.62489,0.921662,0.03976,-0.0635489,0.380682,-3.56286,0.66971,-1.62869,0.927696,0.0391982,-0.0617633,0.365662,0.752546,0.340803,0.0545487,-0.0866138,0.00806449,-0.025633,0.215613
1765976267750488,0,-3.51042,0.693459,-1.62489,0.921662,0.03976,-0.0635489,0.380682,-3.56286,0.66971,-1.62869,0.927696,0.0391982,-0.0617633,0.365662,0.752546,0.340803,0.0545487,-0.0866138,0.00806449,-0.025633,0.215613
1765976267760610,0,-3.50242,0.697692,-1.6242,0.920787,0.0398239,-0.0637811,0.38275,-3.55517,0.673269,-1.62812,0.926827,0.0392769,-0.0620173,0.367813,0.759491,0.351633,0.0563777,-0.0859268,0.00778145,-0.0250933,0.212497
1765976267760610,0,-3.50242,0.697692,-1.6242,0.920787,0.0398239,-0.0637811,0.38275,-3.55517,0.673269,-1.62812,0.926827,0.0392769,-0.0620173,0.367813,0.759491,0.351633,0.0563777,-0.0859268,0.00778145,-0.0250933,0.212497
1765976267770529,0,-3.49437,0.702029,-1.6235,0.919911,0.0398841,-0.0640221,0.384804,-3.5476,0.676854,-1.62754,0.925959,0.0393531,-0.0622689,0.369945,0.764074,0.361408,0.0580723,-0.087487,0.00768118,-0.0253631,0.214953
1765976267770529,0,-3.49437,0.702029,-1.6235,0.919911,0.0398841,-0.0640221,0.384804,-3.5476,0.676854,-1.62754,0.925959,0.0393531,-0.0622689,0.369945,0.764074,0.361408,0.0580723,-0.087487,0.00768118,-0.0253631,0.214953
1765976267780600,0,-3.48626,0.706471,-1.62277,0.919035,0.0399409,-0.0642583,0.386846,-3.53983,0.680602,-1.62694,0.925088,0.039427,-0.062519,0.372071,0.770747,0.372175,0.0599775,-0.0864507,0.00733998,-0.0248404,0.211025
1765976267780600,0,-3.48626,0.706471,-1.62277,0.919035,0.0399409,-0.0642583,0.386846,-3.53983,0.680602,-1.62694,0.925088,0.039427,-0.062519,0.372071,0.770747,0.372175,0.0599775,-0.0864507,0.00733998,-0.0248404,0.211025
1765976267790528,0,-3.47809,0.711017,-1.62202,0.91816,0.0399936,-0.0645004,0.388874,-3.53213,0.684397,-1.62632,0.924218,0.0394982,-0.0627678,0.37418,0.775845,0.382207,0.061802,-0.0876179,0.00716428,-0.0250564,0.212492
1765976267790528,0,-3.47809,0.711017,-1.62202,0.91816,0.0399936,-0.0645004,0.388874,-3.53213,0.684397,-1.62632,0.924218,0.0394982,-0.0627678,0.37418,0.775845,0.382207,0.061802,-0.0876179,0.00716428,-0.0250564,0.212492
1765976267800519,0,-3.46987,0.715668,-1.62125,0.917285,0.0400425,-0.0647349,0.390889,-3.52431,0.688323,-1.62569,0.923347,0.0395666,-0.0630151,0.376281,0.782431,0.392963,0.0637867,-0.0872324,0.0068484,-0.0247493,0.210212
1765976267800519,0,-3.46987,0.715668,-1.62125,0.917285,0.0400425,-0.0647349,0.390889,-3.52431,0.688323,-1.62569,0.923347,0.0395666,-0.0630151,0.376281,0.782431,0.392963,0.0637867,-0.0872324,0.0068484,-0.0247493,0.210212
1765976267810679,0,-3.46159,0.720424,-1.62046,0.916411,0.0400885,-0.0649691,0.39289,-3.5163,0.692421,-1.62502,0.92247,0.0396325,-0.063262,0.378379,0.78826,0.403387,0.0657294,-0.0862566,0.00649066,-0.0243009,0.206566
1765976267810679,0,-3.46159,0.720424,-1.62046,0.916411,0.0400885,-0.0649691,0.39289,-3.5163,0.692421,-1.62502,0.92247,0.0396325,-0.063262,0.378379,0.78826,0.403387,0.0657294,-0.0862566,0.00649066,-0.0243009,0.206566
1765976267820534,0,-3.45325,0.725284,-1.61964,0.915538,0.040132,-0.065189,0.394879,-3.5085,0.696491,-1.62435,0.921604,0.039695,-0.0635028,0.380441,0.792406,0.412969,0.0675943,-0.08791,0.00633318,-0.0244361,0.209233
1765976267820534,0,-3.45325,0.725284,-1.61964,0.915538,0.040132,-0.065189,0.394879,-3.5085,0.696491,-1.62435,0.921604,0.039695,-0.0635028,0.380441,0.792406,0.412969,0.0675943,-0.08791,0.00633318,-0.0244361,0.209233
1765976267830595,0,-3.44485,0.73025,-1.6188,0.914667,0.0401721,-0.0654087,0.396854,-3.50045,0.700759,-1.62365,0.920732,0.0397549,-0.0637423,0.382504,0.799808,0.424217,0.0697649,-0.0866729,0.00596098,-0.0238113,0.205053
1765976267830595,0,-3.44485,0.73025,-1.6188,0.914667,0.0401721,-0.0654087,0.396854,-3.50045,0.700759,-1.62365,0.920732,0.0397549,-0.0637423,0.382504,0.799808,0.424217,0.0697649,-0.0866729,0.00596098,-0.0238113,0.205053
1765976267840570,0,-3.43639,0.73532,-1.61794,0.913796,0.0402084,-0.0656376,0.398813,-3.49242,0.705091,-1.62294,0.919861,0.0398119,-0.0639805,0.384553,0.804911,0.434304,0.0717526,-0.0873664,0.00571136,-0.023871,0.205416
1765976267840570,0,-3.43639,0.73532,-1.61794,0.913796,0.0402084,-0.0656376,0.398813,-3.49242,0.705091,-1.62294,0.919861,0.0398119,-0.0639805,0.384553,0.804911,0.434304,0.0717526,-0.0873664,0.00571136,-0.023871,0.205416
1765976267850513,0,-3.42788,0.740495,-1.61706,0.912927,0.0402413,-0.0658485,0.40076,-3.48436,0.709515,-1.6222,0.918989,0.0398658,-0.0642152,0.386589,0.810978,0.444892,0.0739018,-0.0876116,0.00542552,-0.0236039,0.20478
1765976267850513,0,-3.42788,0.740495,-1.61706,0.912927,0.0402413,-0.0658485,0.40076,-3.48436,0.709515,-1.6222,0.918989,0.0398658,-0.0642152,0.386589,0.810978,0.444892,0.0739018,-0.0876116,0.00542552,-0.0236039,0.20478
1765976267860615,0,-3.41932,0.745775,-1.61615,0.91206,0.0402716,-0.0660555,0.402692,-3.4761,0.714118,-1.62143,0.918118,0.0399169,-0.0644467,0.388616,0.817307,0.455655,0.07609,-0.0863093,0.0050547,-0.0229241,0.200586
1765976267860615,0,-3.41932,0.745775,-1.61615,0.91206,0.0402716,-0.0660555,0.402692,-3.4761,0.714118,-1.62143,0.918118,0.0399169,-0.0644467,0.388616,0.817307,0.455655,0.07609,-0.0863093,0.0050547,-0.0229241,0.200586
1765976267870576,0,-3.41069,0.75116,-1.61521,0.911196,0.0402993,-0.0662499,0.40461,-3.46791,0.718755,-1.62065,0.917249,0.0399649,-0.0646731,0.390623,0.821959,0.46548,0.0781484,-0.0872259,0.0048192,-0.0227227,0.201558
1765976267870576,0,-3.41069,0.75116,-1.61521,0.911196,0.0402993,-0.0662499,0.40461,-3.46791,0.718755,-1.62065,0.917249,0.0399649,-0.0646731,0.390623,0.821959,0.46548,0.0781484,-0.0872259,0.0048192,-0.0227227,0.201558
1765976267880629,0,-3.40201,0.75665,-1.61425,0.910333,0.0403244,-0.066434,0.406515,-3.45959,0.723542,-1.61985,0.916379,0.0400101,-0.0648946,0.392622,0.828121,0.476203,0.0804096,-0.0865343,0.00449755,-0.0220331,0.198839
1765976267880629,0,-3.40201,0.75665,-1.61425,0.910333,0.0403244,-0.066434,0.406515,-3.45959,0.723542,-1.61985,0.916379,0.0400101,-0.0648946,0.392622,0.828121,0.476203,0.0804096,-0.0865343,0.00449755,-0.0220331,0.198839
1765976267890559,0,-3.39327,0.762244,-1.61327,0.909472,0.040347,-0.0666248,0.408403,-3.45131,0.728371,-1.61902,0.915512,0.0400524,-0.0651117,0.394603,0.833289,0.486351,0.0826062,-0.0872761,0.00425764,-0.0218655,0.199429
1765976267890559,0,-3.39327,0.762244,-1.61327,0.909472,0.040347,-0.0666248,0.408403,-3.45131,0.728371,-1.61902,0.915512,0.0400524,-0.0651117,0.394603,0.833289,0.486351,0.0826062,-0.0872761,0.00425764,-0.0218655,0.199429
1765976267900615,0,-3.38448,0.767944,-1.61226,0.908614,0.0403661,-0.0668129,0.410277,-3.44287,0.733372,-1.61817,0.914641,0.040092,-0.0653264,0.396581,0.839847,0.497286,0.0849615,-0.0865737,0.00393682,-0.02135,0.19672
1765976267900615,0,-3.38448,0.767944,-1.61226,0.908614,0.0403661,-0.0668129,0.410277,-3.44287,0.733372,-1.61817,0.914641,0.040092,-0.0653264,0.396581,0.839847,0.497286,0.0849615,-0.0865737,0.00393682,-0.02135,0.19672
1765976267910670,0,-3.37563,0.773749,-1.61123,0.907758,0.0403819,-0.0669985,0.412136,-3.43437,0.738474,-1.61729,0.913775,0.0401285,-0.0655368,0.398538,0.84491,0.507389,0.0871988,-0.0861318,0.00362711,-0.0209224,0.194635
1765976267910670,0,-3.37563,0.773749,-1.61123,0.907758,0.0403819,-0.0669985,0.412136,-3.43437,0.738474,-1.61729,0.913775,0.0401285,-0.0655368,0.398538,0.84491,0.507389,0.0871988,-0.0861318,0.00362711,-0.0209224,0.194635
1765976267920550,0,-3.36673,0.779658,-1.61017,0.906905,0.0403942,-0.0671704,0.413981,-3.42597,0.743587,-1.61641,0.912914,0.0401618,-0.0657417,0.400475,0.850054,0.517541,0.0894794,-0.0872291,0.00337463,-0.020741,0.196062
1765976267920550,0,-3.36673,0.779658,-1.61017,0.906905,0.0403942,-0.0671704,0.413981,-3.42597,0.743587,-1.61641,0.912914,0.0401618,-0.0657417,0.400475,0.850054,0.517541,0.0894794,-0.0872291,0.00337463,-0.020741,0.196062
1765976267930598,0,-3.35777,0.785672,-1.60909,0.906055,0.0404035,-0.0673442,0.415809,-3.41736,0.748901,-1.61549,0.91205,0.0401922,-0.0659435,0.402406,0.857102,0.528861,0.0919933,-0.0859605,0.00302902,-0.0200842,0.192176
1765976267930598,0,-3.35777,0.785672,-1.60909,0.906055,0.0404035,-0.0673442,0.415809,-3.41736,0.748901,-1.61549,0.91205,0.0401922,-0.0659435,0.402406,0.857102,0.528861,0.0919933,-0.0859605,0.00302902,-0.0200842,0.192176
1765976267940755,0,-3.34875,0.791791,-1.60798,0.905208,0.0404096,-0.0675147,0.417622,-3.4086,0.754376,-1.61453,0.911184,0.0402197,-0.0661423,0.404331,0.862199,0.538977,0.0943276,-0.0852316,0.0027075,-0.0195716,0.189532
1765976267940755,0,-3.34875,0.791791,-1.60798,0.905208,0.0404096,-0.0675147,0.417622,-3.4086,0.754376,-1.61453,0.911184,0.0402197,-0.0661423,0.404331,0.862199,0.538977,0.0943276,-0.0852316,0.0027075,-0.0195716,0.189532
1765976267950436,0,-3.33968,0.798015,-1.60684,0.904364,0.0404124,-0.0676646,0.419421,-3.40022,0.759685,-1.61359,0.910338,0.0402436,-0.0663312,0.406203,0.866148,0.548386,0.0965766,-0.0874029,0.00246929,-0.0195096,0.193384
1765976267950436,0,-3.33968,0.798015,-1.60684,0.904364,0.0404124,-0.0676646,0.419421,-3.40022,0.759685,-1.61359,0.910338,0.0402436,-0.0663312,0.406203,0.866148,0.548386,0.0965766,-0.0874029,0.00246929,-0.0195096,0.193384
1765976267960628,0,-3.33055,0.804344,-1.60568,0.903524,0.0404125,-0.0678183,0.421203,-3.3913,0.765404,-1.61258,0.909469,0.0402652,-0.0665208,0.408116,0.875449,0.561203,0.0994307,-0.0852431,0.00211229,-0.0186038,0.187642
1765976267960628,0,-3.33055,0.804344,-1.60568,0.903524,0.0404125,-0.0678183,0.421203,-3.3913,0.765404,-1.61258,0.909469,0.0402652,-0.0665208,0.408116,0.875449,0.561203,0.0994307,-0.0852431,0.00211229,-0.0186038,0.187642
1765976267970571,0,-3.32137,0.810776,-1.60449,0.902688,0.0404077,-0.0679654,0.422969,-3.38256,0.771073,-1.61157,0.908619,0.040283,-0.0667018,0.409977,0.878741,0.570162,0.101645,-0.0854835,0.00179577,-0.0182109,0.187236
1765976267970571,0,-3.32137,0.810776,-1.60449,0.902688,0.0404077,-0.0679654,0.422969,-3.38256,0.771073,-1.61157,0.908619,0.040283,-0.0667018,0.409977,0.878741,0.570162,0.101645,-0.0854835,0.00179577,-0.0182109,0.187236
1765976267980445,0,-3.31213,0.817314,-1.60327,0.901857,0.0403976,-0.068068,0.424722,-3.37382,0.776811,-1.61054,0.90778,0.0402973,-0.0668715,0.411808,0.885003,0.581076,0.104239,-0.0850486,0.00144047,-0.0171815,0.18543
1765976267980445,0,-3.31213,0.817314,-1.60327,0.901857,0.0403976,-0.068068,0.424722,-3.37382,0.776811,-1.61054,0.90778,0.0402973,-0.0668715,0.411808,0.885003,0.581076,0.104239,-0.0850486,0.00144047,-0.0171815,0.18543
1765976267990464,0,-3.30284,0.823956,-1.60203,0.90103,0.0403872,-0.0681799,0.426457,-3.36488,0.782747,-1.60947,0.906931,0.0403086,-0.0670359,0.41365,0.891946,0.592441,0.10693,-0.0846744,0.00112811,-0.0164137,0.183767
1765976267990464,0,-3.30284,0.823956,-1.60203,0.90103,0.0403872,-0.0681799,0.426457,-3.36488,0.782747,-1.60947,0.906931,0.0403086,-0.0670359,0.41365,0.891946,0.592441,0.10693,-0.0846744,0.00112811,-0.0164137,0.183767
1765976268000439,0,-3.29349,0.830701,-1.60076,0.900207,0.0403728,-0.0682743,0.428177,-3.35593,0.788758,-1.60838,0.906086,0.0403166,-0.0671915,0.415475,0.897099,0.602619,0.109422,-0.0846894,0.00080892,-0.015598,0.182976
1765976268000439,0,-3.29349,0.830701,-1.60076,0.900207,0.0403728,-0.0682743,0.428177,-3.35593,0.788758,-1.60838,0.906086,0.0403166,-0.0671915,0.415475,0.897099,0.602619,0.109422,-0.0846894,0.00080892,-0.015598,0.182976
1765976268010573,0,-3.28409,0.837551,-1.59946,0.89939,0.0403544,-0.0683419,0.429882,-3.34679,0.794972,-1.60724,0.905236,0.0403214,-0.0673375,0.417303,0.902763,0.613162,0.112034,-0.0838664,0.000473105,-0.0144071,0.18044
1765976268010573,0,-3.28409,0.837551,-1.59946,0.89939,0.0403544,-0.0683419,0.429882,-3.34679,0.794972,-1.60724,0.905236,0.0403214,-0.0673375,0.417303,0.902763,0.613162,0.112034,-0.0838664,0.000473105,-0.0144071,0.18044
1765976268020465,0,-3.27464,0.844505,-1.59814,0.898577,0.0403341,-0.0684036,0.431571,-3.33782,0.801129,-1.60611,0.904407,0.040323,-0.0674703,0.41908,0.906603,0.622456,0.114413,-0.0838092,0.0001593,-0.0134174,0.179564
1765976268020465,0,-3.27464,0.844505,-1.59814,0.898577,0.0403341,-0.0684036,0.431571,-3.33782,0.801129,-1.60611,0.904407,0.040323,-0.0674703,0.41908,0.906603,0.622456,0.114413,-0.0838092,0.0001593,-0.0134174,0.179564
1765976268030463,0,-3.26513,0.851563,-1.59678,0.897768,0.0403125,-0.0684753,0.433242,-3.32869,0.807465,-1.60494,0.903573,0.0403217,-0.0675966,0.420859,0.913373,0.633772,0.117182,-0.0834572,-0.000132274,-0.0126328,0.178027
1765976268030463,0,-3.26513,0.851563,-1.59678,0.897768,0.0403125,-0.0684753,0.433242,-3.32869,0.807465,-1.60494,0.903573,0.0403217,-0.0675966,0.420859,0.913373,0.633772,0.117182,-0.0834572,-0.000132274,-0.0126328,0.178027
1765976268040580,0,-3.25557,0.858724,-1.5954,0.896962,0.0402897,-0.0685688,0.434896,-3.31939,0.813982,-1.60373,0.902735,0.0403176,-0.0677198,0.422639,0.918749,0.644133,0.119798,-0.082835,-0.000400992,-0.012183,0.175886
1765976268040580,0,-3.25557,0.858724,-1.5954,0.896962,0.0402897,-0.0685688,0.434896,-3.31939,0.813982,-1.60373,0.902735,0.0403176,-0.0677198,0.422639,0.918749,0.644133,0.119798,-0.082835,-0.000400992,-0.012183,0.175886
1765976268050553,0,-3.24596,0.865988,-1.594,0.896161,0.0402621,-0.0686513,0.436534,-3.31019,0.8205,-1.60251,0.901909,0.0403106,-0.0678368,0.424384,0.922787,0.653529,0.122269,-0.0828118,-0.000698889,-0.0117328,0.175028
1765976268050553,0,-3.24596,0.865988,-1.594,0.896161,0.0402621,-0.0686513,0.436534,-3.31019,0.8205,-1.60251,0.901909,0.0403106,-0.0678368,0.424384,0.922787,0.653529,0.122269,-0.0828118,-0.000698889,-0.0117328,0.175028
1765976268060495,0,-3.23629,0.873356,-1.59256,0.895364,0.0402328,-0.0687398,0.438154,-3.30096,0.827103,-1.60126,0.901093,0.0403009,-0.0679494,0.426101,0.92859,0.664212,0.124977,-0.0820448,-0.000975725,-0.0113198,0.172621
1765976268060495,0,-3.23629,0.873356,-1.59256,0.895364,0.0402328,-0.0687398,0.438154,-3.30096,0.827103,-1.60126,0.901093,0.0403009,-0.0679494,0.426101,0.92859,0.664212,0.124977,-0.0820448,-0.000975725,-0.0113198,0.172621
1765976268070568,0,-3.22657,0.880827,-1.5911,0.894571,0.040203,-0.0688491,0.439757,-3.29154,0.833904,-1.59998,0.900265,0.0402885,-0.0680636,0.427835,0.934715,0.675107,0.127754,-0.0822145,-0.00123449,-0.0113419,0.172142
1765976268070568,0,-3.22657,0.880827,-1.5911,0.894571,0.040203,-0.0688491,0.439757,-3.29154,0.833904,-1.59998,0.900265,0.0402885,-0.0680636,0.427835,0.934715,0.675107,0.127754,-0.0822145,-0.00123449,-0.0113419,0.172142
1765976268080470,0,-3.2168,0.8884,-1.58961,0.893783,0.040169,-0.0689516,0.441343,-3.28224,0.840685,-1.59869,0.89946,0.0402737,-0.068174,0.429513,0.939155,0.684821,0.130321,-0.081359,-0.00149997,-0.0111458,0.169547
1765976268080470,0,-3.2168,0.8884,-1.58961,0.893783,0.040169,-0.0689516,0.441343,-3.28224,0.840685,-1.59869,0.89946,0.0402737,-0.068174,0.429513,0.939155,0.684821,0.130321,-0.081359,-0.00149997,-0.0111458,0.169547
1765976268090477,0,-3.20698,0.896076,-1.58809,0.893001,0.0401318,-0.0690432,0.442913,-3.27278,0.84765,-1.59735,0.898648,0.0402558,-0.0682832,0.431198,0.945764,0.696071,0.133195,-0.0811247,-0.00178242,-0.0109179,0.168304
1765976268090477,0,-3.20698,0.896076,-1.58809,0.893001,0.0401318,-0.0690432,0.442913,-3.27278,0.84765,-1.59735,0.898648,0.0402558,-0.0682832,0.431198,0.945764,0.696071,0.133195,-0.0811247,-0.00178242,-0.0109179,0.168304
1765976268100456,0,-3.19711,0.903855,-1.58654,0.892224,0.040092,-0.0691306,0.444467,-3.26329,0.854698,-1.596,0.897839,0.0402352,-0.0683898,0.432867,0.950903,0.706284,0.135886,-0.0810059,-0.00206629,-0.0106842,0.16731
1765976268100456,0,-3.19711,0.903855,-1.58654,0.892224,0.040092,-0.0691306,0.444467,-3.26329,0.854698,-1.596,0.897839,0.0402352,-0.0683898,0.432867,0.950903,0.706284,0.135886,-0.0810059,-0.00206629,-0.0106842,0.16731
1765976268110461,0,-3.18718,0.911736,-1.58497,0.891453,0.040048,-0.0691945,0.446004,-3.25372,0.86187,-1.59461,0.897038,0.0402117,-0.0684908,0.434515,0.956415,0.716757,0.138619,-0.0800686,-0.00234613,-0.010089,0.164707
1765976268110461,0,-3.18718,0.911736,-1.58497,0.891453,0.040048,-0.0691945,0.446004,-3.25372,0.86187,-1.59461,0.897038,0.0402117,-0.0684908,0.434515,0.956415,0.716757,0.138619,-0.0800686,-0.00234613,-0.010089,0.164707
1765976268120406,0,-3.1772,0.919719,-1.58336,0.890688,0.0400017,-0.0692468,0.447526,-3.24416,0.869099,-1.5932,0.896241,0.0401854,-0.0685857,0.436149,0.961538,0.726955,0.141361,-0.0801921,-0.00265172,-0.00954753,0.164301
1765976268120406,0,-3.1772,0.919719,-1.58336,0.890688,0.0400017,-0.0692468,0.447526,-3.24416,0.869099,-1.5932,0.896241,0.0401854,-0.0685857,0.436149,0.961538,0.726955,0.141361,-0.0801921,-0.00265172,-0.00954753,0.164301
1765976268130405,0,-3.16717,0.927804,-1.58173,0.88993,0.0399531,-0.0692903,0.44903,-3.23448,0.876475,-1.59176,0.895448,0.0401562,-0.0686743,0.437768,0.967409,0.737711,0.144162,-0.0793119,-0.00291868,-0.00885441,0.16187
1765976268130405,0,-3.16717,0.927804,-1.58173,0.88993,0.0399531,-0.0692903,0.44903,-3.23448,0.876475,-1.59176,0.895448,0.0401562,-0.0686743,0.437768,0.967409,0.737711,0.144162,-0.0793119,-0.00291868,-0.00885441,0.16187
1765976268140450,0,-3.15709,0.935991,-1.58007,0.889177,0.0399022,-0.0693269,0.450518,-3.22471,0.883988,-1.59029,0.894659,0.0401242,-0.0687563,0.439371,0.97252,0.747891,0.146896,-0.0784977,-0.00317901,-0.00816931,0.1596
1765976268140450,0,-3.15709,0.935991,-1.58007,0.889177,0.0399022,-0.0693269,0.450518,-3.22471,0.883988,-1.59029,0.894659,0.0401242,-0.0687563,0.439371,0.97252,0.747891,0.146896,-0.0784977,-0.00317901,-0.00816931,0.1596
1765976268150384,0,-3.14696,0.944279,-1.57839,0.88843,0.0398485,-0.0693515,0.451989,-3.21501,0.891514,-1.5888,0.893877,0.0400896,-0.0688311,0.440955,0.977075,0.757634,0.149546,-0.0787209,-0.00348529,-0.00752183,0.15947
1765976268150384,0,-3.14696,0.944279,-1.57839,0.88843,0.0398485,-0.0693515,0.451989,-3.21501,0.891514,-1.5888,0.893877,0.0400896,-0.0688311,0.440955,0.977075,0.757634,0.149546,-0.0787209,-0.00348529,-0.00752183,0.15947
1765976268160417,0,-3.13678,0.952668,-1.57667,0.88769,0.0397938,-0.0693776,0.453442,-3.20515,0.899225,-1.58727,0.8931,0.0400524,-0.0688998,0.442525,0.983022,0.76848,0.152419,-0.0775104,-0.00370598,-0.00684684,0.156432
1765976268160417,0,-3.13678,0.952668,-1.57667,0.88769,0.0397938,-0.0693776,0.453442,-3.20515,0.899225,-1.58727,0.8931,0.0400524,-0.0688998,0.442525,0.983022,0.76848,0.152419,-0.0775104,-0.00370598,-0.00684684,0.156432
1765976268170448,0,-3.12655,0.961158,-1.57493,0.886955,0.0397381,-0.0694093,0.454878,-3.19524,0.907031,-1.58572,0.892327,0.0400129,-0.0689638,0.444078,0.987687,0.778271,0.155111,-0.0770564,-0.00394143,-0.00638918,0.154909
1765976268170448,0,-3.12655,0.961158,-1.57493,0.886955,0.0397381,-0.0694093,0.454878,-3.19524,0.907031,-1.58572,0.892327,0.0400129,-0.0689638,0.444078,0.987687,0.778271,0.155111,-0.0770564,-0.00394143,-0.00638918,0.154909
1765976268180487,0,-3.11627,0.969748,-1.57316,0.886227,0.03968,-0.0694346,0.456296,-3.18528,0.914943,-1.58413,0.891557,0.0399709,-0.0690233,0.44562,0.992362,0.788118,0.157802,-0.0766922,-0.0041858,-0.00591801,0.153607
1765976268180487,0,-3.11627,0.969748,-1.57316,0.886227,0.03968,-0.0694346,0.456296,-3.18528,0.914943,-1.58413,0.891557,0.0399709,-0.0690233,0.44562,0.992362,0.788118,0.157802,-0.0766922,-0.0041858,-0.00591801,0.153607
1765976268190538,0,-3.10594,0.978439,-1.57136,0.885504,0.0396219,-0.0694681,0.457697,-3.17525,0.922963,-1.58252,0.890794,0.0399269,-0.0690793,0.447142,0.996989,0.797905,0.160484,-0.0758772,-0.00437539,-0.00557811,0.151404
1765976268190538,0,-3.10594,0.978439,-1.57136,0.885504,0.0396219,-0.0694681,0.457697,-3.17525,0.922963,-1.58252,0.890794,0.0399269,-0.0690793,0.447142,0.996989,0.797905,0.160484,-0.0758772,-0.00437539,-0.00557811,0.151404
1765976268200461,0,-3.09556,0.98723,-1.56954,0.884788,0.0395638,-0.069515,0.459079,-3.16532,0.930977,-1.5809,0.890045,0.0398816,-0.0691337,0.448631,1.00149,0.807597,0.163142,-0.0755104,-0.00456398,-0.00547737,0.15006
1765976268200461,0,-3.09556,0.98723,-1.56954,0.884788,0.0395638,-0.069515,0.459079,-3.16532,0.930977,-1.5809,0.890045,0.0398816,-0.0691337,0.448631,1.00149,0.807597,0.163142,-0.0755104,-0.00456398,-0.00547737,0.15006
1765976268210497,0,-3.08513,0.99612,-1.56768,0.884076,0.0395062,-0.0695779,0.460442,-3.1552,0.939192,-1.57923,0.889294,0.0398344,-0.0691896,0.450118,1.00767,0.81862,0.166081,-0.0748503,-0.0047071,-0.0055716,0.14813
1765976268210497,0,-3.08513,0.99612,-1.56768,0.884076,0.0395062,-0.0695779,0.460442,-3.1552,0.939192,-1.57923,0.889294,0.0398344,-0.0691896,0.450118,1.00767,0.81862,0.166081,-0.0748503,-0.0047071,-0.0055716,0.14813
1765976268220470,0,-3.07465,1.00511,-1.5658,0.883372,0.039447,-0.0696437,0.461788,-3.14511,0.947454,-1.57755,0.88855,0.0397858,-0.0692466,0.451583,1.01225,0.828351,0.168767,-0.0745222,-0.00487504,-0.00571513,0.146863
1765976268220470,0,-3.07465,1.00511,-1.5658,0.883372,0.039447,-0.0696437,0.461788,-3.14511,0.947454,-1.57755,0.88855,0.0397858,-0.0692466,0.451583,1.01225,0.828351,0.168767,-0.0745222,-0.00487504,-0.00571513,0.146863
1765976268230460,0,-3.06413,1.0142,-1.5639,0.882675,0.0393829,-0.0696882,0.463118,-3.13494,0.955833,-1.57584,0.887812,0.0397351,-0.0693021,0.453032,1.01766,0.838761,0.171571,-0.0739002,-0.00506662,-0.005554,0.145071
1765976268230460,0,-3.06413,1.0142,-1.5639,0.882675,0.0393829,-0.0696882,0.463118,-3.13494,0.955833,-1.57584,0.887812,0.0397351,-0.0693021,0.453032,1.01766,0.838761,0.171571,-0.0739002,-0.00506662,-0.005554,0.145071
1765976268240547,0,-3.05355,1.02339,-1.56196,0.881985,0.0393168,-0.0697228,0.46443,-3.12463,0.964396,-1.57408,0.887074,0.0396821,-0.0693554,0.454476,1.02281,0.848936,0.174329,-0.0732014,-0.00525574,-0.00528565,0.143188
1765976268240547,0,-3.05355,1.02339,-1.56196,0.881985,0.0393168,-0.0697228,0.46443,-3.12463,0.964396,-1.57408,0.887074,0.0396821,-0.0693554,0.454476,1.02281,0.848936,0.174329,-0.0732014,-0.00525574,-0.00528565,0.143188
1765976268250448,0,-3.04293,1.03268,-1.56,0.881303,0.0392485,-0.0697428,0.465725,-3.11446,0.972892,-1.57233,0.886355,0.0396281,-0.0694036,0.455878,1.02664,0.85804,0.176894,-0.072614,-0.00545606,-0.00487475,0.141544
1765976268250448,0,-3.04293,1.03268,-1.56,0.881303,0.0392485,-0.0697428,0.465725,-3.11446,0.972892,-1.57233,0.886355,0.0396281,-0.0694036,0.455878,1.02664,0.85804,0.176894,-0.072614,-0.00545606,-0.00487475,0.141544
1765976268260485,0,-3.03226,1.04206,-1.55801,0.880629,0.0391802,-0.0697602,0.467003,-3.10409,0.981616,-1.57052,0.885635,0.0395718,-0.0694485,0.457276,1.03301,0.869235,0.179865,-0.0717132,-0.00560928,-0.00446575,0.139326
1765976268260485,0,-3.03226,1.04206,-1.55801,0.880629,0.0391802,-0.0697602,0.467003,-3.10409,0.981616,-1.57052,0.885635,0.0395718,-0.0694485,0.457276,1.03301,0.869235,0.179865,-0.0717132,-0.00560928,-0.00446575,0.139326
1765976268270558,0,-3.02154,1.05155,-1.556,0.879961,0.0391118,-0.0697804,0.468262,-3.09364,0.990468,-1.56868,0.884922,0.039514,-0.0694902,0.458656,1.03742,0.878779,0.182489,-0.0707469,-0.00573531,-0.00413839,0.136979
1765976268270558,0,-3.02154,1.05155,-1.556,0.879961,0.0391118,-0.0697804,0.468262,-3.09364,0.990468,-1.56868,0.884922,0.039514,-0.0694902,0.458656,1.03742,0.878779,0.182489,-0.0707469,-0.00573531,-0.00413839,0.136979
1765976268280537,0,-3.01077,1.06113,-1.55396,0.879301,0.0390406,-0.0697818,0.469506,-3.08325,0.999329,-1.56684,0.884212,0.0394542,-0.069527,0.460028,1.04141,0.887953,0.185044,-0.0712341,-0.00599989,-0.00369505,0.137487
1765976268280537,0,-3.01077,1.06113,-1.55396,0.879301,0.0390406,-0.0697818,0.469506,-3.08325,0.999329,-1.56684,0.884212,0.0394542,-0.069527,0.460028,1.04141,0.887953,0.185044,-0.0712341,-0.00599989,-0.00369505,0.137487
1765976268290619,0,-2.99996,1.07081,-1.55189,0.878648,0.0389722,-0.069793,0.470731,-3.0727,1.00839,-1.56494,0.883516,0.0393939,-0.0695603,0.461365,1.04668,0.898255,0.187812,-0.0689456,-0.00597258,-0.00329593,0.132641
1765976268290619,0,-2.99996,1.07081,-1.55189,0.878648,0.0389722,-0.069793,0.470731,-3.0727,1.00839,-1.56494,0.883516,0.0393939,-0.0695603,0.461365,1.04668,0.898255,0.187812,-0.0689456,-0.00597258,-0.00329593,0.132641
1765976268300592,0,-2.9891,1.08059,-1.5498,0.878002,0.0389062,-0.069818,0.471937,-3.06222,1.01743,-1.56305,0.882824,0.0393327,-0.0695926,0.462693,1.05057,0.90732,0.190319,-0.069478,-0.00614507,-0.00324679,0.133186
1765976268300592,0,-2.9891,1.08059,-1.5498,0.878002,0.0389062,-0.069818,0.471937,-3.06222,1.01743,-1.56305,0.882824,0.0393327,-0.0695926,0.462693,1.05057,0.90732,0.190319,-0.069478,-0.00614507,-0.00324679,0.133186
1765976268310526,0,-2.97819,1.09046,-1.54768,0.877362,0.0388389,-0.0698436,0.473126,-3.05173,1.02655,-1.56113,0.882137,0.0392706,-0.0696242,0.464005,1.05594,0.917698,0.193094,-0.0691148,-0.00624869,-0.00317703,0.132043
1765976268310526,0,-2.97819,1.09046,-1.54768,0.877362,0.0388389,-0.0698436,0.473126,-3.05173,1.02655,-1.56113,0.882137,0.0392706,-0.0696242,0.464005,1.05594,0.917698,0.193094,-0.0691148,-0.00624869,-0.00317703,0.132043
1765976268320469,0,-2.96724,1.10043,-1.54553,0.876731,0.0387711,-0.0698731,0.474297,-3.04117,1.03578,-1.55918,0.881458,0.0392079,-0.0696554,0.465297,1.06179,0.928437,0.195953,-0.0682669,-0.00630785,-0.00314269,0.129958
1765976268320469,0,-2.96724,1.10043,-1.54553,0.876731,0.0387711,-0.0698731,0.474297,-3.04117,1.03578,-1.55918,0.881458,0.0392079,-0.0696554,0.465297,1.06179,0.928437,0.195953,-0.0682669,-0.00630785,-0.00314269,0.129958
1765976268330550,0,-2.95624,1.1105,-1.54336,0.876108,0.038697,-0.0698765,0.475451,-3.03041,1.04525,-1.55718,0.880786,0.0391436,-0.0696832,0.466574,1.06734,0.938952,0.198733,-0.0667116,-0.00637043,-0.00275748,0.126627
1765976268330550,0,-2.95624,1.1105,-1.54336,0.876108,0.038697,-0.0698765,0.475451,-3.03041,1.04525,-1.55718,0.880786,0.0391436,-0.0696832,0.466574,1.06734,0.938952,0.198733,-0.0667116,-0.00637043,-0.00275748,0.126627
1765976268340603,0,-2.94519,1.12066,-1.54117,0.875496,0.0386175,-0.0698434,0.476589,-3.01965,1.05477,-1.55515,0.880121,0.0390775,-0.0697034,0.467832,1.07095,0.947722,0.201149,-0.0661207,-0.00657605,-0.00200179,0.125198
1765976268340603,0,-2.94519,1.12066,-1.54117,0.875496,0.0386175,-0.0698434,0.476589,-3.01965,1.05477,-1.55515,0.880121,0.0390775,-0.0697034,0.467832,1.07095,0.947722,0.201149,-0.0661207,-0.00657605,-0.00200179,0.125198
1765976268350543,0,-2.9341,1.13092,-1.53895,0.874893,0.0385356,-0.0697884,0.477711,-3.00896,1.06429,-1.55313,0.879465,0.0390095,-0.069714,0.469073,1.07507,0.956924,0.203651,-0.0660448,-0.00684606,-0.00107411,0.124789
1765976268350543,0,-2.9341,1.13092,-1.53895,0.874893,0.0385356,-0.0697884,0.477711,-3.00896,1.06429,-1.55313,0.879465,0.0390095,-0.069714,0.469073,1.07507,0.956924,0.203651,-0.0660448,-0.00684606,-0.00107411,0.124789
1765976268360641,0,-2.92296,1.14128,-1.5367,0.874296,0.0384572,-0.0697469,0.478813,-2.99805,1.07406,-1.55104,0.878814,0.03894,-0.0697182,0.470299,1.0807,0.967534,0.206415,-0.0644094,-0.00688245,-0.000409494,0.121387
1765976268360641,0,-2.92296,1.14128,-1.5367,0.874296,0.0384572,-0.0697469,0.478813,-2.99805,1.07406,-1.55104,0.878814,0.03894,-0.0697182,0.470299,1.0807,0.967534,0.206415,-0.0644094,-0.00688245,-0.000409494,0.121387
1765976268370586,0,-2.91178,1.15173,-1.53443,0.873708,0.0383799,-0.0697129,0.479898,-2.98727,1.08376,-1.54897,0.878173,0.0388696,-0.0697175,0.471504,1.08414,0.97609,0.208751,-0.0644833,-0.00707225,6.74261e-05,0.12122
1765976268370586,0,-2.91178,1.15173,-1.53443,0.873708,0.0383799,-0.0697129,0.479898,-2.98727,1.08376,-1.54897,0.878173,0.0388696,-0.0697175,0.471504,1.08414,0.97609,0.208751,-0.0644833,-0.00707225,6.74261e-05,0.12122
1765976268380589,0,-2.90055,1.16228,-1.53214,0.873128,0.0383017,-0.0696751,0.480964,-2.97637,1.09363,-1.54685,0.877539,0.0387983,-0.0697122,0.472693,1.08972,0.986626,0.211473,-0.0633944,-0.00713626,0.000532557,0.118867
1765976268380589,0,-2.90055,1.16228,-1.53214,0.873128,0.0383017,-0.0696751,0.480964,-2.97637,1.09363,-1.54685,0.877539,0.0387983,-0.0697122,0.472693,1.08972,0.986626,0.211473,-0.0633944,-0.00713626,0.000532557,0.118867
1765976268390633,0,-2.88928,1.17292,-1.52982,0.872555,0.0382246,-0.0696447,0.482012,-2.96537,1.10364,-1.5447,0.876912,0.0387261,-0.0697037,0.473865,1.09441,0.996307,0.213993,-0.0623819,-0.00718168,0.000845645,0.116669
1765976268390633,0,-2.88928,1.17292,-1.52982,0.872555,0.0382246,-0.0696447,0.482012,-2.96537,1.10364,-1.5447,0.876912,0.0387261,-0.0697037,0.473865,1.09441,0.996307,0.213993,-0.0623819,-0.00718168,0.000845645,0.116669
1765976268400548,0,-2.87796,1.18365,-1.52748,0.871992,0.0381447,-0.0695995,0.483043,-2.95448,1.11361,-1.54256,0.876294,0.0386531,-0.0696906,0.475018,1.0985,1.00545,0.216404,-0.0623219,-0.00736529,0.00132029,0.116258
1765976268400548,0,-2.87796,1.18365,-1.52748,0.871992,0.0381447,-0.0695995,0.483043,-2.95448,1.11361,-1.54256,0.876294,0.0386531,-0.0696906,0.475018,1.0985,1.00545,0.216404,-0.0623219,-0.00736529,0.00132029,0.116258
1765976268410595,0,-2.8666,1.19448,-1.52512,0.871437,0.0380646,-0.069549,0.484057,-2.94339,1.12382,-1.54036,0.875678,0.0385785,-0.0696726,0.476164,1.10441,1.01625,0.219126,-0.0613014,-0.00742833,0.00178719,0.114101
1765976268410595,0,-2.8666,1.19448,-1.52512,0.871437,0.0380646,-0.069549,0.484057,-2.94339,1.12382,-1.54036,0.875678,0.0385785,-0.0696726,0.476164,1.10441,1.01625,0.219126,-0.0613014,-0.00742833,0.00178719,0.114101
1765976268420535,0,-2.85519,1.2054,-1.52273,0.870892,0.0379827,-0.0694887,0.485053,-2.93237,1.13401,-1.53816,0.875079,0.0385039,-0.0696496,0.477277,1.10831,1.02519,0.221461,-0.0603002,-0.00750567,0.00231763,0.111975
1765976268420535,0,-2.85519,1.2054,-1.52273,0.870892,0.0379827,-0.0694887,0.485053,-2.93237,1.13401,-1.53816,0.875079,0.0385039,-0.0696496,0.477277,1.10831,1.02519,0.221461,-0.0603002,-0.00750567,0.00231763,0.111975
1765976268430474,0,-2.84374,1.21642,-1.52033,0.870356,0.0378943,-0.0693987,0.486033,-2.9213,1.1443,-1.53593,0.874488,0.0384276,-0.0696182,0.478372,1.11372,1.03555,0.224062,-0.0594187,-0.00766872,0.0031567,0.110163
1765976268430474,0,-2.84374,1.21642,-1.52033,0.870356,0.0378943,-0.0693987,0.486033,-2.9213,1.1443,-1.53593,0.874488,0.0384276,-0.0696182,0.478372,1.11372,1.03555,0.224062,-0.0594187,-0.00766872,0.0031567,0.110163
1765976268440502,0,-2.83225,1.22752,-1.5179,0.86983,0.037804,-0.069297,0.486995,-2.91008,1.15479,-1.53366,0.873903,0.0383492,-0.0695779,0.479456,1.11903,1.04579,0.226602,-0.0583921,-0.00781835,0.00402694,0.108103
1765976268440502,0,-2.83225,1.22752,-1.5179,0.86983,0.037804,-0.069297,0.486995,-2.91008,1.15479,-1.53366,0.873903,0.0383492,-0.0695779,0.479456,1.11903,1.04579,0.226602,-0.0583921,-0.00781835,0.00402694,0.108103
1765976268450473,0,-2.82071,1.23872,-1.51544,0.869315,0.0377083,-0.0691682,0.487941,-2.89888,1.16531,-1.53137,0.873327,0.0382688,-0.0695264,0.480521,1.12297,1.05475,0.228854,-0.0577515,-0.00806742,0.0051566,0.106802
1765976268450473,0,-2.82071,1.23872,-1.51544,0.869315,0.0377083,-0.0691682,0.487941,-2.89888,1.16531,-1.53137,0.873327,0.0382688,-0.0695264,0.480521,1.12297,1.05475,0.228854,-0.0577515,-0.00806742,0.0051566,0.106802
1765976268460604,0,-2.80914,1.25001,-1.51297,0.868809,0.0376096,-0.0690203,0.488869,-2.88746,1.17609,-1.52903,0.872753,0.0381851,-0.0694622,0.481581,1.12775,1.06448,0.231276,-0.0566159,-0.00826028,0.0063423,0.104607
1765976268460604,0,-2.80914,1.25001,-1.51297,0.868809,0.0376096,-0.0690203,0.488869,-2.88746,1.17609,-1.52903,0.872753,0.0381851,-0.0694622,0.481581,1.12775,1.06448,0.231276,-0.0566159,-0.00826028,0.0063423,0.104607
1765976268470451,0,-2.79752,1.2614,-1.51048,0.868311,0.0375118,-0.0688736,0.48978,-2.87633,1.18665,-1.52674,0.872201,0.0381014,-0.069389,0.4826,1.13021,1.07201,0.233152,-0.0560757,-0.00849965,0.00743015,0.103508
1765976268470451,0,-2.79752,1.2614,-1.51048,0.868311,0.0375118,-0.0688736,0.48978,-2.87633,1.18665,-1.52674,0.872201,0.0381014,-0.069389,0.4826,1.13021,1.07201,0.233152,-0.0560757,-0.00849965,0.00743015,0.103508
1765976268480490,0,-2.78585,1.27287,-1.50796,0.867822,0.0374176,-0.068742,0.490672,-2.86491,1.19752,-1.52437,0.87165,0.0380153,-0.0693076,0.483616,1.1369,1.08354,0.235901,-0.0549082,-0.00857422,0.00811333,0.101219
1765976268480490,0,-2.78585,1.27287,-1.50796,0.867822,0.0374176,-0.068742,0.490672,-2.86491,1.19752,-1.52437,0.87165,0.0380153,-0.0693076,0.483616,1.1369,1.08354,0.235901,-0.0549082,-0.00857422,0.00811333,0.101219
1765976268490487,0,-2.77415,1.28444,-1.50543,0.86734,0.037328,-0.0686333,0.491546,-2.85351,1.20844,-1.52199,0.871109,0.037929,-0.0692229,0.484612,1.14056,1.09215,0.237989,-0.0541611,-0.00863744,0.00847236,0.0996471
1765976268490487,0,-2.77415,1.28444,-1.50543,0.86734,0.037328,-0.0686333,0.491546,-2.85351,1.20844,-1.52199,0.871109,0.037929,-0.0692229,0.484612,1.14056,1.09215,0.237989,-0.0541611,-0.00863744,0.00847236,0.0996471
1765976268500532,0,-2.76241,1.29609,-1.50288,0.866868,0.0372331,-0.0685009,0.492403,-2.84201,1.21951,-1.51958,0.870572,0.0378409,-0.0691315,0.485598,1.14484,1.10141,0.240175,-0.0534217,-0.00876751,0.00909646,0.0981533
1765976268500532,0,-2.76241,1.29609,-1.50288,0.866868,0.0372331,-0.0685009,0.492403,-2.84201,1.21951,-1.51958,0.870572,0.0378409,-0.0691315,0.485598,1.14484,1.10141,0.240175,-0.0534217,-0.00876751,0.00909646,0.0981533
1765976268510428,0,-2.75062,1.30783,-1.5003,0.866405,0.0371393,-0.0683707,0.493243,-2.83065,1.23049,-1.51718,0.870053,0.0377535,-0.0690367,0.486551,1.14841,1.10995,0.242177,-0.0524673,-0.00883514,0.0095805,0.0962673
1765976268510428,0,-2.75062,1.30783,-1.5003,0.866405,0.0371393,-0.0683707,0.493243,-2.83065,1.23049,-1.51718,0.870053,0.0377535,-0.0690367,0.486551,1.14841,1.10995,0.242177,-0.0524673,-0.00883514,0.0095805,0.0962673
1765976268520467,0,-2.7388,1.31967,-1.49771,0.86595,0.0370482,-0.068251,0.494065,-2.81906,1.24174,-1.51472,0.869537,0.0376648,-0.0689379,0.487495,1.15421,1.12062,0.244641,-0.0513755,-0.00883175,0.00983812,0.0940796
1765976268520467,0,-2.7388,1.31967,-1.49771,0.86595,0.0370482,-0.068251,0.494065,-2.81906,1.24174,-1.51472,0.869537,0.0376648,-0.0689379,0.487495,1.15421,1.12062,0.244641,-0.0513755,-0.00883175,0.00983812,0.0940796
1765976268530465,0,-2.72693,1.33159,-1.4951,0.865503,0.0369579,-0.0681353,0.494869,-2.80748,1.25303,-1.51226,0.86903,0.037576,-0.068837,0.488422,1.15773,1.12904,0.246562,-0.0507158,-0.00888771,0.0100916,0.0927097
1765976268530465,0,-2.72693,1.33159,-1.4951,0.865503,0.0369579,-0.0681353,0.494869,-2.80748,1.25303,-1.51226,0.86903,0.037576,-0.068837,0.488422,1.15773,1.12904,0.246562,-0.0507158,-0.00888771,0.0100916,0.0927097
1765976268540488,0,-2.71503,1.3436,-1.49247,0.865067,0.0368638,-0.0680001,0.495658,-2.79584,1.26444,-1.50977,0.868531,0.0374864,-0.0687317,0.489332,1.16186,1.13813,0.248599,-0.0497389,-0.00893765,0.0105043,0.0908015
1765976268540488,0,-2.71503,1.3436,-1.49247,0.865067,0.0368638,-0.0680001,0.495658,-2.79584,1.26444,-1.50977,0.868531,0.0374864,-0.0687317,0.489332,1.16186,1.13813,0.248599,-0.0497389,-0.00893765,0.0105043,0.0908015
1765976268550435,0,-2.70308,1.35569,-1.48983,0.864639,0.0367716,-0.0678691,0.496429,-2.78424,1.27584,-1.50727,0.868043,0.0373967,-0.0686235,0.490222,1.16561,1.14679,0.250523,-0.0490883,-0.00901343,0.0108774,0.0894819
1765976268550435,0,-2.70308,1.35569,-1.48983,0.864639,0.0367716,-0.0678691,0.496429,-2.78424,1.27584,-1.50727,0.868043,0.0373967,-0.0686235,0.490222,1.16561,1.14679,0.250523,-0.0490883,-0.00901343,0.0108774,0.0894819
1765976268560477,0,-2.6911,1.36788,-1.48717,0.864219,0.0366811,-0.0677456,0.497183,-2.77249,1.28746,-1.50474,0.867562,0.0373067,-0.0685131,0.491098,1.17049,1.15656,0.252664,-0.0478938,-0.0089634,0.0109971,0.0871752
1765976268560477,0,-2.6911,1.36788,-1.48717,0.864219,0.0366811,-0.0677456,0.497183,-2.77249,1.28746,-1.50474,0.867562,0.0373067,-0.0685131,0.491098,1.17049,1.15656,0.252664,-0.0478938,-0.0089634,0.0109971,0.0871752
1765976268570400,0,-2.67908,1.38015,-1.48449,0.863808,0.0365916,-0.0676259,0.497919,-2.76084,1.29902,-1.50221,0.867091,0.037217,-0.0684018,0.491954,1.17386,1.16482,0.25442,-0.0474771,-0.00904311,0.011219,0.0862655
1765976268570400,0,-2.67908,1.38015,-1.48449,0.863808,0.0365916,-0.0676259,0.497919,-2.76084,1.29902,-1.50221,0.867091,0.037217,-0.0684018,0.491954,1.17386,1.16482,0.25442,-0.0474771,-0.00904311,0.011219,0.0862655
1765976268580566,0,-2.66702,1.39251,-1.4818,0.863406,0.036501,-0.0675002,0.49864,-2.74886,1.31096,-1.4996,0.866628,0.037127,-0.0682884,0.492794,1.17905,1.17487,0.256547,-0.0455742,-0.00885444,0.0111495,0.0826849
1765976268580566,0,-2.66702,1.39251,-1.4818,0.863406,0.036501,-0.0675002,0.49864,-2.74886,1.31096,-1.4996,0.866628,0.037127,-0.0682884,0.492794,1.17905,1.17487,0.256547,-0.0455742,-0.00885444,0.0111495,0.0826849
1765976268590445,0,-2.65492,1.40495,-1.47909,0.863013,0.0364121,-0.0673771,0.499343,-2.73719,1.32263,-1.49706,0.866174,0.0370372,-0.068174,0.493617,1.18046,1.18115,0.25781,-0.0459569,-0.00908754,0.0115843,0.0832438
1765976268590445,0,-2.65492,1.40495,-1.47909,0.863013,0.0364121,-0.0673771,0.499343,-2.73719,1.32263,-1.49706,0.866174,0.0370372,-0.068174,0.493617,1.18046,1.18115,0.25781,-0.0459569,-0.00908754,0.0115843,0.0832438
1765976268600551,0,-2.64278,1.41748,-1.47636,0.862628,0.0363258,-0.0672594,0.50003,-2.7252,1.33467,-1.49443,0.865727,0.0369475,-0.0680587,0.494425,1.18643,1.19197,0.260052,-0.0442228,-0.00887199,0.0114059,0.0799761
1765976268600551,0,-2.64278,1.41748,-1.47636,0.862628,0.0363258,-0.0672594,0.50003,-2.7252,1.33467,-1.49443,0.865727,0.0369475,-0.0680587,0.494425,1.18643,1.19197,0.260052,-0.0442228,-0.00887199,0.0114059,0.0799761
1765976268610639,0,-2.63061,1.4301,-1.47362,0.86225,0.0362482,-0.0671743,0.500699,-2.71321,1.34677,-1.49179,0.86529,0.0368597,-0.0679477,0.495213,1.18869,1.19911,0.26145,-0.0432795,-0.00870502,0.0110082,0.0780922
1765976268610639,0,-2.63061,1.4301,-1.47362,0.86225,0.0362482,-0.0671743,0.500699,-2.71321,1.34677,-1.49179,0.86529,0.0368597,-0.0679477,0.495213,1.18869,1.19911,0.26145,-0.0432795,-0.00870502,0.0110082,0.0780922
1765976268620462,0,-2.6184,1.4428,-1.47087,0.861881,0.0361677,-0.0670782,0.501352,-2.70151,1.35862,-1.48921,0.864862,0.0367729,-0.0678385,0.495983,1.19146,1.20668,0.262896,-0.0435673,-0.00884353,0.0111125,0.0784575
1765976268620462,0,-2.6184,1.4428,-1.47087,0.861881,0.0361677,-0.0670782,0.501352,-2.70151,1.35862,-1.48921,0.864862,0.0367729,-0.0678385,0.495983,1.19146,1.20668,0.262896,-0.0435673,-0.00884353,0.0111125,0.0784575
1765976268630427,0,-2.60615,1.45558,-1.4681,0.861519,0.0360943,-0.0670109,0.501987,-2.68957,1.37076,-1.48657,0.864442,0.0366876,-0.0677346,0.496738,1.19831,1.21838,0.265215,-0.0421449,-0.0085549,0.0104331,0.0756856
1765976268630427,0,-2.60615,1.45558,-1.4681,0.861519,0.0360943,-0.0670109,0.501987,-2.68957,1.37076,-1.48657,0.864442,0.0366876,-0.0677346,0.496738,1.19831,1.21838,0.265215,-0.0421449,-0.0085549,0.0104331,0.0756856
1765976268640475,0,-2.59387,1.46845,-1.46532,0.861166,0.0360213,-0.0669456,0.502606,-2.67748,1.3831,-1.48388,0.86403,0.0366038,-0.0676353,0.497476,1.2026,1.22751,0.26694,-0.0410079,-0.00834149,0.00987751,0.0734677
1765976268640475,0,-2.59387,1.46845,-1.46532,0.861166,0.0360213,-0.0669456,0.502606,-2.67748,1.3831,-1.48388,0.86403,0.0366038,-0.0676353,0.497476,1.2026,1.22751,0.26694,-0.0410079,-0.00834149,0.00987751,0.0734677
1765976268650459,0,-2.58155,1.4814,-1.46253,0.860826,0.035934,-0.0668189,0.503212,-2.66545,1.39543,-1.48121,0.863627,0.0365196,-0.0675327,0.498197,1.20561,1.23526,0.268328,-0.0403334,-0.00843265,0.0102781,0.0722163
1765976268650459,0,-2.58155,1.4814,-1.46253,0.860826,0.035934,-0.0668189,0.503212,-2.66545,1.39543,-1.48121,0.863627,0.0365196,-0.0675327,0.498197,1.20561,1.23526,0.268328,-0.0403334,-0.00843265,0.0102781,0.0722163
1765976268660496,0,-2.56919,1.49443,-1.45973,0.860496,0.0358412,-0.0666624,0.503804,-2.65331,1.40792,-1.4785,0.863232,0.036434,-0.0674229,0.498904,1.2096,1.24408,0.269916,-0.0393544,-0.00852619,0.0109372,0.0704661
1765976268660496,0,-2.56919,1.49443,-1.45973,0.860496,0.0358412,-0.0666624,0.503804,-2.65331,1.40792,-1.4785,0.863232,0.036434,-0.0674229,0.498904,1.2096,1.24408,0.269916,-0.0393544,-0.00852619,0.0109372,0.0704661
1765976268670470,0,-2.5568,1.50755,-1.45691,0.860175,0.0357509,-0.0665084,0.504379,-2.64121,1.42041,-1.47579,0.86285,0.0363485,-0.0673084,0.49959,1.21277,1.252,0.271263,-0.0383839,-0.00857444,0.0114792,0.068724
1765976268670470,0,-2.5568,1.50755,-1.45691,0.860175,0.0357509,-0.0665084,0.504379,-2.64121,1.42041,-1.47579,0.86285,0.0363485,-0.0673084,0.49959,1.21277,1.252,0.271263,-0.0383839,-0.00857444,0.0114792,0.068724
1765976268680523,0,-2.54437,1.52075,-1.45408,0.859862,0.0356626,-0.0663585,0.504938,-2.62898,1.43308,-1.47305,0.862474,0.0362623,-0.067189,0.500262,1.21695,1.26095,0.272795,-0.0373707,-0.00857932,0.0118811,0.0668974
1765976268680523,0,-2.54437,1.52075,-1.45408,0.859862,0.0356626,-0.0663585,0.504938,-2.62898,1.43308,-1.47305,0.862474,0.0362623,-0.067189,0.500262,1.21695,1.26095,0.272795,-0.0373707,-0.00857932,0.0118811,0.0668974
1765976268690455,0,-2.53191,1.53403,-1.45124,0.859557,0.0355771,-0.0662174,0.505481,-2.61686,1.44568,-1.47033,0.862108,0.0361762,-0.067067,0.500917,1.21982,1.26855,0.274006,-0.0368778,-0.00866171,0.0122816,0.065978
1765976268690455,0,-2.53191,1.53403,-1.45124,0.859557,0.0355771,-0.0662174,0.505481,-2.61686,1.44568,-1.47033,0.862108,0.0361762,-0.067067,0.500917,1.21982,1.26855,0.274006,-0.0368778,-0.00866171,0.0122816,0.065978
1765976268700460,0,-2.51941,1.54739,-1.44839,0.859261,0.0354931,-0.06608,0.506009,-2.60461,1.45847,-1.46757,0.86175,0.0360904,-0.066943,0.501557,1.22462,1.27815,0.275605,-0.035739,-0.00857468,0.0123886,0.0639
1765976268700460,0,-2.51941,1.54739,-1.44839,0.859261,0.0354931,-0.06608,0.506009,-2.60461,1.45847,-1.46757,0.86175,0.0360904,-0.066943,0.501557,1.22462,1.27815,0.275605,-0.035739,-0.00857468,0.0123886,0.0639
1765976268710457,0,-2.50688,1.56084,-1.44554,0.858973,0.035411,-0.0659483,0.50652,-2.59233,1.47133,-1.4648,0.861401,0.036005,-0.066818,0.502181,1.22815,1.28638,0.276875,-0.0349328,-0.00854614,0.0125118,0.0624308
1765976268710457,0,-2.50688,1.56084,-1.44554,0.858973,0.035411,-0.0659483,0.50652,-2.59233,1.47133,-1.4648,0.861401,0.036005,-0.066818,0.502181,1.22815,1.28638,0.276875,-0.0349328,-0.00854614,0.0125118,0.0624308
1765976268720465,0,-2.49431,1.57436,-1.44267,0.858694,0.0353248,-0.0657991,0.507018,-2.58,1.48429,-1.46202,0.861061,0.0359195,-0.0666899,0.502789,1.23178,1.29473,0.278119,-0.0339832,-0.00853936,0.0127921,0.0607243
1765976268720465,0,-2.49431,1.57436,-1.44267,0.858694,0.0353248,-0.0657991,0.507018,-2.58,1.48429,-1.46202,0.861061,0.0359195,-0.0666899,0.502789,1.23178,1.29473,0.278119,-0.0339832,-0.00853936,0.0127921,0.0607243
1765976268730513,0,-2.48171,1.58796,-1.43979,0.858425,0.0352381,-0.0656436,0.5075,-2.56759,1.49738,-1.45921,0.860728,0.0358334,-0.0665576,0.503384,1.23521,1.30286,0.279278,-0.0331658,-0.00857469,0.0131675,0.0592902
1765976268730513,0,-2.48171,1.58796,-1.43979,0.858425,0.0352381,-0.0656436,0.5075,-2.56759,1.49738,-1.45921,0.860728,0.0358334,-0.0665576,0.503384,1.23521,1.30286,0.279278,-0.0331658,-0.00857469,0.0131675,0.0592902
1765976268740473,0,-2.46907,1.60165,-1.43691,0.858164,0.0351519,-0.0654866,0.507968,-2.55526,1.51043,-1.45642,0.860407,0.0357483,-0.0664239,0.503956,1.23801,1.3103,0.280262,-0.0321362,-0.00854199,0.0134238,0.0574443
1765976268740473,0,-2.46907,1.60165,-1.43691,0.858164,0.0351519,-0.0654866,0.507968,-2.55526,1.51043,-1.45642,0.860407,0.0357483,-0.0664239,0.503956,1.23801,1.3103,0.280262,-0.0321362,-0.00854199,0.0134238,0.0574443
1765976268750434,0,-2.45641,1.61541,-1.43402,0.857911,0.0350685,-0.0653381,0.50842,-2.54289,1.52357,-1.45362,0.860094,0.0356629,-0.0662875,0.504517,1.24226,1.31925,0.281526,-0.0314987,-0.00857441,0.0136954,0.0562956
1765976268750434,0,-2.45641,1.61541,-1.43402,0.857911,0.0350685,-0.0653381,0.50842,-2.54289,1.52357,-1.45362,0.860094,0.0356629,-0.0662875,0.504517,1.24226,1.31925,0.281526,-0.0314987,-0.00857441,0.0136954,0.0562956
1765976268760437,0,-2.44371,1.62925,-1.43112,0.857665,0.0349883,-0.0651994,0.508857,-2.53042,1.53685,-1.45079,0.859788,0.0355781,-0.0661507,0.505063,1.24636,1.32805,0.282715,-0.0305144,-0.00847585,0.0136729,0.0545279
1765976268760437,0,-2.44371,1.62925,-1.43112,0.857665,0.0349883,-0.0651994,0.508857,-2.53042,1.53685,-1.45079,0.859788,0.0355781,-0.0661507,0.505063,1.24636,1.32805,0.282715,-0.0305144,-0.00847585,0.0136729,0.0545279
1765976268770442,0,-2.43097,1.64317,-1.42821,0.857429,0.0349048,-0.0650453,0.509281,-2.51792,1.55022,-1.44795,0.859492,0.0354935,-0.0660118,0.505593,1.24969,1.33603,0.283672,-0.0296385,-0.00845777,0.0138862,0.0529799
1765976268770442,0,-2.43097,1.64317,-1.42821,0.857429,0.0349048,-0.0650453,0.509281,-2.51792,1.55022,-1.44795,0.859492,0.0354935,-0.0660118,0.505593,1.24969,1.33603,0.283672,-0.0296385,-0.00845777,0.0138862,0.0529799
1765976268780447,0,-2.41821,1.65717,-1.4253,0.857202,0.0348178,-0.0648748,0.50969,-2.50538,1.56367,-1.4451,0.859204,0.0354086,-0.0658689,0.506108,1.25298,1.34396,0.284589,-0.0287687,-0.00848718,0.0142823,0.0514667
1765976268780447,0,-2.41821,1.65717,-1.4253,0.857202,0.0348178,-0.0648748,0.50969,-2.50538,1.56367,-1.4451,0.859204,0.0354086,-0.0658689,0.506108,1.25298,1.34396,0.284589,-0.0287687,-0.00848718,0.0142823,0.0514667
1765976268790471,0,-2.40541,1.67124,-1.42239,0.856983,0.0347302,-0.0646999,0.510086,-2.49279,1.57722,-1.44224,0.858925,0.0353233,-0.065722,0.506608,1.25629,1.35184,0.285465,-0.027846,-0.00850603,0.0146589,0.0498826
1765976268790471,0,-2.40541,1.67124,-1.42239,0.856983,0.0347302,-0.0646999,0.510086,-2.49279,1.57722,-1.44224,0.858925,0.0353233,-0.065722,0.506608,1.25629,1.35184,0.285465,-0.027846,-0.00850603,0.0146589,0.0498826
1765976268800517,0,-2.39258,1.6854,-1.41946,0.856772,0.0346439,-0.0645274,0.510468,-2.48014,1.59087,-1.43937,0.858654,0.035238,-0.0655719,0.507093,1.25926,1.3594,0.286216,-0.0269247,-0.00849593,0.0149382,0.0482723
1765976268800517,0,-2.39258,1.6854,-1.41946,0.856772,0.0346439,-0.0645274,0.510468,-2.48014,1.59087,-1.43937,0.858654,0.035238,-0.0655719,0.507093,1.25926,1.3594,0.286216,-0.0269247,-0.00849593,0.0149382,0.0482723
1765976268810642,0,-2.37972,1.69962,-1.41654,0.856569,0.0345619,-0.0643656,0.510835,-2.46736,1.60471,-1.43646,0.858391,0.0351526,-0.0654197,0.507565,1.26191,1.36657,0.286844,-0.0260023,-0.00842707,0.0150358,0.0466535
1765976268810642,0,-2.37972,1.69962,-1.41654,0.856569,0.0345619,-0.0643656,0.510835,-2.46736,1.60471,-1.43646,0.858391,0.0351526,-0.0654197,0.507565,1.26191,1.36657,0.286844,-0.0260023,-0.00842707,0.0150358,0.0466535
1765976268820513,0,-2.36683,1.71393,-1.41361,0.856372,0.0344864,-0.0642234,0.511188,-2.45489,1.61826,-1.43363,0.858138,0.0350692,-0.0652699,0.508019,1.26332,1.37245,0.287172,-0.0256087,-0.0084488,0.0151706,0.0459459
1765976268820513,0,-2.36683,1.71393,-1.41361,0.856372,0.0344864,-0.0642234,0.511188,-2.45489,1.61826,-1.43363,0.858138,0.0350692,-0.0652699,0.508019,1.26332,1.37245,0.287172,-0.0256087,-0.0084488,0.0151706,0.0459459
1765976268830544,0,-2.3539,1.72831,-1.41068,0.85618,0.0344223,-0.0641189,0.511526,-2.44216,1.63213,-1.43073,0.857892,0.0349877,-0.0651249,0.50846,1.26903,1.38289,0.288403,-0.0245882,-0.00812426,0.014454,0.0440484
1765976268830544,0,-2.3539,1.72831,-1.41068,0.85618,0.0344223,-0.0641189,0.511526,-2.44216,1.63213,-1.43073,0.857892,0.0349877,-0.0651249,0.50846,1.26903,1.38289,0.288403,-0.0245882,-0.00812426,0.014454,0.0440484
1765976268840555,0,-2.34095,1.74276,-1.40774,0.855995,0.0343637,-0.0640354,0.51185,-2.42943,1.64605,-1.42784,0.857654,0.0349095,-0.0649884,0.508885,1.27183,1.39022,0.288943,-0.0237442,-0.00781303,0.0136412,0.0424395
1765976268840555,0,-2.34095,1.74276,-1.40774,0.855995,0.0343637,-0.0640354,0.51185,-2.42943,1.64605,-1.42784,0.857654,0.0349095,-0.0649884,0.508885,1.27183,1.39022,0.288943,-0.0237442,-0.00781303,0.0136412,0.0424395
1765976268850463,0,-2.32797,1.75729,-1.4048,0.85582,0.0342955,-0.0639162,0.512163,-2.4168,1.6599,-1.42497,0.857424,0.0348324,-0.0648536,0.509297,1.27499,1.39789,0.289517,-0.0232631,-0.00778822,0.0135995,0.0415692
1765976268850463,0,-2.32797,1.75729,-1.4048,0.85582,0.0342955,-0.0639162,0.512163,-2.4168,1.6599,-1.42497,0.857424,0.0348324,-0.0648536,0.509297,1.27499,1.39789,0.289517,-0.0232631,-0.00778822,0.0135995,0.0415692
1765976268860450,0,-2.31495,1.77189,-1.40186,0.855653,0.0342243,-0.0637837,0.512463,-2.40401,1.67395,-1.42207,0.857201,0.034756,-0.0647192,0.509695,1.27978,1.40735,0.290414,-0.0222794,-0.00764902,0.0134598,0.039826
1765976268860450,0,-2.31495,1.77189,-1.40186,0.855653,0.0342243,-0.0637837,0.512463,-2.40401,1.67395,-1.42207,0.857201,0.034756,-0.0647192,0.509695,1.27978,1.40735,0.290414,-0.0222794,-0.00764902,0.0134598,0.039826
1765976268870460,0,-2.30191,1.78657,-1.39892,0.855495,0.0341474,-0.0636282,0.512752,-2.39117,1.68812,-1.41916,0.856987,0.0346795,-0.0645822,0.510079,1.28308,1.41516,0.290937,-0.0214065,-0.00763591,0.0136894,0.038359
1765976268870460,0,-2.30191,1.78657,-1.39892,0.855495,0.0341474,-0.0636282,0.512752,-2.39117,1.68812,-1.41916,0.856987,0.0346795,-0.0645822,0.510079,1.28308,1.41516,0.290937,-0.0214065,-0.00763591,0.0136894,0.038359
1765976268880438,0,-2.28884,1.80132,-1.39598,0.855346,0.0340589,-0.0634299,0.51303,-2.37834,1.70231,-1.41625,0.856781,0.0346015,-0.0644373,0.51045,1.28595,1.42251,0.291309,-0.0206747,-0.00781908,0.0145181,0.0371857
1765976268880438,0,-2.28884,1.80132,-1.39598,0.855346,0.0340589,-0.0634299,0.51303,-2.37834,1.70231,-1.41625,0.856781,0.0346015,-0.0644373,0.51045,1.28595,1.42251,0.291309,-0.0206747,-0.00781908,0.0145181,0.0371857
1765976268890481,0,-2.27574,1.81614,-1.39304,0.855206,0.0339647,-0.0632098,0.513297,-2.36539,1.71668,-1.41332,0.856583,0.0345214,-0.064283,0.510808,1.28935,1.4304,0.29175,-0.0197159,-0.00797248,0.0153693,0.0356453
1765976268890481,0,-2.27574,1.81614,-1.39304,0.855206,0.0339647,-0.0632098,0.513297,-2.36539,1.71668,-1.41332,0.856583,0.0345214,-0.064283,0.510808,1.28935,1.4304,0.29175,-0.0197159,-0.00797248,0.0153693,0.0356453
1765976268900450,0,-2.2626,1.83104,-1.39009,0.855073,0.0338697,-0.0629847,0.513552,-2.35251,1.731,-1.41041,0.856393,0.0344395,-0.0641198,0.511153,1.29166,1.43708,0.291895,-0.0190312,-0.00821701,0.0163668,0.0345945
1765976268900450,0,-2.2626,1.83104,-1.39009,0.855073,0.0338697,-0.0629847,0.513552,-2.35251,1.731,-1.41041,0.856393,0.0344395,-0.0641198,0.511153,1.29166,1.43708,0.291895,-0.0190312,-0.00821701,0.0163668,0.0345945
1765976268910432,0,-2.24944,1.846,-1.38715,0.854947,0.0337759,-0.0627623,0.513795,-2.33959,1.74543,-1.4075,0.856211,0.0343562,-0.0639493,0.511485,1.29523,1.44513,0.292279,-0.0181764,-0.00834776,0.0170762,0.0332358
1765976268910432,0,-2.24944,1.846,-1.38715,0.854947,0.0337759,-0.0627623,0.513795,-2.33959,1.74543,-1.4075,0.856211,0.0343562,-0.0639493,0.511485,1.29523,1.44513,0.292279,-0.0181764,-0.00834776,0.0170762,0.0332358
1765976268920481,0,-2.23626,1.86104,-1.38421,0.854828,0.0336865,-0.0625528,0.514025,-2.32654,1.76003,-1.40456,0.856037,0.0342717,-0.0637732,0.511805,1.29848,1.45284,0.29256,-0.0173612,-0.00840665,0.0175303,0.0318931
1765976268920481,0,-2.23626,1.86104,-1.38421,0.854828,0.0336865,-0.0625528,0.514025,-2.32654,1.76003,-1.40456,0.856037,0.0342717,-0.0637732,0.511805,1.29848,1.45284,0.29256,-0.0173612,-0.00840665,0.0175303,0.0318931
1765976268930442,0,-2.22304,1.87615,-1.38128,0.854715,0.0335957,-0.0623378,0.514245,-2.31358,1.77457,-1.40164,0.855871,0.0341871,-0.0635934,0.512111,1.30059,1.45925,0.292512,-0.016623,-0.00849999,0.0180479,0.030679
1765976268930442,0,-2.22304,1.87615,-1.38128,0.854715,0.0335957,-0.0623378,0.514245,-2.31358,1.77457,-1.40164,0.855871,0.0341871,-0.0635934,0.512111,1.30059,1.45925,0.292512,-0.016623,-0.00849999,0.0180479,0.030679
1765976268940589,0,-2.2098,1.89133,-1.37834,0.854609,0.033506,-0.0621252,0.514453,-2.30035,1.78945,-1.39867,0.855711,0.0341007,-0.0634072,0.512408,1.30419,1.46734,0.292778,-0.0157779,-0.00851343,0.0183522,0.0292766
1765976268940589,0,-2.2098,1.89133,-1.37834,0.854609,0.033506,-0.0621252,0.514453,-2.30035,1.78945,-1.39867,0.855711,0.0341007,-0.0634072,0.512408,1.30419,1.46734,0.292778,-0.0157779,-0.00851343,0.0183522,0.0292766
1765976268950562,0,-2.19653,1.90658,-1.37541,0.854508,0.0334197,-0.0619236,0.51465,-2.28734,1.80413,-1.39576,0.85556,0.0340151,-0.0632208,0.512689,1.30467,1.47187,0.292292,-0.0151567,-0.00858016,0.0186941,0.0282454
1765976268950562,0,-2.19653,1.90658,-1.37541,0.854508,0.0334197,-0.0619236,0.51465,-2.28734,1.80413,-1.39576,0.85556,0.0340151,-0.0632208,0.512689,1.30467,1.47187,0.292292,-0.0151567,-0.00858016,0.0186941,0.0282454
1765976268960590,0,-2.18323,1.9219,-1.37248,0.854413,0.0333384,-0.0617379,0.514835,-2.27422,1.81897,-1.39282,0.855416,0.0339298,-0.0630339,0.51296,1.30824,1.47992,0.292436,-0.0144078,-0.00850152,0.0186309,0.0269552
1765976268960590,0,-2.18323,1.9219,-1.37248,0.854413,0.0333384,-0.0617379,0.514835,-2.27422,1.81897,-1.39282,0.855416,0.0339298,-0.0630339,0.51296,1.30824,1.47992,0.292436,-0.0144078,-0.00850152,0.0186309,0.0269552
1765976268970553,0,-2.16991,1.93729,-1.36956,0.854322,0.0332703,-0.0615949,0.515008,-2.26116,1.83379,-1.38991,0.855279,0.0338473,-0.0628538,0.513216,1.31081,1.4868,0.292322,-0.013742,-0.00828627,0.0180794,0.0257371
1765976268970553,0,-2.16991,1.93729,-1.36956,0.854322,0.0332703,-0.0615949,0.515008,-2.26116,1.83379,-1.38991,0.855279,0.0338473,-0.0628538,0.513216,1.31081,1.4868,0.292322,-0.013742,-0.00828627,0.0180794,0.0257371
1765976268980480,0,-2.15656,1.95274,-1.36664,0.854236,0.0332039,-0.0614578,0.515171,-2.24811,1.84863,-1.38701,0.855149,0.0337671,-0.0626797,0.51346,1.31446,1.49485,0.292409,-0.0130954,-0.00808103,0.017534,0.0245576
1765976268980480,0,-2.15656,1.95274,-1.36664,0.854236,0.0332039,-0.0614578,0.515171,-2.24811,1.84863,-1.38701,0.855149,0.0337671,-0.0626797,0.51346,1.31446,1.49485,0.292409,-0.0130954,-0.00808103,0.017534,0.0245576
1765976268990569,0,-2.14318,1.96827,-1.36373,0.854156,0.0331362,-0.0613153,0.515325,-2.23481,1.86379,-1.38406,0.855023,0.0336871,-0.0625068,0.513696,1.31857,1.50346,0.292547,-0.0124715,-0.0079258,0.0171425,0.0234366
1765976268990569,0,-2.14318,1.96827,-1.36373,0.854156,0.0331362,-0.0613153,0.515325,-2.23481,1.86379,-1.38406,0.855023,0.0336871,-0.0625068,0.513696,1.31857,1.50346,0.292547,-0.0124715,-0.0079258,0.0171425,0.0234366
1765976269000524,0,-2.12978,1.98386,-1.36082,0.854084,0.0330588,-0.061139,0.515471,-2.22167,1.87881,-1.38115,0.854905,0.0336083,-0.0623352,0.513919,1.31979,1.50877,0.291982,-0.0118251,-0.00791573,0.0172314,0.022357
1765976269000524,0,-2.12978,1.98386,-1.36082,0.854084,0.0330588,-0.061139,0.515471,-2.22167,1.87881,-1.38115,0.854905,0.0336083,-0.0623352,0.513919,1.31979,1.50877,0.291982,-0.0118251,-0.00791573,0.0172314,0.022357
1765976269010598,0,-2.11635,1.99952,-1.35792,0.854019,0.0329732,-0.0609347,0.515608,-2.20834,1.89409,-1.37821,0.854793,0.0335283,-0.0621588,0.514132,1.32342,1.51679,0.291917,-0.0110879,-0.00794277,0.0175163,0.0211285
1765976269010598,0,-2.11635,1.99952,-1.35792,0.854019,0.0329732,-0.0609347,0.515608,-2.20834,1.89409,-1.37821,0.854793,0.0335283,-0.0621588,0.514132,1.32342,1.51679,0.291917,-0.0110879,-0.00794277,0.0175163,0.0211285
1765976269020492,0,-2.1029,2.01524,-1.35502,0.853958,0.0328901,-0.0607365,0.515737,-2.19523,1.90916,-1.37533,0.854689,0.0334485,-0.061981,0.514332,1.32492,1.52237,0.29136,-0.0105486,-0.00806355,0.0179702,0.0202779
1765976269020492,0,-2.1029,2.01524,-1.35502,0.853958,0.0328901,-0.0607365,0.515737,-2.19523,1.90916,-1.37533,0.854689,0.0334485,-0.061981,0.514332,1.32492,1.52237,0.29136,-0.0105486,-0.00806355,0.0179702,0.0202779
1765976269030457,0,-2.08943,2.03103,-1.35214,0.853903,0.0328069,-0.0605363,0.515857,-2.18198,1.92442,-1.37242,0.854591,0.0333683,-0.0618003,0.514523,1.32955,1.53153,0.291414,-0.00986333,-0.00805358,0.0181326,0.0191345
1765976269030457,0,-2.08943,2.03103,-1.35214,0.853903,0.0328069,-0.0605363,0.515857,-2.18198,1.92442,-1.37242,0.854591,0.0333683,-0.0618003,0.514523,1.32955,1.53153,0.291414,-0.00986333,-0.00805358,0.0181326,0.0191345
1765976269040583,0,-2.07592,2.04689,-1.34926,0.853853,0.0327252,-0.0603394,0.515968,-2.16848,1.94,-1.36948,0.854498,0.033287,-0.0616158,0.514705,1.3327,1.539,0.291113,-0.0091944,-0.00801971,0.0182185,0.0180121
1765976269040583,0,-2.07592,2.04689,-1.34926,0.853853,0.0327252,-0.0603394,0.515968,-2.16848,1.94,-1.36948,0.854498,0.033287,-0.0616158,0.514705,1.3327,1.539,0.291113,-0.0091944,-0.00801971,0.0182185,0.0180121
1765976269050430,0,-2.0624,2.06281,-1.34639,0.85381,0.0326325,-0.0601059,0.516073,-2.15536,1.9552,-1.36662,0.854412,0.0332052,-0.0614271,0.514876,1.33308,1.54323,0.290148,-0.00873459,-0.00831087,0.0191701,0.0173602
1765976269050430,0,-2.0624,2.06281,-1.34639,0.85381,0.0326325,-0.0601059,0.516073,-2.15536,1.9552,-1.36662,0.854412,0.0332052,-0.0614271,0.514876,1.33308,1.54323,0.290148,-0.00873459,-0.00831087,0.0191701,0.0173602
1765976269060632,0,-2.04885,2.07879,-1.34352,0.853772,0.0325379,-0.0598659,0.51617,-2.1417,1.97104,-1.36366,0.85433,0.0331202,-0.0612282,0.515041,1.33836,1.55316,0.290218,-0.00798662,-0.0083306,0.0194889,0.0161427
1765976269060632,0,-2.04885,2.07879,-1.34352,0.853772,0.0325379,-0.0598659,0.51617,-2.1417,1.97104,-1.36366,0.85433,0.0331202,-0.0612282,0.515041,1.33836,1.55316,0.290218,-0.00798662,-0.0083306,0.0194889,0.0161427
1765976269070535,0,-2.03528,2.09484,-1.34067,0.853737,0.032448,-0.0596407,0.516259,-2.12846,1.98645,-1.3608,0.854256,0.0330363,-0.06103,0.515193,1.33736,1.55572,0.288869,-0.00746939,-0.00847454,0.0200142,0.0153541
1765976269070535,0,-2.03528,2.09484,-1.34067,0.853737,0.032448,-0.0596407,0.516259,-2.12846,1.98645,-1.3608,0.854256,0.0330363,-0.06103,0.515193,1.33736,1.55572,0.288869,-0.00746939,-0.00847454,0.0200142,0.0153541
1765976269080462,0,-2.02168,2.11096,-1.33783,0.853707,0.0323546,-0.0594052,0.516341,-2.11514,2.00198,-1.35793,0.854188,0.0329512,-0.0608271,0.515336,1.34177,1.56459,0.288651,-0.00689894,-0.00857564,0.0204386,0.0144343
1765976269080462,0,-2.02168,2.11096,-1.33783,0.853707,0.0323546,-0.0594052,0.516341,-2.11514,2.00198,-1.35793,0.854188,0.0329512,-0.0608271,0.515336,1.34177,1.56459,0.288651,-0.00689894,-0.00857564,0.0204386,0.0144343
1765976269090577,0,-2.00807,2.12713,-1.33499,0.85368,0.0322749,-0.0592117,0.516414,-2.10153,2.01789,-1.35502,0.854123,0.0328654,-0.0606223,0.515473,1.34549,1.57269,0.288235,-0.00637001,-0.00847517,0.0202455,0.0135061
1765976269090577,0,-2.00807,2.12713,-1.33499,0.85368,0.0322749,-0.0592117,0.516414,-2.10153,2.01789,-1.35502,0.854123,0.0328654,-0.0606223,0.515473,1.34549,1.57269,0.288235,-0.00637001,-0.00847517,0.0202455,0.0135061
1765976269100472,0,-1.99443,2.14337,-1.33217,0.853657,0.0321867,-0.0589922,0.516482,-2.08821,2.03349,-1.35218,0.854065,0.0327809,-0.0604193,0.515599,1.34589,1.57684,0.287054,-0.0058671,-0.00854238,0.020516,0.012698
1765976269100472,0,-1.99443,2.14337,-1.33217,0.853657,0.0321867,-0.0589922,0.516482,-2.08821,2.03349,-1.35218,0.854065,0.0327809,-0.0604193,0.515599,1.34589,1.57684,0.287054,-0.0058671,-0.00854238,0.020516,0.012698
1765976269110599,0,-1.98076,2.15967,-1.32936,0.853639,0.0320925,-0.0587554,0.516545,-2.07454,2.04955,-1.34927,0.854011,0.0326933,-0.0602076,0.515719,1.35021,1.58559,0.286681,-0.005356,-0.0086498,0.0209079,0.0118891
1765976269110599,0,-1.98076,2.15967,-1.32936,0.853639,0.0320925,-0.0587554,0.516545,-2.07454,2.04955,-1.34927,0.854011,0.0326933,-0.0602076,0.515719,1.35021,1.58559,0.286681,-0.005356,-0.0086498,0.0209079,0.0118891
1765976269120453,0,-1.96708,2.17603,-1.32656,0.853624,0.0320024,-0.0585308,0.516601,-2.06123,2.06521,-1.34646,0.853963,0.0326076,-0.0599995,0.515829,1.35033,1.5894,0.285357,-0.00487531,-0.00870381,0.0211227,0.0111116
1765976269120453,0,-1.96708,2.17603,-1.32656,0.853624,0.0320024,-0.0585308,0.516601,-2.06123,2.06521,-1.34646,0.853963,0.0326076,-0.0599995,0.515829,1.35033,1.5894,0.285357,-0.00487531,-0.00870381,0.0211227,0.0111116
1765976269130506,0,-1.95338,2.19245,-1.32378,0.853612,0.0319094,-0.0582983,0.516652,-2.04761,2.08129,-1.34359,0.853919,0.0325195,-0.0597848,0.515932,1.35535,1.59894,0.285045,-0.00440528,-0.00876275,0.0213523,0.0103343
1765976269130506,0,-1.95338,2.19245,-1.32378,0.853612,0.0319094,-0.0582983,0.516652,-2.04761,2.08129,-1.34359,0.853919,0.0325195,-0.0597848,0.515932,1.35535,1.59894,0.285045,-0.00440528,-0.00876275,0.0213523,0.0103343
1765976269140434,0,-1.93965,2.20893,-1.321,0.853603,0.0318204,-0.058078,0.516697,-2.03414,2.09721,-1.34078,0.853879,0.032432,-0.0595713,0.516028,1.35662,1.60407,0.283879,-0.00397444,-0.00880779,0.0215052,0.00963592
1765976269140434,0,-1.93965,2.20893,-1.321,0.853603,0.0318204,-0.058078,0.516697,-2.03414,2.09721,-1.34078,0.853879,0.032432,-0.0595713,0.516028,1.35662,1.60407,0.283879,-0.00397444,-0.00880779,0.0215052,0.00963592
1765976269150447,0,-1.9259,2.22547,-1.31824,0.853599,0.0317206,-0.0578253,0.516739,-2.02052,2.11335,-1.33794,0.853844,0.0323427,-0.059352,0.516117,1.36013,1.61181,0.283147,-0.00351211,-0.00892314,0.0218997,0.00891718
1765976269150447,0,-1.9259,2.22547,-1.31824,0.853599,0.0317206,-0.0578253,0.516739,-2.02052,2.11335,-1.33794,0.853844,0.0323427,-0.059352,0.516117,1.36013,1.61181,0.283147,-0.00351211,-0.00892314,0.0218997,0.00891718
1765976269160593,0,-1.91214,2.24207,-1.3155,0.853597,0.0316186,-0.0575663,0.516777,-2.0067,2.12976,-1.33508,0.853813,0.0322505,-0.0591248,0.516201,1.36199,1.61761,0.282021,-0.00309596,-0.00908117,0.0223965,0.00826569
1765976269160593,0,-1.91214,2.24207,-1.3155,0.853597,0.0316186,-0.0575663,0.516777,-2.0067,2.12976,-1.33508,0.853813,0.0322505,-0.0591248,0.516201,1.36199,1.61761,0.282021,-0.00309596,-0.00908117,0.0223965,0.00826569
1765976269170465,0,-1.89835,2.25873,-1.31277,0.853599,0.0315109,-0.0572901,0.516811,-1.99326,2.14576,-1.33231,0.853786,0.0321587,-0.058897,0.516277,1.36158,1.6207,0.280393,-0.00268076,-0.00930153,0.0230714,0.00766794
1765976269170465,0,-1.89835,2.25873,-1.31277,0.853599,0.0315109,-0.0572901,0.516811,-1.99326,2.14576,-1.33231,0.853786,0.0321587,-0.058897,0.516277,1.36158,1.6207,0.280393,-0.00268076,-0.00930153,0.0230714,0.00766794
1765976269180486,0,-1.88454,2.27545,-1.31005,0.853602,0.0314115,-0.0570393,0.51684,-1.97957,2.16209,-1.32951,0.853763,0.0320648,-0.0586635,0.516348,1.36618,1.62972,0.279745,-0.00231376,-0.00937326,0.0233034,0.00706024
1765976269180486,0,-1.88454,2.27545,-1.31005,0.853602,0.0314115,-0.0570393,0.51684,-1.97957,2.16209,-1.32951,0.853763,0.0320648,-0.0586635,0.516348,1.36618,1.62972,0.279745,-0.00231376,-0.00937326,0.0233034,0.00706024
1765976269190567,0,-1.87072,2.29222,-1.30735,0.853604,0.0313243,-0.0568259,0.516865,-1.96578,2.17858,-1.3267,0.853743,0.031971,-0.0584307,0.516413,1.36786,1.63528,0.278482,-0.00199254,-0.00930528,0.0230919,0.00649792
1765976269190567,0,-1.87072,2.29222,-1.30735,0.853604,0.0313243,-0.0568259,0.516865,-1.96578,2.17858,-1.3267,0.853743,0.031971,-0.0584307,0.516413,1.36786,1.63528,0.278482,-0.00199254,-0.00930528,0.0230919,0.00649792
1765976269200531,0,-1.85687,2.30906,-1.30466,0.85361,0.031229,-0.05659,0.516887,-1.95214,2.19492,-1.32394,0.853726,0.0318781,-0.0582002,0.516473,1.36856,1.63962,0.276943,-0.00166898,-0.00932482,0.0231339,0.00595807
1765976269200531,0,-1.85687,2.30906,-1.30466,0.85361,0.031229,-0.05659,0.516887,-1.95214,2.19492,-1.32394,0.853726,0.0318781,-0.0582002,0.516473,1.36856,1.63962,0.276943,-0.00166898,-0.00932482,0.0231339,0.00595807
1765976269210567,0,-1.84301,2.32594,-1.30199,0.853617,0.0311366,-0.0563637,0.516907,-1.93838,2.21144,-1.32117,0.853712,0.0317845,-0.0579684,0.516527,1.37139,1.64653,0.275823,-0.00137787,-0.00932436,0.0230971,0.00545802
1765976269210567,0,-1.84301,2.32594,-1.30199,0.853617,0.0311366,-0.0563637,0.516907,-1.93838,2.21144,-1.32117,0.853712,0.0317845,-0.0579684,0.516527,1.37139,1.64653,0.275823,-0.00137787,-0.00932436,0.0230971,0.00545802
1765976269220558,0,-1.82913,2.34288,-1.29934,0.853623,0.0310513,-0.0561593,0.516923,-1.92466,2.22794,-1.31843,0.853701,0.0316924,-0.0577413,0.516577,1.37288,1.65177,0.274369,-0.00112158,-0.00921311,0.0227347,0.00496954
1765976269220558,0,-1.82913,2.34288,-1.29934,0.853623,0.0310513,-0.0561593,0.516923,-1.92466,2.22794,-1.31843,0.853701,0.0316924,-0.0577413,0.516577,1.37288,1.65177,0.274369,-0.00112158,-0.00921311,0.0227347,0.00496954
1765976269230445,0,-1.81523,2.35988,-1.2967,0.853631,0.0309651,-0.0559535,0.516938,-1.91107,2.24434,-1.31573,0.853692,0.0316018,-0.0575186,0.516622,1.37518,1.65801,0.273047,-0.000886202,-0.00916345,0.0225239,0.00454555
1765976269230445,0,-1.81523,2.35988,-1.2967,0.853631,0.0309651,-0.0559535,0.516938,-1.91107,2.24434,-1.31573,0.853692,0.0316018,-0.0575186,0.516622,1.37518,1.65801,0.273047,-0.000886202,-0.00916345,0.0225239,0.00454555
1765976269240585,0,-1.80131,2.37693,-1.29409,0.85364,0.0308799,-0.0557511,0.51695,-1.89708,2.26123,-1.31297,0.853686,0.0315102,-0.0572943,0.516664,1.37918,1.6663,0.272006,-0.000664233,-0.00903401,0.0221174,0.00410884
1765976269240585,0,-1.80131,2.37693,-1.29409,0.85364,0.0308799,-0.0557511,0.51695,-1.89708,2.26123,-1.31297,0.853686,0.0315102,-0.0572943,0.516664,1.37918,1.6663,0.272006,-0.000664233,-0.00903401,0.0221174,0.00410884
1765976269250556,0,-1.78738,2.39404,-1.29149,0.85365,0.0307859,-0.0555242,0.516963,-1.88334,2.27787,-1.31028,0.853681,0.0314195,-0.0570726,0.516701,1.37854,1.66893,0.270041,-0.000442357,-0.00909709,0.0222299,0.00376004
1765976269250556,0,-1.78738,2.39404,-1.29149,0.85365,0.0307859,-0.0555242,0.516963,-1.88334,2.27787,-1.31028,0.853681,0.0314195,-0.0570726,0.516701,1.37854,1.66893,0.270041,-0.000442357,-0.00909709,0.0222299,0.00376004
1765976269260576,0,-1.77343,2.4112,-1.2889,0.853663,0.0306829,-0.0552723,0.516975,-1.8695,2.29466,-1.30759,0.853679,0.0313266,-0.0568456,0.516736,1.38113,1.67545,0.268649,-0.000231994,-0.00927196,0.02266,0.00345017
1765976269260576,0,-1.77343,2.4112,-1.2889,0.853663,0.0306829,-0.0552723,0.516975,-1.8695,2.29466,-1.30759,0.853679,0.0313266,-0.0568456,0.516736,1.38113,1.67545,0.268649,-0.000231994,-0.00927196,0.02266,0.00345017
1765976269270521,0,-1.75946,2.42841,-1.28634,0.853675,0.0305896,-0.0550485,0.516985,-1.85575,2.31138,-1.30493,0.853678,0.0312343,-0.0566205,0.516767,1.38276,1.6808,0.267031,-5.39409e-05,-0.00928232,0.0226327,0.00314655
1765976269270521,0,-1.75946,2.42841,-1.28634,0.853675,0.0305896,-0.0550485,0.516985,-1.85575,2.31138,-1.30493,0.853678,0.0312343,-0.0566205,0.516767,1.38276,1.6808,0.267031,-5.39409e-05,-0.00928232,0.0226327,0.00314655
1765976269280453,0,-1.74548,2.44568,-1.2838,0.853687,0.030497,-0.0548266,0.516995,-1.84198,2.32814,-1.3023,0.853679,0.0311421,-0.0563963,0.516795,1.38566,1.68773,0.265616,0.000102022,-0.00927966,0.0225775,0.00286861
1765976269280453,0,-1.74548,2.44568,-1.2838,0.853687,0.030497,-0.0548266,0.516995,-1.84198,2.32814,-1.3023,0.853679,0.0311421,-0.0563963,0.516795,1.38566,1.68773,0.265616,0.000102022,-0.00927966,0.0225775,0.00286861
1765976269290554,0,-1.73148,2.463,-1.28127,0.853699,0.030402,-0.054598,0.517004,-1.82796,2.34526,-1.29963,0.853682,0.0310484,-0.0561684,0.516822,1.38864,1.69468,0.264194,0.000247836,-0.0092828,0.0225557,0.00260818
1765976269290554,0,-1.73148,2.463,-1.28127,0.853699,0.030402,-0.054598,0.517004,-1.82796,2.34526,-1.29963,0.853682,0.0310484,-0.0561684,0.516822,1.38864,1.69468,0.264194,0.000247836,-0.0092828,0.0225557,0.00260818
1765976269300460,0,-1.71746,2.48037,-1.27877,0.853714,0.0302949,-0.0543353,0.517013,-1.8142,2.36208,-1.29703,0.853686,0.0309546,-0.0559403,0.516846,1.38848,1.69786,0.262114,0.000397124,-0.00946666,0.0230317,0.00240681
1765976269300460,0,-1.71746,2.48037,-1.27877,0.853714,0.0302949,-0.0543353,0.517013,-1.8142,2.36208,-1.29703,0.853686,0.0309546,-0.0559403,0.516846,1.38848,1.69786,0.262114,0.000397124,-0.00946666,0.0230317,0.00240681
1765976269310496,0,-1.70343,2.49779,-1.27629,0.853729,0.0301815,-0.0540549,0.517023,-1.80023,2.37919,-1.29441,0.853691,0.0308574,-0.0557032,0.516868,1.39195,1.70542,0.26069,0.000546396,-0.00968757,0.0236272,0.00222716
1765976269310496,0,-1.70343,2.49779,-1.27629,0.853729,0.0301815,-0.0540549,0.517023,-1.80023,2.37919,-1.29441,0.853691,0.0308574,-0.0557032,0.516868,1.39195,1.70542,0.26069,0.000546396,-0.00968757,0.0236272,0.00222716
1765976269320484,0,-1.68939,2.51526,-1.27382,0.853745,0.0300727,-0.053788,0.517032,-1.78632,2.39627,-1.29183,0.853698,0.0307588,-0.0554625,0.516889,1.3929,1.70987,0.258756,0.000674342,-0.0098712,0.0240928,0.00207077
1765976269320484,0,-1.68939,2.51526,-1.27382,0.853745,0.0300727,-0.053788,0.517032,-1.78632,2.39627,-1.29183,0.853698,0.0307588,-0.0554625,0.516889,1.3929,1.70987,0.258756,0.000674342,-0.0098712,0.0240928,0.00207077
1765976269330487,0,-1.67533,2.53278,-1.27138,0.853761,0.0299582,-0.0535052,0.517042,-1.77237,2.41343,-1.28926,0.853706,0.0306582,-0.0552165,0.516908,1.39476,1.71541,0.256962,0.000786545,-0.0100582,0.0245911,0.00192465
1765976269330487,0,-1.67533,2.53278,-1.27138,0.853761,0.0299582,-0.0535052,0.517042,-1.77237,2.41343,-1.28926,0.853706,0.0306582,-0.0552165,0.516908,1.39476,1.71541,0.256962,0.000786545,-0.0100582,0.0245911,0.00192465
1765976269340509,0,-1.66126,2.55035,-1.26896,0.853777,0.0298458,-0.053228,0.517051,-1.75837,2.43067,-1.2867,0.853715,0.0305561,-0.0549668,0.516926,1.39629,1.72055,0.255071,0.000880212,-0.0101817,0.0249236,0.00179016
1765976269340509,0,-1.66126,2.55035,-1.26896,0.853777,0.0298458,-0.053228,0.517051,-1.75837,2.43067,-1.2867,0.853715,0.0305561,-0.0549668,0.516926,1.39629,1.72055,0.255071,0.000880212,-0.0101817,0.0249236,0.00179016
1765976269350500,0,-1.64717,2.56796,-1.26656,0.853792,0.0297342,-0.0529524,0.51706,-1.74441,2.44791,-1.28418,0.853725,0.0304525,-0.0547127,0.516943,1.39746,1.72527,0.253071,0.000978397,-0.0103763,0.0254294,0.00168833
1765976269350500,0,-1.64717,2.56796,-1.26656,0.853792,0.0297342,-0.0529524,0.51706,-1.74441,2.44791,-1.28418,0.853725,0.0304525,-0.0547127,0.516943,1.39746,1.72527,0.253071,0.000978397,-0.0103763,0.0254294,0.00168833
1765976269360549,0,-1.63307,2.58563,-1.26419,0.853808,0.0296256,-0.0526853,0.517068,-1.73035,2.4653,-1.28165,0.853735,0.0303488,-0.0544585,0.516958,1.39921,1.73064,0.251135,0.00103206,-0.010316,0.0252937,0.00155996
1765976269360549,0,-1.63307,2.58563,-1.26419,0.853808,0.0296256,-0.0526853,0.517068,-1.73035,2.4653,-1.28165,0.853735,0.0303488,-0.0544585,0.516958,1.39921,1.73064,0.251135,0.00103206,-0.010316,0.0252937,0.00155996
1765976269370552,0,-1.61895,2.60334,-1.26184,0.853822,0.0295231,-0.0524341,0.517076,-1.71635,2.48265,-1.27916,0.853746,0.0302451,-0.0542043,0.516973,1.39987,1.73469,0.248977,0.00109044,-0.0103633,0.0254089,0.00147179
1765976269370552,0,-1.61895,2.60334,-1.26184,0.853822,0.0295231,-0.0524341,0.517076,-1.71635,2.48265,-1.27916,0.853746,0.0302451,-0.0542043,0.516973,1.39987,1.73469,0.248977,0.00109044,-0.0103633,0.0254089,0.00147179
1765976269380523,0,-1.60483,2.6211,-1.25951,0.853836,0.0294238,-0.0521918,0.517083,-1.70238,2.5,-1.2767,0.853757,0.0301419,-0.0539515,0.516987,1.40141,1.73983,0.246955,0.0011298,-0.0103487,0.0253593,0.00138685
1765976269380523,0,-1.60483,2.6211,-1.25951,0.853836,0.0294238,-0.0521918,0.517083,-1.70238,2.5,-1.2767,0.853757,0.0301419,-0.0539515,0.516987,1.40141,1.73983,0.246955,0.0011298,-0.0103487,0.0253593,0.00138685
1765976269390654,0,-1.59069,2.63891,-1.2572,0.853849,0.0293295,-0.0519643,0.51709,-1.68816,2.51768,-1.27422,0.853769,0.0300388,-0.0536992,0.517,1.40349,1.74553,0.244973,0.00114726,-0.0101823,0.0249051,0.00128846
1765976269390654,0,-1.59069,2.63891,-1.2572,0.853849,0.0293295,-0.0519643,0.51709,-1.68816,2.51768,-1.27422,0.853769,0.0300388,-0.0536992,0.517,1.40349,1.74553,0.244973,0.00114726,-0.0101823,0.0249051,0.00128846
1765976269400544,0,-1.57654,2.65676,-1.25492,0.853862,0.0292339,-0.0517338,0.517097,-1.67428,2.53497,-1.27182,0.85378,0.0299387,-0.0534549,0.517012,1.40263,1.74766,0.242444,0.00116316,-0.0101157,0.0246995,0.00121741
1765976269400544,0,-1.57654,2.65676,-1.25492,0.853862,0.0292339,-0.0517338,0.517097,-1.67428,2.53497,-1.27182,0.85378,0.0299387,-0.0534549,0.517012,1.40263,1.74766,0.242444,0.00116316,-0.0101157,0.0246995,0.00121741
1765976269410692,0,-1.56238,2.67465,-1.25267,0.853874,0.0291413,-0.0515105,0.517104,-1.66001,2.55278,-1.26938,0.853792,0.0298372,-0.0532073,0.517024,1.40628,1.75534,0.240686,0.00118058,-0.0100048,0.0243961,0.00115121
1765976269410692,0,-1.56238,2.67465,-1.25267,0.853874,0.0291413,-0.0515105,0.517104,-1.66001,2.55278,-1.26938,0.853792,0.0298372,-0.0532073,0.517024,1.40628,1.75534,0.240686,0.00118058,-0.0100048,0.0243961,0.00115121
1765976269420534,0,-1.5482,2.6926,-1.25043,0.853886,0.0290559,-0.0513068,0.51711,-1.64619,2.57007,-1.26703,0.853804,0.0297396,-0.05297,0.517034,1.40505,1.75696,0.238031,0.00118701,-0.00991241,0.0241133,0.00109011
1765976269420534,0,-1.5482,2.6926,-1.25043,0.853886,0.0290559,-0.0513068,0.51711,-1.64619,2.57007,-1.26703,0.853804,0.0297396,-0.05297,0.517034,1.40505,1.75696,0.238031,0.00118701,-0.00991241,0.0241133,0.00109011
1765976269430440,0,-1.53402,2.71058,-1.24823,0.853898,0.0289648,-0.0510877,0.517117,-1.63222,2.58756,-1.26469,0.853816,0.0296429,-0.052735,0.517045,1.40951,1.76566,0.236325,0.00117934,-0.00976431,0.0237184,0.00103493
1765976269430440,0,-1.53402,2.71058,-1.24823,0.853898,0.0289648,-0.0510877,0.517117,-1.63222,2.58756,-1.26469,0.853816,0.0296429,-0.052735,0.517045,1.40951,1.76566,0.236325,0.00117934,-0.00976431,0.0237184,0.00103493
1765976269440630,0,-1.51982,2.72861,-1.24604,0.85391,0.028875,-0.0508731,0.517123,-1.61783,2.60563,-1.2623,0.853828,0.0295456,-0.052499,0.517055,1.41244,1.77242,0.234336,0.00116987,-0.00955232,0.0231611,0.000976838
1765976269440630,0,-1.51982,2.72861,-1.24604,0.85391,0.028875,-0.0508731,0.517123,-1.61783,2.60563,-1.2623,0.853828,0.0295456,-0.052499,0.517055,1.41244,1.77242,0.234336,0.00116987,-0.00955232,0.0231611,0.000976838
1765976269450466,0,-1.50562,2.74668,-1.24389,0.853925,0.0287585,-0.0505856,0.517133,-1.60396,2.62306,-1.26003,0.85384,0.0294476,-0.0522608,0.517064,1.41008,1.77255,0.231426,0.00123015,-0.00996485,0.0242227,0.000981695
1765976269450466,0,-1.50562,2.74668,-1.24389,0.853925,0.0287585,-0.0505856,0.517133,-1.60396,2.62306,-1.26003,0.85384,0.0294476,-0.0522608,0.517064,1.41008,1.77255,0.231426,0.00123015,-0.00996485,0.0242227,0.000981695
1765976269460571,0,-1.4914,2.76479,-1.24176,0.853942,0.0286311,-0.0502682,0.517143,-1.58967,2.64106,-1.25771,0.853853,0.029344,-0.052008,0.517074,1.41443,1.78107,0.229606,0.00127998,-0.0102515,0.0250168,0.000985055
1765976269460571,0,-1.4914,2.76479,-1.24176,0.853942,0.0286311,-0.0502682,0.517143,-1.58967,2.64106,-1.25771,0.853853,0.029344,-0.052008,0.517074,1.41443,1.78107,0.229606,0.00127998,-0.0102515,0.0250168,0.000985055
1765976269470488,0,-1.47718,2.78295,-1.23965,0.853957,0.0285133,-0.0499766,0.517152,-1.57565,2.65874,-1.25546,0.853866,0.02924,-0.0517537,0.517084,1.41357,1.78308,0.226879,0.00132829,-0.0104867,0.0256454,0.000985697
1765976269470488,0,-1.47718,2.78295,-1.23965,0.853957,0.0285133,-0.0499766,0.517152,-1.57565,2.65874,-1.25546,0.853866,0.02924,-0.0517537,0.517084,1.41357,1.78308,0.226879,0.00132829,-0.0104867,0.0256454,0.000985697
1765976269480485,0,-1.46294,2.80115,-1.23758,0.853974,0.0283873,-0.049662,0.517162,-1.56149,2.67663,-1.25321,0.853879,0.0291334,-0.0514922,0.517094,1.4163,1.78953,0.224717,0.00134747,-0.0106635,0.0261583,0.00097781
1765976269480485,0,-1.46294,2.80115,-1.23758,0.853974,0.0283873,-0.049662,0.517162,-1.56149,2.67663,-1.25321,0.853879,0.0291334,-0.0514922,0.517094,1.4163,1.78953,0.224717,0.00134747,-0.0106635,0.0261583,0.00097781
1765976269490513,0,-1.4487,2.81939,-1.23553,0.853989,0.0282659,-0.0493599,0.517172,-1.54728,2.69462,-1.25098,0.853893,0.0290236,-0.0512224,0.517104,1.41734,1.79389,0.222251,0.00139085,-0.0109459,0.0269047,0.000986674
1765976269490513,0,-1.4487,2.81939,-1.23553,0.853989,0.0282659,-0.0493599,0.517172,-1.54728,2.69462,-1.25098,0.853893,0.0290236,-0.0512224,0.517104,1.41734,1.79389,0.222251,0.00139085,-0.0109459,0.0269047,0.000986674
1765976269500476,0,-1.43445,2.83766,-1.2335,0.854006,0.0281376,-0.0490389,0.517182,-1.53315,2.71253,-1.24879,0.853907,0.0289131,-0.0509499,0.517114,1.41782,1.79753,0.219669,0.00141189,-0.0110962,0.0273446,0.000987129
1765976269500476,0,-1.43445,2.83766,-1.2335,0.854006,0.0281376,-0.0490389,0.517182,-1.53315,2.71253,-1.24879,0.853907,0.0289131,-0.0509499,0.517114,1.41782,1.79753,0.219669,0.00141189,-0.0110962,0.0273446,0.000987129
1765976269510596,0,-1.42019,2.85598,-1.23151,0.854022,0.0280092,-0.0487179,0.517192,-1.51879,2.73077,-1.2466,0.853922,0.0287984,-0.0506668,0.517124,1.41951,1.80268,0.217239,0.001443,-0.0113283,0.0279735,0.000989484
1765976269510596,0,-1.42019,2.85598,-1.23151,0.854022,0.0280092,-0.0487179,0.517192,-1.51879,2.73077,-1.2466,0.853922,0.0287984,-0.0506668,0.517124,1.41951,1.80268,0.217239,0.001443,-0.0113283,0.0279735,0.000989484
1765976269520574,0,-1.40592,2.87433,-1.22954,0.854038,0.0278834,-0.0484045,0.517202,-1.50463,2.74877,-1.24446,0.853936,0.0286835,-0.0503828,0.517133,1.41827,1.80408,0.214345,0.00146353,-0.0115126,0.0284631,0.000985645
1765976269520574,0,-1.40592,2.87433,-1.22954,0.854038,0.0278834,-0.0484045,0.517202,-1.50463,2.74877,-1.24446,0.853936,0.0286835,-0.0503828,0.517133,1.41827,1.80408,0.214345,0.00146353,-0.0115126,0.0284631,0.000985645
1765976269530518,0,-1.39165,2.89273,-1.2276,0.854054,0.0277627,-0.0481051,0.517211,-1.49052,2.76676,-1.24235,0.853951,0.0285683,-0.0500977,0.517143,1.41981,1.80897,0.211853,0.00147453,-0.0115898,0.0286691,0.000983021
1765976269530518,0,-1.39165,2.89273,-1.2276,0.854054,0.0277627,-0.0481051,0.517211,-1.49052,2.76676,-1.24235,0.853951,0.0285683,-0.0500977,0.517143,1.41981,1.80897,0.211853,0.00147453,-0.0115898,0.0286691,0.000983021
1765976269540533,0,-1.37737,2.91116,-1.22569,0.854067,0.027658,-0.0478475,0.517219,-1.47628,2.78493,-1.24025,0.853966,0.0284536,-0.0498141,0.517153,1.42183,1.81453,0.209399,0.00145813,-0.0114556,0.028317,0.000958198
1765976269540533,0,-1.37737,2.91116,-1.22569,0.854067,0.027658,-0.0478475,0.517219,-1.47628,2.78493,-1.24025,0.853966,0.0284536,-0.0498141,0.517153,1.42183,1.81453,0.209399,0.00145813,-0.0114556,0.028317,0.000958198
1765976269550449,0,-1.36308,2.92963,-1.22381,0.85408,0.027552,-0.0475861,0.517227,-1.46217,2.80296,-1.2382,0.85398,0.0283411,-0.0495363,0.517162,1.42243,1.81824,0.206705,0.00143662,-0.0113385,0.0280208,0.000937709
1765976269550449,0,-1.36308,2.92963,-1.22381,0.85408,0.027552,-0.0475861,0.517227,-1.46217,2.80296,-1.2382,0.85398,0.0283411,-0.0495363,0.517162,1.42243,1.81824,0.206705,0.00143662,-0.0113385,0.0280208,0.000937709
1765976269560626,0,-1.34879,2.94813,-1.22195,0.854094,0.0274373,-0.047302,0.517236,-1.44767,2.82153,-1.23613,0.853994,0.0282261,-0.0492519,0.517171,1.4248,1.82418,0.204238,0.00142906,-0.0113042,0.0279446,0.000919517
1765976269560626,0,-1.34879,2.94813,-1.22195,0.854094,0.0274373,-0.047302,0.517236,-1.44767,2.82153,-1.23613,0.853994,0.0282261,-0.0492519,0.517171,1.4248,1.82418,0.204238,0.00142906,-0.0113042,0.0279446,0.000919517
1765976269570571,0,-1.33449,2.96667,-1.22013,0.854109,0.027315,-0.0469979,0.517245,-1.43353,2.83967,-1.23413,0.854009,0.0281121,-0.0489699,0.517181,1.42226,1.82387,0.201044,0.00144442,-0.0114628,0.0283594,0.000928981
1765976269570571,0,-1.33449,2.96667,-1.22013,0.854109,0.027315,-0.0469979,0.517245,-1.43353,2.83967,-1.23413,0.854009,0.0281121,-0.0489699,0.517181,1.42226,1.82387,0.201044,0.00144442,-0.0114628,0.0283594,0.000928981
1765976269580484,0,-1.32019,2.98524,-1.21833,0.854124,0.027191,-0.0466891,0.517255,-1.41941,2.8578,-1.23216,0.854023,0.0279973,-0.0486855,0.51719,1.42426,1.82933,0.19847,0.00145509,-0.0115853,0.0286866,0.00093198
1765976269580484,0,-1.32019,2.98524,-1.21833,0.854124,0.027191,-0.0466891,0.517255,-1.41941,2.8578,-1.23216,0.854023,0.0279973,-0.0486855,0.51719,1.42426,1.82933,0.19847,0.00145509,-0.0115853,0.0286866,0.00093198
1765976269590508,0,-1.30588,3.00385,-1.21657,0.854137,0.0270851,-0.0464283,0.517262,-1.40511,2.8762,-1.23019,0.854038,0.0278819,-0.0483999,0.517199,1.42663,1.8353,0.195915,0.00143898,-0.0115116,0.0284871,0.000915714
1765976269590508,0,-1.30588,3.00385,-1.21657,0.854137,0.0270851,-0.0464283,0.517262,-1.40511,2.8762,-1.23019,0.854038,0.0278819,-0.0483999,0.517199,1.42663,1.8353,0.195915,0.00143898,-0.0115116,0.0284871,0.000915714
1765976269600617,0,-1.29157,3.02249,-1.21483,0.854151,0.026972,-0.0461492,0.517271,-1.39068,2.89478,-1.22824,0.854052,0.0277675,-0.0481171,0.517208,1.4268,1.83836,0.193053,0.00140329,-0.0113107,0.0279789,0.000890326
1765976269600617,0,-1.29157,3.02249,-1.21483,0.854151,0.026972,-0.0461492,0.517271,-1.39068,2.89478,-1.22824,0.854052,0.0277675,-0.0481171,0.517208,1.4268,1.83836,0.193053,0.00140329,-0.0113107,0.0279789,0.000890326
1765976269610569,0,-1.27725,3.04117,-1.21313,0.854166,0.0268458,-0.0458363,0.51728,-1.3765,2.91309,-1.22635,0.854066,0.0276522,-0.0478318,0.517217,1.42546,1.8395,0.189954,0.00143142,-0.0115852,0.0286666,0.00091036
1765976269610569,0,-1.27725,3.04117,-1.21313,0.854166,0.0268458,-0.0458363,0.51728,-1.3765,2.91309,-1.22635,0.854066,0.0276522,-0.0478318,0.517217,1.42546,1.8395,0.189954,0.00143142,-0.0115852,0.0286666,0.00091036
1765976269620480,0,-1.26293,3.05987,-1.21145,0.85418,0.0267247,-0.0455365,0.517289,-1.36235,2.93137,-1.2245,0.85408,0.0275359,-0.047544,0.517226,1.42713,1.84456,0.187228,0.00144937,-0.0117346,0.0290389,0.000908112
1765976269620480,0,-1.26293,3.05987,-1.21145,0.85418,0.0267247,-0.0455365,0.517289,-1.36235,2.93137,-1.2245,0.85408,0.0275359,-0.047544,0.517226,1.42713,1.84456,0.187228,0.00144937,-0.0117346,0.0290389,0.000908112
1765976269630510,0,-1.24861,3.07861,-1.20981,0.854193,0.0266149,-0.0452671,0.517297,-1.34802,2.94993,-1.22265,0.854095,0.0274203,-0.0472582,0.517235,1.42938,1.8503,0.184566,0.00141435,-0.0115278,0.028499,0.000885453
1765976269630510,0,-1.24861,3.07861,-1.20981,0.854193,0.0266149,-0.0452671,0.517297,-1.34802,2.94993,-1.22265,0.854095,0.0274203,-0.0472582,0.517235,1.42938,1.8503,0.184566,0.00141435,-0.0115278,0.028499,0.000885453
1765976269640641,0,-1.23428,3.09738,-1.2082,0.854207,0.0264964,-0.044976,0.517306,-1.33354,2.9687,-1.22081,0.854109,0.027303,-0.0469684,0.517244,1.42926,1.85296,0.181573,0.00141201,-0.0115785,0.0285992,0.000882509
1765976269640641,0,-1.23428,3.09738,-1.2082,0.854207,0.0264964,-0.044976,0.517306,-1.33354,2.9687,-1.22081,0.854109,0.027303,-0.0469684,0.517244,1.42926,1.85296,0.181573,0.00141201,-0.0115785,0.0285992,0.000882509
1765976269650535,0,-1.21995,3.11619,-1.20661,0.854222,0.0263645,-0.0446503,0.517315,-1.31942,2.98704,-1.21904,0.854123,0.0271862,-0.0466799,0.517253,1.42737,1.85337,0.178344,0.00142776,-0.0118067,0.0291622,0.000897624
1765976269650535,0,-1.21995,3.11619,-1.20661,0.854222,0.0263645,-0.0446503,0.517315,-1.31942,2.98704,-1.21904,0.854123,0.0271862,-0.0466799,0.517253,1.42737,1.85337,0.178344,0.00142776,-0.0118067,0.0291622,0.000897624
1765976269660681,0,-1.20562,3.13502,-1.20506,0.854237,0.0262397,-0.0443434,0.517324,-1.30491,3.00591,-1.21726,0.854138,0.0270658,-0.0463827,0.517262,1.42998,1.85955,0.175653,0.00142168,-0.011865,0.0292894,0.000898828
1765976269660681,0,-1.20562,3.13502,-1.20506,0.854237,0.0262397,-0.0443434,0.517324,-1.30491,3.00591,-1.21726,0.854138,0.0270658,-0.0463827,0.517262,1.42998,1.85955,0.175653,0.00142168,-0.011865,0.0292894,0.000898828
1765976269670528,0,-1.19129,3.15388,-1.20354,0.85425,0.0261265,-0.0440679,0.517332,-1.29085,3.02422,-1.21556,0.854151,0.0269492,-0.0460953,0.517271,1.42778,1.85951,0.172343,0.00141642,-0.0118444,0.0291898,0.000883749
1765976269670528,0,-1.19129,3.15388,-1.20354,0.85425,0.0261265,-0.0440679,0.517332,-1.29085,3.02422,-1.21556,0.854151,0.0269492,-0.0460953,0.517271,1.42778,1.85951,0.172343,0.00141642,-0.0118444,0.0291898,0.000883749
1765976269680634,0,-1.17695,3.17277,-1.20206,0.854263,0.0260123,-0.0437903,0.51734,-1.27638,3.04308,-1.21385,0.854166,0.0268307,-0.0458038,0.51728,1.43123,1.86677,0.169708,0.00139781,-0.0117214,0.0288395,0.000872896
1765976269680634,0,-1.17695,3.17277,-1.20206,0.854263,0.0260123,-0.0437903,0.51734,-1.27638,3.04308,-1.21385,0.854166,0.0268307,-0.0458038,0.51728,1.43123,1.86677,0.169708,0.00139781,-0.0117214,0.0288395,0.000872896
1765976269690669,0,-1.16262,3.19169,-1.2006,0.854275,0.0259032,-0.0435267,0.517348,-1.26204,3.06182,-1.21218,0.854179,0.0267136,-0.0455164,0.517288,1.42961,1.86743,0.166442,0.001378,-0.0116657,0.0286415,0.000855313
1765976269690669,0,-1.16262,3.19169,-1.2006,0.854275,0.0259032,-0.0435267,0.517348,-1.26204,3.06182,-1.21218,0.854179,0.0267136,-0.0455164,0.517288,1.42961,1.86743,0.166442,0.001378,-0.0116657,0.0286415,0.000855313
1765976269700527,0,-1.14828,3.21063,-1.19918,0.854289,0.0257798,-0.0432271,0.517356,-1.24795,3.08026,-1.21057,0.854193,0.0265969,-0.0452301,0.517297,1.42947,1.87003,0.163347,0.00139065,-0.0118457,0.0290397,0.00087067
1765976269700527,0,-1.14828,3.21063,-1.19918,0.854289,0.0257798,-0.0432271,0.517356,-1.24795,3.08026,-1.21057,0.854193,0.0265969,-0.0452301,0.517297,1.42947,1.87003,0.163347,0.00139065,-0.0118457,0.0290397,0.00087067
1765976269710634,0,-1.13395,3.22961,-1.19779,0.854302,0.025664,-0.0429477,0.517364,-1.23347,3.09922,-1.20894,0.854207,0.0264789,-0.0449415,0.517305,1.43255,1.8768,0.160585,0.00135639,-0.0116733,0.0285602,0.00084922
1765976269710634,0,-1.13395,3.22961,-1.19779,0.854302,0.025664,-0.0429477,0.517364,-1.23347,3.09922,-1.20894,0.854207,0.0264789,-0.0449415,0.517305,1.43255,1.8768,0.160585,0.00135639,-0.0116733,0.0285602,0.00084922
1765976269720560,0,-1.11961,3.24861,-1.19643,0.854315,0.0255442,-0.0426588,0.517372,-1.21926,3.11786,-1.20738,0.85422,0.0263621,-0.0446562,0.517314,1.43074,1.87718,0.157268,0.00136311,-0.011769,0.0287421,0.000846691
1765976269720560,0,-1.11961,3.24861,-1.19643,0.854315,0.0255442,-0.0426588,0.517372,-1.21926,3.11786,-1.20738,0.85422,0.0263621,-0.0446562,0.517314,1.43074,1.87718,0.157268,0.00136311,-0.011769,0.0287421,0.000846691
1765976269730571,0,-1.10528,3.26763,-1.1951,0.854329,0.0254087,-0.0423304,0.517382,-1.20493,3.1367,-1.20584,0.854234,0.0262426,-0.0443647,0.517322,1.43242,1.88215,0.154325,0.00136345,-0.0119333,0.0291132,0.00085141
1765976269730571,0,-1.10528,3.26763,-1.1951,0.854329,0.0254087,-0.0423304,0.517382,-1.20493,3.1367,-1.20584,0.854234,0.0262426,-0.0443647,0.517322,1.43242,1.88215,0.154325,0.00136345,-0.0119333,0.0291132,0.00085141
1765976269740618,0,-1.09094,3.28668,-1.19381,0.854344,0.0252749,-0.0420072,0.517391,-1.19053,3.15564,-1.20432,0.854248,0.0261205,-0.0440674,0.517331,1.43235,1.88478,0.151162,0.00138229,-0.0121499,0.0295995,0.000866157
1765976269740618,0,-1.09094,3.28668,-1.19381,0.854344,0.0252749,-0.0420072,0.517391,-1.19053,3.15564,-1.20432,0.854248,0.0261205,-0.0440674,0.517331,1.43235,1.88478,0.151162,0.00138229,-0.0121499,0.0295995,0.000866157
1765976269750550,0,-1.07661,3.30576,-1.19255,0.854359,0.0251315,-0.0416616,0.517401,-1.17632,3.17437,-1.20285,0.854262,0.0259964,-0.0437655,0.51734,1.43163,1.88651,0.147919,0.0013983,-0.0124945,0.0303927,0.000882187
1765976269750550,0,-1.07661,3.30576,-1.19255,0.854359,0.0251315,-0.0416616,0.517401,-1.17632,3.17437,-1.20285,0.854262,0.0259964,-0.0437655,0.51734,1.43163,1.88651,0.147919,0.0013983,-0.0124945,0.0303927,0.000882187
1765976269760699,0,-1.06228,3.32486,-1.19132,0.854374,0.0249888,-0.0413184,0.51741,-1.16177,3.19357,-1.20138,0.854276,0.0258688,-0.0434556,0.517349,1.43305,1.89107,0.144886,0.00140364,-0.0125723,0.0305331,0.000880944
1765976269760699,0,-1.06228,3.32486,-1.19132,0.854374,0.0249888,-0.0413184,0.51741,-1.16177,3.19357,-1.20138,0.854276,0.0258688,-0.0434556,0.517349,1.43305,1.89107,0.144886,0.00140364,-0.0125723,0.0305331,0.000880944
1765976269770662,0,-1.04795,3.34398,-1.19013,0.854389,0.0248485,-0.0409812,0.51742,-1.14752,3.2124,-1.19997,0.85429,0.0257415,-0.0431468,0.517357,1.43032,1.89021,0.141417,0.00141189,-0.0127818,0.0309977,0.000891407
1765976269770662,0,-1.04795,3.34398,-1.19013,0.854389,0.0248485,-0.0409812,0.51742,-1.14752,3.2124,-1.19997,0.85429,0.0257415,-0.0431468,0.517357,1.43032,1.89021,0.141417,0.00141189,-0.0127818,0.0309977,0.000891407
1765976269780655,0,-1.03362,3.36313,-1.18897,0.854403,0.0247102,-0.0406494,0.517429,-1.13322,3.23133,-1.19859,0.854304,0.0256128,-0.042835,0.517366,1.4313,1.89413,0.138296,0.00140765,-0.0128821,0.0311954,0.000888731
1765976269780655,0,-1.03362,3.36313,-1.18897,0.854403,0.0247102,-0.0406494,0.517429,-1.13322,3.23133,-1.19859,0.854304,0.0256128,-0.042835,0.517366,1.4313,1.89413,0.138296,0.00140765,-0.0128821,0.0311954,0.000888731
1765976269790698,0,-1.0193,3.3823,-1.18784,0.854416,0.0245891,-0.0403618,0.517436,-1.11884,3.25038,-1.19723,0.854318,0.0254831,-0.0425218,0.517375,1.43154,1.89716,0.135103,0.00140658,-0.0129091,0.0311889,0.000878372
1765976269790698,0,-1.0193,3.3823,-1.18784,0.854416,0.0245891,-0.0403618,0.517436,-1.11884,3.25038,-1.19723,0.854318,0.0254831,-0.0425218,0.517375,1.43154,1.89716,0.135103,0.00140658,-0.0129091,0.0311889,0.000878372
1765976269800619,0,-1.00498,3.40149,-1.18674,0.854428,0.0244665,-0.0400709,0.517444,-1.10465,3.26922,-1.19592,0.854332,0.0253563,-0.042216,0.517384,1.43082,1.89887,0.13179,0.00137582,-0.0127837,0.0308207,0.000865141
1765976269800619,0,-1.00498,3.40149,-1.18674,0.854428,0.0244665,-0.0400709,0.517444,-1.10465,3.26922,-1.19592,0.854332,0.0253563,-0.042216,0.517384,1.43082,1.89887,0.13179,0.00137582,-0.0127837,0.0308207,0.000865141
1765976269810777,0,-0.990664,3.4207,-1.18568,0.854441,0.024341,-0.039774,0.517452,-1.0901,3.28855,-1.19462,0.854346,0.0252271,-0.0419053,0.517392,1.43234,1.90352,0.128692,0.00136719,-0.0127196,0.0305941,0.000850824
1765976269810777,0,-0.990664,3.4207,-1.18568,0.854441,0.024341,-0.039774,0.517452,-1.0901,3.28855,-1.19462,0.854346,0.0252271,-0.0419053,0.517392,1.43234,1.90352,0.128692,0.00136719,-0.0127196,0.0305941,0.000850824
1765976269820514,0,-0.976352,3.43993,-1.18466,0.854454,0.0242097,-0.0394642,0.51746,-1.07618,3.30708,-1.1934,0.854359,0.0251008,-0.0416023,0.517401,1.42935,1.90221,0.125159,0.00138345,-0.0129679,0.0311127,0.000863126
1765976269820514,0,-0.976352,3.43993,-1.18466,0.854454,0.0242097,-0.0394642,0.51746,-1.07618,3.30708,-1.1934,0.854359,0.0251008,-0.0416023,0.517401,1.42935,1.90221,0.125159,0.00138345,-0.0129679,0.0311127,0.000863126
1765976269830511,0,-0.962045,3.45918,-1.18366,0.854468,0.0240722,-0.0391408,0.517468,-1.06184,3.32618,-1.19218,0.854373,0.0249717,-0.0412933,0.517409,1.43426,1.91136,0.122322,0.00135939,-0.0129174,0.0309113,0.000852602
1765976269830511,0,-0.962045,3.45918,-1.18366,0.854468,0.0240722,-0.0391408,0.517468,-1.06184,3.32618,-1.19218,0.854373,0.0249717,-0.0412933,0.517409,1.43426,1.91136,0.122322,0.00135939,-0.0129174,0.0309113,0.000852602
1765976269840481,0,-0.947742,3.47845,-1.18271,0.854481,0.0239325,-0.0388134,0.517477,-1.04755,3.34526,-1.19099,0.854387,0.0248411,-0.0409816,0.517418,1.4338,1.91337,0.119006,0.00136905,-0.0131007,0.0312629,0.000854911
1765976269840481,0,-0.947742,3.47845,-1.18271,0.854481,0.0239325,-0.0388134,0.517477,-1.04755,3.34526,-1.19099,0.854387,0.0248411,-0.0409816,0.517418,1.4338,1.91337,0.119006,0.00136905,-0.0131007,0.0312629,0.000854911
1765976269850491,0,-0.933445,3.49773,-1.18178,0.854498,0.0237557,-0.0383945,0.517488,-1.03319,3.36444,-1.18983,0.854401,0.0247043,-0.0406556,0.517427,1.43382,1.91602,0.115708,0.00140526,-0.0136619,0.0325663,0.000887222
1765976269850491,0,-0.933445,3.49773,-1.18178,0.854498,0.0237557,-0.0383945,0.517488,-1.03319,3.36444,-1.18983,0.854401,0.0247043,-0.0406556,0.517427,1.43382,1.91602,0.115708,0.00140526,-0.0136619,0.0325663,0.000887222
1765976269860502,0,-0.919154,3.51704,-1.18089,0.854517,0.0235637,-0.0379385,0.517501,-1.01885,3.38364,-1.18871,0.854415,0.0245612,-0.0403146,0.517436,1.43305,1.91761,0.112338,0.00145276,-0.0142991,0.0340623,0.000922857
1765976269860502,0,-0.919154,3.51704,-1.18089,0.854517,0.0235637,-0.0379385,0.517501,-1.01885,3.38364,-1.18871,0.854415,0.0245612,-0.0403146,0.517436,1.43305,1.91761,0.112338,0.00145276,-0.0142991,0.0340623,0.000922857
1765976269870435,0,-0.904869,3.53636,-1.18004,0.854535,0.0233679,-0.0374745,0.517513,-1.00462,3.4027,-1.18762,0.85443,0.0244116,-0.0399587,0.517446,1.43229,1.91916,0.108972,0.00151217,-0.0150566,0.0358375,0.000966108
1765976269870435,0,-0.904869,3.53636,-1.18004,0.854535,0.0233679,-0.0374745,0.517513,-1.00462,3.4027,-1.18762,0.85443,0.0244116,-0.0399587,0.517446,1.43229,1.91916,0.108972,0.00151217,-0.0150566,0.0358375,0.000966108
1765976269880469,0,-0.890592,3.5557,-1.17921,0.854553,0.0231789,-0.0370284,0.517524,-0.990242,3.42199,-1.18656,0.854446,0.0242567,-0.0395904,0.517455,1.43292,1.92263,0.105689,0.00153259,-0.015438,0.0366971,0.000986084
1765976269880469,0,-0.890592,3.5557,-1.17921,0.854553,0.0231789,-0.0370284,0.517524,-0.990242,3.42199,-1.18656,0.854446,0.0242567,-0.0395904,0.517455,1.43292,1.92263,0.105689,0.00153259,-0.015438,0.0366971,0.000986084
1765976269890481,0,-0.876321,3.57505,-1.17843,0.85457,0.0229951,-0.0365964,0.517535,-0.975909,3.44125,-1.18554,0.854461,0.0240978,-0.0392132,0.517466,1.43157,1.92338,0.102242,0.00156572,-0.0158742,0.0376737,0.00100611
1765976269890481,0,-0.876321,3.57505,-1.17843,0.85457,0.0229951,-0.0365964,0.517535,-0.975909,3.44125,-1.18554,0.854461,0.0240978,-0.0392132,0.517466,1.43157,1.92338,0.102242,0.00156572,-0.0158742,0.0376737,0.00100611
1765976269900465,0,-0.862059,3.59441,-1.17768,0.854586,0.0228118,-0.0361671,0.517546,-0.961625,3.46046,-1.18455,0.854477,0.0239365,-0.0388312,0.517476,1.43067,1.92473,0.0988277,0.00157608,-0.0161534,0.0382641,0.0010149
1765976269900465,0,-0.862059,3.59441,-1.17768,0.854586,0.0228118,-0.0361671,0.517546,-0.961625,3.46046,-1.18455,0.854477,0.0239365,-0.0388312,0.517476,1.43067,1.92473,0.0988277,0.00157608,-0.0161534,0.0382641,0.0010149
1765976269910597,0,-0.847806,3.61379,-1.17696,0.854602,0.022639,-0.0357648,0.517556,-0.947133,3.47999,-1.18359,0.854493,0.0237712,-0.0384406,0.517486,1.43029,1.92681,0.095431,0.00157071,-0.0163125,0.0385534,0.00100596
1765976269910597,0,-0.847806,3.61379,-1.17696,0.854602,0.022639,-0.0357648,0.517556,-0.947133,3.47999,-1.18359,0.854493,0.0237712,-0.0384406,0.517486,1.43029,1.92681,0.095431,0.00157071,-0.0163125,0.0385534,0.00100596
1765976269920585,0,-0.833562,3.63319,-1.17628,0.854617,0.022475,-0.035385,0.517565,-0.932879,3.49922,-1.18267,0.854508,0.0236089,-0.038058,0.517496,1.42718,1.92516,0.0918656,0.00155158,-0.0162515,0.0383095,0.000990626
1765976269920585,0,-0.833562,3.63319,-1.17628,0.854617,0.022475,-0.035385,0.517565,-0.932879,3.49922,-1.18267,0.854508,0.0236089,-0.038058,0.517496,1.42718,1.92516,0.0918656,0.00155158,-0.0162515,0.0383095,0.000990626
1765976269930494,0,-0.819327,3.65259,-1.17563,0.85463,0.0223241,-0.035039,0.517573,-0.918739,3.51831,-1.18179,0.854524,0.023449,-0.0376823,0.517505,1.42693,1.92737,0.0884716,0.00152786,-0.0161339,0.0379112,0.000968448
1765976269930494,0,-0.819327,3.65259,-1.17563,0.85463,0.0223241,-0.035039,0.517573,-0.918739,3.51831,-1.18179,0.854524,0.023449,-0.0376823,0.517505,1.42693,1.92737,0.0884716,0.00152786,-0.0161339,0.0379112,0.000968448
1765976269940579,0,-0.805102,3.672,-1.17502,0.854641,0.0221957,-0.0347494,0.517579,-0.904338,3.53779,-1.18093,0.854538,0.0232901,-0.0373104,0.517515,1.42801,1.93132,0.0851546,0.00147756,-0.0157589,0.0368783,0.000927906
1765976269940579,0,-0.805102,3.672,-1.17502,0.854641,0.0221957,-0.0347494,0.517579,-0.904338,3.53779,-1.18093,0.854538,0.0232901,-0.0373104,0.517515,1.42801,1.93132,0.0851546,0.00147756,-0.0157589,0.0368783,0.000927906
1765976269950448,0,-0.790888,3.69143,-1.17444,0.854653,0.022066,-0.0344575,0.517586,-0.890268,3.55684,-1.18013,0.854553,0.0231378,-0.0369555,0.517524,1.42566,1.93069,0.081631,0.00143742,-0.0154274,0.0359551,0.000893858
1765976269950448,0,-0.790888,3.69143,-1.17444,0.854653,0.022066,-0.0344575,0.517586,-0.890268,3.55684,-1.18013,0.854553,0.0231378,-0.0369555,0.517524,1.42566,1.93069,0.081631,0.00143742,-0.0154274,0.0359551,0.000893858
1765976269960556,0,-0.776684,3.71087,-1.1739,0.854665,0.0219263,-0.034142,0.517593,-0.87584,3.57641,-1.17934,0.854567,0.0229847,-0.0365998,0.517532,1.42734,1.93546,0.078321,0.00139754,-0.0151538,0.035192,0.000866827
1765976269960556,0,-0.776684,3.71087,-1.1739,0.854665,0.0219263,-0.034142,0.517593,-0.87584,3.57641,-1.17934,0.854567,0.0229847,-0.0365998,0.517532,1.42734,1.93546,0.078321,0.00139754,-0.0151538,0.035192,0.000866827
1765976269970532,0,-0.762491,3.73031,-1.17339,0.854677,0.0217832,-0.0338194,0.5176,-0.861631,3.5957,-1.17859,0.854581,0.0228336,-0.0362502,0.517541,1.42438,1.93397,0.0747448,0.00138615,-0.0151439,0.0350456,0.000854397
1765976269970532,0,-0.762491,3.73031,-1.17339,0.854677,0.0217832,-0.0338194,0.5176,-0.861631,3.5957,-1.17859,0.854581,0.0228336,-0.0362502,0.517541,1.42438,1.93397,0.0747448,0.00138615,-0.0151439,0.0350456,0.000854397
1765976269980522,0,-0.74831,3.74976,-1.17292,0.85469,0.0216277,-0.0334678,0.517608,-0.847405,3.61504,-1.17788,0.854594,0.0226824,-0.0359013,0.517549,1.42403,1.93599,0.0713108,0.00136631,-0.0151365,0.0349271,0.000841267
1765976269980522,0,-0.74831,3.74976,-1.17292,0.85469,0.0216277,-0.0334678,0.517608,-0.847405,3.61504,-1.17788,0.854594,0.0226824,-0.0359013,0.517549,1.42403,1.93599,0.0713108,0.00136631,-0.0151365,0.0349271,0.000841267
1765976269990563,0,-0.73414,3.76922,-1.17248,0.854702,0.0214803,-0.0331368,0.517615,-0.833113,3.6345,-1.1772,0.854608,0.0225306,-0.0355523,0.517558,1.42332,1.9375,0.0678618,0.00135344,-0.0151132,0.0347571,0.000831058
1765976269990563,0,-0.73414,3.76922,-1.17248,0.854702,0.0214803,-0.0331368,0.517615,-0.833113,3.6345,-1.1772,0.854608,0.0225306,-0.0355523,0.517558,1.42332,1.9375,0.0678618,0.00135344,-0.0151132,0.0347571,0.000831058
1765976270000488,0,-0.719983,3.78869,-1.17208,0.854714,0.0213312,-0.032803,0.517623,-0.819003,3.65373,-1.17656,0.854621,0.0223806,-0.0352085,0.517566,1.42164,1.93771,0.064355,0.00133322,-0.0151119,0.034639,0.000822754
1765976270000488,0,-0.719983,3.78869,-1.17208,0.854714,0.0213312,-0.032803,0.517623,-0.819003,3.65373,-1.17656,0.854621,0.0223806,-0.0352085,0.517566,1.42164,1.93771,0.064355,0.00133322,-0.0151119,0.034639,0.000822754
1765976270010532,0,-0.705838,3.80817,-1.17171,0.854726,0.0211813,-0.0324686,0.51763,-0.80472,3.67322,-1.17595,0.854634,0.0222293,-0.0348627,0.517574,1.42208,1.94077,0.0609458,0.00131743,-0.0150701,0.034427,0.000807072
1765976270010532,0,-0.705838,3.80817,-1.17171,0.854726,0.0211813,-0.0324686,0.51763,-0.80472,3.67322,-1.17595,0.854634,0.0222293,-0.0348627,0.517574,1.42208,1.94077,0.0609458,0.00131743,-0.0150701,0.034427,0.000807072
1765976270020508,0,-0.691706,3.82765,-1.17138,0.854738,0.0210299,-0.0321322,0.517638,-0.790552,3.69258,-1.17537,0.854647,0.0220791,-0.0345207,0.517582,1.42018,1.94062,0.0574298,0.00129653,-0.0150582,0.0342816,0.000800624
1765976270020508,0,-0.691706,3.82765,-1.17138,0.854738,0.0210299,-0.0321322,0.517638,-0.790552,3.69258,-1.17537,0.854647,0.0220791,-0.0345207,0.517582,1.42018,1.94062,0.0574298,0.00129653,-0.0150582,0.0342816,0.000800624
1765976270030425,0,-0.677588,3.84714,-1.17108,0.85475,0.0208702,-0.0317763,0.517646,-0.776475,3.71184,-1.17484,0.85466,0.0219279,-0.0341776,0.51759,1.41955,1.94226,0.0539729,0.00129223,-0.0152409,0.0346016,0.000805387
1765976270030425,0,-0.677588,3.84714,-1.17108,0.85475,0.0208702,-0.0317763,0.517646,-0.776475,3.71184,-1.17484,0.85466,0.0219279,-0.0341776,0.51759,1.41955,1.94226,0.0539729,0.00129223,-0.0152409,0.0346016,0.000805387
1765976270040488,0,-0.663483,3.86663,-1.17082,0.854762,0.0207113,-0.0314232,0.517653,-0.762186,3.73142,-1.17433,0.854673,0.0217749,-0.0338311,0.517598,1.4199,1.94514,0.0505482,0.0012794,-0.0152092,0.0344342,0.000793702
1765976270040488,0,-0.663483,3.86663,-1.17082,0.854762,0.0207113,-0.0314232,0.517653,-0.762186,3.73142,-1.17433,0.854673,0.0217749,-0.0338311,0.517598,1.4199,1.94514,0.0505482,0.0012794,-0.0152092,0.0344342,0.000793702
1765976270050533,0,-0.649392,3.88613,-1.17059,0.854775,0.0205436,-0.03105,0.517662,-0.747948,3.75095,-1.17386,0.854686,0.0216191,-0.0334791,0.517606,1.41741,1.94419,0.0470073,0.00128763,-0.0155114,0.0350344,0.000806992
1765976270050533,0,-0.649392,3.88613,-1.17059,0.854775,0.0205436,-0.03105,0.517662,-0.747948,3.75095,-1.17386,0.854686,0.0216191,-0.0334791,0.517606,1.41741,1.94419,0.0470073,0.00128763,-0.0155114,0.0350344,0.000806992
1765976270060567,0,-0.635316,3.90563,-1.1704,0.854788,0.0203662,-0.0306546,0.51767,-0.733746,3.77045,-1.17342,0.854699,0.0214615,-0.033124,0.517614,1.41538,1.94382,0.0434828,0.00128904,-0.0156998,0.0353951,0.000807876
1765976270060567,0,-0.635316,3.90563,-1.1704,0.854788,0.0203662,-0.0306546,0.51767,-0.733746,3.77045,-1.17342,0.854699,0.0214615,-0.033124,0.517614,1.41538,1.94382,0.0434828,0.00128904,-0.0156998,0.0353951,0.000807876
1765976270070444,0,-0.621255,3.92513,-1.17024,0.854801,0.0201986,-0.0302838,0.517678,-0.719784,3.78965,-1.17303,0.854711,0.0213042,-0.0327703,0.517622,1.41361,1.9438,0.0399738,0.00128539,-0.0159254,0.0358136,0.000808649
1765976270070444,0,-0.621255,3.92513,-1.17024,0.854801,0.0201986,-0.0302838,0.517678,-0.719784,3.78965,-1.17303,0.854711,0.0213042,-0.0327703,0.517622,1.41361,1.9438,0.0399738,0.00128539,-0.0159254,0.0358136,0.000808649
1765976270080497,0,-0.60721,3.94464,-1.17012,0.854812,0.0200444,-0.0299462,0.517685,-0.705563,3.80923,-1.17266,0.854724,0.0211457,-0.032415,0.51763,1.41466,1.94764,0.0365466,0.00126289,-0.0157657,0.0353397,0.000788562
1765976270080497,0,-0.60721,3.94464,-1.17012,0.854812,0.0200444,-0.0299462,0.517685,-0.705563,3.80923,-1.17266,0.854724,0.0211457,-0.032415,0.51763,1.41466,1.94764,0.0365466,0.00126289,-0.0157657,0.0353397,0.000788562
1765976270090469,0,-0.59318,3.96414,-1.17003,0.854823,0.0198907,-0.0296106,0.517692,-0.69148,3.82864,-1.17233,0.854737,0.0209881,-0.0320627,0.517638,1.41225,1.94673,0.03303,0.00124924,-0.0158095,0.0353264,0.000783013
1765976270090469,0,-0.59318,3.96414,-1.17003,0.854823,0.0198907,-0.0296106,0.517692,-0.69148,3.82864,-1.17233,0.854737,0.0209881,-0.0320627,0.517638,1.41225,1.94673,0.03303,0.00124924,-0.0158095,0.0353264,0.000783013
1765976270100462,0,-0.579166,3.98365,-1.16998,0.854835,0.0197222,-0.0292405,0.5177,-0.677376,3.84811,-1.17203,0.854749,0.0208291,-0.0317082,0.517645,1.41138,1.94788,0.0295488,0.00124065,-0.0159107,0.0354725,0.000775403
1765976270100462,0,-0.579166,3.98365,-1.16998,0.854835,0.0197222,-0.0292405,0.5177,-0.677376,3.84811,-1.17203,0.854749,0.0208291,-0.0317082,0.517645,1.41138,1.94788,0.0295488,0.00124065,-0.0159107,0.0354725,0.000775403
1765976270110471,0,-0.565169,4.00316,-1.16996,0.854847,0.0195533,-0.02887,0.517707,-0.663263,3.86761,-1.17177,0.854761,0.0206688,-0.0313516,0.517653,1.41003,1.94842,0.0260595,0.00123271,-0.0160177,0.0356339,0.000780119
1765976270110471,0,-0.565169,4.00316,-1.16996,0.854847,0.0195533,-0.02887,0.517707,-0.663263,3.86761,-1.17177,0.854761,0.0206688,-0.0313516,0.517653,1.41003,1.94842,0.0260595,0.00123271,-0.0160177,0.0356339,0.000780119
1765976270120507,0,-0.551189,4.02266,-1.16998,0.854859,0.0193809,-0.0284917,0.517715,-0.649129,3.88716,-1.17155,0.854774,0.0205067,-0.0309917,0.517661,1.40836,1.94847,0.0225566,0.00121751,-0.0161499,0.0358626,0.000772081
1765976270120507,0,-0.551189,4.02266,-1.16998,0.854859,0.0193809,-0.0284917,0.517715,-0.649129,3.88716,-1.17155,0.854774,0.0205067,-0.0309917,0.517661,1.40836,1.94847,0.0225566,0.00121751,-0.0161499,0.0358626,0.000772081
1765976270130552,0,-0.537227,4.04217,-1.17003,0.854871,0.0192076,-0.028112,0.517723,-0.635003,3.90673,-1.17135,0.854786,0.0203425,-0.0306277,0.517669,1.4062,1.94789,0.0190592,0.00122236,-0.016346,0.0362343,0.000777323
1765976270130552,0,-0.537227,4.04217,-1.17003,0.854871,0.0192076,-0.028112,0.517723,-0.635003,3.90673,-1.17135,0.854786,0.0203425,-0.0306277,0.517669,1.4062,1.94789,0.0190592,0.00122236,-0.016346,0.0362343,0.000777323
1765976270140700,0,-0.523282,4.06167,-1.17012,0.854882,0.0190384,-0.0277431,0.51773,-0.620756,3.92649,-1.1712,0.854798,0.0201787,-0.0302655,0.517677,1.40393,1.94705,0.0155649,0.00119233,-0.0161363,0.0356918,0.000757686
1765976270140700,0,-0.523282,4.06167,-1.17012,0.854882,0.0190384,-0.0277431,0.51773,-0.620756,3.92649,-1.1712,0.854798,0.0201787,-0.0302655,0.517677,1.40393,1.94705,0.0155649,0.00119233,-0.0161363,0.0356918,0.000757686
1765976270150519,0,-0.509356,4.08117,-1.17024,0.854893,0.0188805,-0.0274018,0.517736,-0.607011,3.94557,-1.17108,0.85481,0.0200167,-0.0299081,0.517684,1.3999,1.94382,0.0120435,0.00120193,-0.0165022,0.0363996,0.000758792
1765976270150519,0,-0.509356,4.08117,-1.17024,0.854893,0.0188805,-0.0274018,0.517736,-0.607011,3.94557,-1.17108,0.85481,0.0200167,-0.0299081,0.517684,1.3999,1.94382,0.0120435,0.00120193,-0.0165022,0.0363996,0.000758792
1765976270160551,0,-0.495448,4.10067,-1.17039,0.854902,0.0187426,-0.0271083,0.517742,-0.592947,3.96513,-1.17099,0.854821,0.0198565,-0.0295561,0.517691,1.40193,1.94899,0.00859134,0.00115858,-0.0159673,0.0350887,0.000724857
1765976270160551,0,-0.495448,4.10067,-1.17039,0.854902,0.0187426,-0.0271083,0.517742,-0.592947,3.96513,-1.17099,0.854821,0.0198565,-0.0295561,0.517691,1.40193,1.94899,0.00859134,0.00115858,-0.0159673,0.0350887,0.000724857
1765976270170602,0,-0.481559,4.12016,-1.17059,0.85491,0.0186165,-0.0268429,0.517746,-0.578878,3.98471,-1.17094,0.854833,0.0197002,-0.029214,0.517698,1.39973,1.94822,0.00512371,0.00111488,-0.0155535,0.0340308,0.000693836
1765976270170602,0,-0.481559,4.12016,-1.17059,0.85491,0.0186165,-0.0268429,0.517746,-0.578878,3.98471,-1.17094,0.854833,0.0197002,-0.029214,0.517698,1.39973,1.94822,0.00512371,0.00111488,-0.0155535,0.0340308,0.000693836
1765976270180585,0,-0.46769,4.13965,-1.17081,0.85492,0.0184651,-0.0265189,0.517752,-0.564929,4.00415,-1.17092,0.854844,0.0195453,-0.0288761,0.517705,1.39723,1.94711,0.00163595,0.00109859,-0.0155128,0.0338513,0.00068065
1765976270180585,0,-0.46769,4.13965,-1.17081,0.85492,0.0184651,-0.0265189,0.517752,-0.564929,4.00415,-1.17092,0.854844,0.0195453,-0.0288761,0.517705,1.39723,1.94711,0.00163595,0.00109859,-0.0155128,0.0338513,0.00068065
1765976270190717,0,-0.45384,4.15914,-1.17107,0.85493,0.0183066,-0.0261791,0.517759,-0.550785,4.02388,-1.17094,0.854855,0.0193884,-0.0285343,0.517712,1.39599,1.94768,-0.00183544,0.00108244,-0.0154928,0.0337308,0.00067064
1765976270190717,0,-0.45384,4.15914,-1.17107,0.85493,0.0183066,-0.0261791,0.517759,-0.550785,4.02388,-1.17094,0.854855,0.0193884,-0.0285343,0.517712,1.39599,1.94768,-0.00183544,0.00108244,-0.0154928,0.0337308,0.00067064
1765976270200570,0,-0.44001,4.17861,-1.17136,0.85494,0.0181474,-0.0258397,0.517765,-0.537069,4.04304,-1.171,0.854865,0.0192326,-0.0281961,0.517718,1.39204,1.94447,-0.00529927,0.00109494,-0.0158099,0.0343295,0.000677532
1765976270200570,0,-0.44001,4.17861,-1.17136,0.85494,0.0181474,-0.0258397,0.517765,-0.537069,4.04304,-1.171,0.854865,0.0192326,-0.0281961,0.517718,1.39204,1.94447,-0.00529927,0.00109494,-0.0158099,0.0343295,0.000677532
1765976270210523,0,-0.4262,4.19809,-1.17169,0.85495,0.0179908,-0.0255078,0.517771,-0.523202,4.06243,-1.17108,0.854876,0.019077,-0.0278593,0.517725,1.39323,1.94841,-0.00876733,0.00106597,-0.0156308,0.0338392,0.000664736
1765976270210523,0,-0.4262,4.19809,-1.17169,0.85495,0.0179908,-0.0255078,0.517771,-0.523202,4.06243,-1.17108,0.854876,0.019077,-0.0278593,0.517725,1.39323,1.94841,-0.00876733,0.00106597,-0.0156308,0.0338392,0.000664736
1765976270220457,0,-0.412411,4.21755,-1.17205,0.854959,0.0178386,-0.025187,0.517777,-0.509372,4.0818,-1.1712,0.854886,0.0189222,-0.0275252,0.517732,1.39225,1.9493,-0.0122281,0.00105001,-0.015582,0.0336242,0.000648007
1765976270220457,0,-0.412411,4.21755,-1.17205,0.854959,0.0178386,-0.025187,0.517777,-0.509372,4.0818,-1.1712,0.854886,0.0189222,-0.0275252,0.517732,1.39225,1.9493,-0.0122281,0.00105001,-0.015582,0.0336242,0.000648007
1765976270230438,0,-0.398643,4.23701,-1.17245,0.85497,0.0176589,-0.0248024,0.517784,-0.495484,4.10126,-1.17136,0.854897,0.0187635,-0.0271831,0.517738,1.39147,1.95049,-0.01567,0.00105104,-0.0159041,0.0342775,0.000656899
1765976270230438,0,-0.398643,4.23701,-1.17245,0.85497,0.0176589,-0.0248024,0.517784,-0.495484,4.10126,-1.17136,0.854897,0.0187635,-0.0271831,0.517738,1.39147,1.95049,-0.01567,0.00105104,-0.0159041,0.0342775,0.000656899
1765976270240500,0,-0.384896,4.25646,-1.17288,0.854982,0.0174545,-0.0243608,0.517792,-0.481501,4.12089,-1.17155,0.854908,0.0185981,-0.0268266,0.517745,1.38969,1.95028,-0.0191218,0.00106627,-0.0164321,0.0354306,0.000675306
1765976270240500,0,-0.384896,4.25646,-1.17288,0.854982,0.0174545,-0.0243608,0.517792,-0.481501,4.12089,-1.17155,0.854908,0.0185981,-0.0268266,0.517745,1.38969,1.95028,-0.0191218,0.00106627,-0.0164321,0.0354306,0.000675306
1765976270250544,0,-0.371171,4.2759,-1.17335,0.854994,0.0172313,-0.0238761,0.517801,-0.467575,4.14045,-1.17178,0.854918,0.0184257,-0.0264543,0.517752,1.38645,1.94799,-0.0225268,0.00108599,-0.0171725,0.0370697,0.000706188
1765976270250544,0,-0.371171,4.2759,-1.17335,0.854994,0.0172313,-0.0238761,0.517801,-0.467575,4.14045,-1.17178,0.854918,0.0184257,-0.0264543,0.517752,1.38645,1.94799,-0.0225268,0.00108599,-0.0171725,0.0370697,0.000706188
1765976270260530,0,-0.357468,4.29533,-1.17384,0.855007,0.0170067,-0.0233894,0.51781,-0.453758,4.15989,-1.17204,0.85493,0.0182476,-0.0260696,0.517759,1.38365,1.94627,-0.0259405,0.00111617,-0.0178324,0.0385187,0.000728196
1765976270260530,0,-0.357468,4.29533,-1.17384,0.855007,0.0170067,-0.0233894,0.51781,-0.453758,4.15989,-1.17204,0.85493,0.0182476,-0.0260696,0.517759,1.38365,1.94627,-0.0259405,0.00111617,-0.0178324,0.0385187,0.000728196
1765976270270514,0,-0.343789,4.31475,-1.17437,0.855018,0.0167991,-0.0229422,0.517818,-0.439961,4.17932,-1.17233,0.854941,0.0180661,-0.0256777,0.517767,1.38192,1.94608,-0.0293486,0.00111639,-0.0181806,0.0392529,0.000734312
1765976270270514,0,-0.343789,4.31475,-1.17437,0.855018,0.0167991,-0.0229422,0.517818,-0.439961,4.17932,-1.17233,0.854941,0.0180661,-0.0256777,0.517767,1.38192,1.94608,-0.0293486,0.00111639,-0.0181806,0.0392529,0.000734312
1765976270280456,0,-0.330132,4.33416,-1.17494,0.855029,0.0166067,-0.0225306,0.517825,-0.42624,4.19866,-1.17266,0.854952,0.0178836,-0.0252842,0.517774,1.38015,1.94581,-0.03277,0.00110312,-0.0183537,0.0395806,0.000731419
1765976270280456,0,-0.330132,4.33416,-1.17494,0.855029,0.0166067,-0.0225306,0.517825,-0.42624,4.19866,-1.17266,0.854952,0.0178836,-0.0252842,0.517774,1.38015,1.94581,-0.03277,0.00110312,-0.0183537,0.0395806,0.000731419
1765976270290489,0,-0.3165,4.35356,-1.17554,0.855039,0.0164178,-0.0221276,0.517831,-0.412404,4.21819,-1.17302,0.854963,0.0176993,-0.0248873,0.517781,1.37902,1.94651,-0.0362036,0.00108718,-0.0183716,0.0395648,0.000718844
1765976270290489,0,-0.3165,4.35356,-1.17554,0.855039,0.0164178,-0.0221276,0.517831,-0.412404,4.21819,-1.17302,0.854963,0.0176993,-0.0248873,0.517781,1.37902,1.94651,-0.0362036,0.00108718,-0.0183716,0.0395648,0.000718844
1765976270300505,0,-0.302892,4.37294,-1.17617,0.855049,0.0162237,-0.0217136,0.517838,-0.39862,4.23767,-1.17342,0.854974,0.0175132,-0.024487,0.517788,1.37616,1.94467,-0.0395738,0.00108902,-0.0185792,0.0399611,0.000720064
1765976270300505,0,-0.302892,4.37294,-1.17617,0.855049,0.0162237,-0.0217136,0.517838,-0.39862,4.23767,-1.17342,0.854974,0.0175132,-0.024487,0.517788,1.37616,1.94467,-0.0395738,0.00108902,-0.0185792,0.0399611,0.000720064
1765976270310494,0,-0.289309,4.39232,-1.17683,0.85506,0.0160218,-0.0212833,0.517845,-0.384899,4.25708,-1.17385,0.854984,0.0173256,-0.0240842,0.517795,1.37365,1.94334,-0.0429387,0.00108003,-0.0187751,0.0403319,0.000716043
1765976270310494,0,-0.289309,4.39232,-1.17683,0.85506,0.0160218,-0.0212833,0.517845,-0.384899,4.25708,-1.17385,0.854984,0.0173256,-0.0240842,0.517795,1.37365,1.94334,-0.0429387,0.00108003,-0.0187751,0.0403319,0.000716043
1765976270320503,0,-0.275751,4.41167,-1.17753,0.85507,0.0158242,-0.0208641,0.517852,-0.37117,4.27653,-1.17431,0.854995,0.017137,-0.0236796,0.517802,1.3716,1.9426,-0.0463188,0.00106596,-0.0188451,0.0404162,0.000702702
1765976270320503,0,-0.275751,4.41167,-1.17753,0.85507,0.0158242,-0.0208641,0.517852,-0.37117,4.27653,-1.17431,0.854995,0.017137,-0.0236796,0.517802,1.3716,1.9426,-0.0463188,0.00106596,-0.0188451,0.0404162,0.000702702
1765976270330462,0,-0.262218,4.43101,-1.17826,0.855079,0.0156312,-0.0204562,0.517858,-0.357535,4.29586,-1.1748,0.855006,0.0169487,-0.0232765,0.517809,1.36914,1.94134,-0.0496875,0.00105336,-0.0189094,0.0404779,0.00069426
1765976270330462,0,-0.262218,4.43101,-1.17826,0.855079,0.0156312,-0.0204562,0.517858,-0.357535,4.29586,-1.1748,0.855006,0.0169487,-0.0232765,0.517809,1.36914,1.94134,-0.0496875,0.00105336,-0.0189094,0.0404779,0.00069426
1765976270340528,0,-0.248711,4.45034,-1.17903,0.855089,0.01544,-0.0200527,0.517864,-0.34377,4.3154,-1.17534,0.855016,0.0167577,-0.0228683,0.517816,1.36752,1.94122,-0.0530556,0.00104808,-0.0189778,0.040552,0.00068688
1765976270340528,0,-0.248711,4.45034,-1.17903,0.855089,0.01544,-0.0200527,0.517864,-0.34377,4.3154,-1.17534,0.855016,0.0167577,-0.0228683,0.517816,1.36752,1.94122,-0.0530556,0.00104808,-0.0189778,0.040552,0.00068688
1765976270350495,0,-0.235231,4.46965,-1.17982,0.855098,0.0152477,-0.0196475,0.51787,-0.330175,4.33472,-1.1759,0.855026,0.0165683,-0.0224645,0.517823,1.36393,1.9383,-0.0563454,0.00102859,-0.0189963,0.0405192,0.000669782
1765976270350495,0,-0.235231,4.46965,-1.17982,0.855098,0.0152477,-0.0196475,0.51787,-0.330175,4.33472,-1.1759,0.855026,0.0165683,-0.0224645,0.517823,1.36393,1.9383,-0.0563454,0.00102859,-0.0189963,0.0405192,0.000669782
1765976270360487,0,-0.221778,4.48894,-1.18065,0.855107,0.0150544,-0.0192405,0.517876,-0.316565,4.35408,-1.1765,0.855036,0.0163783,-0.0220599,0.51783,1.36216,1.93799,-0.059712,0.00100813,-0.0190134,0.0404889,0.000662141
1765976270360487,0,-0.221778,4.48894,-1.18065,0.855107,0.0150544,-0.0192405,0.517876,-0.316565,4.35408,-1.1765,0.855036,0.0163783,-0.0220599,0.51783,1.36216,1.93799,-0.059712,0.00100813,-0.0190134,0.0404889,0.000662141
1765976270370470,0,-0.208352,4.50821,-1.18151,0.855116,0.014868,-0.0188501,0.517881,-0.30299,4.37342,-1.17713,0.855046,0.0161893,-0.021658,0.517836,1.35984,1.93682,-0.0630377,0.000997093,-0.018942,0.0402541,0.000644826
1765976270370470,0,-0.208352,4.50821,-1.18151,0.855116,0.014868,-0.0188501,0.517881,-0.30299,4.37342,-1.17713,0.855046,0.0161893,-0.021658,0.517836,1.35984,1.93682,-0.0630377,0.000997093,-0.018942,0.0402541,0.000644826
1765976270380489,0,-0.194954,4.52747,-1.18241,0.855124,0.0146782,-0.0184533,0.517887,-0.289388,4.39281,-1.17779,0.855056,0.0159994,-0.0212554,0.517842,1.35761,1.93581,-0.0663569,0.000975662,-0.0189462,0.0401838,0.00063656
1765976270380489,0,-0.194954,4.52747,-1.18241,0.855124,0.0146782,-0.0184533,0.517887,-0.289388,4.39281,-1.17779,0.855056,0.0159994,-0.0212554,0.517842,1.35761,1.93581,-0.0663569,0.000975662,-0.0189462,0.0401838,0.00063656
1765976270390535,0,-0.181584,4.5467,-1.18333,0.855133,0.0144844,-0.0180475,0.517892,-0.275778,4.41224,-1.17849,0.855066,0.0158081,-0.0208502,0.517849,1.3547,1.93379,-0.0696317,0.000967107,-0.0190496,0.0403357,0.000628916
1765976270390535,0,-0.181584,4.5467,-1.18333,0.855133,0.0144844,-0.0180475,0.517892,-0.275778,4.41224,-1.17849,0.855066,0.0158081,-0.0208502,0.517849,1.3547,1.93379,-0.0696317,0.000967107,-0.0190496,0.0403357,0.000628916
1765976270400603,0,-0.168242,4.56592,-1.18429,0.855141,0.0142883,-0.0176368,0.517898,-0.262173,4.43168,-1.17922,0.855075,0.0156156,-0.0204434,0.517855,1.35134,1.93112,-0.0728659,0.000947233,-0.0191116,0.0404089,0.000615702
1765976270400603,0,-0.168242,4.56592,-1.18429,0.855141,0.0142883,-0.0176368,0.517898,-0.262173,4.43168,-1.17922,0.855075,0.0156156,-0.0204434,0.517855,1.35134,1.93112,-0.0728659,0.000947233,-0.0191116,0.0404089,0.000615702
1765976270410607,0,-0.154929,4.58511,-1.18528,0.85515,0.0140978,-0.0172393,0.517903,-0.248691,4.45097,-1.17998,0.855085,0.0154254,-0.0200417,0.517861,1.34766,1.92804,-0.0760847,0.000929461,-0.0190207,0.0401511,0.000601766
1765976270410607,0,-0.154929,4.58511,-1.18528,0.85515,0.0140978,-0.0172393,0.517903,-0.248691,4.45097,-1.17998,0.855085,0.0154254,-0.0200417,0.517861,1.34766,1.92804,-0.0760847,0.000929461,-0.0190207,0.0401511,0.000601766
1765976270420557,0,-0.141646,4.60428,-1.1863,0.855157,0.0139206,-0.0168728,0.517907,-0.235307,4.47014,-1.18077,0.855094,0.0152368,-0.0196446,0.517867,1.34517,1.92657,-0.0793371,0.000910543,-0.0189529,0.0399136,0.00058107
1765976270420557,0,-0.141646,4.60428,-1.1863,0.855157,0.0139206,-0.0168728,0.517907,-0.235307,4.47014,-1.18077,0.855094,0.0152368,-0.0196446,0.517867,1.34517,1.92657,-0.0793371,0.000910543,-0.0189529,0.0399136,0.00058107
1765976270430459,0,-0.128392,4.62343,-1.18735,0.855164,0.0137561,-0.016536,0.517911,-0.222003,4.48922,-1.18159,0.855102,0.0150515,-0.0192557,0.517872,1.34353,1.92632,-0.0826471,0.00088486,-0.0187088,0.0392768,0.000559809
1765976270430459,0,-0.128392,4.62343,-1.18735,0.855164,0.0137561,-0.016536,0.517911,-0.222003,4.48922,-1.18159,0.855102,0.0150515,-0.0192557,0.517872,1.34353,1.92632,-0.0826471,0.00088486,-0.0187088,0.0392768,0.000559809
1765976270440529,0,-0.115168,4.64256,-1.18843,0.855171,0.0135888,-0.0161934,0.517915,-0.208484,4.50862,-1.18246,0.855111,0.0148673,-0.01887,0.517878,1.34253,1.927,-0.085968,0.000852341,-0.018294,0.0382985,0.000532713
1765976270440529,0,-0.115168,4.64256,-1.18843,0.855171,0.0135888,-0.0161934,0.517915,-0.208484,4.50862,-1.18246,0.855111,0.0148673,-0.01887,0.517878,1.34253,1.927,-0.085968,0.000852341,-0.018294,0.0382985,0.000532713
1765976270450494,0,-0.101975,4.66167,-1.18955,0.855178,0.0134015,-0.0158058,0.51792,-0.195146,4.52779,-1.18335,0.855119,0.0146833,-0.0184854,0.517883,1.33843,1.92324,-0.0890989,0.000843377,-0.0184644,0.0385991,0.000532345
1765976270450494,0,-0.101975,4.66167,-1.18955,0.855178,0.0134015,-0.0158058,0.51792,-0.195146,4.52779,-1.18335,0.855119,0.0146833,-0.0184854,0.517883,1.33843,1.92324,-0.0890989,0.000843377,-0.0184644,0.0385991,0.000532345
1765976270460497,0,-0.0888116,4.68075,-1.19069,0.855186,0.0131948,-0.015375,0.517925,-0.18178,4.54701,-1.18427,0.855128,0.0144969,-0.0180959,0.517888,1.33624,1.92217,-0.0923237,0.000828256,-0.0186317,0.0389334,0.000524364
1765976270460497,0,-0.0888116,4.68075,-1.19069,0.855186,0.0131948,-0.015375,0.517925,-0.18178,4.54701,-1.18427,0.855128,0.0144969,-0.0180959,0.517888,1.33624,1.92217,-0.0923237,0.000828256,-0.0186317,0.0389334,0.000524364
1765976270470494,0,-0.0756798,4.6998,-1.19187,0.855194,0.0129882,-0.0149449,0.51793,-0.168451,4.56621,-1.18522,0.855136,0.0143072,-0.0176997,0.517893,1.33329,1.92004,-0.0955034,0.000834715,-0.0189768,0.0396318,0.000530641
1765976270470494,0,-0.0756798,4.6998,-1.19187,0.855194,0.0129882,-0.0149449,0.51793,-0.168451,4.56621,-1.18522,0.855136,0.0143072,-0.0176997,0.517893,1.33329,1.92004,-0.0955034,0.000834715,-0.0189768,0.0396318,0.000530641
1765976270480470,0,-0.0625794,4.71883,-1.19308,0.855201,0.0127774,-0.0145065,0.517936,-0.155179,4.58534,-1.18621,0.855144,0.0141152,-0.0172989,0.517899,1.33042,1.91796,-0.098656,0.000818548,-0.019249,0.0401793,0.000531758
1765976270480470,0,-0.0625794,4.71883,-1.19308,0.855201,0.0127774,-0.0145065,0.517936,-0.155179,4.58534,-1.18621,0.855144,0.0141152,-0.0172989,0.517899,1.33042,1.91796,-0.098656,0.000818548,-0.019249,0.0401793,0.000531758
1765976270490493,0,-0.049511,4.73784,-1.19431,0.855209,0.0125663,-0.014068,0.517941,-0.14187,4.60455,-1.18723,0.855152,0.0139205,-0.0168927,0.517904,1.32786,1.91639,-0.101833,0.000808763,-0.0194268,0.040524,0.000523317
1765976270490493,0,-0.049511,4.73784,-1.19431,0.855209,0.0125663,-0.014068,0.517941,-0.14187,4.60455,-1.18723,0.855152,0.0139205,-0.0168927,0.517904,1.32786,1.91639,-0.101833,0.000808763,-0.0194268,0.040524,0.000523317
1765976270500544,0,-0.036475,4.75682,-1.19558,0.855216,0.0123541,-0.0136277,0.517946,-0.128558,4.62378,-1.18828,0.85516,0.0137223,-0.0164797,0.517909,1.32443,1.91347,-0.104917,0.00079465,-0.0197126,0.0410903,0.000521859
1765976270500544,0,-0.036475,4.75682,-1.19558,0.855216,0.0123541,-0.0136277,0.517946,-0.128558,4.62378,-1.18828,0.85516,0.0137223,-0.0164797,0.517909,1.32443,1.91347,-0.104917,0.00079465,-0.0197126,0.0410903,0.000521859
1765976270510588,0,-0.0234718,4.77577,-1.19688,0.855223,0.0121407,-0.0131858,0.517951,-0.115294,4.64296,-1.18937,0.855168,0.013525,-0.0160688,0.517914,1.32055,1.90991,-0.10797,0.000771466,-0.0196463,0.040914,0.000510354
1765976270510588,0,-0.0234718,4.77577,-1.19688,0.855223,0.0121407,-0.0131858,0.517951,-0.115294,4.64296,-1.18937,0.855168,0.013525,-0.0160688,0.517914,1.32055,1.90991,-0.10797,0.000771466,-0.0196463,0.040914,0.000510354
1765976270520626,0,-0.0105019,4.79469,-1.1982,0.855229,0.0119362,-0.0127641,0.517955,-0.102075,4.6621,-1.19048,0.855176,0.0133247,-0.0156522,0.51792,1.31686,1.90664,-0.111003,0.000765989,-0.0199535,0.0415031,0.000510659
1765976270520626,0,-0.0105019,4.79469,-1.1982,0.855229,0.0119362,-0.0127641,0.517955,-0.102075,4.6621,-1.19048,0.855176,0.0133247,-0.0156522,0.51792,1.31686,1.90664,-0.111003,0.000765989,-0.0199535,0.0415031,0.000510659
1765976270530557,0,0.00243443,4.81358,-1.19956,0.855235,0.0117478,-0.012378,0.517959,-0.089033,4.68101,-1.19161,0.855183,0.0131273,-0.0152422,0.517924,1.31331,1.90356,-0.114048,0.000750235,-0.0198836,0.0412852,0.000498156
1765976270530557,0,0.00243443,4.81358,-1.19956,0.855235,0.0117478,-0.012378,0.517959,-0.089033,4.68101,-1.19161,0.855183,0.0131273,-0.0152422,0.517924,1.31331,1.90356,-0.114048,0.000750235,-0.0198836,0.0412852,0.000498156
1765976270540681,0,0.0153367,4.83245,-1.20094,0.855241,0.0115719,-0.0120206,0.517962,-0.0757549,4.70027,-1.1928,0.855191,0.0129296,-0.0148327,0.517929,1.31155,1.90306,-0.117219,0.00071827,-0.0195243,0.0404393,0.000470997
1765976270540681,0,0.0153367,4.83245,-1.20094,0.855241,0.0115719,-0.0120206,0.517962,-0.0757549,4.70027,-1.1928,0.855191,0.0129296,-0.0148327,0.517929,1.31155,1.90306,-0.117219,0.00071827,-0.0195243,0.0404393,0.000470997
1765976270550498,0,0.0282047,4.85128,-1.20236,0.855246,0.0113971,-0.0116669,0.517965,-0.06293,4.7189,-1.19398,0.855197,0.0127384,-0.0144378,0.517934,1.30639,1.89759,-0.120084,0.000704303,-0.0194733,0.0402287,0.000455368
1765976270550498,0,0.0282047,4.85128,-1.20236,0.855246,0.0113971,-0.0116669,0.517965,-0.06293,4.7189,-1.19398,0.855197,0.0127384,-0.0144378,0.517934,1.30639,1.89759,-0.120084,0.000704303,-0.0194733,0.0402287,0.000455368
1765976270560468,0,0.041038,4.87008,-1.2038,0.855252,0.011216,-0.0113003,0.517969,-0.0499042,4.73784,-1.19521,0.855204,0.0125474,-0.0140442,0.517938,1.3065,1.89979,-0.123406,0.000681538,-0.019156,0.0394782,0.000442402
1765976270560468,0,0.041038,4.87008,-1.2038,0.855252,0.011216,-0.0113003,0.517969,-0.0499042,4.73784,-1.19521,0.855204,0.0125474,-0.0140442,0.517938,1.3065,1.89979,-0.123406,0.000681538,-0.019156,0.0394782,0.000442402
1765976270570488,0,0.0538363,4.88885,-1.20527,0.855257,0.011032,-0.0109279,0.517972,-0.0368417,4.75686,-1.19648,0.855211,0.0123568,-0.0136523,0.517942,1.30364,1.89759,-0.126443,0.000660291,-0.0190232,0.0391183,0.000422348
1765976270570488,0,0.0538363,4.88885,-1.20527,0.855257,0.011032,-0.0109279,0.517972,-0.0368417,4.75686,-1.19648,0.855211,0.0123568,-0.0136523,0.517942,1.30364,1.89759,-0.126443,0.000660291,-0.0190232,0.0391183,0.000422348
1765976270580453,0,0.0665994,4.90759,-1.20677,0.855263,0.0108143,-0.0104812,0.517976,-0.0238884,4.77573,-1.19777,0.855217,0.0121634,-0.0132546,0.517947,1.29988,1.89414,-0.129378,0.000651973,-0.0194113,0.0399053,0.000424679
1765976270580453,0,0.0665994,4.90759,-1.20677,0.855263,0.0108143,-0.0104812,0.517976,-0.0238884,4.77573,-1.19777,0.855217,0.0121634,-0.0132546,0.517947,1.29988,1.89414,-0.129378,0.000651973,-0.0194113,0.0399053,0.000424679
1765976270590568,0,0.0793266,4.92629,-1.2083,0.855269,0.0105811,-0.00999944,0.51798,-0.0107689,4.79487,-1.19911,0.855224,0.0119634,-0.0128432,0.517951,1.29704,1.89203,-0.132385,0.000642304,-0.019771,0.040675,0.000424274
1765976270590568,0,0.0793266,4.92629,-1.2083,0.855269,0.0105811,-0.00999944,0.51798,-0.0107689,4.79487,-1.19911,0.855224,0.0119634,-0.0128432,0.517951,1.29704,1.89203,-0.132385,0.000642304,-0.019771,0.040675,0.000424274
1765976270600463,0,0.0920177,4.94497,-1.20986,0.855274,0.0103454,-0.00951228,0.517985,0.00201205,4.81353,-1.20044,0.85523,0.0117615,-0.0124274,0.517955,1.29165,1.88619,-0.135112,0.00063249,-0.0204089,0.0420137,0.000427684
1765976270600463,0,0.0920177,4.94497,-1.20986,0.855274,0.0103454,-0.00951228,0.517985,0.00201205,4.81353,-1.20044,0.85523,0.0117615,-0.0124274,0.517955,1.29165,1.88619,-0.135112,0.00063249,-0.0204089,0.0420137,0.000427684
1765976270610636,0,0.104672,4.9636,-1.21144,0.85528,0.0101153,-0.00903875,0.517989,0.0151359,4.83272,-1.20185,0.855236,0.0115519,-0.0119961,0.517959,1.29006,1.88583,-0.138216,0.000621065,-0.0205971,0.0423994,0.000427714
1765976270610636,0,0.104672,4.9636,-1.21144,0.85528,0.0101153,-0.00903875,0.517989,0.0151359,4.83272,-1.20185,0.855236,0.0115519,-0.0119961,0.517959,1.29006,1.88583,-0.138216,0.000621065,-0.0205971,0.0423994,0.000427714
1765976270620481,0,0.117289,4.98221,-1.21305,0.855285,0.00989868,-0.00859617,0.517993,0.0277739,4.85121,-1.20324,0.855242,0.0113464,-0.0115735,0.517964,1.2837,1.87853,-0.140799,0.000605431,-0.0208747,0.0429289,0.000417747
1765976270620481,0,0.117289,4.98221,-1.21305,0.855285,0.00989868,-0.00859617,0.517993,0.0277739,4.85121,-1.20324,0.855242,0.0113464,-0.0115735,0.517964,1.2837,1.87853,-0.140799,0.000605431,-0.0208747,0.0429289,0.000417747
1765976270630447,0,0.129869,5.00077,-1.21469,0.855289,0.00968654,-0.00816382,0.517996,0.0405599,4.86994,-1.20467,0.855248,0.0111382,-0.0111458,0.517968,1.28296,1.87941,-0.143982,0.000586118,-0.02089,0.0429115,0.000406694
1765976270630447,0,0.129869,5.00077,-1.21469,0.855289,0.00968654,-0.00816382,0.517996,0.0405599,4.86994,-1.20467,0.855248,0.0111382,-0.0111458,0.517968,1.28296,1.87941,-0.143982,0.000586118,-0.02089,0.0429115,0.000406694
1765976270640550,0,0.142411,5.0193,-1.21636,0.855293,0.0094902,-0.00776667,0.517999,0.0534906,4.88891,-1.20615,0.855254,0.0109293,-0.0107175,0.517972,1.27989,1.87691,-0.146879,0.000566371,-0.020677,0.0423964,0.00039528
1765976270640550,0,0.142411,5.0193,-1.21636,0.855293,0.0094902,-0.00776667,0.517999,0.0534906,4.88891,-1.20615,0.855254,0.0109293,-0.0107175,0.517972,1.27989,1.87691,-0.146879,0.000566371,-0.020677,0.0423964,0.00039528
1765976270650488,0,0.154914,5.03779,-1.21805,0.855298,0.00927359,-0.00732509,0.518002,0.0661568,4.9075,-1.20764,0.855259,0.0107226,-0.0102939,0.517975,1.27452,1.87098,-0.149509,0.000551784,-0.0208045,0.0426259,0.00038385
1765976270650488,0,0.154914,5.03779,-1.21805,0.855298,0.00927359,-0.00732509,0.518002,0.0661568,4.9075,-1.20764,0.855259,0.0107226,-0.0102939,0.517975,1.27452,1.87098,-0.149509,0.000551784,-0.0208045,0.0426259,0.00038385
1765976270660464,0,0.167379,5.05625,-1.21977,0.855302,0.00905175,-0.0068726,0.518005,0.0788462,4.92615,-1.20916,0.855265,0.0105131,-0.00986489,0.517979,1.27199,1.86925,-0.152441,0.000531758,-0.0210003,0.0430017,0.000376413
1765976270660464,0,0.167379,5.05625,-1.21977,0.855302,0.00905175,-0.0068726,0.518005,0.0788462,4.92615,-1.20916,0.855265,0.0105131,-0.00986489,0.517979,1.27199,1.86925,-0.152441,0.000531758,-0.0210003,0.0430017,0.000376413
1765976270670552,0,0.179804,5.07466,-1.22152,0.855306,0.00883987,-0.00644258,0.518008,0.0916446,4.94497,-1.21073,0.85527,0.0103009,-0.00943096,0.517983,1.26867,1.86632,-0.155275,0.000514037,-0.0210303,0.0430147,0.000360417
1765976270670552,0,0.179804,5.07466,-1.22152,0.855306,0.00883987,-0.00644258,0.518008,0.0916446,4.94497,-1.21073,0.85527,0.0103009,-0.00943096,0.517983,1.26867,1.86632,-0.155275,0.000514037,-0.0210303,0.0430147,0.000360417
1765976270680428,0,0.19219,5.09304,-1.22329,0.85531,0.00862121,-0.00599872,0.518011,0.104123,4.96335,-1.21229,0.855275,0.0100918,-0.00900375,0.517986,1.26349,1.86061,-0.157859,0.000506965,-0.0211699,0.0432574,0.000350048
1765976270680428,0,0.19219,5.09304,-1.22329,0.85531,0.00862121,-0.00599872,0.518011,0.104123,4.96335,-1.21229,0.855275,0.0100918,-0.00900375,0.517986,1.26349,1.86061,-0.157859,0.000506965,-0.0211699,0.0432574,0.000350048
1765976270690494,0,0.204536,5.11137,-1.22509,0.855313,0.00840451,-0.00555921,0.518013,0.116824,4.98207,-1.21391,0.85528,0.00987882,-0.00856886,0.51799,1.26183,1.86012,-0.160848,0.000479632,-0.0211637,0.0432036,0.00034344
1765976270690494,0,0.204536,5.11137,-1.22509,0.855313,0.00840451,-0.00555921,0.518013,0.116824,4.98207,-1.21391,0.85528,0.00987882,-0.00856886,0.51799,1.26183,1.86012,-0.160848,0.000479632,-0.0211637,0.0432036,0.00034344
1765976270700426,0,0.216842,5.12967,-1.22691,0.855316,0.00819367,-0.00513229,0.518016,0.129307,5.00049,-1.21553,0.855284,0.00966809,-0.00813913,0.517993,1.25685,1.85473,-0.163415,0.000468099,-0.0212168,0.0432678,0.00033007
1765976270700426,0,0.216842,5.12967,-1.22691,0.855316,0.00819367,-0.00513229,0.518016,0.129307,5.00049,-1.21553,0.855284,0.00966809,-0.00813913,0.517993,1.25685,1.85473,-0.163415,0.000468099,-0.0212168,0.0432678,0.00033007
1765976270710567,0,0.229107,5.14792,-1.22876,0.85532,0.0079723,-0.00468289,0.518018,0.142025,5.01928,-1.21721,0.855289,0.0094541,-0.00770298,0.517996,1.25411,1.85262,-0.166254,0.000434942,-0.0211018,0.0430083,0.000311512
1765976270710567,0,0.229107,5.14792,-1.22876,0.85532,0.0079723,-0.00468289,0.518018,0.142025,5.01928,-1.21721,0.855289,0.0094541,-0.00770298,0.517996,1.25411,1.85262,-0.166254,0.000434942,-0.0211018,0.0430083,0.000311512
1765976270720703,0,0.241331,5.16613,-1.23063,0.855323,0.00775283,-0.00423822,0.51802,0.154674,5.03799,-1.21892,0.855293,0.00923898,-0.00726489,0.517999,1.2479,1.84539,-0.168605,0.000423395,-0.0212228,0.0432216,0.000305785
1765976270720703,0,0.241331,5.16613,-1.23063,0.855323,0.00775283,-0.00423822,0.51802,0.154674,5.03799,-1.21892,0.855293,0.00923898,-0.00726489,0.517999,1.2479,1.84539,-0.168605,0.000423395,-0.0212228,0.0432216,0.000305785
1765976270730536,0,0.253513,5.1843,-1.23253,0.855325,0.00753657,-0.00380128,0.518022,0.166887,5.05607,-1.2206,0.855297,0.00902715,-0.0068339,0.518002,1.24204,1.83863,-0.170988,0.000412195,-0.0215433,0.0438304,0.000290961
1765976270730536,0,0.253513,5.1843,-1.23253,0.855325,0.00753657,-0.00380128,0.518022,0.166887,5.05607,-1.2206,0.855297,0.00902715,-0.0068339,0.518002,1.24204,1.83863,-0.170988,0.000412195,-0.0215433,0.0438304,0.000290961
1765976270740673,0,0.265653,5.20243,-1.23445,0.855328,0.0073535,-0.00343725,0.518024,0.179469,5.07471,-1.22237,0.855301,0.00881601,-0.0064054,0.518005,1.24113,1.83919,-0.174022,0.000376314,-0.0208284,0.042271,0.000270476
1765976270740673,0,0.265653,5.20243,-1.23445,0.855328,0.0073535,-0.00343725,0.518024,0.179469,5.07471,-1.22237,0.855301,0.00881601,-0.0064054,0.518005,1.24113,1.83919,-0.174022,0.000376314,-0.0208284,0.042271,0.000270476
1765976270750587,0,0.277752,5.22051,-1.2364,0.85533,0.00718809,-0.00311192,0.518024,0.191713,5.09287,-1.22412,0.855305,0.00861119,-0.00599103,0.518007,1.23506,1.83212,-0.176313,0.000366742,-0.0206593,0.0417963,0.000246499
1765976270750587,0,0.277752,5.22051,-1.2364,0.85533,0.00718809,-0.00311192,0.518024,0.191713,5.09287,-1.22412,0.855305,0.00861119,-0.00599103,0.518007,1.23506,1.83212,-0.176313,0.000366742,-0.0206593,0.0417963,0.000246499
1765976270760735,0,0.289807,5.23854,-1.23837,0.855332,0.00700884,-0.00275702,0.518025,0.204222,5.11145,-1.22593,0.855308,0.00840889,-0.00558273,0.51801,1.23269,1.83052,-0.179119,0.000340665,-0.0199353,0.0402353,0.000223194
1765976270760735,0,0.289807,5.23854,-1.23837,0.855332,0.00700884,-0.00275702,0.518025,0.204222,5.11145,-1.22593,0.855308,0.00840889,-0.00558273,0.51801,1.23269,1.83052,-0.179119,0.000340665,-0.0199353,0.0402353,0.000223194
1765976270770599,0,0.30182,5.25653,-1.24037,0.855334,0.00683164,-0.00240745,0.518026,0.21632,5.12943,-1.22772,0.855311,0.00821079,-0.00518391,0.518012,1.22646,1.82319,-0.181352,0.000338388,-0.0200836,0.0404317,0.000211493
1765976270770599,0,0.30182,5.25653,-1.24037,0.855334,0.00683164,-0.00240745,0.518026,0.21632,5.12943,-1.22772,0.855311,0.00821079,-0.00518391,0.518012,1.22646,1.82319,-0.181352,0.000338388,-0.0200836,0.0404317,0.000211493
1765976270780470,0,0.313791,5.27448,-1.24238,0.855336,0.00664728,-0.00204359,0.518027,0.228411,5.14743,-1.22954,0.855314,0.00801602,-0.00479272,0.518014,1.22485,1.82267,-0.18423,0.000313995,-0.0197312,0.0396303,0.000193227
1765976270780470,0,0.313791,5.27448,-1.24238,0.855336,0.00664728,-0.00204359,0.518027,0.228411,5.14743,-1.22954,0.855314,0.00801602,-0.00479272,0.518014,1.22485,1.82267,-0.18423,0.000313995,-0.0197312,0.0396303,0.000193227
1765976270790590,0,0.325717,5.29238,-1.24443,0.855338,0.00646551,-0.00168628,0.518028,0.240785,5.16586,-1.23143,0.855317,0.00781942,-0.00439884,0.518015,1.22279,1.82155,-0.187036,0.0002886,-0.0194265,0.038921,0.000176694
1765976270790590,0,0.325717,5.29238,-1.24443,0.855338,0.00646551,-0.00168628,0.518028,0.240785,5.16586,-1.23143,0.855317,0.00781942,-0.00439884,0.518015,1.22279,1.82155,-0.187036,0.0002886,-0.0194265,0.038921,0.000176694
1765976270800536,0,0.337601,5.31023,-1.24649,0.855339,0.00624978,-0.0012561,0.518029,0.252886,5.1839,-1.23332,0.85532,0.00762401,-0.00400758,0.518017,1.21662,1.8142,-0.189182,0.00027567,-0.0196473,0.0393379,0.000167799
1765976270800536,0,0.337601,5.31023,-1.24649,0.855339,0.00624978,-0.0012561,0.518029,0.252886,5.1839,-1.23332,0.85532,0.00762401,-0.00400758,0.518017,1.21662,1.8142,-0.189182,0.00027567,-0.0196473,0.0393379,0.000167799
1765976270810653,0,0.34944,5.32803,-1.24858,0.855341,0.00600899,-0.000772399,0.518031,0.265161,5.20223,-1.23526,0.855323,0.00741857,-0.00359604,0.518019,1.21333,1.81115,-0.191769,0.000253336,-0.0203071,0.0406786,0.000170854
1765976270810653,0,0.34944,5.32803,-1.24858,0.855341,0.00600899,-0.000772399,0.518031,0.265161,5.20223,-1.23526,0.855323,0.00741857,-0.00359604,0.518019,1.21333,1.81115,-0.191769,0.000253336,-0.0203071,0.0406786,0.000170854
1765976270820556,0,0.361235,5.34579,-1.25069,0.855342,0.00577504,-0.000302801,0.518032,0.277117,5.22009,-1.23718,0.855325,0.0072147,-0.00318753,0.51802,1.2073,1.80407,-0.193891,0.000234735,-0.0205864,0.0412503,0.000168528
1765976270820556,0,0.361235,5.34579,-1.25069,0.855342,0.00577504,-0.000302801,0.518032,0.277117,5.22009,-1.23718,0.855325,0.0072147,-0.00318753,0.51802,1.2073,1.80407,-0.193891,0.000234735,-0.0205864,0.0412503,0.000168528
1765976270830570,0,0.372985,5.3635,-1.25282,0.855343,0.00554593,0.000156261,0.518033,0.289181,5.23814,-1.23914,0.855327,0.00700514,-0.00276763,0.518022,1.20471,1.80207,-0.196539,0.000214277,-0.0209263,0.0419313,0.000160708
1765976270830570,0,0.372985,5.3635,-1.25282,0.855343,0.00554593,0.000156261,0.518033,0.289181,5.23814,-1.23914,0.855327,0.00700514,-0.00276763,0.518022,1.20471,1.80207,-0.196539,0.000214277,-0.0209263,0.0419313,0.000160708
1765976270840623,0,0.38469,5.38115,-1.25497,0.855343,0.00532972,0.000586868,0.518034,0.301247,5.25621,-1.24114,0.855329,0.00679431,-0.00234551,0.518024,1.2002,1.79716,-0.198872,0.000201587,-0.0209724,0.0419904,0.000154155
1765976270840623,0,0.38469,5.38115,-1.25497,0.855343,0.00532972,0.000586868,0.518034,0.301247,5.25621,-1.24114,0.855329,0.00679431,-0.00234551,0.518024,1.2002,1.79716,-0.198872,0.000201587,-0.0209724,0.0419904,0.000154155
1765976270850606,0,0.396349,5.39876,-1.25714,0.855343,0.00510511,0.00103519,0.518035,0.313177,5.27409,-1.24315,0.855331,0.00657987,-0.00191634,0.518025,1.1951,1.79138,-0.201054,0.000179118,-0.0214802,0.0429895,0.000149265
1765976270850606,0,0.396349,5.39876,-1.25714,0.855343,0.00510511,0.00103519,0.518035,0.313177,5.27409,-1.24315,0.855331,0.00657987,-0.00191634,0.518025,1.1951,1.79138,-0.201054,0.000179118,-0.0214802,0.0429895,0.000149265
1765976270860608,0,0.407963,5.41632,-1.25934,0.855344,0.00488329,0.00147763,0.518036,0.325091,5.29197,-1.24519,0.855333,0.00636883,-0.00149415,0.518026,1.19111,1.78726,-0.203426,0.0001609,-0.0211002,0.0422107,0.000137063
1765976270860608,0,0.407963,5.41632,-1.25934,0.855344,0.00488329,0.00147763,0.518036,0.325091,5.29197,-1.24519,0.855333,0.00636883,-0.00149415,0.518026,1.19111,1.78726,-0.203426,0.0001609,-0.0211002,0.0422107,0.000137063
1765976270870612,0,0.41953,5.43382,-1.26156,0.855344,0.00466918,0.00190346,0.518037,0.336963,5.3098,-1.24724,0.855334,0.00615496,-0.00106664,0.518028,1.18676,1.78266,-0.205721,0.000137036,-0.0213776,0.0427341,0.00012512
1765976270870612,0,0.41953,5.43382,-1.26156,0.855344,0.00466918,0.00190346,0.518037,0.336963,5.3098,-1.24724,0.855334,0.00615496,-0.00106664,0.518028,1.18676,1.78266,-0.205721,0.000137036,-0.0213776,0.0427341,0.00012512
1765976270880486,0,0.431051,5.45127,-1.26379,0.855344,0.00445463,0.00232936,0.518037,0.348638,5.32735,-1.2493,0.855335,0.00594159,-0.000640482,0.518029,1.18234,1.77783,-0.207958,0.00012073,-0.0216094,0.0431594,0.000114694
1765976270880486,0,0.431051,5.45127,-1.26379,0.855344,0.00445463,0.00232936,0.518037,0.348638,5.32735,-1.2493,0.855335,0.00594159,-0.000640482,0.518029,1.18234,1.77783,-0.207958,0.00012073,-0.0216094,0.0431594,0.000114694
1765976270890527,0,0.442524,5.46867,-1.26605,0.855343,0.00423721,0.00275931,0.518037,0.360484,5.34518,-1.25141,0.855336,0.00572671,-0.000211841,0.51803,1.17982,1.77585,-0.210519,0.000100914,-0.0214008,0.0426891,0.00010685
1765976270890527,0,0.442524,5.46867,-1.26605,0.855343,0.00423721,0.00275931,0.518037,0.360484,5.34518,-1.25141,0.855336,0.00572671,-0.000211841,0.51803,1.17982,1.77585,-0.210519,0.000100914,-0.0214008,0.0426891,0.00010685
1765976270900442,0,0.453951,5.48602,-1.26833,0.855343,0.00400853,0.0032127,0.518037,0.37213,5.36273,-1.25352,0.855337,0.00551192,0.000216261,0.518031,1.17454,1.76971,-0.212557,8.41619e-05,-0.021663,0.0431772,9.6185e-05
1765976270900442,0,0.453951,5.48602,-1.26833,0.855343,0.00400853,0.0032127,0.518037,0.37213,5.36273,-1.25352,0.855337,0.00551192,0.000216261,0.518031,1.17454,1.76971,-0.212557,8.41619e-05,-0.021663,0.0431772,9.6185e-05
1765976270910378,0,0.465329,5.50331,-1.27062,0.855342,0.00376133,0.00370599,0.518038,0.383767,5.38028,-1.25565,0.855338,0.00529195,0.00065475,0.518032,1.17118,1.76654,-0.214939,5.99886e-05,-0.022138,0.0441313,8.3984e-05
1765976270910378,0,0.465329,5.50331,-1.27062,0.855342,0.00376133,0.00370599,0.518038,0.383767,5.38028,-1.25565,0.855338,0.00529195,0.00065475,0.518032,1.17118,1.76654,-0.214939,5.99886e-05,-0.022138,0.0441313,8.3984e-05
1765976270920427,0,0.47666,5.52054,-1.27294,0.85534,0.00350967,0.00420885,0.518038,0.395497,5.398,-1.25784,0.855338,0.0050679,0.00110155,0.518033,1.16733,1.76257,-0.217196,3.55884e-05,-0.0222965,0.0444621,8.30396e-05
1765976270920427,0,0.47666,5.52054,-1.27294,0.85534,0.00350967,0.00420885,0.518038,0.395497,5.398,-1.25784,0.855338,0.0050679,0.00110155,0.518033,1.16733,1.76257,-0.217196,3.55884e-05,-0.0222965,0.0444621,8.30396e-05
1765976270930411,0,0.487941,5.53772,-1.27527,0.855338,0.00324352,0.0047414,0.518038,0.407095,5.41553,-1.26002,0.855338,0.00483855,0.00155913,0.518033,1.16169,1.75585,-0.2191,5.97002e-06,-0.0229717,0.0458313,7.16402e-05
1765976270930411,0,0.487941,5.53772,-1.27527,0.855338,0.00324352,0.0047414,0.518038,0.407095,5.41553,-1.26002,0.855338,0.00483855,0.00155913,0.518033,1.16169,1.75585,-0.2191,5.97002e-06,-0.0229717,0.0458313,7.16402e-05
1765976270940532,0,0.499174,5.55485,-1.27763,0.855336,0.00297277,0.00528311,0.518038,0.418806,5.43325,-1.26226,0.855338,0.00460195,0.00203136,0.518034,1.15709,1.75074,-0.221187,-2.9446e-05,-0.0233766,0.0466582,5.88921e-05
1765976270940532,0,0.499174,5.55485,-1.27763,0.855336,0.00297277,0.00528311,0.518038,0.418806,5.43325,-1.26226,0.855338,0.00460195,0.00203136,0.518034,1.15709,1.75074,-0.221187,-2.9446e-05,-0.0233766,0.0466582,5.88921e-05
1765976270950480,0,0.510357,5.57191,-1.28,0.855334,0.00271458,0.0057982,0.518038,0.430251,5.45058,-1.26448,0.855337,0.00436604,0.0025022,0.518034,1.15046,1.7426,-0.222852,-4.7933e-05,-0.0237151,0.0473309,5.39246e-05
1765976270950480,0,0.510357,5.57191,-1.28,0.855334,0.00271458,0.0057982,0.518038,0.430251,5.45058,-1.26448,0.855337,0.00436604,0.0025022,0.518034,1.15046,1.7426,-0.222852,-4.7933e-05,-0.0237151,0.0473309,5.39246e-05
1765976270960686,0,0.52149,5.58892,-1.28239,0.855331,0.00247446,0.00627394,0.518037,0.441953,5.46832,-1.26678,0.855336,0.00412774,0.00297736,0.518035,1.14655,1.73845,-0.22501,-7.5922e-05,-0.0233487,0.0465565,4.08811e-05
1765976270960686,0,0.52149,5.58892,-1.28239,0.855331,0.00247446,0.00627394,0.518037,0.441953,5.46832,-1.26678,0.855336,0.00412774,0.00297736,0.518035,1.14655,1.73845,-0.22501,-7.5922e-05,-0.0233487,0.0465565,4.08811e-05
1765976270970701,0,0.532573,5.60587,-1.28479,0.855329,0.00226004,0.00669411,0.518036,0.453357,5.48563,-1.26904,0.855336,0.0038925,0.00344549,0.518035,1.13877,1.72847,-0.226396,-8.92731e-05,-0.0234889,0.0467433,2.38061e-05
1765976270970701,0,0.532573,5.60587,-1.28479,0.855329,0.00226004,0.00669411,0.518036,0.453357,5.48563,-1.26904,0.855336,0.0038925,0.00344549,0.518035,1.13877,1.72847,-0.226396,-8.92731e-05,-0.0234889,0.0467433,2.38061e-05
1765976270980556,0,0.543605,5.62276,-1.28722,0.855328,0.00206455,0.00707404,0.518035,0.464534,5.50262,-1.27129,0.855335,0.00366456,0.00389796,0.518035,1.13409,1.72319,-0.228354,-9.67706e-05,-0.0231292,0.0459123,0
1765976270980556,0,0.543605,5.62276,-1.28722,0.855328,0.00206455,0.00707404,0.518035,0.464534,5.50262,-1.27129,0.855335,0.00366456,0.00389796,0.518035,1.13409,1.72319,-0.228354,-9.67706e-05,-0.0231292,0.0459123,0
1765976270990736,0,0.554586,5.63959,-1.28966,0.855326,0.00190507,0.00737768,0.518033,0.476054,5.52014,-1.27364,0.855334,0.00344109,0.00433991,0.518035,1.13163,1.7213,-0.230772,-9.95362e-05,-0.0219518,0.0434139,-2.34203e-05
1765976270990736,0,0.554586,5.63959,-1.28966,0.855326,0.00190507,0.00737768,0.518033,0.476054,5.52014,-1.27364,0.855334,0.00344109,0.00433991,0.518035,1.13163,1.7213,-0.230772,-9.95362e-05,-0.0219518,0.0434139,-2.34203e-05
1765976271000652,0,0.565517,5.65636,-1.29212,0.855325,0.00174417,0.00768346,0.518031,0.487202,5.53711,-1.27594,0.855333,0.003229,0.00475781,0.518034,1.12422,1.71178,-0.232131,-0.000102186,-0.0213886,0.0421434,-4.20767e-05
1765976271000652,0,0.565517,5.65636,-1.29212,0.855325,0.00174417,0.00768346,0.518031,0.487202,5.53711,-1.27594,0.855333,0.003229,0.00475781,0.518034,1.12422,1.71178,-0.232131,-0.000102186,-0.0213886,0.0421434,-4.20767e-05
1765976271010602,0,0.576395,5.67307,-1.29459,0.855324,0.00156732,0.00802252,0.51803,0.498354,5.55411,-1.27828,0.855332,0.00302117,0.00516614,0.518034,1.12084,1.70847,-0.234297,-0.000107828,-0.0208876,0.041038,-5.99042e-05
1765976271010602,0,0.576395,5.67307,-1.29459,0.855324,0.00156732,0.00802252,0.51803,0.498354,5.55411,-1.27828,0.855332,0.00302117,0.00516614,0.518034,1.12084,1.70847,-0.234297,-0.000107828,-0.0208876,0.041038,-5.99042e-05
1765976271020664,0,0.587223,5.68971,-1.29708,0.855322,0.00139765,0.00834676,0.518027,0.509591,5.57126,-1.28065,0.85533,0.00281619,0.0055677,0.518033,1.11675,1.70409,-0.236298,-0.000118475,-0.0203713,0.0399094,-7.70086e-05
1765976271020664,0,0.587223,5.68971,-1.29708,0.855322,0.00139765,0.00834676,0.518027,0.509591,5.57126,-1.28065,0.85533,0.00281619,0.0055677,0.518033,1.11675,1.70409,-0.236298,-0.000118475,-0.0203713,0.0399094,-7.70086e-05
1765976271030489,0,0.597998,5.7063,-1.29959,0.85532,0.00120748,0.00871293,0.518026,0.520506,5.58793,-1.28299,0.855329,0.00261525,0.00596057,0.518032,1.11096,1.69696,-0.237921,-0.000133466,-0.0204524,0.0399867,-9.70661e-05
1765976271030489,0,0.597998,5.7063,-1.29959,0.85532,0.00120748,0.00871293,0.518026,0.520506,5.58793,-1.28299,0.855329,0.00261525,0.00596057,0.518032,1.11096,1.69696,-0.237921,-0.000133466,-0.0204524,0.0399867,-9.70661e-05
1765976271040596,0,0.608722,5.72282,-1.30211,0.855317,0.00100032,0.00911366,0.518024,0.53171,5.60506,-1.28542,0.855328,0.00241209,0.00635724,0.518031,1.10855,1.69509,-0.240235,-0.000147434,-0.020101,0.0392466,-0.000106153
1765976271040596,0,0.608722,5.72282,-1.30211,0.855317,0.00100032,0.00911366,0.518024,0.53171,5.60506,-1.28542,0.855328,0.00241209,0.00635724,0.518031,1.10855,1.69509,-0.240235,-0.000147434,-0.020101,0.0392466,-0.000106153
1765976271050652,0,0.619393,5.73928,-1.30465,0.855314,0.000781062,0.00954068,0.518022,0.54279,5.62202,-1.28785,0.855326,0.00220592,0.00675964,0.51803,1.10185,1.68662,-0.241596,-0.000171891,-0.0205022,0.0400162,-0.000118545
1765976271050652,0,0.619393,5.73928,-1.30465,0.855314,0.000781062,0.00954068,0.518022,0.54279,5.62202,-1.28785,0.855326,0.00220592,0.00675964,0.51803,1.10185,1.68662,-0.241596,-0.000171891,-0.0205022,0.0400162,-0.000118545
1765976271060627,0,0.630011,5.75568,-1.3072,0.85531,0.000539252,0.0100151,0.51802,0.553723,5.63878,-1.29027,0.855324,0.00199769,0.00716637,0.518029,1.09605,1.67957,-0.243139,-0.000197188,-0.0208746,0.0407745,-0.000125483
1765976271060627,0,0.630011,5.75568,-1.3072,0.85531,0.000539252,0.0100151,0.51802,0.553723,5.63878,-1.29027,0.855324,0.00199769,0.00716637,0.518029,1.09605,1.67957,-0.243139,-0.000197188,-0.0208746,0.0407745,-0.000125483
1765976271070691,0,0.640577,5.77201,-1.30976,0.855306,0.000309257,0.0104647,0.518018,0.564708,5.65563,-1.29274,0.855322,0.00178422,0.00758337,0.518027,1.09143,1.67428,-0.244898,-0.000225057,-0.0212112,0.0414352,-0.000136219
1765976271070691,0,0.640577,5.77201,-1.30976,0.855306,0.000309257,0.0104647,0.518018,0.564708,5.65563,-1.29274,0.855322,0.00178422,0.00758337,0.518027,1.09143,1.67428,-0.244898,-0.000225057,-0.0212112,0.0414352,-0.000136219
1765976271080574,0,0.651089,5.78828,-1.31234,0.855302,9.07998e-05,0.010889,0.518016,0.575436,5.6721,-1.29517,0.855319,0.00157289,0.0079959,0.518026,1.08551,1.66698,-0.246355,-0.000253303,-0.0213835,0.0417418,-0.000144745
1765976271080574,0,0.651089,5.78828,-1.31234,0.855302,9.07998e-05,0.010889,0.518016,0.575436,5.6721,-1.29517,0.855319,0.00157289,0.0079959,0.518026,1.08551,1.66698,-0.246355,-0.000253303,-0.0213835,0.0417418,-0.000144745
1765976271090638,0,0.661548,5.80448,-1.31494,0.855298,-0.000122613,0.0113023,0.518014,0.586326,5.68884,-1.29767,0.855316,0.00135706,0.00841679,0.518024,1.08212,1.66358,-0.248345,-0.000272438,-0.0214461,0.0418213,-0.000153987
1765976271090638,0,0.661548,5.80448,-1.31494,0.855298,-0.000122613,0.0113023,0.518014,0.586326,5.68884,-1.29767,0.855316,0.00135706,0.00841679,0.518024,1.08212,1.66358,-0.248345,-0.000272438,-0.0214461,0.0418213,-0.000153987
1765976271100692,0,0.671953,5.82062,-1.31754,0.855293,-0.000335474,0.0117137,0.518012,0.597144,5.70549,-1.30018,0.855314,0.00114479,0.00883026,0.518023,1.07601,1.65593,-0.249694,-0.000278637,-0.0211124,0.0411247,-0.00015414
1765976271100692,0,0.671953,5.82062,-1.31754,0.855293,-0.000335474,0.0117137,0.518012,0.597144,5.70549,-1.30018,0.855314,0.00114479,0.00883026,0.518023,1.07601,1.65593,-0.249694,-0.000278637,-0.0211124,0.0411247,-0.00015414
1765976271110757,0,0.682303,5.83669,-1.32016,0.855289,-0.000562126,0.0121531,0.518009,0.607915,5.72209,-1.30271,0.85531,0.000929437,0.00924949,0.518021,1.07014,1.64868,-0.251068,-0.000307943,-0.0213965,0.0416524,-0.000171737
1765976271110757,0,0.682303,5.83669,-1.32016,0.855289,-0.000562126,0.0121531,0.518009,0.607915,5.72209,-1.30271,0.85531,0.000929437,0.00924949,0.518021,1.07014,1.64868,-0.251068,-0.000307943,-0.0213965,0.0416524,-0.000171737
1765976271120619,0,0.692599,5.85269,-1.3228,0.855284,-0.000781027,0.0125767,0.518007,0.61841,5.73827,-1.3052,0.855307,0.000715246,0.00966614,0.518019,1.06417,1.64122,-0.252404,-0.000338457,-0.0217188,0.0422483,-0.000181316
1765976271120619,0,0.692599,5.85269,-1.3228,0.855284,-0.000781027,0.0125767,0.518007,0.61841,5.73827,-1.3052,0.855307,0.000715246,0.00966614,0.518019,1.06417,1.64122,-0.252404,-0.000338457,-0.0217188,0.0422483,-0.000181316
1765976271130456,0,0.70284,5.86863,-1.32544,0.855279,-0.000986549,0.0129722,0.518004,0.628847,5.75439,-1.3077,0.855304,0.000503916,0.0100767,0.518017,1.06098,1.63812,-0.254354,-0.000351435,-0.0214832,0.0417357,-0.000193895
1765976271130456,0,0.70284,5.86863,-1.32544,0.855279,-0.000986549,0.0129722,0.518004,0.628847,5.75439,-1.3077,0.855304,0.000503916,0.0100767,0.518017,1.06098,1.63812,-0.254354,-0.000351435,-0.0214832,0.0417357,-0.000193895
1765976271140585,0,0.713026,5.8845,-1.3281,0.855275,-0.00119064,0.0133645,0.518001,0.639562,5.77095,-1.3103,0.8553,0.000288693,0.0104943,0.518015,1.05782,1.63501,-0.256296,-0.000364842,-0.0212481,0.0412261,-0.000200075
1765976271140585,0,0.713026,5.8845,-1.3281,0.855275,-0.00119064,0.0133645,0.518001,0.639562,5.77095,-1.3103,0.8553,0.000288693,0.0104943,0.518015,1.05782,1.63501,-0.256296,-0.000364842,-0.0212481,0.0412261,-0.000200075
1765976271150455,0,0.723157,5.9003,-1.33077,0.855269,-0.00142865,0.0138262,0.517998,0.64993,5.78699,-1.31284,0.855296,7.51729e-05,0.0109085,0.518013,1.05049,1.62545,-0.257212,-0.000392533,-0.0216333,0.0419719,-0.000211364
1765976271150455,0,0.723157,5.9003,-1.33077,0.855269,-0.00142865,0.0138262,0.517998,0.64993,5.78699,-1.31284,0.855296,7.51729e-05,0.0109085,0.518013,1.05049,1.62545,-0.257212,-0.000392533,-0.0216333,0.0419719,-0.000211364
1765976271160440,0,0.733232,5.91603,-1.33345,0.855262,-0.0016927,0.0143413,0.517995,0.660382,5.80318,-1.31542,0.855292,-0.000147007,0.01134,0.518011,1.0468,1.62149,-0.258977,-0.000435768,-0.0222514,0.0432062,-0.000220868
1765976271160440,0,0.733232,5.91603,-1.33345,0.855262,-0.0016927,0.0143413,0.517995,0.660382,5.80318,-1.31542,0.855292,-0.000147007,0.01134,0.518011,1.0468,1.62149,-0.258977,-0.000435768,-0.0222514,0.0432062,-0.000220868
1765976271170460,0,0.74325,5.93169,-1.33614,0.855254,-0.00195314,0.0148485,0.517992,0.670817,5.81936,-1.31803,0.855287,-0.000374041,0.011781,0.518009,1.04135,1.61482,-0.260286,-0.000475885,-0.022658,0.0440149,-0.000237943
1765976271170460,0,0.74325,5.93169,-1.33614,0.855254,-0.00195314,0.0148485,0.517992,0.670817,5.81936,-1.31803,0.855287,-0.000374041,0.011781,0.518009,1.04135,1.61482,-0.260286,-0.000475885,-0.022658,0.0440149,-0.000237943
1765976271180448,0,0.753212,5.94728,-1.33884,0.855246,-0.00222486,0.0153791,0.517989,0.681158,5.83542,-1.32064,0.855282,-0.000606482,0.0122329,0.518006,1.03542,1.60744,-0.261454,-0.000507248,-0.0232721,0.0452423,-0.000244673
1765976271180448,0,0.753212,5.94728,-1.33884,0.855246,-0.00222486,0.0153791,0.517989,0.681158,5.83542,-1.32064,0.855282,-0.000606482,0.0122329,0.518006,1.03542,1.60744,-0.261454,-0.000507248,-0.0232721,0.0452423,-0.000244673
1765976271190512,0,0.763118,5.96279,-1.34155,0.855238,-0.00249494,0.0159056,0.517985,0.691524,5.85153,-1.32329,0.855276,-0.000845193,0.0126971,0.518003,1.02993,1.60065,-0.262701,-0.000550798,-0.0237193,0.0461296,-0.000260593
1765976271190512,0,0.763118,5.96279,-1.34155,0.855238,-0.00249494,0.0159056,0.517985,0.691524,5.85153,-1.32329,0.855276,-0.000845193,0.0126971,0.518003,1.02993,1.60065,-0.262701,-0.000550798,-0.0237193,0.0461296,-0.000260593
1765976271200448,0,0.772965,5.97824,-1.34427,0.85523,-0.00275497,0.0164103,0.517982,0.701692,5.86735,-1.32591,0.855271,-0.00108391,0.0131612,0.518001,1.02342,1.59234,-0.263662,-0.000581889,-0.0240256,0.0467124,-0.000275947
1765976271200448,0,0.772965,5.97824,-1.34427,0.85523,-0.00275497,0.0164103,0.517982,0.701692,5.86735,-1.32591,0.855271,-0.00108391,0.0131612,0.518001,1.02342,1.59234,-0.263662,-0.000581889,-0.0240256,0.0467124,-0.000275947
1765976271210430,0,0.782755,5.99361,-1.347,0.855222,-0.00300099,0.0168857,0.517978,0.711861,5.88319,-1.32855,0.855264,-0.00132479,0.0136292,0.517998,1.01866,1.58672,-0.265026,-0.000609064,-0.0241318,0.0468832,-0.000286618
1765976271210430,0,0.782755,5.99361,-1.347,0.855222,-0.00300099,0.0168857,0.517978,0.711861,5.88319,-1.32855,0.855264,-0.00132479,0.0136292,0.517998,1.01866,1.58672,-0.265026,-0.000609064,-0.0241318,0.0468832,-0.000286618
1765976271220465,0,0.792487,6.00891,-1.34973,0.855215,-0.00323234,0.01733,0.517974,0.722028,5.89904,-1.33122,0.855258,-0.00156443,0.0140941,0.517995,1.01318,1.57991,-0.266204,-0.000623666,-0.0238802,0.046329,-0.000302923
1765976271220465,0,0.792487,6.00891,-1.34973,0.855215,-0.00323234,0.01733,0.517974,0.722028,5.89904,-1.33122,0.855258,-0.00156443,0.0140941,0.517995,1.01318,1.57991,-0.266204,-0.000623666,-0.0238802,0.046329,-0.000302923
1765976271230450,0,0.786654,5.97691,-1.34809,0.855207,-0.00346456,0.0177753,0.51797,0.730137,5.90881,-1.33334,0.855252,-0.00180319,0.0145567,0.517992,0.812116,0.978555,-0.211974,-0.000638728,-0.0239112,0.0463232,-0.000316379
1765976271230450,0,0.786654,5.97691,-1.34809,0.855207,-0.00346456,0.0177753,0.51797,0.730137,5.90881,-1.33334,0.855252,-0.00180319,0.0145567,0.517992,0.812116,0.978555,-0.211974,-0.000638728,-0.0239112,0.0463232,-0.000316379
1765976271240454,0,0.786634,5.97689,-1.3481,0.855251,-0.00220188,0.01709,0.517928,0.737239,5.91737,-1.33519,0.855252,-0.00185329,0.0148751,0.517984,0.709965,0.855533,-0.185535,-1.78742e-05,-0.00500858,0.0318251,-0.000798383
1765976271240454,0,0.786634,5.97689,-1.3481,0.855251,-0.00220188,0.01709,0.517928,0.737239,5.91737,-1.33519,0.855252,-0.00185329,0.0148751,0.517984,0.709965,0.855533,-0.185535,-1.78742e-05,-0.00500858,0.0318251,-0.000798383
1765976271250447,0,0.786587,5.97686,-1.34814,0.855405,0.00243451,0.0135648,0.517776,0.743436,5.92484,-1.33682,0.855271,-0.00131452,0.0147104,0.517958,0.620114,0.747489,-0.16268,0.00193254,0.0539145,-0.0164753,-0.00261251
1765976271250447,0,0.786587,5.97686,-1.34814,0.855405,0.00243451,0.0135648,0.517776,0.743436,5.92484,-1.33682,0.855271,-0.00131452,0.0147104,0.517958,0.620114,0.747489,-0.16268,0.00193254,0.0539145,-0.0164753,-0.00261251
1765976271260458,0,0.786514,5.97681,-1.34822,0.855579,0.00794465,0.00835374,0.517544,0.748856,5.93138,-1.33825,0.85531,-0.000151098,0.0139117,0.517906,0.541336,0.653073,-0.143192,0.00386409,0.116215,-0.0797846,-0.00519181
1765976271260458,0,0.786514,5.97681,-1.34822,0.855579,0.00794465,0.00835374,0.517544,0.748856,5.93138,-1.33825,0.85531,-0.000151098,0.0139117,0.517906,0.541336,0.653073,-0.143192,0.00386409,0.116215,-0.0797846,-0.00519181
1765976271270507,0,0.78642,5.97677,-1.34833,0.855721,0.0132085,0.00205359,0.517265,0.753599,5.93711,-1.33953,0.855361,0.00152722,0.012422,0.517825,0.472045,0.570363,-0.126671,0.00513659,0.167013,-0.148242,-0.00801332
1765976271270507,0,0.78642,5.97677,-1.34833,0.855721,0.0132085,0.00205359,0.517265,0.753599,5.93711,-1.33953,0.855361,0.00152722,0.012422,0.517825,0.472045,0.570363,-0.126671,0.00513659,0.167013,-0.148242,-0.00801332
1765976271280566,0,0.786308,5.97675,-1.3485,0.855806,0.0178606,-0.00502049,0.516964,0.757734,5.94212,-1.34066,0.855417,0.00358076,0.010229,0.517717,0.411034,0.498169,-0.112762,0.0055522,0.20415,-0.218012,-0.0107548
1765976271280566,0,0.786308,5.97675,-1.3485,0.855806,0.0178606,-0.00502049,0.516964,0.757734,5.94212,-1.34066,0.855417,0.00358076,0.010229,0.517717,0.411034,0.498169,-0.112762,0.0055522,0.20415,-0.218012,-0.0107548
1765976271290595,0,0.786188,5.97678,-1.34872,0.855815,0.0218586,-0.0126662,0.516664,0.76132,5.94649,-1.34168,0.855467,0.00587831,0.00735106,0.517585,0.357568,0.43552,-0.101308,0.00499231,0.229091,-0.286965,-0.013194
1765976271290595,0,0.786188,5.97678,-1.34872,0.855815,0.0218586,-0.0126662,0.516664,0.76132,5.94649,-1.34168,0.855467,0.00587831,0.00735106,0.517585,0.357568,0.43552,-0.101308,0.00499231,0.229091,-0.286965,-0.013194
1765976271300459,0,0.786068,5.97685,-1.34901,0.855735,0.0252856,-0.0207332,0.516379,0.764387,5.95025,-1.34259,0.855501,0.00831661,0.0038226,0.517433,0.311003,0.381557,-0.092102,0.00341409,0.247192,-0.357711,-0.0153544
1765976271300459,0,0.786068,5.97685,-1.34901,0.855735,0.0252856,-0.0207332,0.516379,0.764387,5.95025,-1.34259,0.855501,0.00831661,0.0038226,0.517433,0.311003,0.381557,-0.092102,0.00341409,0.247192,-0.357711,-0.0153544
1765976271310626,0,0.78596,5.977,-1.34935,0.855556,0.028264,-0.0291002,0.516119,0.767144,5.95367,-1.34345,0.855508,0.0108343,-0.000332813,0.517267,0.271085,0.336042,-0.0850071,0.000680057,0.247634,-0.408715,-0.0163155
1765976271310626,0,0.78596,5.977,-1.34935,0.855556,0.028264,-0.0291002,0.516119,0.767144,5.95367,-1.34345,0.855508,0.0108343,-0.000332813,0.517267,0.271085,0.336042,-0.0850071,0.000680057,0.247634,-0.408715,-0.0163155
1765976271320588,0,0.786116,5.97679,-1.34894,0.855268,0.0309191,-0.0376677,0.515889,0.769519,5.95656,-1.34414,0.855478,0.0133711,-0.00504838,0.517093,0.238413,0.290544,-0.0690342,-0.00303348,0.254648,-0.473356,-0.0174829
1765976271320588,0,0.786116,5.97679,-1.34894,0.855268,0.0309191,-0.0376677,0.515889,0.769519,5.95656,-1.34414,0.855478,0.0133711,-0.00504838,0.517093,0.238413,0.290544,-0.0690342,-0.00303348,0.254648,-0.473356,-0.0174829
1765976271330462,0,0.786105,5.97676,-1.34892,0.85487,0.033391,-0.0463383,0.515688,0.771577,5.95907,-1.34473,0.855402,0.0158635,-0.0101888,0.516918,0.208429,0.253776,-0.0600513,-0.00765431,0.252418,-0.520598,-0.0177112
1765976271330462,0,0.786105,5.97676,-1.34892,0.85487,0.033391,-0.0463383,0.515688,0.771577,5.95907,-1.34473,0.855402,0.0158635,-0.0101888,0.516918,0.208429,0.253776,-0.0600513,-0.00765431,0.252418,-0.520598,-0.0177112
1765976271340568,0,0.786143,5.97684,-1.34897,0.854363,0.0358218,-0.0550204,0.515513,0.773427,5.96133,-1.34527,0.85527,0.0183946,-0.0158743,0.51674,0.183055,0.223367,-0.053282,-0.0130404,0.250457,-0.56259,-0.017629
1765976271340568,0,0.786143,5.97684,-1.34897,0.854363,0.0358218,-0.0550204,0.515513,0.773427,5.96133,-1.34527,0.85527,0.0183946,-0.0158743,0.51674,0.183055,0.223367,-0.053282,-0.0130404,0.250457,-0.56259,-0.017629
1765976271350479,0,0.786118,5.97678,-1.34893,0.853749,0.0382707,-0.0636767,0.515358,0.775007,5.96325,-1.34573,0.855081,0.0208668,-0.0218201,0.516568,0.159491,0.194228,-0.046007,-0.0190944,0.249443,-0.599915,-0.0173504
1765976271350479,0,0.786118,5.97678,-1.34893,0.853749,0.0382707,-0.0636767,0.515358,0.775007,5.96325,-1.34573,0.855081,0.0208668,-0.0218201,0.516568,0.159491,0.194228,-0.046007,-0.0190944,0.249443,-0.599915,-0.0173504
1765976271360512,0,0.786204,5.97694,-1.34902,0.853043,0.040714,-0.0721668,0.51522,0.776419,5.96498,-1.34614,0.854825,0.0233619,-0.0281494,0.516399,0.140703,0.172047,-0.0413721,-0.0255338,0.248686,-0.630848,-0.0168899
1765976271360512,0,0.786204,5.97694,-1.34902,0.853043,0.040714,-0.0721668,0.51522,0.776419,5.96498,-1.34614,0.854825,0.0233619,-0.0281494,0.516399,0.140703,0.172047,-0.0413721,-0.0255338,0.248686,-0.630848,-0.0168899
1765976271370571,0,0.786145,5.97683,-1.34895,0.852299,0.0429025,-0.0799917,0.515118,0.777649,5.96648,-1.3465,0.854507,0.0258187,-0.0346673,0.516238,0.122225,0.148896,-0.0352923,-0.0315652,0.244236,-0.647972,-0.0160048
1765976271370571,0,0.786145,5.97683,-1.34895,0.852299,0.0429025,-0.0799917,0.515118,0.777649,5.96648,-1.3465,0.854507,0.0258187,-0.0346673,0.516238,0.122225,0.148896,-0.0352923,-0.0315652,0.244236,-0.647972,-0.0160048
1765976271380461,0,0.786107,5.97676,-1.34892,0.851562,0.0447208,-0.0868899,0.515065,0.7787,5.96775,-1.3468,0.854137,0.0281933,-0.0412278,0.51609,0.106294,0.129214,-0.0304231,-0.0374141,0.240102,-0.663349,-0.0148981
1765976271380461,0,0.786107,5.97676,-1.34892,0.851562,0.0447208,-0.0868899,0.515065,0.7787,5.96775,-1.3468,0.854137,0.0281933,-0.0412278,0.51609,0.106294,0.129214,-0.0304231,-0.0374141,0.240102,-0.663349,-0.0148981
1765976271390475,0,0.786191,5.97689,-1.34897,0.850861,0.0461698,-0.0928179,0.515062,0.779643,5.9689,-1.34707,0.853725,0.0304529,-0.0477128,0.515961,0.0941449,0.1149,-0.0273798,-0.0411292,0.225652,-0.647588,-0.0129042
1765976271390475,0,0.786191,5.97689,-1.34897,0.850861,0.0461698,-0.0928179,0.515062,0.779643,5.9689,-1.34707,0.853725,0.0304529,-0.0477128,0.515961,0.0941449,0.1149,-0.0273798,-0.0411292,0.225652,-0.647588,-0.0129042
1765976271400458,0,0.786123,5.97678,-1.34893,0.85021,0.0472966,-0.097833,0.515106,0.780455,5.96989,-1.3473,0.853283,0.0325702,-0.054013,0.515854,0.0814332,0.0990167,-0.0233212,-0.0442661,0.212087,-0.63109,-0.010765
1765976271400458,0,0.786123,5.97678,-1.34893,0.85021,0.0472966,-0.097833,0.515106,0.780455,5.96989,-1.3473,0.853283,0.0325702,-0.054013,0.515854,0.0814332,0.0990167,-0.0233212,-0.0442661,0.212087,-0.63109,-0.010765
1765976271410439,0,0.786257,5.97699,-1.34901,0.849618,0.0481612,-0.102033,0.515189,0.781183,5.97078,-1.34752,0.852823,0.0345284,-0.0600443,0.51577,0.0729039,0.0891472,-0.0214269,-0.0461263,0.196197,-0.604286,-0.00836651
1765976271410439,0,0.786257,5.97699,-1.34901,0.849618,0.0481612,-0.102033,0.515189,0.781183,5.97078,-1.34752,0.852823,0.0345284,-0.0600443,0.51577,0.0729039,0.0891472,-0.0214269,-0.0461263,0.196197,-0.604286,-0.00836651
1765976271420574,0,0.786166,5.97685,-1.34895,0.849085,0.0488202,-0.105528,0.515301,0.781818,5.97155,-1.3477,0.852353,0.0363249,-0.0657617,0.515711,0.0626099,0.0761716,-0.0180078,-0.0463664,0.177256,-0.564119,-0.00582226
1765976271420574,0,0.786166,5.97685,-1.34895,0.849085,0.0488202,-0.105528,0.515301,0.781818,5.97155,-1.3477,0.852353,0.0363249,-0.0657617,0.515711,0.0626099,0.0761716,-0.0180078,-0.0463664,0.177256,-0.564119,-0.00582226
1765976271430535,0,0.786112,5.97677,-1.34892,0.848611,0.0493235,-0.108422,0.515432,0.782355,5.97221,-1.34785,0.851883,0.0379571,-0.0711182,0.515676,0.0539679,0.0654389,-0.0153305,-0.0471643,0.163854,-0.537748,-0.00351249
1765976271430535,0,0.786112,5.97677,-1.34892,0.848611,0.0493235,-0.108422,0.515432,0.782355,5.97221,-1.34785,0.851883,0.0379571,-0.0711182,0.515676,0.0539679,0.0654389,-0.0153305,-0.0471643,0.163854,-0.537748,-0.00351249
1765976271440468,0,0.786237,5.97695,-1.34899,0.848193,0.049707,-0.110811,0.515576,0.78284,5.9728,-1.34799,0.851419,0.0394345,-0.0761092,0.515663,0.0487734,0.0595746,-0.0142936,-0.0467092,0.148739,-0.502466,-0.00127214
1765976271440468,0,0.786237,5.97695,-1.34899,0.848193,0.049707,-0.110811,0.515576,0.78284,5.9728,-1.34799,0.851419,0.0394345,-0.0761092,0.515663,0.0487734,0.0595746,-0.0142936,-0.0467092,0.148739,-0.502466,-0.00127214
1765976271450463,0,0.786127,5.97679,-1.34893,0.847827,0.0500022,-0.11278,0.515723,0.783253,5.9733,-1.34811,0.850968,0.0407629,-0.0807187,0.515671,0.0413028,0.0500929,-0.0117241,-0.0451791,0.132904,-0.461185,0.000745431
1765976271450463,0,0.786127,5.97679,-1.34893,0.847827,0.0500022,-0.11278,0.515723,0.783253,5.9733,-1.34811,0.850968,0.0407629,-0.0807187,0.515671,0.0413028,0.0500929,-0.0117241,-0.0451791,0.132904,-0.461185,0.000745431
1765976271460634,0,0.786288,5.97702,-1.34902,0.847508,0.050235,-0.114396,0.515868,0.783641,5.97377,-1.34823,0.850531,0.041959,-0.0849715,0.515696,0.0381444,0.0467414,-0.0113689,-0.0429557,0.117603,-0.418125,0.00244959
1765976271460634,0,0.786288,5.97702,-1.34902,0.847508,0.050235,-0.114396,0.515868,0.783641,5.97377,-1.34823,0.850531,0.041959,-0.0849715,0.515696,0.0381444,0.0467414,-0.0113689,-0.0429557,0.117603,-0.418125,0.00244959
1765976271470665,0,0.786175,5.97685,-1.34895,0.847232,0.0504226,-0.11572,0.516007,0.78396,5.97416,-1.34832,0.850116,0.0430224,-0.0888347,0.515735,0.0318434,0.0386946,-0.00912698,-0.041315,0.106007,-0.385129,0.00389798
1765976271470665,0,0.786175,5.97685,-1.34895,0.847232,0.0504226,-0.11572,0.516007,0.78396,5.97416,-1.34832,0.850116,0.0430224,-0.0888347,0.515735,0.0318434,0.0386946,-0.00912698,-0.041315,0.106007,-0.385129,0.00389798
1765976271480532,0,0.786404,5.97718,-1.34908,0.846996,0.0505807,-0.116801,0.516136,0.784263,5.97454,-1.34841,0.849726,0.0439675,-0.0923318,0.515785,0.0307175,0.0379363,-0.00958072,-0.0395431,0.0957891,-0.354427,0.0050924
1765976271480532,0,0.786404,5.97718,-1.34908,0.846996,0.0505807,-0.116801,0.516136,0.784263,5.97454,-1.34841,0.849726,0.0439675,-0.0923318,0.515785,0.0307175,0.0379363,-0.00958072,-0.0395431,0.0957891,-0.354427,0.0050924
1765976271490537,0,0.786794,5.97773,-1.3493,0.846795,0.0507179,-0.11768,0.516253,0.784581,5.97494,-1.34852,0.849356,0.0448204,-0.0955344,0.515844,0.031813,0.0401773,-0.0111286,-0.0370198,0.0852427,-0.3201,0.00591578
1765976271490537,0,0.786794,5.97773,-1.3493,0.846795,0.0507179,-0.11768,0.516253,0.784581,5.97494,-1.34852,0.849356,0.0448204,-0.0955344,0.515844,0.031813,0.0401773,-0.0111286,-0.0370198,0.0852427,-0.3201,0.00591578
1765976271500538,0,0.786461,5.97711,-1.34911,0.846625,0.0508511,-0.118387,0.516357,0.784818,5.97521,-1.3486,0.849013,0.0455773,-0.0984028,0.515909,0.023619,0.0272724,-0.00739024,-0.0342692,0.0756859,-0.286807,0.00643666
1765976271500538,0,0.786461,5.97711,-1.34911,0.846625,0.0508511,-0.118387,0.516357,0.784818,5.97521,-1.3486,0.849013,0.0455773,-0.0984028,0.515909,0.023619,0.0272724,-0.00739024,-0.0342692,0.0756859,-0.286807,0.00643666
1765976271510519,0,0.786633,5.97735,-1.34921,0.846484,0.0509879,-0.118949,0.516446,0.785045,5.97548,-1.34867,0.848696,0.0462548,-0.100976,0.515976,0.0228123,0.026897,-0.00766781,-0.0317342,0.0678819,-0.257781,0.00674217
1765976271510519,0,0.786633,5.97735,-1.34921,0.846484,0.0509879,-0.118949,0.516446,0.785045,5.97548,-1.34867,0.848696,0.0462548,-0.100976,0.515976,0.0228123,0.026897,-0.00766781,-0.0317342,0.0678819,-0.257781,0.00674217
1765976271520605,0,0.78697,5.97783,-1.3494,0.846367,0.0511239,-0.119394,0.516521,0.785289,5.97578,-1.34877,0.848404,0.0468664,-0.103289,0.516044,0.0241941,0.0295009,-0.00914813,-0.0289986,0.0606348,-0.229367,0.00678427
1765976271520605,0,0.78697,5.97783,-1.3494,0.846367,0.0511239,-0.119394,0.516521,0.785289,5.97578,-1.34877,0.848404,0.0468664,-0.103289,0.516044,0.0241941,0.0295009,-0.00914813,-0.0289986,0.0606348,-0.229367,0.00678427
1765976271530497,0,0.786654,5.97738,-1.34922,0.846274,0.0512637,-0.119741,0.51658,0.785459,5.97598,-1.34882,0.848136,0.0474189,-0.105356,0.516112,0.0171487,0.0201494,-0.00571221,-0.0270607,0.0558496,-0.20896,0.00680284
1765976271530497,0,0.786654,5.97738,-1.34922,0.846274,0.0512637,-0.119741,0.51658,0.785459,5.97598,-1.34882,0.848136,0.0474189,-0.105356,0.516112,0.0171487,0.0201494,-0.00571221,-0.0270607,0.0558496,-0.20896,0.00680284
1765976271540659,0,0.78678,5.97756,-1.3493,0.8462,0.0514049,-0.120009,0.516625,0.785628,5.97618,-1.34888,0.847891,0.0479237,-0.107212,0.516177,0.0165992,0.0198956,-0.00594756,-0.0241363,0.0496763,-0.182609,0.00640507
1765976271540659,0,0.78678,5.97756,-1.3493,0.8462,0.0514049,-0.120009,0.516625,0.785628,5.97618,-1.34888,0.847891,0.0479237,-0.107212,0.516177,0.0165992,0.0198956,-0.00594756,-0.0241363,0.0496763,-0.182609,0.00640507
1765976271550629,0,0.787073,5.97797,-1.34947,0.846142,0.0515367,-0.120218,0.516657,0.785809,5.9764,-1.34896,0.847672,0.0483771,-0.108844,0.516237,0.0181624,0.0224788,-0.00740126,-0.0220125,0.0454754,-0.163699,0.00605014
1765976271550629,0,0.787073,5.97797,-1.34947,0.846142,0.0515367,-0.120218,0.516657,0.785809,5.9764,-1.34896,0.847672,0.0483771,-0.108844,0.516237,0.0181624,0.0224788,-0.00740126,-0.0220125,0.0454754,-0.163699,0.00605014
1765976271560630,0,0.787533,5.97862,-1.34975,0.8461,0.0516689,-0.120374,0.516677,0.786025,5.97668,-1.34906,0.847475,0.0487898,-0.110289,0.516292,0.0216701,0.0278445,-0.00998874,-0.0197033,0.0412665,-0.144538,0.00551884
1765976271560630,0,0.787533,5.97862,-1.34975,0.8461,0.0516689,-0.120374,0.516677,0.786025,5.97668,-1.34906,0.847475,0.0487898,-0.110289,0.516292,0.0216701,0.0278445,-0.00998874,-0.0197033,0.0412665,-0.144538,0.00551884
1765976271570559,0,0.787011,5.97766,-1.34944,0.84607,0.0518119,-0.12048,0.516687,0.786148,5.9768,-1.34911,0.847298,0.04917,-0.111571,0.516342,0.0123964,0.0122463,-0.00477846,-0.0177931,0.0382911,-0.129111,0.00500057
1765976271570559,0,0.787011,5.97766,-1.34944,0.84607,0.0518119,-0.12048,0.516687,0.786148,5.9768,-1.34911,0.847298,0.04917,-0.111571,0.516342,0.0123964,0.0122463,-0.00477846,-0.0177931,0.0382911,-0.129111,0.00500057
1765976271580584,0,0.787256,5.978,-1.34959,0.846052,0.0519672,-0.120543,0.516687,0.786288,5.97695,-1.34917,0.847142,0.0495198,-0.112693,0.516385,0.0139246,0.0150305,-0.00611208,-0.0155418,0.0348992,-0.111927,0.00430461
1765976271580584,0,0.787256,5.978,-1.34959,0.846052,0.0519672,-0.120543,0.516687,0.786288,5.97695,-1.34917,0.847142,0.0495198,-0.112693,0.516385,0.0139246,0.0150305,-0.00611208,-0.0155418,0.0348992,-0.111927,0.00430461
1765976271590605,0,0.78767,5.97858,-1.34985,0.846043,0.0521261,-0.120575,0.516678,0.786462,5.97716,-1.34925,0.847004,0.0498473,-0.113684,0.516422,0.0173562,0.020461,-0.00864835,-0.0137874,0.0326759,-0.0988115,0.00367585
1765976271590605,0,0.78767,5.97858,-1.34985,0.846043,0.0521261,-0.120575,0.516678,0.786462,5.97716,-1.34925,0.847004,0.0498473,-0.113684,0.516422,0.0173562,0.020461,-0.00864835,-0.0137874,0.0326759,-0.0988115,0.00367585
1765976271600580,0,0.787351,5.97768,-1.34965,0.846041,0.0522922,-0.120578,0.516663,0.786573,5.97722,-1.3493,0.846883,0.0501544,-0.11455,0.516452,0.011174,0.00659684,-0.00501934,-0.0121241,0.0307942,-0.0868428,0.00302953
1765976271600580,0,0.787351,5.97768,-1.34965,0.846041,0.0522922,-0.120578,0.516663,0.786573,5.97722,-1.3493,0.846883,0.0501544,-0.11455,0.516452,0.011174,0.00659684,-0.00501934,-0.0121241,0.0307942,-0.0868428,0.00302953
1765976271610586,0,0.787529,5.97794,-1.34977,0.846047,0.0524733,-0.120554,0.516641,0.786694,5.97731,-1.34936,0.846778,0.0504458,-0.115304,0.516476,0.0120091,0.00895916,-0.00587349,-0.0104901,0.0291225,-0.0753993,0.00236489
1765976271610586,0,0.787529,5.97794,-1.34977,0.846047,0.0524733,-0.120554,0.516641,0.786694,5.97731,-1.34936,0.846778,0.0504458,-0.115304,0.516476,0.0120091,0.00895916,-0.00587349,-0.0104901,0.0291225,-0.0753993,0.00236489
1765976271620589,0,0.787876,5.97843,-1.35,0.846059,0.0526711,-0.120503,0.516613,0.786842,5.97745,-1.34944,0.846688,0.0507256,-0.115958,0.516493,0.0148609,0.0140148,-0.00806805,-0.00903931,0.0279685,-0.0653369,0.00172802
1765976271620589,0,0.787876,5.97843,-1.35,0.846059,0.0526711,-0.120503,0.516613,0.786842,5.97745,-1.34944,0.846688,0.0507256,-0.115958,0.516493,0.0148609,0.0140148,-0.00806805,-0.00903931,0.0279685,-0.0653369,0.00172802
1765976271630560,0,0.787653,5.97771,-1.34985,0.846076,0.0528735,-0.120436,0.516581,0.786944,5.97749,-1.34949,0.846611,0.0509953,-0.11652,0.516504,0.0101862,0.0032041,-0.00516482,-0.00770538,0.0270447,-0.0563819,0.00109992
1765976271630560,0,0.787653,5.97771,-1.34985,0.846076,0.0528735,-0.120436,0.516581,0.786944,5.97749,-1.34949,0.846611,0.0509953,-0.11652,0.516504,0.0101862,0.0032041,-0.00516482,-0.00770538,0.0270447,-0.0563819,0.00109992
1765976271640615,0,0.78778,5.97789,-1.34994,0.846097,0.0530826,-0.120354,0.516543,0.787049,5.97754,-1.34955,0.846546,0.0512577,-0.117002,0.516509,0.0105042,0.00507425,-0.00564332,-0.0064258,0.0261004,-0.0479371,0.000492012
1765976271640615,0,0.78778,5.97789,-1.34994,0.846097,0.0530826,-0.120354,0.516543,0.787049,5.97754,-1.34955,0.846546,0.0512577,-0.117002,0.516509,0.0105042,0.00507425,-0.00564332,-0.0064258,0.0261004,-0.0479371,0.000492012
1765976271650571,0,0.788077,5.97832,-1.35016,0.846122,0.0532997,-0.120258,0.516502,0.787178,5.97763,-1.34963,0.846493,0.0515143,-0.117411,0.516508,0.0129076,0.00977047,-0.00759127,-0.00535819,0.0257691,-0.0410919,-8.38153e-05
1765976271650571,0,0.788077,5.97832,-1.35016,0.846122,0.0532997,-0.120258,0.516502,0.787178,5.97763,-1.34963,0.846493,0.0515143,-0.117411,0.516508,0.0129076,0.00977047,-0.00759127,-0.00535819,0.0257691,-0.0410919,-8.38153e-05
1765976271660598,0,0.788542,5.97899,-1.35049,0.84615,0.0535128,-0.120158,0.516458,0.78735,5.9778,-1.34974,0.84645,0.0517655,-0.117756,0.516502,0.0171377,0.0169772,-0.0108545,-0.00429781,0.0250512,-0.034433,-0.000630108
1765976271660598,0,0.788542,5.97899,-1.35049,0.84615,0.0535128,-0.120158,0.516458,0.78735,5.9778,-1.34974,0.84645,0.0517655,-0.117756,0.516502,0.0171377,0.0169772,-0.0108545,-0.00429781,0.0250512,-0.034433,-0.000630108
1765976271670598,0,0.788065,5.97782,-1.35015,0.846181,0.0537222,-0.120054,0.51641,0.78744,5.97781,-1.34979,0.846416,0.0520112,-0.118045,0.51649,0.00898838,0.000190735,-0.0051856,-0.00337958,0.0245772,-0.0288606,-0.00115037
1765976271670598,0,0.788065,5.97782,-1.35015,0.846181,0.0537222,-0.120054,0.51641,0.78744,5.97781,-1.34979,0.846416,0.0520112,-0.118045,0.51649,0.00898838,0.000190735,-0.0051856,-0.00337958,0.0245772,-0.0288606,-0.00115037
1765976271680472,0,0.788293,5.97815,-1.35032,0.846213,0.0539343,-0.119944,0.51636,0.787546,5.97785,-1.34985,0.84639,0.0522528,-0.118284,0.516474,0.0107269,0.0043463,-0.00668847,-0.00258363,0.0244668,-0.0241597,-0.00165401
1765976271680472,0,0.788293,5.97815,-1.35032,0.846213,0.0539343,-0.119944,0.51636,0.787546,5.97785,-1.34985,0.84639,0.0522528,-0.118284,0.516474,0.0107269,0.0043463,-0.00668847,-0.00258363,0.0244668,-0.0241597,-0.00165401
1765976271690582,0,0.78869,5.97873,-1.35062,0.846247,0.0541507,-0.119827,0.51631,0.787691,5.97796,-1.34995,0.846372,0.0524914,-0.118478,0.516453,0.0143794,0.0110838,-0.00964522,-0.00179227,0.0235968,-0.0191917,-0.00204578
1765976271690582,0,0.78869,5.97873,-1.35062,0.846247,0.0541507,-0.119827,0.51631,0.787691,5.97796,-1.34995,0.846372,0.0524914,-0.118478,0.516453,0.0143794,0.0110838,-0.00964522,-0.00179227,0.0235968,-0.0191917,-0.00204578
1765976271700564,0,0.788384,5.97778,-1.35039,0.846282,0.0543633,-0.119709,0.516257,0.787778,5.97794,-1.35001,0.846361,0.0527266,-0.118632,0.516429,0.008712,-0.00224518,-0.00550546,-0.0011405,0.023568,-0.0155087,-0.00246611
1765976271700564,0,0.788384,5.97778,-1.35039,0.846282,0.0543633,-0.119709,0.516257,0.787778,5.97794,-1.35001,0.846361,0.0527266,-0.118632,0.516429,0.008712,-0.00224518,-0.00550546,-0.0011405,0.023568,-0.0155087,-0.00246611
1765976271710509,0,0.788561,5.97804,-1.35053,0.846317,0.0545779,-0.119588,0.516205,0.787876,5.97795,-1.35007,0.846355,0.0529603,-0.118753,0.5164,0.00984121,0.00129458,-0.0065688,-0.000557389,0.0234927,-0.0121247,-0.00284688
1765976271710509,0,0.788561,5.97804,-1.35053,0.846317,0.0545779,-0.119588,0.516205,0.787876,5.97795,-1.35007,0.846355,0.0529603,-0.118753,0.5164,0.00984121,0.00129458,-0.0065688,-0.000557389,0.0234927,-0.0121247,-0.00284688
1765976271720546,0,0.788907,5.97855,-1.35081,0.846353,0.0547997,-0.11946,0.516152,0.788006,5.97803,-1.35016,0.846355,0.0531905,-0.118841,0.516369,0.0129578,0.00755376,-0.00924029,-2.96925e-05,0.0229374,-0.00881495,-0.00309989
1765976271720546,0,0.788907,5.97855,-1.35081,0.846353,0.0547997,-0.11946,0.516152,0.788006,5.97803,-1.35016,0.846355,0.0531905,-0.118841,0.516369,0.0129578,0.00755376,-0.00924029,-2.96925e-05,0.0229374,-0.00881495,-0.00309989
1765976271730572,0,0.788718,5.97777,-1.35065,0.846389,0.0550155,-0.119334,0.516099,0.788096,5.97799,-1.35023,0.846359,0.0534198,-0.118903,0.516335,0.00894724,-0.00328164,-0.00615903,0.000433986,0.0228667,-0.00616794,-0.0033946
1765976271730572,0,0.788718,5.97777,-1.35065,0.846389,0.0550155,-0.119334,0.516099,0.788096,5.97799,-1.35023,0.846359,0.0534198,-0.118903,0.516335,0.00894724,-0.00328164,-0.00615903,0.000433986,0.0228667,-0.00616794,-0.0033946
1765976271740664,0,0.788844,5.97796,-1.35076,0.846426,0.0552311,-0.119206,0.516045,0.788191,5.97799,-1.35029,0.846368,0.0536494,-0.118942,0.516298,0.00941437,-0.000519739,-0.00670936,0.000832764,0.0227589,-0.00380724,-0.00364999
1765976271740664,0,0.788844,5.97796,-1.35076,0.846426,0.0552311,-0.119206,0.516045,0.788191,5.97799,-1.35029,0.846368,0.0536494,-0.118942,0.516298,0.00941437,-0.000519739,-0.00670936,0.000832764,0.0227589,-0.00380724,-0.00364999
1765976271750576,0,0.789138,5.97839,-1.35101,0.846462,0.055454,-0.119073,0.515992,0.788309,5.97804,-1.35038,0.84638,0.0538742,-0.118958,0.51626,0.0119065,0.00509935,-0.00897197,0.00118464,0.0226776,-0.00165443,-0.00384255
1765976271750576,0,0.789138,5.97839,-1.35101,0.846462,0.055454,-0.119073,0.515992,0.788309,5.97804,-1.35038,0.84638,0.0538742,-0.118958,0.51626,0.0119065,0.00509935,-0.00897197,0.00118464,0.0226776,-0.00165443,-0.00384255
1765976271760485,0,0.789599,5.97908,-1.3514,0.846499,0.0556685,-0.118945,0.515939,0.788469,5.97817,-1.35051,0.846395,0.0540997,-0.118956,0.51622,0.016217,0.0131372,-0.0127763,0.00151583,0.0227525,0.000170681,-0.00407229
1765976271760485,0,0.789599,5.97908,-1.3514,0.846499,0.0556685,-0.118945,0.515939,0.788469,5.97817,-1.35051,0.846395,0.0540997,-0.118956,0.51622,0.016217,0.0131372,-0.0127763,0.00151583,0.0227525,0.000170681,-0.00407229
1765976271770481,0,0.789061,5.97787,-1.35094,0.846535,0.0558727,-0.118821,0.515886,0.788544,5.97813,-1.35056,0.846412,0.0543224,-0.118939,0.516178,0.00742971,-0.00381622,-0.00545004,0.001765,0.0222832,0.00169718,-0.00419785
1765976271770481,0,0.789061,5.97787,-1.35094,0.846535,0.0558727,-0.118821,0.515886,0.788544,5.97813,-1.35056,0.846412,0.0543224,-0.118939,0.516178,0.00742971,-0.00381622,-0.00545004,0.001765,0.0222832,0.00169718,-0.00419785
1765976271780570,0,0.789287,5.97821,-1.35114,0.846571,0.0560722,-0.118701,0.515833,0.788638,5.97814,-1.35064,0.846432,0.0545423,-0.118909,0.516135,0.00934037,0.000945262,-0.00727851,0.00197914,0.0217968,0.0029761,-0.00430094
1765976271780570,0,0.789287,5.97821,-1.35114,0.846571,0.0560722,-0.118701,0.515833,0.788638,5.97814,-1.35064,0.846432,0.0545423,-0.118909,0.516135,0.00934037,0.000945262,-0.00727851,0.00197914,0.0217968,0.0029761,-0.00430094
1765976271790523,0,0.789679,5.9788,-1.35149,0.846606,0.0562689,-0.118581,0.515781,0.788768,5.97822,-1.35074,0.846454,0.0547593,-0.118868,0.51609,0.0130911,0.00833615,-0.0107436,0.00220381,0.0218015,0.00414711,-0.00446152
1765976271790523,0,0.789679,5.9788,-1.35149,0.846606,0.0562689,-0.118581,0.515781,0.788768,5.97822,-1.35074,0.846454,0.0547593,-0.118868,0.51609,0.0130911,0.00833615,-0.0107436,0.00220381,0.0218015,0.00414711,-0.00446152
1765976271800582,0,0.789322,5.97784,-1.35117,0.846641,0.0564584,-0.118465,0.51573,0.788838,5.97818,-1.3508,0.846478,0.0549729,-0.118818,0.516045,0.00695654,-0.00488262,-0.00541591,0.00233465,0.02123,0.00503223,-0.00449746
1765976271800582,0,0.789322,5.97784,-1.35117,0.846641,0.0564584,-0.118465,0.51573,0.788838,5.97818,-1.3508,0.846478,0.0549729,-0.118818,0.516045,0.00695654,-0.00488262,-0.00541591,0.00233465,0.02123,0.00503223,-0.00449746
1765976271810586,0,0.789514,5.97813,-1.35135,0.846675,0.0566464,-0.118351,0.51568,0.788923,5.97817,-1.35087,0.846502,0.0551832,-0.118759,0.515999,0.00849622,-0.000571976,-0.00695904,0.00247856,0.0210242,0.00586722,-0.00458176
1765976271810586,0,0.789514,5.97813,-1.35135,0.846675,0.0566464,-0.118351,0.51568,0.788923,5.97817,-1.35087,0.846502,0.0551832,-0.118759,0.515999,0.00849622,-0.000571976,-0.00695904,0.00247856,0.0210242,0.00586722,-0.00458176
1765976271820606,0,0.789872,5.97868,-1.35168,0.846708,0.0568384,-0.118233,0.515632,0.789043,5.97823,-1.35097,0.846528,0.0553912,-0.118693,0.515953,0.0119269,0.00642445,-0.0102672,0.00257573,0.0207586,0.00659473,-0.00460419
1765976271820606,0,0.789872,5.97868,-1.35168,0.846708,0.0568384,-0.118233,0.515632,0.789043,5.97823,-1.35097,0.846528,0.0553912,-0.118693,0.515953,0.0119269,0.00642445,-0.0102672,0.00257573,0.0207586,0.00659473,-0.00460419
1765976271830483,0,0.78962,5.97782,-1.35145,0.84674,0.0570254,-0.118118,0.515584,0.789114,5.97818,-1.35103,0.846555,0.0555966,-0.118621,0.515907,0.00725973,-0.0051657,-0.00603469,0.00270354,0.020791,0.00730877,-0.00468895
1765976271830483,0,0.78962,5.97782,-1.35145,0.84674,0.0570254,-0.118118,0.515584,0.789114,5.97818,-1.35103,0.846555,0.0555966,-0.118621,0.515907,0.00725973,-0.0051657,-0.00603469,0.00270354,0.020791,0.00730877,-0.00468895
1765976271840743,0,0.789779,5.97807,-1.3516,0.846772,0.0572135,-0.118003,0.515538,0.7892,5.97817,-1.3511,0.846582,0.0558018,-0.118542,0.51586,0.00835395,-0.00144074,-0.00719206,0.00268395,0.0200022,0.00764157,-0.0045662
1765976271840743,0,0.789779,5.97807,-1.3516,0.846772,0.0572135,-0.118003,0.515538,0.7892,5.97817,-1.3511,0.846582,0.0558018,-0.118542,0.51586,0.00835395,-0.00144074,-0.00719206,0.00268395,0.0200022,0.00764157,-0.0045662
1765976271850544,0,0.790103,5.97857,-1.35192,0.846803,0.0574104,-0.117882,0.515493,0.789311,5.97822,-1.3512,0.84661,0.0560032,-0.11846,0.515814,0.0113481,0.0050598,-0.0102291,0.00281573,0.0205528,0.00843502,-0.00468883
1765976271850544,0,0.790103,5.97857,-1.35192,0.846803,0.0574104,-0.117882,0.515493,0.789311,5.97822,-1.3512,0.84661,0.0560032,-0.11846,0.515814,0.0113481,0.0050598,-0.0102291,0.00281573,0.0205528,0.00843502,-0.00468883
1765976271860644,0,0.790593,5.97933,-1.3524,0.846833,0.057603,-0.117764,0.515448,0.789474,5.97836,-1.35136,0.846638,0.0562039,-0.118372,0.515768,0.0160992,0.0139746,-0.0150133,0.00277368,0.0198728,0.00864562,-0.00454412
1765976271860644,0,0.790593,5.97933,-1.3524,0.846833,0.057603,-0.117764,0.515448,0.789474,5.97836,-1.35136,0.846638,0.0562039,-0.118372,0.515768,0.0160992,0.0139746,-0.0150133,0.00277368,0.0198728,0.00864562,-0.00454412
1765976271870723,0,0.790045,5.97795,-1.35186,0.846864,0.0577897,-0.117649,0.515404,0.789546,5.97831,-1.35142,0.846667,0.0564044,-0.118281,0.515722,0.00717337,-0.00510948,-0.00638685,0.00283268,0.0198883,0.00907316,-0.00456541
1765976271870723,0,0.790045,5.97795,-1.35186,0.846864,0.0577897,-0.117649,0.515404,0.789546,5.97831,-1.35142,0.846667,0.0564044,-0.118281,0.515722,0.00717337,-0.00510948,-0.00638685,0.00283268,0.0198883,0.00907316,-0.00456541
1765976271880560,0,0.790302,5.97836,-1.35212,0.846893,0.0579785,-0.117533,0.51536,0.789639,5.97831,-1.35151,0.846695,0.0566001,-0.118188,0.515677,0.00949481,0.00063016,-0.00882224,0.00287208,0.0198959,0.00945543,-0.00456866
1765976271880560,0,0.790302,5.97836,-1.35212,0.846893,0.0579785,-0.117533,0.51536,0.789639,5.97831,-1.35151,0.846695,0.0566001,-0.118188,0.515677,0.00949481,0.00063016,-0.00882224,0.00287208,0.0198959,0.00945543,-0.00456866
1765976271890710,0,0.790724,5.97902,-1.35255,0.846923,0.0581754,-0.117412,0.515318,0.789778,5.9784,-1.35164,0.846724,0.0567998,-0.118089,0.515632,0.013618,0.00887904,-0.0131306,0.0028481,0.019675,0.00969309,-0.0044865
1765976271890710,0,0.790724,5.97902,-1.35255,0.846923,0.0581754,-0.117412,0.515318,0.789778,5.9784,-1.35164,0.846724,0.0567998,-0.118089,0.515632,0.013618,0.00887904,-0.0131306,0.0028481,0.019675,0.00969309,-0.0044865
1765976271900562,0,0.790336,5.97788,-1.35216,0.846951,0.0583695,-0.117292,0.515275,0.789847,5.97834,-1.3517,0.846752,0.0569953,-0.11799,0.515587,0.00701801,-0.00653401,-0.00652191,0.0028798,0.0198391,0.0100748,-0.0045012
1765976271900562,0,0.790336,5.97788,-1.35216,0.846951,0.0583695,-0.117292,0.515275,0.789847,5.97834,-1.3517,0.846752,0.0569953,-0.11799,0.515587,0.00701801,-0.00653401,-0.00652191,0.0028798,0.0198391,0.0100748,-0.0045012
1765976271910578,0,0.790526,5.97818,-1.35236,0.84698,0.0585657,-0.117172,0.515234,0.789932,5.97832,-1.35179,0.846781,0.0571935,-0.117887,0.515543,0.0085396,-0.00195191,-0.0082242,0.00286835,0.019788,0.0103137,-0.00445131
1765976271910578,0,0.790526,5.97818,-1.35236,0.84698,0.0585657,-0.117172,0.515234,0.789932,5.97832,-1.35179,0.846781,0.0571935,-0.117887,0.515543,0.0085396,-0.00195191,-0.0082242,0.00286835,0.019788,0.0103137,-0.00445131
1765976271920513,0,0.790881,5.97875,-1.35273,0.847008,0.0587712,-0.117045,0.515193,0.790051,5.97837,-1.35191,0.846809,0.0573909,-0.117781,0.515499,0.0119269,0.00537552,-0.0119149,0.00286774,0.0198743,0.0106003,-0.0044036
1765976271920513,0,0.790881,5.97875,-1.35273,0.847008,0.0587712,-0.117045,0.515193,0.790051,5.97837,-1.35191,0.846809,0.0573909,-0.117781,0.515499,0.0119269,0.00537552,-0.0119149,0.00286774,0.0198743,0.0106003,-0.0044036
1765976271930460,0,0.790658,5.97786,-1.3525,0.847036,0.0589717,-0.116922,0.515152,0.790127,5.97831,-1.35198,0.846838,0.0575894,-0.117674,0.515455,0.00763409,-0.0064716,-0.00745433,0.00285829,0.0199605,0.0108519,-0.00437432
1765976271930460,0,0.790658,5.97786,-1.3525,0.847036,0.0589717,-0.116922,0.515152,0.790127,5.97831,-1.35198,0.846838,0.0575894,-0.117674,0.515455,0.00763409,-0.0064716,-0.00745433,0.00285829,0.0199605,0.0108519,-0.00437432
1765976271940587,0,0.790799,5.97808,-1.35265,0.847064,0.0591726,-0.116799,0.515111,0.790212,5.97828,-1.35206,0.846866,0.0577904,-0.117562,0.515412,0.00844012,-0.00287223,-0.00844012,0.00282514,0.019843,0.0109673,-0.00431423
1765976271940587,0,0.790799,5.97808,-1.35265,0.847064,0.0591726,-0.116799,0.515111,0.790212,5.97828,-1.35206,0.846866,0.0577904,-0.117562,0.515412,0.00844012,-0.00287223,-0.00844012,0.00282514,0.019843,0.0109673,-0.00431423
1765976271950470,0,0.791103,5.97857,-1.35299,0.847091,0.0593835,-0.116669,0.515072,0.790323,5.97832,-1.35218,0.846894,0.0579886,-0.117451,0.515369,0.0111936,0.00366686,-0.0115916,0.00282855,0.0200539,0.0112464,-0.00428203
1765976271950470,0,0.791103,5.97857,-1.35299,0.847091,0.0593835,-0.116669,0.515072,0.790323,5.97832,-1.35218,0.846894,0.0579886,-0.117451,0.515369,0.0111936,0.00366686,-0.0115916,0.00282855,0.0200539,0.0112464,-0.00428203
1765976271960444,0,0.791571,5.97933,-1.35351,0.847118,0.0595876,-0.116544,0.515031,0.790479,5.97844,-1.35235,0.846923,0.0581897,-0.117337,0.515327,0.0156751,0.0127169,-0.016697,0.00282665,0.0201608,0.0114448,-0.00426089
1765976271960444,0,0.791571,5.97933,-1.35351,0.847118,0.0595876,-0.116544,0.515031,0.790479,5.97844,-1.35235,0.846923,0.0581897,-0.117337,0.515327,0.0156751,0.0127169,-0.016697,0.00282665,0.0201608,0.0114448,-0.00426089
1765976271970481,0,0.791052,5.978,-1.35293,0.847146,0.0597812,-0.116425,0.51499,0.790551,5.97839,-1.35242,0.846951,0.0583896,-0.117223,0.515285,0.00719151,-0.00560594,-0.00737561,0.00279703,0.0199203,0.0114205,-0.00421039
1765976271970481,0,0.791052,5.978,-1.35293,0.847146,0.0597812,-0.116425,0.51499,0.790551,5.97839,-1.35242,0.846951,0.0583896,-0.117223,0.515285,0.00719151,-0.00560594,-0.00737561,0.00279703,0.0199203,0.0114205,-0.00421039
1765976271980466,0,0.790971,5.97787,-1.35284,0.847173,0.0599722,-0.116307,0.51495,0.790604,5.97832,-1.35247,0.846979,0.0585884,-0.117108,0.515243,0.005271,-0.00654248,-0.00530084,0.00279966,0.0199084,0.0115128,-0.00420844
1765976271980466,0,0.790971,5.97787,-1.35284,0.847173,0.0599722,-0.116307,0.51495,0.790604,5.97832,-1.35247,0.846979,0.0585884,-0.117108,0.515243,0.005271,-0.00654248,-0.00530084,0.00279966,0.0199084,0.0115128,-0.00420844
1765976271990500,0,0.791111,5.97809,-1.353,0.8472,0.0601666,-0.116188,0.514911,0.790668,5.97829,-1.35254,0.847006,0.0587868,-0.116992,0.515201,0.00636797,-0.00285133,-0.00668874,0.00276816,0.0197755,0.0115219,-0.00415819
1765976271990500,0,0.791111,5.97809,-1.353,0.8472,0.0601666,-0.116188,0.514911,0.790668,5.97829,-1.35254,0.847006,0.0587868,-0.116992,0.515201,0.00636797,-0.00285133,-0.00668874,0.00276816,0.0197755,0.0115219,-0.00415819
1765976272000466,0,0.791413,5.97859,-1.35336,0.847226,0.0603505,-0.116075,0.514871,0.790761,5.97833,-1.35264,0.847034,0.0589832,-0.116877,0.515159,0.00936593,0.00373202,-0.0103109,0.00276911,0.0197067,0.0115534,-0.00415666
1765976272000466,0,0.791413,5.97859,-1.35336,0.847226,0.0603505,-0.116075,0.514871,0.790761,5.97833,-1.35264,0.847034,0.0589832,-0.116877,0.515159,0.00936593,0.00373202,-0.0103109,0.00276911,0.0197067,0.0115534,-0.00415666
1765976272010484,0,0.791878,5.97936,-1.35391,0.847252,0.0605224,-0.11597,0.514832,0.790902,5.97846,-1.3528,0.847061,0.0591769,-0.116763,0.515118,0.0140355,0.0128991,-0.0159334,0.00274284,0.0193345,0.0113945,-0.00411723
1765976272010484,0,0.791878,5.97936,-1.35391,0.847252,0.0605224,-0.11597,0.514832,0.790902,5.97846,-1.3528,0.847061,0.0591769,-0.116763,0.515118,0.0140355,0.0128991,-0.0159334,0.00274284,0.0193345,0.0113945,-0.00411723
1765976272020534,0,0.791362,5.97801,-1.3533,0.847278,0.0606864,-0.115869,0.514793,0.79096,5.9784,-1.35287,0.847089,0.0593673,-0.11665,0.515077,0.00578847,-0.00569358,-0.00628666,0.00272224,0.0189463,0.0112144,-0.00408633
1765976272020534,0,0.791362,5.97801,-1.3533,0.847278,0.0606864,-0.115869,0.514793,0.79096,5.9784,-1.35287,0.847089,0.0593673,-0.11665,0.515077,0.00578847,-0.00569358,-0.00628666,0.00272224,0.0189463,0.0112144,-0.00408633
1765976272030441,0,0.791615,5.97843,-1.35361,0.847303,0.0608536,-0.115767,0.514755,0.791042,5.9784,-1.35296,0.847116,0.059553,-0.11654,0.515037,0.00823046,0.000288788,-0.00930138,0.00270137,0.0187426,0.0111394,-0.00405507
1765976272030441,0,0.791615,5.97843,-1.35361,0.847303,0.0608536,-0.115767,0.514755,0.791042,5.9784,-1.35296,0.847116,0.059553,-0.11654,0.515037,0.00823046,0.000288788,-0.00930138,0.00270137,0.0187426,0.0111394,-0.00405507
1765976272040611,0,0.792029,5.97911,-1.35411,0.847327,0.0610337,-0.115656,0.51472,0.791168,5.9785,-1.35311,0.847142,0.05974,-0.116428,0.514997,0.0124132,0.00890846,-0.0144997,0.00261979,0.0183818,0.0109649,-0.00393848
1765976272040611,0,0.792029,5.97911,-1.35411,0.847327,0.0610337,-0.115656,0.51472,0.791168,5.9785,-1.35311,0.847142,0.05974,-0.116428,0.514997,0.0124132,0.00890846,-0.0144997,0.00261979,0.0183818,0.0109649,-0.00393848
1765976272050456,0,0.791585,5.97793,-1.35357,0.84735,0.0612148,-0.115545,0.514685,0.791219,5.97843,-1.35316,0.847168,0.0599245,-0.116318,0.514958,0.00524303,-0.00707143,-0.00586057,0.00263968,0.0187445,0.0112194,-0.00397163
1765976272050456,0,0.791585,5.97793,-1.35357,0.84735,0.0612148,-0.115545,0.514685,0.791219,5.97843,-1.35316,0.847168,0.0599245,-0.116318,0.514958,0.00524303,-0.00707143,-0.00586057,0.00263968,0.0187445,0.0112194,-0.00397163
1765976272060492,0,0.791772,5.97824,-1.35381,0.847373,0.0613995,-0.115432,0.51465,0.791289,5.9784,-1.35324,0.847194,0.0601099,-0.116206,0.514919,0.00694873,-0.00228061,-0.00806528,0.00255974,0.0184743,0.011089,-0.00385447
1765976272060492,0,0.791772,5.97824,-1.35381,0.847373,0.0613995,-0.115432,0.51465,0.791289,5.9784,-1.35324,0.847194,0.0601099,-0.116206,0.514919,0.00694873,-0.00228061,-0.00806528,0.00255974,0.0184743,0.011089,-0.00385447
1765976272070603,0,0.791641,5.97802,-1.35364,0.847395,0.061593,-0.115314,0.514617,0.791334,5.97835,-1.35329,0.847219,0.0602964,-0.116094,0.514881,0.00441538,-0.00476318,-0.00503435,0.00250539,0.0184463,0.0110996,-0.00376103
1765976272070603,0,0.791641,5.97802,-1.35364,0.847395,0.061593,-0.115314,0.514617,0.791334,5.97835,-1.35329,0.847219,0.0602964,-0.116094,0.514881,0.00441538,-0.00476318,-0.00503435,0.00250539,0.0184463,0.0110996,-0.00376103
1765976272080559,0,0.791892,5.97845,-1.35397,0.847418,0.0617816,-0.115198,0.514583,0.791404,5.97837,-1.35338,0.847244,0.0604829,-0.115982,0.514844,0.00701654,0.00114947,-0.00842942,0.00250248,0.0187305,0.0112956,-0.00375373
1765976272080559,0,0.791892,5.97845,-1.35397,0.847418,0.0617816,-0.115198,0.514583,0.791404,5.97837,-1.35338,0.847244,0.0604829,-0.115982,0.514844,0.00701654,0.00114947,-0.00842942,0.00250248,0.0187305,0.0112956,-0.00375373
1765976272090564,0,0.792305,5.97915,-1.3545,0.84744,0.0619584,-0.11509,0.514549,0.791517,5.97846,-1.35352,0.847269,0.0606684,-0.11587,0.514807,0.0113252,0.00977028,-0.0140478,0.00246044,0.0185416,0.0112016,-0.00370556
1765976272090564,0,0.792305,5.97915,-1.3545,0.84744,0.0619584,-0.11509,0.514549,0.791517,5.97846,-1.35352,0.847269,0.0606684,-0.11587,0.514807,0.0113252,0.00977028,-0.0140478,0.00246044,0.0185416,0.0112016,-0.00370556
1765976272100545,0,0.791863,5.97794,-1.35393,0.847462,0.0621268,-0.114987,0.514515,0.79156,5.9784,-1.35357,0.847293,0.0608516,-0.115759,0.51477,0.00434151,-0.00664065,-0.00513576,0.0024365,0.0183566,0.0111061,-0.00367266
1765976272100545,0,0.791863,5.97794,-1.35393,0.847462,0.0621268,-0.114987,0.514515,0.79156,5.9784,-1.35357,0.847293,0.0608516,-0.115759,0.51477,0.00434151,-0.00664065,-0.00513576,0.0024365,0.0183566,0.0111061,-0.00367266
1765976272110562,0,0.792048,5.97826,-1.35417,0.847484,0.0622979,-0.114883,0.514482,0.791622,5.97838,-1.35365,0.847317,0.0610335,-0.115649,0.514734,0.00613481,-0.00180891,-0.00756884,0.00239799,0.0181567,0.0109992,-0.00361186
1765976272110562,0,0.792048,5.97826,-1.35417,0.847484,0.0622979,-0.114883,0.514482,0.791622,5.97838,-1.35365,0.847317,0.0610335,-0.115649,0.514734,0.00613481,-0.00180891,-0.00756884,0.00239799,0.0181567,0.0109992,-0.00361186
1765976272120649,0,0.792395,5.97885,-1.35463,0.847505,0.0624817,-0.11477,0.51445,0.79172,5.97844,-1.35377,0.847341,0.0612163,-0.115538,0.514698,0.00971449,0.00590906,-0.0123854,0.0023518,0.0181264,0.0109923,-0.00354543
1765976272120649,0,0.792395,5.97885,-1.35463,0.847505,0.0624817,-0.11477,0.51445,0.79172,5.97844,-1.35377,0.847341,0.0612163,-0.115538,0.514698,0.00971449,0.00590906,-0.0123854,0.0023518,0.0181264,0.0109923,-0.00354543
1765976272130533,0,0.792152,5.97792,-1.35431,0.847526,0.0626656,-0.114658,0.514419,0.791773,5.97837,-1.35384,0.847364,0.0613974,-0.115428,0.514663,0.00542738,-0.00656109,-0.00675407,0.00233377,0.0183212,0.0111208,-0.00352779
1765976272130533,0,0.792152,5.97792,-1.35431,0.847526,0.0626656,-0.114658,0.514419,0.791773,5.97837,-1.35384,0.847364,0.0613974,-0.115428,0.514663,0.00542738,-0.00656109,-0.00675407,0.00233377,0.0183212,0.0111208,-0.00352779
1765976272140645,0,0.792304,5.97818,-1.35452,0.847546,0.0628551,-0.114542,0.514389,0.791841,5.97835,-1.35392,0.847387,0.0615815,-0.115316,0.514628,0.00667251,-0.00245209,-0.00851158,0.00227526,0.0182013,0.0110565,-0.00343057
1765976272140645,0,0.792304,5.97818,-1.35452,0.847546,0.0628551,-0.114542,0.514389,0.791841,5.97835,-1.35392,0.847387,0.0615815,-0.115316,0.514628,0.00667251,-0.00245209,-0.00851158,0.00227526,0.0182013,0.0110565,-0.00343057
1765976272150596,0,0.792618,5.97872,-1.35494,0.847565,0.0630602,-0.114417,0.514359,0.791938,5.9784,-1.35405,0.847409,0.0617671,-0.115203,0.514595,0.0097634,0.00469601,-0.0128182,0.00225217,0.0186538,0.0113395,-0.00340221
1765976272150596,0,0.792618,5.97872,-1.35494,0.847565,0.0630602,-0.114417,0.514359,0.791938,5.9784,-1.35405,0.847409,0.0617671,-0.115203,0.514595,0.0097634,0.00469601,-0.0128182,0.00225217,0.0186538,0.0113395,-0.00340221
1765976272160556,0,0.79309,5.97954,-1.35559,0.847585,0.0632639,-0.114293,0.514329,0.792082,5.97854,-1.35424,0.847431,0.0619545,-0.115089,0.514561,0.0144823,0.0144104,-0.0193895,0.00221423,0.0188183,0.0114467,-0.00334528
1765976272160556,0,0.79309,5.97954,-1.35559,0.847585,0.0632639,-0.114293,0.514329,0.792082,5.97854,-1.35424,0.847431,0.0619545,-0.115089,0.514561,0.0144823,0.0144104,-0.0193895,0.00221423,0.0188183,0.0114467,-0.00334528
1765976272170624,0,0.792529,5.97806,-1.35482,0.847606,0.0634602,-0.114173,0.514298,0.792139,5.97848,-1.35432,0.847453,0.0621438,-0.114974,0.514528,0.00561236,-0.00606229,-0.00728185,0.00217864,0.0187952,0.0114378,-0.00329164
1765976272170624,0,0.792529,5.97806,-1.35482,0.847606,0.0634602,-0.114173,0.514298,0.792139,5.97848,-1.35432,0.847453,0.0621438,-0.114974,0.514528,0.00561236,-0.00606229,-0.00728185,0.00217864,0.0187952,0.0114378,-0.00329164
1765976272180519,0,0.792776,5.97849,-1.35517,0.847626,0.0636572,-0.114053,0.514267,0.792218,5.97848,-1.35442,0.847475,0.0623339,-0.114858,0.514495,0.00801154,0.000192759,-0.0107102,0.00218661,0.019216,0.0116988,-0.00331304
1765976272180519,0,0.792776,5.97849,-1.35517,0.847626,0.0636572,-0.114053,0.514267,0.792218,5.97848,-1.35442,0.847475,0.0623339,-0.114858,0.514495,0.00801154,0.000192759,-0.0107102,0.00218661,0.019216,0.0116988,-0.00331304
1765976272190608,0,0.793183,5.97921,-1.35574,0.847645,0.0638648,-0.113926,0.514237,0.79234,5.97857,-1.35459,0.847496,0.0625271,-0.114741,0.514463,0.012123,0.00912177,-0.0165893,0.00213275,0.0191515,0.0116629,-0.00323161
1765976272190608,0,0.793183,5.97921,-1.35574,0.847645,0.0638648,-0.113926,0.514237,0.79234,5.97857,-1.35459,0.847496,0.0625271,-0.114741,0.514463,0.012123,0.00912177,-0.0165893,0.00213275,0.0191515,0.0116629,-0.00323161
1765976272200651,0,0.792789,5.97799,-1.35519,0.847665,0.064069,-0.113802,0.514207,0.792397,5.9785,-1.35467,0.847518,0.0627216,-0.114622,0.514431,0.0056382,-0.00731185,-0.00751364,0.00211878,0.0193598,0.0117913,-0.0032108
1765976272200651,0,0.792789,5.97799,-1.35519,0.847665,0.064069,-0.113802,0.514207,0.792397,5.9785,-1.35467,0.847518,0.0627216,-0.114622,0.514431,0.0056382,-0.00731185,-0.00751364,0.00211878,0.0193598,0.0117913,-0.0032108
1765976272210614,0,0.792987,5.97834,-1.35548,0.847684,0.0642744,-0.113676,0.514177,0.792471,5.97848,-1.35477,0.847539,0.0629161,-0.114504,0.514399,0.00741842,-0.00191443,-0.0101704,0.00209391,0.0195235,0.0118927,-0.00318873
1765976272210614,0,0.792987,5.97834,-1.35548,0.847684,0.0642744,-0.113676,0.514177,0.792471,5.97848,-1.35477,0.847539,0.0629161,-0.114504,0.514399,0.00741842,-0.00191443,-0.0101704,0.00209391,0.0195235,0.0118927,-0.00318873
1765976272220641,0,0.793344,5.97898,-1.35599,0.847703,0.064491,-0.113544,0.514148,0.792581,5.97854,-1.35492,0.847559,0.0631138,-0.114383,0.514367,0.0109674,0.0062773,-0.0154079,0.00205677,0.0197206,0.0120144,-0.0031446
1765976272220641,0,0.793344,5.97898,-1.35599,0.847703,0.064491,-0.113544,0.514148,0.792581,5.97854,-1.35492,0.847559,0.0631138,-0.114383,0.514367,0.0109674,0.0062773,-0.0154079,0.00205677,0.0197206,0.0120144,-0.0031446
1765976272230498,0,0.793062,5.97796,-1.35558,0.847722,0.0647023,-0.113415,0.514118,0.792641,5.97847,-1.355,0.84758,0.0633131,-0.114262,0.514336,0.00604694,-0.00735307,-0.00830849,0.00208015,0.0202172,0.0123169,-0.00316859
1765976272230498,0,0.793062,5.97796,-1.35558,0.847722,0.0647023,-0.113415,0.514118,0.792641,5.97847,-1.355,0.84758,0.0633131,-0.114262,0.514336,0.00604694,-0.00735307,-0.00830849,0.00208015,0.0202172,0.0123169,-0.00316859
1765976272240679,0,0.793212,5.97823,-1.35581,0.847741,0.0649124,-0.113287,0.514088,0.792714,5.97844,-1.35511,0.8476,0.0635153,-0.114139,0.514305,0.00718347,-0.00304434,-0.0100814,0.00201395,0.0198628,0.0121012,-0.00307947
1765976272240679,0,0.793212,5.97823,-1.35581,0.847741,0.0649124,-0.113287,0.514088,0.792714,5.97844,-1.35511,0.8476,0.0635153,-0.114139,0.514305,0.00718347,-0.00304434,-0.0100814,0.00201395,0.0198628,0.0121012,-0.00307947
1765976272250629,0,0.793519,5.97878,-1.35627,0.84776,0.0651325,-0.113153,0.514059,0.792814,5.97848,-1.35525,0.84762,0.0637179,-0.114015,0.514274,0.0101238,0.0043131,-0.0145807,0.00201877,0.0203637,0.0124062,-0.00309105
1765976272250629,0,0.793519,5.97878,-1.35627,0.84776,0.0651325,-0.113153,0.514059,0.792814,5.97848,-1.35525,0.84762,0.0637179,-0.114015,0.514274,0.0101238,0.0043131,-0.0145807,0.00201877,0.0203637,0.0124062,-0.00309105
1765976272260550,0,0.793983,5.97962,-1.35697,0.847779,0.0653458,-0.113024,0.51403,0.79296,5.97862,-1.35547,0.84764,0.0639214,-0.113891,0.514243,0.0146834,0.0143229,-0.0215204,0.00200064,0.0205103,0.0124935,-0.00307606
1765976272260550,0,0.793983,5.97962,-1.35697,0.847779,0.0653458,-0.113024,0.51403,0.79296,5.97862,-1.35547,0.84764,0.0639214,-0.113891,0.514243,0.0146834,0.0143229,-0.0215204,0.00200064,0.0205103,0.0124935,-0.00307606
1765976272270452,0,0.793497,5.9781,-1.35623,0.847798,0.0655464,-0.112901,0.514,0.793027,5.97856,-1.35556,0.84766,0.0641255,-0.113767,0.514213,0.00674781,-0.00669363,-0.00966724,0.00199846,0.0206159,0.0125581,-0.00308798
1765976272270452,0,0.793497,5.9781,-1.35623,0.847798,0.0655464,-0.112901,0.514,0.793027,5.97856,-1.35556,0.84766,0.0641255,-0.113767,0.514213,0.00674781,-0.00669363,-0.00966724,0.00199846,0.0206159,0.0125581,-0.00308798
1765976272280482,0,0.793739,5.97854,-1.35661,0.847816,0.0657471,-0.112779,0.513971,0.793117,5.97856,-1.35569,0.84768,0.0643298,-0.113642,0.514182,0.00895555,-0.000237705,-0.0131213,0.00196107,0.0203602,0.0124008,-0.00304263
1765976272280482,0,0.793739,5.97854,-1.35661,0.847816,0.0657471,-0.112779,0.513971,0.793117,5.97856,-1.35569,0.84768,0.0643298,-0.113642,0.514182,0.00895555,-0.000237705,-0.0131213,0.00196107,0.0203602,0.0124008,-0.00304263
1765976272290446,0,0.794137,5.97927,-1.35722,0.847834,0.0659645,-0.112647,0.513943,0.793244,5.97864,-1.35588,0.847699,0.0645348,-0.113518,0.514152,0.0128194,0.00890122,-0.0191783,0.00194415,0.0205826,0.012533,-0.00301493
1765976272290446,0,0.794137,5.97927,-1.35722,0.847834,0.0659645,-0.112647,0.513943,0.793244,5.97864,-1.35588,0.847699,0.0645348,-0.113518,0.514152,0.0128194,0.00890122,-0.0191783,0.00194415,0.0205826,0.012533,-0.00301493
1765976272300447,0,0.793752,5.97804,-1.35663,0.847851,0.0661784,-0.112517,0.513915,0.793308,5.97857,-1.35598,0.847718,0.0647413,-0.113392,0.514122,0.00637706,-0.00753327,-0.00930931,0.00191312,0.0206398,0.0125656,-0.00297397
1765976272300447,0,0.793752,5.97804,-1.35663,0.847851,0.0661784,-0.112517,0.513915,0.793308,5.97857,-1.35598,0.847718,0.0647413,-0.113392,0.514122,0.00637706,-0.00753327,-0.00930931,0.00191312,0.0206398,0.0125656,-0.00297397
1765976272310548,0,0.793946,5.9784,-1.35693,0.847868,0.0663909,-0.112388,0.513888,0.793389,5.97855,-1.3561,0.847737,0.0649486,-0.113266,0.514093,0.00801338,-0.0020771,-0.0119906,0.00187057,0.0205313,0.012498,-0.00291503
1765976272310548,0,0.793946,5.9784,-1.35693,0.847868,0.0663909,-0.112388,0.513888,0.793389,5.97855,-1.3561,0.847737,0.0649486,-0.113266,0.514093,0.00801338,-0.0020771,-0.0119906,0.00187057,0.0205313,0.012498,-0.00291503
1765976272320448,0,0.794295,5.97905,-1.35749,0.847885,0.0666125,-0.112253,0.513861,0.793502,5.97861,-1.35627,0.847756,0.0651576,-0.113138,0.514064,0.0113851,0.00640599,-0.0174359,0.00187845,0.0211085,0.0128466,-0.00293809
1765976272320448,0,0.794295,5.97905,-1.35749,0.847885,0.0666125,-0.112253,0.513861,0.793502,5.97861,-1.35627,0.847756,0.0651576,-0.113138,0.514064,0.0113851,0.00640599,-0.0174359,0.00187845,0.0211085,0.0128466,-0.00293809
1765976272330448,0,0.794013,5.97801,-1.35704,0.847901,0.0668256,-0.112123,0.513834,0.793566,5.97854,-1.35637,0.847774,0.0653673,-0.113011,0.514035,0.00641942,-0.00753403,-0.00963211,0.00182986,0.0209674,0.0127591,-0.00288486
1765976272330448,0,0.794013,5.97801,-1.35704,0.847901,0.0668256,-0.112123,0.513834,0.793566,5.97854,-1.35637,0.847774,0.0653673,-0.113011,0.514035,0.00641942,-0.00753403,-0.00963211,0.00182986,0.0209674,0.0127591,-0.00288486
1765976272340452,0,0.794144,5.97826,-1.35725,0.847918,0.0670351,-0.111996,0.513808,0.793639,5.9785,-1.35648,0.847792,0.0655769,-0.112883,0.514007,0.0072629,-0.00347952,-0.0110939,0.0018053,0.0209471,0.0127428,-0.00285392
1765976272340452,0,0.794144,5.97826,-1.35725,0.847918,0.0670351,-0.111996,0.513808,0.793639,5.9785,-1.35648,0.847792,0.0655769,-0.112883,0.514007,0.0072629,-0.00347952,-0.0110939,0.0018053,0.0209471,0.0127428,-0.00285392
1765976272350429,0,0.794429,5.9788,-1.35772,0.847933,0.0672535,-0.111864,0.513782,0.793738,5.97854,-1.35663,0.84781,0.0657875,-0.112755,0.513978,0.00992913,0.00368011,-0.0155449,0.00178031,0.0211113,0.0128393,-0.0028258
1765976272350429,0,0.794429,5.9788,-1.35772,0.847933,0.0672535,-0.111864,0.513782,0.793738,5.97854,-1.35663,0.84781,0.0657875,-0.112755,0.513978,0.00992913,0.00368011,-0.0155449,0.00178031,0.0211113,0.0128393,-0.0028258
1765976272360455,0,0.794867,5.97963,-1.35843,0.847949,0.0674637,-0.111736,0.513757,0.79388,5.97868,-1.35686,0.847827,0.0659982,-0.112627,0.513951,0.0141967,0.0136497,-0.0226267,0.00174783,0.0210178,0.0127795,-0.00277632
1765976272360455,0,0.794867,5.97963,-1.35843,0.847949,0.0674637,-0.111736,0.513757,0.79388,5.97868,-1.35686,0.847827,0.0659982,-0.112627,0.513951,0.0141967,0.0136497,-0.0226267,0.00174783,0.0210178,0.0127795,-0.00277632
1765976272370445,0,0.794381,5.97819,-1.35764,0.847965,0.06766,-0.111617,0.513731,0.793943,5.97861,-1.35696,0.847844,0.0662071,-0.1125,0.513923,0.00628862,-0.00606189,-0.00978495,0.00173026,0.0209064,0.0127092,-0.00276246
1765976272370445,0,0.794381,5.97819,-1.35764,0.847965,0.06766,-0.111617,0.513731,0.793943,5.97861,-1.35696,0.847844,0.0662071,-0.1125,0.513923,0.00628862,-0.00606189,-0.00978495,0.00173026,0.0209064,0.0127092,-0.00276246
1765976272380466,0,0.794618,5.97864,-1.35803,0.84798,0.0678528,-0.1115,0.513706,0.794028,5.97862,-1.35709,0.847862,0.0664143,-0.112374,0.513896,0.00848181,0.000333087,-0.0135019,0.00170112,0.0206789,0.0125681,-0.00272417
1765976272380466,0,0.794618,5.97864,-1.35803,0.84798,0.0678528,-0.1115,0.513706,0.794028,5.97862,-1.35709,0.847862,0.0664143,-0.112374,0.513896,0.00848181,0.000333087,-0.0135019,0.00170112,0.0206789,0.0125681,-0.00272417
1765976272390535,0,0.795007,5.97939,-1.35869,0.847994,0.0680568,-0.111376,0.513683,0.794152,5.97872,-1.35729,0.847878,0.0666221,-0.112248,0.513869,0.0123069,0.00970818,-0.0200083,0.00166933,0.020641,0.0125407,-0.00267567
1765976272390535,0,0.795007,5.97939,-1.35869,0.847994,0.0680568,-0.111376,0.513683,0.794152,5.97872,-1.35729,0.847878,0.0666221,-0.112248,0.513869,0.0123069,0.00970818,-0.0200083,0.00166933,0.020641,0.0125407,-0.00267567
1765976272400455,0,0.79463,5.97815,-1.35805,0.848008,0.0682562,-0.111255,0.51366,0.794211,5.97865,-1.35739,0.847894,0.0668257,-0.112124,0.513843,0.00600853,-0.0071141,-0.00954155,0.0016223,0.0205221,0.0124662,-0.00261972
1765976272400455,0,0.79463,5.97815,-1.35805,0.848008,0.0682562,-0.111255,0.51366,0.794211,5.97865,-1.35739,0.847894,0.0668257,-0.112124,0.513843,0.00600853,-0.0071141,-0.00954155,0.0016223,0.0205221,0.0124662,-0.00261972
1765976272410448,0,0.79482,5.97852,-1.35838,0.848021,0.0684556,-0.111135,0.513638,0.794288,5.97863,-1.35751,0.84791,0.0670304,-0.112,0.513817,0.00764667,-0.00162238,-0.0124303,0.00158659,0.0204893,0.012443,-0.00257672
1765976272410448,0,0.79482,5.97852,-1.35838,0.848021,0.0684556,-0.111135,0.513638,0.794288,5.97863,-1.35751,0.84791,0.0670304,-0.112,0.513817,0.00764667,-0.00162238,-0.0124303,0.00158659,0.0204893,0.012443,-0.00257672
1765976272420453,0,0.795161,5.97918,-1.35897,0.848033,0.0686676,-0.111006,0.513617,0.794398,5.9787,-1.3577,0.847926,0.0672362,-0.111875,0.513792,0.0109737,0.00691068,-0.0182418,0.00153703,0.0205682,0.0124876,-0.00251406
1765976272420453,0,0.795161,5.97918,-1.35897,0.848033,0.0686676,-0.111006,0.513617,0.794398,5.9787,-1.3577,0.847926,0.0672362,-0.111875,0.513792,0.0109737,0.00691068,-0.0182418,0.00153703,0.0205682,0.0124876,-0.00251406
1765976272430449,0,0.794891,5.97813,-1.3585,0.848045,0.0688744,-0.110881,0.513597,0.79446,5.97863,-1.3578,0.847941,0.067442,-0.11175,0.513767,0.0061954,-0.00715542,-0.010113,0.00149668,0.0205882,0.0124966,-0.00245669
1765976272430449,0,0.794891,5.97813,-1.3585,0.848045,0.0688744,-0.110881,0.513597,0.79446,5.97863,-1.3578,0.847941,0.067442,-0.11175,0.513767,0.0061954,-0.00715542,-0.010113,0.00149668,0.0205882,0.0124966,-0.00245669
1765976272440528,0,0.795035,5.97841,-1.35875,0.848057,0.0690803,-0.110756,0.513577,0.794532,5.9786,-1.35792,0.847955,0.0676496,-0.111624,0.513743,0.0072266,-0.00274398,-0.0119931,0.0014607,0.0205939,0.0124972,-0.00239507
1765976272440528,0,0.795035,5.97841,-1.35875,0.848057,0.0690803,-0.110756,0.513577,0.794532,5.9786,-1.35792,0.847955,0.0676496,-0.111624,0.513743,0.0072266,-0.00274398,-0.0119931,0.0014607,0.0205939,0.0124972,-0.00239507
1765976272450437,0,0.795328,5.97899,-1.35927,0.848067,0.0692985,-0.110624,0.513558,0.794632,5.97865,-1.35809,0.847969,0.067855,-0.1115,0.51372,0.0100033,0.00486028,-0.0169869,0.00140756,0.0207329,0.01258,-0.00232788
1765976272450437,0,0.795328,5.97899,-1.35927,0.848067,0.0692985,-0.110624,0.513558,0.794632,5.97865,-1.35809,0.847969,0.067855,-0.1115,0.51372,0.0100033,0.00486028,-0.0169869,0.00140756,0.0207329,0.01258,-0.00232788
1765976272460489,0,0.795771,5.97986,-1.36006,0.848078,0.0695105,-0.110495,0.513539,0.794775,5.9788,-1.35834,0.847983,0.0680633,-0.111373,0.513697,0.0143201,0.0153222,-0.0247621,0.00136381,0.0207159,0.0125671,-0.00226512
1765976272460489,0,0.795771,5.97986,-1.36006,0.848078,0.0695105,-0.110495,0.513539,0.794775,5.9788,-1.35834,0.847983,0.0680633,-0.111373,0.513697,0.0143201,0.0153222,-0.0247621,0.00136381,0.0207159,0.0125671,-0.00226512
1765976272470461,0,0.795245,5.9783,-1.35912,0.848089,0.0697089,-0.110375,0.51352,0.794834,5.97874,-1.35843,0.847996,0.06827,-0.111248,0.513675,0.0058995,-0.00635974,-0.00992215,0.00133292,0.0207312,0.0125723,-0.00223547
1765976272470461,0,0.795245,5.9783,-1.35912,0.848089,0.0697089,-0.110375,0.51352,0.794834,5.97874,-1.35843,0.847996,0.06827,-0.111248,0.513675,0.0058995,-0.00635974,-0.00992215,0.00133292,0.0207312,0.0125723,-0.00223547
1765976272480471,0,0.795476,5.97876,-1.35954,0.8481,0.0699044,-0.110257,0.513502,0.794915,5.97874,-1.35857,0.848009,0.0684757,-0.111123,0.513653,0.00806836,0.000285816,-0.0138978,0.00129808,0.0205468,0.0124576,-0.00217935
1765976272480471,0,0.795476,5.97876,-1.35954,0.8481,0.0699044,-0.110257,0.513502,0.794915,5.97874,-1.35857,0.848009,0.0684757,-0.111123,0.513653,0.00806836,0.000285816,-0.0138978,0.00129808,0.0205468,0.0124576,-0.00217935
1765976272490626,0,0.795856,5.97952,-1.36023,0.848109,0.0701139,-0.11013,0.513485,0.795035,5.97884,-1.35878,0.848022,0.0686839,-0.110997,0.513632,0.0118211,0.00981378,-0.0207897,0.0012502,0.0205058,0.0124294,-0.00210715
1765976272490626,0,0.795856,5.97952,-1.36023,0.848109,0.0701139,-0.11013,0.513485,0.795035,5.97884,-1.35878,0.848022,0.0686839,-0.110997,0.513632,0.0118211,0.00981378,-0.0207897,0.0012502,0.0205058,0.0124294,-0.00210715
1765976272500473,0,0.795488,5.97826,-1.35956,0.848118,0.0703191,-0.110006,0.513468,0.795091,5.97877,-1.35888,0.848034,0.0688867,-0.110874,0.513611,0.00568989,-0.00721527,-0.00978177,0.00121062,0.0205986,0.012483,-0.00205805
1765976272500473,0,0.795488,5.97826,-1.35956,0.848118,0.0703191,-0.110006,0.513468,0.795091,5.97877,-1.35888,0.848034,0.0688867,-0.110874,0.513611,0.00568989,-0.00721527,-0.00978177,0.00121062,0.0205986,0.012483,-0.00205805
1765976272510476,0,0.795673,5.97864,-1.3599,0.848127,0.0705243,-0.109882,0.513452,0.795164,5.97875,-1.35901,0.848046,0.0690925,-0.110749,0.513592,0.0073113,-0.00162076,-0.0128469,0.0011679,0.0205723,0.0124648,-0.00199616
1765976272510476,0,0.795673,5.97864,-1.3599,0.848127,0.0705243,-0.109882,0.513452,0.795164,5.97875,-1.35901,0.848046,0.0690925,-0.110749,0.513592,0.0073113,-0.00162076,-0.0128469,0.0011679,0.0205723,0.0124648,-0.00199616
1765976272520477,0,0.796006,5.97932,-1.36052,0.848134,0.0707432,-0.109749,0.513438,0.79527,5.97882,-1.3592,0.848057,0.0693,-0.110624,0.513572,0.0105788,0.00705648,-0.019012,0.00112046,0.0207493,0.0125694,-0.001931
1765976272520477,0,0.796006,5.97932,-1.36052,0.848134,0.0707432,-0.109749,0.513438,0.79527,5.97882,-1.3592,0.848057,0.0693,-0.110624,0.513572,0.0105788,0.00705648,-0.019012,0.00112046,0.0207493,0.0125694,-0.001931
1765976272530435,0,0.795743,5.97825,-1.36003,0.848142,0.0709569,-0.10962,0.513423,0.795329,5.97875,-1.3593,0.848068,0.0695081,-0.110498,0.513554,0.0059437,-0.00723061,-0.0104868,0.00107741,0.0208972,0.0126581,-0.00187948
1765976272530435,0,0.795743,5.97825,-1.36003,0.848142,0.0709569,-0.10962,0.513423,0.795329,5.97875,-1.3593,0.848068,0.0695081,-0.110498,0.513554,0.0059437,-0.00723061,-0.0104868,0.00107741,0.0208972,0.0126581,-0.00187948
1765976272540635,0,0.795882,5.97854,-1.3603,0.848149,0.0711696,-0.109491,0.513409,0.7954,5.97872,-1.35943,0.848078,0.0697196,-0.110369,0.513535,0.00695388,-0.00266468,-0.0124702,0.00101679,0.0207353,0.0125579,-0.00179983
1765976272540635,0,0.795882,5.97854,-1.3603,0.848149,0.0711696,-0.109491,0.513409,0.7954,5.97872,-1.35943,0.848078,0.0697196,-0.110369,0.513535,0.00695388,-0.00266468,-0.0124702,0.00101679,0.0207353,0.0125579,-0.00179983
1765976272550487,0,0.796168,5.97913,-1.36084,0.848156,0.0713954,-0.109355,0.513397,0.795495,5.97877,-1.35961,0.848088,0.0699279,-0.110243,0.513518,0.00965581,0.005082,-0.0177144,0.000986151,0.0211357,0.0127973,-0.00174845
1765976272550487,0,0.796168,5.97913,-1.36084,0.848156,0.0713954,-0.109355,0.513397,0.795495,5.97877,-1.35961,0.848088,0.0699279,-0.110243,0.513518,0.00965581,0.005082,-0.0177144,0.000986151,0.0211357,0.0127973,-0.00174845
1765976272560467,0,0.7966,5.98002,-1.36167,0.848162,0.0716145,-0.109222,0.513383,0.795634,5.97893,-1.35986,0.848097,0.0701395,-0.110115,0.513501,0.0138799,0.0157194,-0.0258844,0.000937668,0.021208,0.0128399,-0.00169616
1765976272560467,0,0.7966,5.98002,-1.36167,0.848162,0.0716145,-0.109222,0.513383,0.795634,5.97893,-1.35986,0.848097,0.0701395,-0.110115,0.513501,0.0138799,0.0157194,-0.0258844,0.000937668,0.021208,0.0128399,-0.00169616
1765976272570429,0,0.796116,5.97843,-1.36074,0.848169,0.0718187,-0.109099,0.51337,0.795694,5.97887,-1.35997,0.848106,0.0703505,-0.109988,0.513485,0.00606098,-0.00627039,-0.011045,0.000909447,0.0211731,0.0128168,-0.00165136
1765976272570429,0,0.796116,5.97843,-1.36074,0.848169,0.0718187,-0.109099,0.51337,0.795694,5.97887,-1.35997,0.848106,0.0703505,-0.109988,0.513485,0.00606098,-0.00627039,-0.011045,0.000909447,0.0211731,0.0128168,-0.00165136
1765976272580423,0,0.796341,5.97891,-1.36118,0.848175,0.0720208,-0.108977,0.513357,0.795776,5.97887,-1.36013,0.848115,0.0705603,-0.109861,0.513469,0.00813495,0.000477123,-0.0151248,0.00087075,0.0209927,0.0127042,-0.00159836
1765976272580423,0,0.796341,5.97891,-1.36118,0.848175,0.0720208,-0.108977,0.513357,0.795776,5.97887,-1.36013,0.848115,0.0705603,-0.109861,0.513469,0.00813495,0.000477123,-0.0151248,0.00087075,0.0209927,0.0127042,-0.00159836
1765976272590462,0,0.796711,5.97968,-1.3619,0.84818,0.0722409,-0.108844,0.513347,0.795893,5.97898,-1.36035,0.848123,0.0707716,-0.109733,0.513453,0.0117499,0.0101647,-0.0222768,0.000819349,0.0210507,0.0127378,-0.00152589
1765976272590462,0,0.796711,5.97968,-1.3619,0.84818,0.0722409,-0.108844,0.513347,0.795893,5.97898,-1.36035,0.848123,0.0707716,-0.109733,0.513453,0.0117499,0.0101647,-0.0222768,0.000819349,0.0210507,0.0127378,-0.00152589
1765976272600457,0,0.796353,5.9784,-1.3612,0.848185,0.0724572,-0.108713,0.513336,0.795951,5.9789,-1.36046,0.848131,0.0709835,-0.109605,0.513439,0.00577262,-0.00715614,-0.0107223,0.000775248,0.021203,0.0128274,-0.00147297
1765976272600457,0,0.796353,5.9784,-1.3612,0.848185,0.0724572,-0.108713,0.513336,0.795951,5.9789,-1.36046,0.848131,0.0709835,-0.109605,0.513439,0.00577262,-0.00715614,-0.0107223,0.000775248,0.021203,0.0128274,-0.00147297
1765976272610446,0,0.796533,5.97879,-1.36156,0.848189,0.0726728,-0.108583,0.513326,0.796024,5.97889,-1.36059,0.848138,0.0711957,-0.109476,0.513424,0.00730364,-0.00147982,-0.0138435,0.000733944,0.0212396,0.0128478,-0.00141419
1765976272610446,0,0.796533,5.97879,-1.36156,0.848189,0.0726728,-0.108583,0.513326,0.796024,5.97889,-1.36059,0.848138,0.0711957,-0.109476,0.513424,0.00730364,-0.00147982,-0.0138435,0.000733944,0.0212396,0.0128478,-0.00141419
1765976272620472,0,0.796856,5.97948,-1.3622,0.848192,0.0729026,-0.108444,0.513318,0.796129,5.97896,-1.3608,0.848145,0.0714103,-0.109346,0.513411,0.0104513,0.00741937,-0.0202011,0.000683676,0.0214087,0.012949,-0.00134357
1765976272620472,0,0.796856,5.97948,-1.3622,0.848192,0.0729026,-0.108444,0.513318,0.796129,5.97896,-1.3608,0.848145,0.0714103,-0.109346,0.513411,0.0104513,0.00741937,-0.0202011,0.000683676,0.0214087,0.012949,-0.00134357
1765976272630415,0,0.796636,5.97842,-1.36176,0.848196,0.0731257,-0.108309,0.513309,0.796192,5.9789,-1.36092,0.848151,0.0716256,-0.109216,0.513398,0.0063723,-0.00685786,-0.0121451,0.000641426,0.0216474,0.013093,-0.00128885
1765976272630415,0,0.796636,5.97842,-1.36176,0.848196,0.0731257,-0.108309,0.513309,0.796192,5.9789,-1.36092,0.848151,0.0716256,-0.109216,0.513398,0.0063723,-0.00685786,-0.0121451,0.000641426,0.0216474,0.013093,-0.00128885
1765976272640447,0,0.796786,5.97874,-1.36207,0.848199,0.0733476,-0.108175,0.513301,0.796267,5.97888,-1.36106,0.848157,0.071842,-0.109085,0.513386,0.00745058,-0.0019488,-0.0144496,0.000594145,0.0215786,0.0130489,-0.001218
1765976272640447,0,0.796786,5.97874,-1.36207,0.848199,0.0733476,-0.108175,0.513301,0.796267,5.97888,-1.36106,0.848157,0.071842,-0.109085,0.513386,0.00745058,-0.0019488,-0.0144496,0.000594145,0.0215786,0.0130489,-0.001218
1765976272650475,0,0.797077,5.97937,-1.36266,0.8482,0.0735849,-0.108031,0.513294,0.796369,5.97894,-1.36126,0.848163,0.0720613,-0.108953,0.513374,0.0101818,0.00627668,-0.0201139,0.000540888,0.0218666,0.0132213,-0.0011531
1765976272650475,0,0.797077,5.97937,-1.36266,0.8482,0.0735849,-0.108031,0.513294,0.796369,5.97894,-1.36126,0.848163,0.0720613,-0.108953,0.513374,0.0101818,0.00627668,-0.0201139,0.000540888,0.0218666,0.0132213,-0.0011531
1765976272660475,0,0.796915,5.97843,-1.36233,0.848202,0.0738153,-0.107892,0.513287,0.796438,5.97888,-1.3614,0.848168,0.0722817,-0.108819,0.513363,0.00686049,-0.00638962,-0.013411,0.000500679,0.0220351,0.0133216,-0.00109673
1765976272660475,0,0.796915,5.97843,-1.36233,0.848202,0.0738153,-0.107892,0.513287,0.796438,5.97888,-1.3614,0.848168,0.0722817,-0.108819,0.513363,0.00686049,-0.00638962,-0.013411,0.000500679,0.0220351,0.0133216,-0.00109673
1765976272670524,0,0.797007,5.97863,-1.36252,0.848204,0.0740433,-0.107755,0.51328,0.79651,5.97884,-1.36154,0.848172,0.0725028,-0.108686,0.513353,0.00715327,-0.00303688,-0.0141049,0.000450786,0.0220092,0.0133049,-0.001038
1765976272670524,0,0.797007,5.97863,-1.36252,0.848204,0.0740433,-0.107755,0.51328,0.79651,5.97884,-1.36154,0.848172,0.0725028,-0.108686,0.513353,0.00715327,-0.00303688,-0.0141049,0.000450786,0.0220092,0.0133049,-0.001038
1765976272680518,0,0.797239,5.97914,-1.36301,0.848204,0.0742855,-0.107608,0.513275,0.796601,5.97888,-1.36172,0.848176,0.0727272,-0.10855,0.513343,0.0091727,0.00376928,-0.0184408,0.000405555,0.0224554,0.0135734,-0.000978103
1765976272680518,0,0.797239,5.97914,-1.36301,0.848204,0.0742855,-0.107608,0.513275,0.796601,5.97888,-1.36172,0.848176,0.0727272,-0.10855,0.513343,0.0091727,0.00376928,-0.0184408,0.000405555,0.0224554,0.0135734,-0.000978103
1765976272690694,0,0.797611,5.97997,-1.36379,0.848205,0.07452,-0.107467,0.51327,0.79673,5.97902,-1.36199,0.84818,0.0729536,-0.108413,0.513334,0.0126812,0.013636,-0.0259247,0.0003573,0.022247,0.0134456,-0.000907893
1765976272690694,0,0.797611,5.97997,-1.36379,0.848205,0.07452,-0.107467,0.51327,0.79673,5.97902,-1.36199,0.84818,0.0729536,-0.108413,0.513334,0.0126812,0.013636,-0.0259247,0.0003573,0.022247,0.0134456,-0.000907893
1765976272700504,0,0.797249,5.97858,-1.36303,0.848206,0.0747367,-0.107336,0.513264,0.796794,5.97897,-1.36212,0.848183,0.0731772,-0.108278,0.513325,0.0065073,-0.00558983,-0.013051,0.000334175,0.0227862,0.013768,-0.000893158
1765976272700504,0,0.797249,5.97858,-1.36303,0.848206,0.0747367,-0.107336,0.513264,0.796794,5.97897,-1.36212,0.848183,0.0731772,-0.108278,0.513325,0.0065073,-0.00558983,-0.013051,0.000334175,0.0227862,0.013768,-0.000893158
1765976272710468,0,0.797422,5.97897,-1.3634,0.848207,0.0749485,-0.107208,0.513259,0.796873,5.97897,-1.36228,0.848186,0.0733989,-0.108144,0.513317,0.00789026,4.7856e-05,-0.0160796,0.000293118,0.022253,0.0134438,-0.000831498
1765976272710468,0,0.797422,5.97897,-1.3634,0.848207,0.0749485,-0.107208,0.513259,0.796873,5.97897,-1.36228,0.848186,0.0733989,-0.108144,0.513317,0.00789026,4.7856e-05,-0.0160796,0.000293118,0.022253,0.0134438,-0.000831498
1765976272720446,0,0.797734,5.97967,-1.36406,0.848205,0.0751774,-0.10707,0.513256,0.796981,5.97906,-1.3625,0.848189,0.0736225,-0.108009,0.513309,0.0108242,0.00888873,-0.0224488,0.000244918,0.022407,0.013534,-0.000764622
1765976272720446,0,0.797734,5.97967,-1.36406,0.848205,0.0751774,-0.10707,0.513256,0.796981,5.97906,-1.3625,0.848189,0.0736225,-0.108009,0.513309,0.0108242,0.00888873,-0.0224488,0.000244918,0.022407,0.013534,-0.000764622
1765976272730505,0,0.797487,5.97859,-1.36354,0.848204,0.0754007,-0.106935,0.513254,0.797045,5.979,-1.36263,0.848191,0.0738471,-0.107874,0.513302,0.00636399,-0.0058307,-0.0130006,0.000201467,0.0223325,0.0134872,-0.000699209
1765976272730505,0,0.797487,5.97859,-1.36354,0.848204,0.0754007,-0.106935,0.513254,0.797045,5.979,-1.36263,0.848191,0.0738471,-0.107874,0.513302,0.00636399,-0.0058307,-0.0130006,0.000201467,0.0223325,0.0134872,-0.000699209
1765976272740498,0,0.797618,5.97889,-1.36382,0.848202,0.0756221,-0.106802,0.513252,0.797117,5.97898,-1.36278,0.848192,0.074069,-0.10774,0.513296,0.00719932,-0.0013838,-0.0149235,0.000149116,0.0222019,0.0134055,-0.000626287
1765976272740498,0,0.797618,5.97889,-1.36382,0.848202,0.0756221,-0.106802,0.513252,0.797117,5.97898,-1.36278,0.848192,0.074069,-0.10774,0.513296,0.00719932,-0.0013838,-0.0149235,0.000149116,0.0222019,0.0134055,-0.000626287
1765976272750449,0,0.797886,5.9795,-1.36441,0.848199,0.0758576,-0.10666,0.513252,0.797213,5.97905,-1.36298,0.848193,0.0742936,-0.107604,0.51329,0.00966157,0.00656484,-0.0204253,8.98472e-05,0.0225756,0.0136306,-0.000557053
1765976272750449,0,0.797886,5.9795,-1.36441,0.848199,0.0758576,-0.10666,0.513252,0.797213,5.97905,-1.36298,0.848193,0.0742936,-0.107604,0.51329,0.00966157,0.00656484,-0.0204253,8.98472e-05,0.0225756,0.0136306,-0.000557053
1765976272760451,0,0.797736,5.97863,-1.36408,0.848196,0.0760861,-0.106522,0.513252,0.797279,5.979,-1.36312,0.848193,0.0745189,-0.107468,0.513286,0.00657308,-0.00529183,-0.013754,4.17149e-05,0.0225223,0.0135976,-0.000482701
1765976272760451,0,0.797736,5.97863,-1.36408,0.848196,0.0760861,-0.106522,0.513252,0.797279,5.979,-1.36312,0.848193,0.0745189,-0.107468,0.513286,0.00657308,-0.00529183,-0.013754,4.17149e-05,0.0225223,0.0135976,-0.000482701
1765976272770467,0,0.797825,5.97883,-1.36428,0.848192,0.0763115,-0.106386,0.513253,0.797347,5.97897,-1.36327,0.848193,0.0747442,-0.107332,0.513281,0.00686739,-0.00204712,-0.0145084,-1.19019e-05,0.0224968,0.0135808,-0.000410615
1765976272770467,0,0.797825,5.97883,-1.36428,0.848192,0.0763115,-0.106386,0.513253,0.797347,5.97897,-1.36327,0.848193,0.0747442,-0.107332,0.513281,0.00686739,-0.00204712,-0.0145084,-1.19019e-05,0.0224968,0.0135808,-0.000410615
1765976272780456,0,0.798048,5.97935,-1.36478,0.848188,0.0765502,-0.106242,0.513255,0.797435,5.97902,-1.36346,0.848192,0.0749715,-0.107195,0.513278,0.0088133,0.00477362,-0.0189871,-7.75714e-05,0.0227508,0.0137339,-0.000334154
1765976272780456,0,0.798048,5.97935,-1.36478,0.848188,0.0765502,-0.106242,0.513255,0.797435,5.97902,-1.36346,0.848192,0.0749715,-0.107195,0.513278,0.0088133,0.00477362,-0.0189871,-7.75714e-05,0.0227508,0.0137339,-0.000334154
1765976272790470,0,0.798407,5.98019,-1.36559,0.848183,0.0767818,-0.106102,0.513257,0.797558,5.97917,-1.36372,0.848191,0.0751986,-0.107058,0.513276,0.0122078,0.0147137,-0.0267489,-0.000124995,0.0226836,0.0136921,-0.000261894
1765976272790470,0,0.798407,5.98019,-1.36559,0.848183,0.0767818,-0.106102,0.513257,0.797558,5.97917,-1.36372,0.848191,0.0751986,-0.107058,0.513276,0.0122078,0.0147137,-0.0267489,-0.000124995,0.0226836,0.0136921,-0.000261894
1765976272800472,0,0.798068,5.97881,-1.36482,0.848178,0.0769964,-0.105973,0.51326,0.797622,5.97912,-1.36386,0.84819,0.0754246,-0.106921,0.513273,0.00641814,-0.00452905,-0.0138017,-0.0001609,0.0225886,0.0136318,-0.000202615
1765976272800472,0,0.798068,5.97881,-1.36482,0.848178,0.0769964,-0.105973,0.51326,0.797622,5.97912,-1.36386,0.84819,0.0754246,-0.106921,0.513273,0.00641814,-0.00452905,-0.0138017,-0.0001609,0.0225886,0.0136318,-0.000202615
1765976272810473,0,0.798249,5.97924,-1.36523,0.848173,0.0772075,-0.105845,0.513263,0.797701,5.97914,-1.36403,0.848187,0.0756485,-0.106786,0.513272,0.00788491,0.00138269,-0.0172598,-0.000214555,0.0223957,0.013514,-0.000131117
1765976272810473,0,0.798249,5.97924,-1.36523,0.848173,0.0772075,-0.105845,0.513263,0.797701,5.97914,-1.36403,0.848187,0.0756485,-0.106786,0.513272,0.00788491,0.00138269,-0.0172598,-0.000214555,0.0223957,0.013514,-0.000131117
1765976272820515,0,0.798563,5.97999,-1.36596,0.848166,0.0774388,-0.105706,0.513269,0.79781,5.97925,-1.36428,0.848185,0.0758745,-0.10665,0.513272,0.0108324,0.0106365,-0.0241339,-0.000273035,0.0225046,0.0135775,-4.15487e-05
1765976272820515,0,0.798563,5.97999,-1.36596,0.848166,0.0774388,-0.105706,0.513269,0.79781,5.97925,-1.36428,0.848185,0.0758745,-0.10665,0.513272,0.0108324,0.0106365,-0.0241339,-0.000273035,0.0225046,0.0135775,-4.15487e-05
1765976272830457,0,0.798294,5.97881,-1.36534,0.848158,0.0776659,-0.105569,0.513275,0.79787,5.97919,-1.36441,0.848181,0.0760986,-0.106515,0.513272,0.00609116,-0.00541969,-0.0133454,-0.000335733,0.0225398,0.0135987,4.19667e-05
1765976272830457,0,0.798294,5.97881,-1.36534,0.848158,0.0776659,-0.105569,0.513275,0.79787,5.97919,-1.36441,0.848181,0.0760986,-0.106515,0.513272,0.00609116,-0.00541969,-0.0133454,-0.000335733,0.0225398,0.0135987,4.19667e-05
1765976272840494,0,0.798433,5.97915,-1.36566,0.84815,0.0778919,-0.105433,0.513282,0.797941,5.97919,-1.36457,0.848177,0.0763242,-0.106379,0.513273,0.00708462,-0.000522587,-0.0157608,-0.000397879,0.0224698,0.0135561,0.000124708
1765976272840494,0,0.798433,5.97915,-1.36566,0.84815,0.0778919,-0.105433,0.513282,0.797941,5.97919,-1.36457,0.848177,0.0763242,-0.106379,0.513273,0.00708462,-0.000522587,-0.0157608,-0.000397879,0.0224698,0.0135561,0.000124708
1765976272850460,0,0.798704,5.97981,-1.3663,0.84814,0.0781345,-0.105286,0.513291,0.798037,5.97926,-1.36478,0.848173,0.0765514,-0.106241,0.513276,0.0095932,0.00779896,-0.0217581,-0.000466502,0.0228063,0.0137581,0.00022129
1765976272850460,0,0.798704,5.97981,-1.3663,0.84814,0.0781345,-0.105286,0.513291,0.798037,5.97926,-1.36478,0.848173,0.0765514,-0.106241,0.513276,0.0095932,0.00779896,-0.0217581,-0.000466502,0.0228063,0.0137581,0.00022129
1765976272860488,0,0.798554,5.97884,-1.36595,0.848131,0.0783705,-0.105144,0.5133,0.798102,5.97921,-1.36493,0.848167,0.0767801,-0.106103,0.513279,0.00650254,-0.00523056,-0.014598,-0.000529,0.0228042,0.0137562,0.000315023
1765976272860488,0,0.798554,5.97884,-1.36595,0.848131,0.0783705,-0.105144,0.5133,0.798102,5.97921,-1.36493,0.848167,0.0767801,-0.106103,0.513279,0.00650254,-0.00523056,-0.014598,-0.000529,0.0228042,0.0137562,0.000315023
1765976272870552,0,0.798639,5.97905,-1.36615,0.84812,0.0786047,-0.105003,0.51331,0.79817,5.97919,-1.36509,0.848161,0.0770118,-0.105964,0.513283,0.0067458,-0.0019426,-0.0153039,-0.000592256,0.0230203,0.0138869,0.000396812
1765976272870552,0,0.798639,5.97905,-1.36615,0.84812,0.0786047,-0.105003,0.51331,0.79817,5.97919,-1.36509,0.848161,0.0770118,-0.105964,0.513283,0.0067458,-0.0019426,-0.0153039,-0.000592256,0.0230203,0.0138869,0.000396812
1765976272880458,0,0.798854,5.97959,-1.36667,0.848109,0.0788559,-0.104851,0.513322,0.798255,5.97924,-1.36528,0.848155,0.077241,-0.105825,0.513288,0.00859833,0.00495803,-0.0198802,-0.000661873,0.0231362,0.0139572,0.000493396
1765976272880458,0,0.798854,5.97959,-1.36667,0.848109,0.0788559,-0.104851,0.513322,0.798255,5.97924,-1.36528,0.848155,0.077241,-0.105825,0.513288,0.00859833,0.00495803,-0.0198802,-0.000661873,0.0231362,0.0139572,0.000493396
1765976272890452,0,0.799198,5.98044,-1.3675,0.848097,0.0791005,-0.104704,0.513334,0.798374,5.97939,-1.36556,0.848148,0.0774748,-0.105684,0.513294,0.0118506,0.0150771,-0.0278521,-0.000727613,0.023391,0.0141109,0.000584476
1765976272890452,0,0.799198,5.98044,-1.3675,0.848097,0.0791005,-0.104704,0.513334,0.798374,5.97939,-1.36556,0.848148,0.0774748,-0.105684,0.513294,0.0118506,0.0150771,-0.0278521,-0.000727613,0.023391,0.0141109,0.000584476
1765976272900478,0,0.798836,5.97902,-1.36663,0.848086,0.0793265,-0.104567,0.513345,0.798432,5.97934,-1.36569,0.84814,0.0777074,-0.105544,0.5133,0.00582016,-0.00475601,-0.0133763,-0.000778796,0.0232041,0.013999,0.000648006
1765976272900478,0,0.798836,5.97902,-1.36663,0.848086,0.0793265,-0.104567,0.513345,0.798432,5.97934,-1.36569,0.84814,0.0777074,-0.105544,0.5133,0.00582016,-0.00475601,-0.0133763,-0.000778796,0.0232041,0.013999,0.000648006
1765976272910442,0,0.798997,5.97942,-1.36702,0.848074,0.0795466,-0.104435,0.513358,0.798503,5.97935,-1.36586,0.848132,0.0779385,-0.105405,0.513307,0.00710063,0.00100498,-0.01663,-0.000831498,0.0231885,0.0139889,0.000723822
1765976272910442,0,0.798997,5.97942,-1.36702,0.848074,0.0795466,-0.104435,0.513358,0.798503,5.97935,-1.36586,0.848132,0.0779385,-0.105405,0.513307,0.00710063,0.00100498,-0.01663,-0.000831498,0.0231885,0.0139889,0.000723822
1765976272920463,0,0.799285,5.98015,-1.36773,0.848061,0.0797845,-0.104291,0.513372,0.798601,5.97945,-1.3661,0.848123,0.0781704,-0.105265,0.513315,0.00983795,0.0099926,-0.0234826,-0.000892196,0.023151,0.0139658,0.00082082
1765976272920463,0,0.799285,5.98015,-1.36773,0.848061,0.0797845,-0.104291,0.513372,0.798601,5.97945,-1.3661,0.848123,0.0781704,-0.105265,0.513315,0.00983795,0.0099926,-0.0234826,-0.000892196,0.023151,0.0139658,0.00082082
1765976272930432,0,0.799039,5.97907,-1.36712,0.848047,0.0800164,-0.104151,0.513387,0.798656,5.97941,-1.36622,0.848113,0.0784023,-0.105125,0.513324,0.0054947,-0.00487886,-0.0129027,-0.00095664,0.0232546,0.0140282,0.000908808
1765976272930432,0,0.799039,5.97907,-1.36712,0.848047,0.0800164,-0.104151,0.513387,0.798656,5.97941,-1.36622,0.848113,0.0784023,-0.105125,0.513324,0.0054947,-0.00487886,-0.0129027,-0.00095664,0.0232546,0.0140282,0.000908808
1765976272940473,0,0.799172,5.97941,-1.36746,0.848032,0.0802454,-0.104013,0.513403,0.798721,5.97941,-1.36638,0.848103,0.078634,-0.104985,0.513334,0.00648819,4.7489e-05,-0.0154933,-0.00100914,0.0230759,0.0139202,0.000991333
1765976272940473,0,0.799172,5.97941,-1.36746,0.848032,0.0802454,-0.104013,0.513403,0.798721,5.97941,-1.36638,0.848103,0.078634,-0.104985,0.513334,0.00648819,4.7489e-05,-0.0154933,-0.00100914,0.0230759,0.0139202,0.000991333
1765976272950449,0,0.799432,5.98008,-1.36811,0.84802,0.0804708,-0.103837,0.513424,0.79881,5.97949,-1.3666,0.848093,0.0788647,-0.104841,0.513346,0.00892636,0.00846032,-0.0217722,-0.00103962,0.0231285,0.0144545,0.00112924
1765976272950449,0,0.799432,5.98008,-1.36811,0.84802,0.0804708,-0.103837,0.513424,0.79881,5.97949,-1.3666,0.848093,0.0788647,-0.104841,0.513346,0.00892636,0.00846032,-0.0217722,-0.00103962,0.0231285,0.0144545,0.00112924
1765976272960476,0,0.799287,5.97911,-1.36775,0.848028,0.0805901,-0.103503,0.513461,0.79887,5.97944,-1.36674,0.848084,0.079082,-0.104672,0.51336,0.00599197,-0.00480309,-0.0144568,-0.000820329,0.0216711,0.0168078,0.00143855
1765976272960476,0,0.799287,5.97911,-1.36775,0.848028,0.0805901,-0.103503,0.513461,0.79887,5.97944,-1.36674,0.848084,0.079082,-0.104672,0.51336,0.00599197,-0.00480309,-0.0144568,-0.000820329,0.0216711,0.0168078,0.00143855
1765976272970432,0,0.799369,5.97932,-1.36796,0.84806,0.0805826,-0.102962,0.513518,0.798933,5.97943,-1.36689,0.848081,0.0792703,-0.104458,0.51338,0.0062622,-0.00153262,-0.0152664,-0.000311314,0.0189086,0.0215473,0.00198762
1765976272970432,0,0.799369,5.97932,-1.36796,0.84806,0.0805826,-0.102962,0.513518,0.798933,5.97943,-1.36689,0.848081,0.0792703,-0.104458,0.51338,0.0062622,-0.00153262,-0.0152664,-0.000311314,0.0189086,0.0215473,0.00198762
1765976272980496,0,0.799573,5.97986,-1.36849,0.848107,0.0805093,-0.102269,0.51359,0.799014,5.97948,-1.3671,0.848084,0.0794263,-0.104182,0.513406,0.00804876,0.00544876,-0.0200775,0.000319818,0.0155067,0.0273874,0.00262962
1765976272980496,0,0.799573,5.97986,-1.36849,0.848107,0.0805093,-0.102269,0.51359,0.799014,5.97948,-1.3671,0.848084,0.0794263,-0.104182,0.513406,0.00804876,0.00544876,-0.0200775,0.000319818,0.0155067,0.0273874,0.00262962
1765976272990426,0,0.799899,5.98072,-1.36935,0.848177,0.0803123,-0.101383,0.51368,0.799124,5.97964,-1.36738,0.848096,0.0795374,-0.103831,0.513441,0.0111346,0.0156065,-0.0283197,0.00117048,0.0111849,0.0353344,0.00345743
1765976272990426,0,0.799899,5.98072,-1.36935,0.848177,0.0803123,-0.101383,0.51368,0.799124,5.97964,-1.36738,0.848096,0.0795374,-0.103831,0.513441,0.0111346,0.0156065,-0.0283197,0.00117048,0.0111849,0.0353344,0.00345743
1765976273000432,0,0.79959,5.97929,-1.36854,0.848276,0.0799546,-0.100273,0.513791,0.799183,5.97959,-1.36752,0.848119,0.0795898,-0.103384,0.513485,0.00585562,-0.00433662,-0.0146063,0.0022517,0.00523834,0.0446841,0.00439023
1765976273000432,0,0.79959,5.97929,-1.36854,0.848276,0.0799546,-0.100273,0.513791,0.799183,5.97959,-1.36752,0.848119,0.0795898,-0.103384,0.513485,0.00585562,-0.00433662,-0.0146063,0.0022517,0.00523834,0.0446841,0.00439023
1765976273010449,0,0.79975,5.97972,-1.36898,0.848393,0.0794907,-0.098994,0.513917,0.799254,5.97961,-1.36771,0.848153,0.0795773,-0.102832,0.513539,0.00713447,0.0016661,-0.0183033,0.00344525,-0.00124362,0.0550861,0.00542077
1765976273010449,0,0.79975,5.97972,-1.36898,0.848393,0.0794907,-0.098994,0.513917,0.799254,5.97961,-1.36771,0.848153,0.0795773,-0.102832,0.513539,0.00713447,0.0016661,-0.0183033,0.00344525,-0.00124362,0.0550861,0.00542077
1765976273020499,0,0.800027,5.98048,-1.36975,0.848512,0.0790291,-0.0976646,0.514046,0.799352,5.97972,-1.36796,0.848198,0.0795081,-0.10218,0.513603,0.00970874,0.0108652,-0.0256804,0.00450742,-0.00688864,0.0649409,0.00637562
1765976273020499,0,0.800027,5.98048,-1.36975,0.848512,0.0790291,-0.0976646,0.514046,0.799352,5.97972,-1.36796,0.848198,0.0795081,-0.10218,0.513603,0.00970874,0.0108652,-0.0256804,0.00450742,-0.00688864,0.0649409,0.00637562
1765976273030421,0,0.79979,5.97923,-1.36909,0.848644,0.0784915,-0.0962187,0.514183,0.799406,5.97966,-1.36811,0.848254,0.0793811,-0.101435,0.513676,0.00550271,-0.0061515,-0.0141653,0.00561084,-0.0128039,0.0750758,0.00731091
1765976273030421,0,0.79979,5.97923,-1.36909,0.848644,0.0784915,-0.0962187,0.514183,0.799406,5.97966,-1.36811,0.848254,0.0793811,-0.101435,0.513676,0.00550271,-0.0061515,-0.0141653,0.00561084,-0.0128039,0.0750758,0.00731091
1765976273040472,0,0.799907,5.97956,-1.36944,0.848785,0.077896,-0.0946764,0.514327,0.79947,5.97965,-1.36827,0.848321,0.0791943,-0.100585,0.513757,0.00628603,-0.00128093,-0.0167825,0.00664778,-0.0185868,0.0845827,0.00814812
1765976273040472,0,0.799907,5.97956,-1.36944,0.848785,0.077896,-0.0946764,0.514327,0.79947,5.97965,-1.36827,0.848321,0.0791943,-0.100585,0.513757,0.00628603,-0.00128093,-0.0167825,0.00664778,-0.0185868,0.0845827,0.00814812
1765976273050489,0,0.799812,5.97929,-1.36916,0.848924,0.0773245,-0.0931243,0.514468,0.799513,5.9796,-1.36839,0.848397,0.0789591,-0.0996466,0.513847,0.00429615,-0.00442706,-0.0111748,0.00756884,-0.0234734,0.0936577,0.00891957
1765976273050489,0,0.799812,5.97929,-1.36916,0.848924,0.0773245,-0.0931243,0.514468,0.799513,5.9796,-1.36839,0.848397,0.0789591,-0.0996466,0.513847,0.00429615,-0.00442706,-0.0111748,0.00756884,-0.0234734,0.0936577,0.00891957
1765976273060467,0,0.799774,5.97918,-1.36905,0.849067,0.0767208,-0.0915248,0.514609,0.799545,5.97955,-1.36847,0.848481,0.078678,-0.0986266,0.513943,0.00328548,-0.00525677,-0.00827942,0.00843473,-0.028173,0.102225,0.00959361
1765976273060467,0,0.799774,5.97918,-1.36905,0.849067,0.0767208,-0.0915248,0.514609,0.799545,5.97955,-1.36847,0.848481,0.078678,-0.0986266,0.513943,0.00328548,-0.00525677,-0.00827942,0.00843473,-0.028173,0.102225,0.00959361
1765976273070439,0,0.799841,5.97938,-1.36927,0.849214,0.0760858,-0.0898933,0.514748,0.799582,5.97953,-1.36857,0.848573,0.0783525,-0.0975299,0.514044,0.00371782,-0.00205616,-0.0100537,0.0092288,-0.0326437,0.109977,0.0101433
1765976273070439,0,0.799841,5.97938,-1.36927,0.849214,0.0760858,-0.0898933,0.514748,0.799582,5.97953,-1.36857,0.848573,0.0783525,-0.0975299,0.514044,0.00371782,-0.00205616,-0.0100537,0.0092288,-0.0326437,0.109977,0.0101433
1765976273080447,0,0.799788,5.97923,-1.36909,0.849366,0.0754077,-0.0882189,0.514887,0.799608,5.97949,-1.36863,0.848673,0.0779824,-0.0963597,0.51415,0.00257882,-0.00381165,-0.00659892,0.00996389,-0.0369797,0.116923,0.0105892
1765976273080447,0,0.799788,5.97923,-1.36909,0.849366,0.0754077,-0.0882189,0.514887,0.799608,5.97949,-1.36863,0.848673,0.0779824,-0.0963597,0.51415,0.00257882,-0.00381165,-0.00659892,0.00996389,-0.0369797,0.116923,0.0105892
1765976273090498,0,0.799876,5.97949,-1.36941,0.849508,0.0747537,-0.0866658,0.515012,0.799642,5.97949,-1.36873,0.848778,0.0775761,-0.0951398,0.514258,0.00336243,4.74418e-05,-0.00968998,0.010455,-0.0404233,0.121369,0.010793
1765976273090498,0,0.799876,5.97949,-1.36941,0.849508,0.0747537,-0.0866658,0.515012,0.799642,5.97949,-1.36873,0.848778,0.0775761,-0.0951398,0.514258,0.00336243,4.74418e-05,-0.00968998,0.010455,-0.0404233,0.121369,0.010793
1765976273100466,0,0.799807,5.97929,-1.36917,0.849685,0.0739095,-0.0847185,0.515165,0.799663,5.97946,-1.36879,0.848892,0.0771156,-0.093831,0.514372,0.00206296,-0.00258319,-0.00547731,0.011439,-0.0461954,0.1313,0.011427
1765976273100466,0,0.799807,5.97929,-1.36917,0.849685,0.0739095,-0.0847185,0.515165,0.799663,5.97946,-1.36879,0.848892,0.0771156,-0.093831,0.514372,0.00206296,-0.00258319,-0.00547731,0.011439,-0.0461954,0.1313,0.011427
1765976273110663,0,0.799776,5.97919,-1.36905,0.849851,0.0730973,-0.0828957,0.515304,0.799677,5.97943,-1.36882,0.849013,0.0766069,-0.0924466,0.51449,0.00142041,-0.00346042,-0.00334352,0.0119069,-0.0498912,0.135773,0.0115737
1765976273110663,0,0.799776,5.97919,-1.36905,0.849851,0.0730973,-0.0828957,0.515304,0.799677,5.97943,-1.36882,0.849013,0.0766069,-0.0924466,0.51449,0.00142041,-0.00346042,-0.00334352,0.0119069,-0.0498912,0.135773,0.0115737
1765976273120702,0,0.799842,5.9794,-1.36932,0.850017,0.072267,-0.0810488,0.515442,0.799698,5.97943,-1.36888,0.849139,0.0760623,-0.0910163,0.514609,0.00207212,-0.000332489,-0.00624605,0.0125455,-0.0542485,0.142472,0.0118924
1765976273120702,0,0.799842,5.9794,-1.36932,0.850017,0.072267,-0.0810488,0.515442,0.799698,5.97943,-1.36888,0.849139,0.0760623,-0.0910163,0.514609,0.00207212,-0.000332489,-0.00624605,0.0125455,-0.0542485,0.142472,0.0118924
1765976273130598,0,0.799781,5.97921,-1.36908,0.850183,0.0714177,-0.0791755,0.515577,0.799708,5.9794,-1.36891,0.84927,0.0754821,-0.0895371,0.51473,0.001042,-0.00269835,-0.00243333,0.0131786,-0.0586312,0.149472,0.0122209
1765976273130598,0,0.799781,5.97921,-1.36908,0.850183,0.0714177,-0.0791755,0.515577,0.799708,5.9794,-1.36891,0.84927,0.0754821,-0.0895371,0.51473,0.001042,-0.00269835,-0.00243333,0.0131786,-0.0586312,0.149472,0.0122209
1765976273140612,0,0.79986,5.97947,-1.36942,0.850349,0.0705453,-0.07727,0.515712,0.799727,5.97941,-1.36897,0.849405,0.0748611,-0.087994,0.514854,0.00191063,0.000904724,-0.0064283,0.0135649,-0.062013,0.154092,0.0123269
1765976273140612,0,0.79986,5.97947,-1.36942,0.850349,0.0705453,-0.07727,0.515712,0.799727,5.97941,-1.36897,0.849405,0.0748611,-0.087994,0.514854,0.00191063,0.000904724,-0.0064283,0.0135649,-0.062013,0.154092,0.0123269
1765976273150555,0,0.799801,5.97928,-1.36917,0.850515,0.0696593,-0.0753423,0.515844,0.799737,5.97939,-1.369,0.849545,0.0742078,-0.0864051,0.514978,0.000923174,-0.00163054,-0.00251775,0.0140214,-0.0657027,0.159802,0.0125048
1765976273150555,0,0.799801,5.97928,-1.36917,0.850515,0.0696593,-0.0753423,0.515844,0.799737,5.97939,-1.369,0.849545,0.0742078,-0.0864051,0.514978,0.000923174,-0.00163054,-0.00251775,0.0140214,-0.0657027,0.159802,0.0125048
1765976273160603,0,0.799774,5.97918,-1.36905,0.850681,0.0687533,-0.0733833,0.515975,0.799741,5.97937,-1.369,0.849687,0.0735229,-0.0847701,0.515103,0.000462695,-0.00261008,-0.000605063,0.0142012,-0.0681608,0.162725,0.0124512
1765976273160603,0,0.799774,5.97918,-1.36905,0.850681,0.0687533,-0.0733833,0.515975,0.799741,5.97937,-1.369,0.849687,0.0735229,-0.0847701,0.515103,0.000462695,-0.00261008,-0.000605063,0.0142012,-0.0681608,0.162725,0.0124512
1765976273170567,0,0.799821,5.97936,-1.36929,0.850844,0.0678473,-0.0714161,0.516102,0.799751,5.97936,-1.36904,0.849833,0.0728094,-0.0830913,0.515229,0.000998994,-0.000143568,-0.00354134,0.0145961,-0.0716075,0.168485,0.0125981
1765976273170567,0,0.799821,5.97936,-1.36929,0.850844,0.0678473,-0.0714161,0.516102,0.799751,5.97936,-1.36904,0.849833,0.0728094,-0.0830913,0.515229,0.000998994,-0.000143568,-0.00354134,0.0145961,-0.0716075,0.168485,0.0125981
1765976273180596,0,0.799777,5.9792,-1.36906,0.851004,0.0669372,-0.0694359,0.516226,0.799754,5.97934,-1.36904,0.84998,0.0720716,-0.0813756,0.515354,0.000320934,-0.00209202,-0.000320934,0.0146738,-0.0735645,0.171068,0.0124927
1765976273180596,0,0.799777,5.9792,-1.36906,0.851004,0.0669372,-0.0694359,0.516226,0.799754,5.97934,-1.36904,0.84998,0.0720716,-0.0813756,0.515354,0.000320934,-0.00209202,-0.000320934,0.0146738,-0.0735645,0.171068,0.0124927
1765976273190585,0,0.799834,5.97941,-1.36938,0.851163,0.066017,-0.0674371,0.516348,0.799764,5.97935,-1.36908,0.850129,0.0713109,-0.0796243,0.515479,0.000996494,0.000906988,-0.00426046,0.0148818,-0.0761617,0.175331,0.0125069
1765976273190585,0,0.799834,5.97941,-1.36938,0.851163,0.066017,-0.0674371,0.516348,0.799764,5.97935,-1.36908,0.850129,0.0713109,-0.0796243,0.515479,0.000996494,0.000906988,-0.00426046,0.0148818,-0.0761617,0.175331,0.0125069
1765976273200635,0,0.799795,5.97927,-1.36918,0.851319,0.0650907,-0.0654238,0.516467,0.799768,5.97934,-1.3691,0.850278,0.0705284,-0.0778378,0.515603,0.000391434,-0.000996376,-0.0011743,0.0149041,-0.0778612,0.177755,0.0123717
1765976273200635,0,0.799795,5.97927,-1.36918,0.851319,0.0650907,-0.0654238,0.516467,0.799768,5.97934,-1.3691,0.850278,0.0705284,-0.0778378,0.515603,0.000391434,-0.000996376,-0.0011743,0.0149041,-0.0778612,0.177755,0.0123717
1765976273210658,0,0.799773,5.97918,-1.36905,0.851474,0.0641512,-0.063388,0.516584,0.799769,5.97932,-1.36909,0.850429,0.0697272,-0.0760225,0.515727,6.54147e-05,-0.00195055,0.000630359,0.01498,-0.07993,0.181111,0.012292
1765976273210658,0,0.799773,5.97918,-1.36905,0.851474,0.0641512,-0.063388,0.516584,0.799769,5.97932,-1.36909,0.850429,0.0697272,-0.0760225,0.515727,6.54147e-05,-0.00195055,0.000630359,0.01498,-0.07993,0.181111,0.012292
1765976273220548,0,0.79981,5.97934,-1.36929,0.851624,0.0632144,-0.0613483,0.516697,0.799774,5.97932,-1.36911,0.850579,0.0689081,-0.0741769,0.515849,0.000518301,0.000192856,-0.00255535,0.0152055,-0.0828272,0.186621,0.0123488
1765976273220548,0,0.79981,5.97934,-1.36929,0.851624,0.0632144,-0.0613483,0.516697,0.799774,5.97932,-1.36911,0.850579,0.0689081,-0.0741769,0.515849,0.000518301,0.000192856,-0.00255535,0.0152055,-0.0828272,0.186621,0.0123488
1765976273230452,0,0.799781,5.97922,-1.3691,0.851772,0.0622774,-0.0593023,0.516807,0.799775,5.97931,-1.36911,0.850729,0.0680765,-0.0723114,0.515969,7.82371e-05,-0.00139623,0.00020462,0.0151058,-0.0839627,0.188354,0.0121388
1765976273230452,0,0.799781,5.97922,-1.3691,0.851772,0.0622774,-0.0593023,0.516807,0.799775,5.97931,-1.36911,0.850729,0.0680765,-0.0723114,0.515969,7.82371e-05,-0.00139623,0.00020462,0.0151058,-0.0839627,0.188354,0.0121388
1765976273240586,0,0.799833,5.97946,-1.3695,0.851916,0.0613339,-0.0572443,0.516915,0.799782,5.97933,-1.36916,0.850879,0.067221,-0.0703996,0.516089,0.000741088,0.00188213,-0.0049053,0.0148629,-0.0844201,0.188647,0.0118398
1765976273240586,0,0.799833,5.97946,-1.3695,0.851916,0.0613339,-0.0572443,0.516915,0.799782,5.97933,-1.36916,0.850879,0.067221,-0.0703996,0.516089,0.000741088,0.00188213,-0.0049053,0.0148629,-0.0844201,0.188647,0.0118398
1765976273250458,0,0.799789,5.97926,-1.36918,0.852057,0.0603853,-0.0551756,0.517019,0.799783,5.97932,-1.36916,0.851026,0.0663702,-0.0685049,0.516205,8.45285e-05,-0.000869436,-0.000229434,0.0148408,-0.0861783,0.191931,0.0117193
1765976273250458,0,0.799789,5.97926,-1.36918,0.852057,0.0603853,-0.0551756,0.517019,0.799783,5.97932,-1.36916,0.851026,0.0663702,-0.0685049,0.516205,8.45285e-05,-0.000869436,-0.000229434,0.0148408,-0.0861783,0.191931,0.0117193
1765976273260432,0,0.799773,5.97918,-1.36905,0.852195,0.0594252,-0.05309,0.517121,0.799782,5.9793,-1.36915,0.851173,0.0654982,-0.0665694,0.51632,-0.000125496,-0.00172109,0.001494,0.0147189,-0.0874311,0.194059,0.0115337
1765976273260432,0,0.799773,5.97918,-1.36905,0.852195,0.0594252,-0.05309,0.517121,0.799782,5.9793,-1.36915,0.851173,0.0654982,-0.0665694,0.51632,-0.000125496,-0.00172109,0.001494,0.0147189,-0.0874311,0.194059,0.0115337
1765976273270450,0,0.799799,5.97932,-1.3693,0.852328,0.0584724,-0.0510067,0.517219,0.799784,5.97931,-1.36917,0.851318,0.0646146,-0.0646121,0.516433,0.000214191,0.00023799,-0.00189202,0.0145115,-0.0881999,0.195371,0.0112926
1765976273270450,0,0.799799,5.97932,-1.3693,0.852328,0.0584724,-0.0510067,0.517219,0.799784,5.97931,-1.36917,0.851318,0.0646146,-0.0646121,0.516433,0.000214191,0.00023799,-0.00189202,0.0145115,-0.0881999,0.195371,0.0112926
1765976273280465,0,0.799778,5.97921,-1.3691,0.852458,0.0575212,-0.0489202,0.517314,0.799783,5.97929,-1.36916,0.851461,0.0637236,-0.062641,0.516543,-7.737e-05,-0.00119031,0.000857021,0.0142956,-0.0889695,0.196817,0.011052
1765976273280465,0,0.799778,5.97921,-1.3691,0.852458,0.0575212,-0.0489202,0.517314,0.799783,5.97929,-1.36916,0.851461,0.0637236,-0.062641,0.516543,-7.737e-05,-0.00119031,0.000857021,0.0142956,-0.0889695,0.196817,0.011052
1765976273290507,0,0.799812,5.97943,-1.36952,0.852584,0.0565634,-0.0468229,0.517406,0.799787,5.97931,-1.36921,0.851602,0.0628224,-0.0606503,0.516652,0.000362068,0.00170943,-0.00447539,0.0140613,-0.0897356,0.198242,0.0108145
1765976273290507,0,0.799812,5.97943,-1.36952,0.852584,0.0565634,-0.0468229,0.517406,0.799787,5.97931,-1.36921,0.851602,0.0628224,-0.0606503,0.516652,0.000362068,0.00170943,-0.00447539,0.0140613,-0.0897356,0.198242,0.0108145
1765976273300452,0,0.799783,5.97925,-1.36919,0.852706,0.0556005,-0.0447167,0.517496,0.799786,5.9793,-1.3692,0.851741,0.0619159,-0.0586502,0.516758,-5.39409e-05,-0.000767159,0.000251724,0.0139287,-0.0911552,0.201112,0.0106503
1765976273300452,0,0.799783,5.97925,-1.36919,0.852706,0.0556005,-0.0447167,0.517496,0.799786,5.9793,-1.3692,0.851741,0.0619159,-0.0586502,0.516758,-5.39409e-05,-0.000767159,0.000251724,0.0139287,-0.0911552,0.201112,0.0106503
1765976273310522,0,0.799773,5.97918,-1.36905,0.852824,0.0546268,-0.0425966,0.517583,0.799785,5.97929,-1.36918,0.851878,0.0609953,-0.0566228,0.516862,-0.000159814,-0.00151527,0.00197696,0.013596,-0.0914157,0.201335,0.0103465
1765976273310522,0,0.799773,5.97918,-1.36905,0.852824,0.0546268,-0.0425966,0.517583,0.799785,5.97929,-1.36918,0.851878,0.0609953,-0.0566228,0.516862,-0.000159814,-0.00151527,0.00197696,0.013596,-0.0914157,0.201335,0.0103465
1765976273320618,0,0.799787,5.97931,-1.36931,0.852938,0.0536599,-0.0404793,0.517667,0.799785,5.97929,-1.3692,0.852012,0.060067,-0.0545797,0.516964,2.95189e-05,0.000188921,-0.00158222,0.0132894,-0.0919519,0.202363,0.0100837
1765976273320618,0,0.799787,5.97931,-1.36931,0.852938,0.0536599,-0.0404793,0.517667,0.799785,5.97929,-1.3692,0.852012,0.060067,-0.0545797,0.516964,2.95189e-05,0.000188921,-0.00158222,0.0132894,-0.0919519,0.202363,0.0100837
1765976273330536,0,0.799774,5.9792,-1.36908,0.853047,0.0526943,-0.0383598,0.517747,0.799784,5.97928,-1.36918,0.85214,0.0591517,-0.0525661,0.517061,-0.000132214,-0.00110579,0.00146638,0.012957,-0.0922841,0.203023,0.00980189
1765976273330536,0,0.799774,5.9792,-1.36908,0.853047,0.0526943,-0.0383598,0.517747,0.799784,5.97928,-1.36918,0.85214,0.0591517,-0.0525661,0.517061,-0.000132214,-0.00110579,0.00146638,0.012957,-0.0922841,0.203023,0.00980189
1765976273340620,0,0.799788,5.97937,-1.36947,0.853153,0.0517225,-0.0362319,0.517825,0.799784,5.97929,-1.36922,0.852268,0.0582163,-0.0505094,0.517157,5.31973e-05,0.00118216,-0.00357013,0.0126373,-0.0927665,0.20396,0.00953414
1765976273340620,0,0.799788,5.97937,-1.36947,0.853153,0.0517225,-0.0362319,0.517825,0.799784,5.97929,-1.36922,0.852268,0.0582163,-0.0505094,0.517157,5.31973e-05,0.00118216,-0.00357013,0.0126373,-0.0927665,0.20396,0.00953414
1765976273350556,0,0.799776,5.97924,-1.36919,0.853254,0.0507457,-0.0340963,0.5179,0.799783,5.97929,-1.36922,0.852392,0.0572787,-0.0484495,0.517251,-9.59817e-05,-0.00057589,0.000383927,0.0124536,-0.0943594,0.207311,0.00938221
1765976273350556,0,0.799776,5.97924,-1.36919,0.853254,0.0507457,-0.0340963,0.5179,0.799783,5.97929,-1.36922,0.852392,0.0572787,-0.0484495,0.517251,-9.59817e-05,-0.00057589,0.000383927,0.0124536,-0.0943594,0.207311,0.00938221
1765976273360551,0,0.799773,5.97918,-1.36905,0.853351,0.049759,-0.0319496,0.517973,0.799782,5.97927,-1.3692,0.852512,0.056335,-0.0463788,0.517341,-0.000131196,-0.0012881,0.00213491,0.0120462,-0.0944196,0.207178,0.00906444
1765976273360551,0,0.799773,5.97918,-1.36905,0.853351,0.049759,-0.0319496,0.517973,0.799782,5.97927,-1.3692,0.852512,0.056335,-0.0463788,0.517341,-0.000131196,-0.0012881,0.00213491,0.0120462,-0.0944196,0.207178,0.00906444
1765976273370584,0,0.799775,5.97929,-1.36931,0.853443,0.048777,-0.0298047,0.518042,0.799781,5.97928,-1.36921,0.852629,0.0553845,-0.0442944,0.517429,-8.91129e-05,0.000190108,-0.00150898,0.0116678,-0.0947404,0.207757,0.00878653
1765976273370584,0,0.799775,5.97929,-1.36931,0.853443,0.048777,-0.0298047,0.518042,0.799781,5.97928,-1.36921,0.852629,0.0553845,-0.0442944,0.517429,-8.91129e-05,0.000190108,-0.00150898,0.0116678,-0.0947404,0.207757,0.00878653
1765976273380592,0,0.799773,5.9792,-1.3691,0.85353,0.0477963,-0.0276597,0.518108,0.79978,5.97927,-1.3692,0.852742,0.0544298,-0.0422015,0.517515,-0.000107203,-0.000857621,0.00133408,0.0113277,-0.0953939,0.209121,0.00853452
1765976273380592,0,0.799773,5.9792,-1.3691,0.85353,0.0477963,-0.0276597,0.518108,0.79978,5.97927,-1.3692,0.852742,0.0544298,-0.0422015,0.517515,-0.000107203,-0.000857621,0.00133408,0.0113277,-0.0953939,0.209121,0.00853452
1765976273390625,0,0.799769,5.97937,-1.36954,0.853613,0.0468099,-0.0255087,0.518172,0.799779,5.97928,-1.36924,0.852852,0.0534728,-0.0401051,0.517597,-0.000142581,0.00128323,-0.00433683,0.0109074,-0.095382,0.208952,0.00822809
1765976273390625,0,0.799769,5.97937,-1.36954,0.853613,0.0468099,-0.0255087,0.518172,0.799779,5.97928,-1.36924,0.852852,0.0534728,-0.0401051,0.517597,-0.000142581,0.00128323,-0.00433683,0.0109074,-0.095382,0.208952,0.00822809
1765976273400633,0,0.79977,5.97923,-1.36919,0.853692,0.0458191,-0.0233533,0.518233,0.799778,5.97927,-1.36923,0.852958,0.0525106,-0.0379991,0.517677,-0.000113158,-0.000619393,0.000607481,0.0105595,-0.0961399,0.210425,0.00798064
1765976273400633,0,0.79977,5.97923,-1.36919,0.853692,0.0458191,-0.0233533,0.518233,0.799778,5.97927,-1.36923,0.852958,0.0525106,-0.0379991,0.517677,-0.000113158,-0.000619393,0.000607481,0.0105595,-0.0961399,0.210425,0.00798064
1765976273410653,0,0.799772,5.97919,-1.36905,0.853766,0.0448201,-0.0211912,0.518291,0.799777,5.97926,-1.36921,0.85306,0.0515398,-0.0358773,0.517755,-6.54342e-05,-0.00109454,0.00226046,0.0101899,-0.0968921,0.211762,0.00772719
1765976273410653,0,0.799772,5.97919,-1.36905,0.853766,0.0448201,-0.0211912,0.518291,0.799777,5.97926,-1.36921,0.85306,0.0515398,-0.0358773,0.517755,-6.54342e-05,-0.00109454,0.00226046,0.0101899,-0.0968921,0.211762,0.00772719
1765976273420630,0,0.799761,5.97929,-1.36937,0.853836,0.043827,-0.0190319,0.518345,0.799775,5.97927,-1.36923,0.853158,0.050567,-0.0337526,0.517829,-0.000203123,0.000334555,-0.00201928,0.00980964,-0.0975043,0.212958,0.00746776
1765976273420630,0,0.799761,5.97929,-1.36937,0.853836,0.043827,-0.0190319,0.518345,0.799775,5.97927,-1.36923,0.853158,0.050567,-0.0337526,0.517829,-0.000203123,0.000334555,-0.00201928,0.00980964,-0.0975043,0.212958,0.00746776
1765976273430561,0,0.79977,5.9792,-1.36911,0.8539,0.042835,-0.0168737,0.518397,0.799774,5.97926,-1.36922,0.853251,0.0495966,-0.0316343,0.5179,-6.60206e-05,-0.000816255,0.0015845,0.00938694,-0.0977098,0.213302,0.00717825
1765976273430561,0,0.79977,5.9792,-1.36911,0.8539,0.042835,-0.0168737,0.518397,0.799774,5.97926,-1.36922,0.853251,0.0495966,-0.0316343,0.5179,-6.60206e-05,-0.000816255,0.0015845,0.00938694,-0.0977098,0.213302,0.00717825
1765976273440501,0,0.799746,5.97933,-1.36955,0.85396,0.0418383,-0.0147128,0.518446,0.799771,5.97927,-1.36926,0.853339,0.0486292,-0.0295242,0.517968,-0.00035379,0.000959431,-0.0042215,0.00889273,-0.0973268,0.212277,0.00684194
1765976273440501,0,0.799746,5.97933,-1.36955,0.85396,0.0418383,-0.0147128,0.518446,0.799771,5.97927,-1.36926,0.853339,0.0486292,-0.0295242,0.517968,-0.00035379,0.000959431,-0.0042215,0.00889273,-0.0973268,0.212277,0.00684194
1765976273450595,0,0.799763,5.97922,-1.3692,0.854015,0.0408395,-0.0125509,0.518491,0.79977,5.97926,-1.36925,0.853425,0.0476411,-0.0273713,0.518035,-0.000100384,-0.000566876,0.000791264,0.00849723,-0.0978876,0.213293,0.00657222
1765976273450595,0,0.799763,5.97922,-1.3692,0.854015,0.0408395,-0.0125509,0.518491,0.79977,5.97926,-1.36925,0.853425,0.0476411,-0.0273713,0.518035,-0.000100384,-0.000566876,0.000791264,0.00849723,-0.0978876,0.213293,0.00657222
1765976273460494,0,0.799723,5.97938,-1.36977,0.854066,0.0398337,-0.0103848,0.518534,0.799764,5.97928,-1.36932,0.853505,0.0466693,-0.025257,0.518097,-0.000584064,0.00154145,-0.00658728,0.00806249,-0.0981702,0.213588,0.00628019
1765976273460494,0,0.799723,5.97938,-1.36977,0.854066,0.0398337,-0.0103848,0.518534,0.799764,5.97928,-1.36932,0.853505,0.0466693,-0.025257,0.518097,-0.000584064,0.00154145,-0.00658728,0.00806249,-0.0981702,0.213588,0.00628019
1765976273470444,0,0.799754,5.97924,-1.36928,0.854111,0.0388264,-0.00821811,0.518574,0.799763,5.97927,-1.36931,0.853581,0.0456843,-0.0231171,0.518157,-0.000125799,-0.00043131,0.000467253,0.00766174,-0.0989928,0.215063,0.00602037
1765976273470444,0,0.799754,5.97924,-1.36928,0.854111,0.0388264,-0.00821811,0.518574,0.799763,5.97927,-1.36931,0.853581,0.0456843,-0.0231171,0.518157,-0.000125799,-0.00043131,0.000467253,0.00766174,-0.0989928,0.215063,0.00602037
1765976273480462,0,0.799767,5.9792,-1.36911,0.854152,0.037812,-0.006048,0.518611,0.799763,5.97926,-1.36929,0.853653,0.0446948,-0.0209715,0.518214,5.94975e-05,-0.000951961,0.00255839,0.00716945,-0.0987782,0.214175,0.00569987
1765976273480462,0,0.799767,5.9792,-1.36911,0.854152,0.037812,-0.006048,0.518611,0.799763,5.97926,-1.36929,0.853653,0.0446948,-0.0209715,0.518214,5.94975e-05,-0.000951961,0.00255839,0.00716945,-0.0987782,0.214175,0.00569987
1765976273490648,0,0.799723,5.9793,-1.36956,0.854188,0.0368075,-0.00388357,0.518645,0.799758,5.97927,-1.36932,0.85372,0.043703,-0.0188229,0.518268,-0.000497388,0.000514943,-0.00349927,0.00661234,-0.0973634,0.210938,0.00531913
1765976273490648,0,0.799723,5.9793,-1.36956,0.854188,0.0368075,-0.00388357,0.518645,0.799758,5.97927,-1.36932,0.85372,0.043703,-0.0188229,0.518268,-0.000497388,0.000514943,-0.00349927,0.00661234,-0.0973634,0.210938,0.00531913
1765976273500574,0,0.799756,5.97921,-1.3692,0.85422,0.0358054,-0.00172115,0.518675,0.799758,5.97926,-1.36931,0.853783,0.0427117,-0.0166762,0.518319,-3.00245e-05,-0.000672549,0.00152524,0.00631716,-0.0998743,0.21627,0.0051462
1765976273500574,0,0.799756,5.97921,-1.3692,0.85422,0.0358054,-0.00172115,0.518675,0.799758,5.97926,-1.36931,0.853783,0.0427117,-0.0166762,0.518319,-3.00245e-05,-0.000672549,0.00152524,0.00631716,-0.0998743,0.21627,0.0051462
1765976273510554,0,0.799771,5.97918,-1.36906,0.854246,0.0347979,0.000443364,0.518702,0.79976,5.97925,-1.36927,0.853841,0.0417176,-0.0145257,0.518367,0.0001732,-0.000955586,0.00314149,0.00582907,-0.0996071,0.215475,0.00482571
1765976273510554,0,0.799771,5.97918,-1.36906,0.854246,0.0347979,0.000443364,0.518702,0.79976,5.97925,-1.36927,0.853841,0.0417176,-0.0145257,0.518367,0.0001732,-0.000955586,0.00314149,0.00582907,-0.0996071,0.215475,0.00482571
1765976273520475,0,0.799731,5.97925,-1.36939,0.854268,0.0337954,0.00260561,0.518727,0.799756,5.97925,-1.36929,0.853895,0.0407198,-0.012368,0.518413,-0.000360476,-9.61268e-05,-0.00139384,0.00542516,-0.100576,0.217492,0.00456602
1765976273520475,0,0.799731,5.97925,-1.36939,0.854268,0.0337954,0.00260561,0.518727,0.799756,5.97925,-1.36929,0.853895,0.0407198,-0.012368,0.518413,-0.000360476,-9.61268e-05,-0.00139384,0.00542516,-0.100576,0.217492,0.00456602
1765976273530516,0,0.799764,5.97919,-1.36911,0.854285,0.0327943,0.004765,0.518748,0.799757,5.97924,-1.36927,0.853944,0.0397259,-0.0102195,0.518455,0.000100914,-0.000759824,0.00225573,0.00487356,-0.0989804,0.21397,0.00418497
1765976273530516,0,0.799764,5.97919,-1.36911,0.854285,0.0327943,0.004765,0.518748,0.799757,5.97924,-1.36927,0.853944,0.0397259,-0.0102195,0.518455,0.000100914,-0.000759824,0.00225573,0.00487356,-0.0989804,0.21397,0.00418497
1765976273540604,0,0.7997,5.97927,-1.36957,0.854297,0.0317893,0.00692346,0.518766,0.79975,5.97925,-1.3693,0.853988,0.0387269,-0.00806159,0.518494,-0.000709016,0.000283607,-0.00386414,0.00441363,-0.0990326,0.213909,0.00388186
1765976273540604,0,0.7997,5.97927,-1.36957,0.854297,0.0317893,0.00692346,0.518766,0.79975,5.97925,-1.3693,0.853988,0.0387269,-0.00806159,0.518494,-0.000709016,0.000283607,-0.00386414,0.00441363,-0.0990326,0.213909,0.00388186
1765976273550592,0,0.799749,5.9792,-1.3692,0.854305,0.0307825,0.0090807,0.518781,0.79975,5.97924,-1.36929,0.854028,0.0377294,-0.00590915,0.51853,-1.19353e-05,-0.000525151,0.00128901,0.00398041,-0.0998727,0.215503,0.00361041
1765976273550592,0,0.799749,5.9792,-1.3692,0.854305,0.0307825,0.0090807,0.518781,0.79975,5.97924,-1.36929,0.854028,0.0377294,-0.00590915,0.51853,-1.19353e-05,-0.000525151,0.00128901,0.00398041,-0.0998727,0.215503,0.00361041
1765976273560528,0,0.799772,5.97918,-1.36905,0.854307,0.0297696,0.0112379,0.518793,0.799753,5.97923,-1.36926,0.854063,0.0367252,-0.00374599,0.518563,0.000281946,-0.000719863,0.00308341,0.00354532,-0.101062,0.21771,0.00334136
1765976273560528,0,0.799772,5.97918,-1.36905,0.854307,0.0297696,0.0112379,0.518793,0.799753,5.97923,-1.36926,0.854063,0.0367252,-0.00374599,0.518563,0.000281946,-0.000719863,0.00308341,0.00354532,-0.101062,0.21771,0.00334136
1765976273570503,0,0.799725,5.97922,-1.36934,0.854306,0.0287618,0.0133913,0.518802,0.799749,5.97923,-1.36927,0.854094,0.0357251,-0.00159375,0.518593,-0.000346573,-0.000191213,-0.000956064,0.00305343,-0.100261,0.215763,0.0030116
1765976273570503,0,0.799725,5.97922,-1.36934,0.854306,0.0287618,0.0133913,0.518802,0.799749,5.97923,-1.36927,0.854094,0.0357251,-0.00159375,0.518593,-0.000346573,-0.000191213,-0.000956064,0.00305343,-0.100261,0.215763,0.0030116
1765976273580451,0,0.799761,5.97919,-1.36911,0.854299,0.0277568,0.0155394,0.518808,0.799751,5.97923,-1.36925,0.854119,0.0347277,0.000550875,0.51862,0.000149791,-0.000527263,0.00202517,0.00258239,-0.100264,0.215583,0.00270222
1765976273580451,0,0.799761,5.97919,-1.36911,0.854299,0.0277568,0.0155394,0.518808,0.799751,5.97923,-1.36925,0.854119,0.0347277,0.000550875,0.51862,0.000149791,-0.000527263,0.00202517,0.00258239,-0.100264,0.215583,0.00270222
1765976273590441,0,0.799678,5.97923,-1.36958,0.854288,0.0267499,0.0176834,0.518811,0.799741,5.97923,-1.36929,0.854141,0.0337251,0.00270402,0.518644,-0.00091883,9.54629e-05,-0.00415264,0.00211212,-0.100362,0.21553,0.00239851
1765976273590441,0,0.799678,5.97923,-1.36958,0.854288,0.0267499,0.0176834,0.518811,0.799741,5.97923,-1.36929,0.854141,0.0337251,0.00270402,0.518644,-0.00091883,9.54629e-05,-0.00415264,0.00211212,-0.100362,0.21553,0.00239851
1765976273600471,0,0.799742,5.97919,-1.3692,0.854272,0.0257422,0.0198231,0.518811,0.799742,5.97922,-1.36928,0.854157,0.0327214,0.00485635,0.518665,1.18853e-05,-0.000380329,0.00109345,0.00164017,-0.100065,0.214588,0.00208587
1765976273600471,0,0.799742,5.97919,-1.3692,0.854272,0.0257422,0.0198231,0.518811,0.799742,5.97922,-1.36928,0.854157,0.0327214,0.00485635,0.518665,1.18853e-05,-0.000380329,0.00109345,0.00164017,-0.100065,0.214588,0.00208587
1765976273610503,0,0.799772,5.97918,-1.36905,0.854251,0.0247306,0.0219586,0.518807,0.799745,5.97922,-1.36925,0.854169,0.0317143,0.00701171,0.518683,0.000386194,-0.000570379,0.00294696,0.00118829,-0.100385,0.214849,0.00179432
1765976273610503,0,0.799772,5.97918,-1.36905,0.854251,0.0247306,0.0219586,0.518807,0.799745,5.97922,-1.36925,0.854169,0.0317143,0.00701171,0.518683,0.000386194,-0.000570379,0.00294696,0.00118829,-0.100385,0.214849,0.00179432
1765976273620447,0,0.799712,5.9792,-1.36934,0.854226,0.0237245,0.0240906,0.518801,0.799741,5.97922,-1.36926,0.854176,0.0307138,0.0091504,0.518698,-0.000419582,-0.000287713,-0.00112688,0.000719284,-0.100616,0.215073,0.00148652
1765976273620447,0,0.799712,5.9792,-1.36934,0.854226,0.0237245,0.0240906,0.518801,0.799741,5.97922,-1.36926,0.854176,0.0307138,0.0091504,0.518698,-0.000419582,-0.000287713,-0.00112688,0.000719284,-0.100616,0.215073,0.00148652
1765976273630449,0,0.799758,5.97918,-1.36911,0.854196,0.0227218,0.0262178,0.518792,0.799743,5.97921,-1.36924,0.854179,0.02971,0.0112941,0.518709,0.000214534,-0.000381393,0.00191889,0.000256249,-0.100361,0.214325,0.0011859
1765976273630449,0,0.799758,5.97918,-1.36911,0.854196,0.0227218,0.0262178,0.518792,0.799743,5.97921,-1.36924,0.854179,0.02971,0.0112941,0.518709,0.000214534,-0.000381393,0.00191889,0.000256249,-0.100361,0.214325,0.0011859
1765976273640494,0,0.799655,5.9792,-1.36959,0.854162,0.0217182,0.0283393,0.518779,0.799732,5.97921,-1.36929,0.854177,0.0287007,0.0134468,0.518718,-0.00111555,-9.49402e-05,-0.00433165,-0.000207682,-0.100478,0.214303,0.000884131
1765976273640494,0,0.799655,5.9792,-1.36959,0.854162,0.0217182,0.0283393,0.518779,0.799732,5.97921,-1.36929,0.854177,0.0287007,0.0134468,0.518718,-0.00111555,-9.49402e-05,-0.00433165,-0.000207682,-0.100478,0.214303,0.000884131
1765976273650456,0,0.799449,5.97923,-1.37052,0.854124,0.0207142,0.0304554,0.518764,0.799697,5.97921,-1.36944,0.85417,0.0277012,0.0155754,0.518724,-0.00356,0.000239328,-0.0155204,-0.000664135,-0.100331,0.213672,0.000574387
1765976273650456,0,0.799449,5.97923,-1.37052,0.854124,0.0207142,0.0304554,0.518764,0.799697,5.97921,-1.36944,0.85417,0.0277012,0.0155754,0.518724,-0.00356,0.000239328,-0.0155204,-0.000664135,-0.100331,0.213672,0.000574387
1765976273660495,0,0.799584,5.97918,-1.36991,0.854081,0.0197001,0.0325607,0.518746,0.799682,5.97921,-1.3695,0.854159,0.0266957,0.01771,0.518727,-0.00141902,-0.000427486,-0.00590168,-0.00111621,-0.100164,0.212636,0.000279054
1765976273660495,0,0.799584,5.97918,-1.36991,0.854081,0.0197001,0.0325607,0.518746,0.799682,5.97921,-1.3695,0.854159,0.0266957,0.01771,0.518727,-0.00141902,-0.000427486,-0.00590168,-0.00111621,-0.100164,0.212636,0.000279054
1765976273670480,0,0.799512,5.97918,-1.37021,0.854034,0.018679,0.0346552,0.518726,0.799661,5.9792,-1.36959,0.854143,0.0256882,0.0198396,0.518727,-0.00214302,-0.000382043,-0.00887056,-0.00156996,-0.100902,0.21328,-1.19388e-05
1765976273670480,0,0.799512,5.97918,-1.37021,0.854034,0.018679,0.0346552,0.518726,0.799661,5.9792,-1.36959,0.854143,0.0256882,0.0198396,0.518727,-0.00214302,-0.000382043,-0.00887056,-0.00156996,-0.100902,0.21328,-1.19388e-05
1765976273680483,0,0.799327,5.97917,-1.37096,0.853983,0.0176671,0.0367445,0.518702,0.799619,5.9792,-1.36976,0.854123,0.0246799,0.0219646,0.518724,-0.00420683,-0.000429025,-0.0172206,-0.00201403,-0.100796,0.212434,-0.00031581
1765976273680483,0,0.799327,5.97917,-1.37096,0.853983,0.0176671,0.0367445,0.518702,0.799619,5.9792,-1.36976,0.854123,0.0246799,0.0219646,0.518724,-0.00420683,-0.000429025,-0.0172206,-0.00201403,-0.100796,0.212434,-0.00031581
1765976273690532,0,0.799025,5.97915,-1.37217,0.853927,0.0166556,0.0388244,0.518675,0.799544,5.97919,-1.37007,0.854098,0.0236636,0.0241,0.518717,-0.00746763,-0.000569414,-0.030262,-0.00246746,-0.101137,0.212499,-0.000616866
1765976273690532,0,0.799025,5.97915,-1.37217,0.853927,0.0166556,0.0388244,0.518675,0.799544,5.97919,-1.37007,0.854098,0.0236636,0.0241,0.518717,-0.00746763,-0.000569414,-0.030262,-0.00246746,-0.101137,0.212499,-0.000616866
1765976273700520,0,0.798603,5.97912,-1.37383,0.853868,0.0156341,0.0408878,0.518646,0.799426,5.97919,-1.37054,0.854069,0.0226586,0.0262012,0.518708,-0.0118159,-0.00095482,-0.0473471,-0.00288236,-0.100619,0.210371,-0.000901112
1765976273700520,0,0.798603,5.97912,-1.37383,0.853868,0.0156341,0.0408878,0.518646,0.799426,5.97919,-1.37054,0.854069,0.0226586,0.0262012,0.518708,-0.0118159,-0.00095482,-0.0473471,-0.00288236,-0.100619,0.210371,-0.000901112
1765976273710415,0,0.79806,5.97905,-1.37595,0.853805,0.0145932,0.0429282,0.518614,0.799256,5.97917,-1.37121,0.854036,0.0216499,0.0282931,0.518697,-0.0171676,-0.00163845,-0.0680077,-0.00333714,-0.101936,0.211409,-0.0011927
1765976273710415,0,0.79806,5.97905,-1.37595,0.853805,0.0145932,0.0429282,0.518614,0.799256,5.97917,-1.37121,0.854036,0.0216499,0.0282931,0.518697,-0.0171676,-0.00163845,-0.0680077,-0.00333714,-0.101936,0.211409,-0.0011927
1765976273720509,0,0.797391,5.97897,-1.37851,0.85374,0.0135263,0.0449398,0.51858,0.799019,5.97914,-1.37214,0.853999,0.020625,0.0303933,0.518682,-0.0234427,-0.00255094,-0.0917276,-0.00370241,-0.101538,0.20807,-0.00145262
1765976273720509,0,0.797391,5.97897,-1.37851,0.85374,0.0135263,0.0449398,0.51858,0.799019,5.97914,-1.37214,0.853999,0.020625,0.0303933,0.518682,-0.0234427,-0.00255094,-0.0917276,-0.00370241,-0.101538,0.20807,-0.00145262
1765976273730546,0,0.796594,5.97884,-1.38151,0.853672,0.0124281,0.0469191,0.518545,0.798714,5.97911,-1.37332,0.853958,0.0195895,0.032481,0.518665,-0.0304763,-0.00375313,-0.11782,-0.00411537,-0.10317,0.208,-0.00172216
1765976273730546,0,0.796594,5.97884,-1.38151,0.853672,0.0124281,0.0469191,0.518545,0.798714,5.97911,-1.37332,0.853958,0.0195895,0.032481,0.518665,-0.0304763,-0.00375313,-0.11782,-0.00411537,-0.10317,0.208,-0.00172216
1765976273740464,0,0.795668,5.97868,-1.38495,0.853601,0.0112941,0.0488643,0.518508,0.798334,5.97905,-1.37477,0.853913,0.0185562,0.0345217,0.518645,-0.0382701,-0.00533665,-0.146133,-0.00447726,-0.104179,0.205753,-0.00196519
1765976273740464,0,0.795668,5.97868,-1.38495,0.853601,0.0112941,0.0488643,0.518508,0.798334,5.97905,-1.37477,0.853913,0.0185562,0.0345217,0.518645,-0.0382701,-0.00533665,-0.146133,-0.00447726,-0.104179,0.205753,-0.00196519
1765976273750472,0,0.794611,5.97848,-1.38881,0.853528,0.010122,0.0507748,0.518469,0.797866,5.97898,-1.37653,0.853865,0.0174967,0.0365635,0.518623,-0.0467939,-0.00724213,-0.17642,-0.00484198,-0.105871,0.204017,-0.00220956
1765976273750472,0,0.794611,5.97848,-1.38881,0.853528,0.010122,0.0507748,0.518469,0.797866,5.97898,-1.37653,0.853865,0.0174967,0.0365635,0.518623,-0.0467939,-0.00724213,-0.17642,-0.00484198,-0.105871,0.204017,-0.00220956
1765976273760438,0,0.79342,5.97822,-1.39309,0.853452,0.00890973,0.0526508,0.518428,0.797309,5.97888,-1.37861,0.853813,0.0164179,0.0385845,0.518599,-0.0558666,-0.00956928,-0.207976,-0.0052033,-0.108242,0.202788,-0.00245213
1765976273760438,0,0.79342,5.97822,-1.39309,0.853452,0.00890973,0.0526508,0.518428,0.797309,5.97888,-1.37861,0.853813,0.0164179,0.0385845,0.518599,-0.0558666,-0.00956928,-0.207976,-0.0052033,-0.108242,0.202788,-0.00245213
1765976273770449,0,0.792095,5.97791,-1.39777,0.853374,0.00765586,0.0544937,0.518386,0.796653,5.97876,-1.38102,0.853758,0.015317,0.0405835,0.518572,-0.0655228,-0.0122412,-0.240788,-0.00550142,-0.109976,0.199682,-0.00266735
1765976273770449,0,0.792095,5.97791,-1.39777,0.853374,0.00765586,0.0544937,0.518386,0.796653,5.97876,-1.38102,0.853758,0.015317,0.0405835,0.518572,-0.0655228,-0.0122412,-0.240788,-0.00550142,-0.109976,0.199682,-0.00266735
1765976273780457,0,0.790634,5.97754,-1.40285,0.853294,0.00635993,0.0563049,0.518342,0.795896,5.97861,-1.38376,0.8537,0.0141911,0.0425597,0.518543,-0.0756314,-0.0153419,-0.27432,-0.00582467,-0.112501,0.197462,-0.00288851
1765976273780457,0,0.790634,5.97754,-1.40285,0.853294,0.00635993,0.0563049,0.518342,0.795896,5.97861,-1.38376,0.8537,0.0141911,0.0425597,0.518543,-0.0756314,-0.0153419,-0.27432,-0.00582467,-0.112501,0.197462,-0.00288851
1765976273790514,0,0.789037,5.97711,-1.40831,0.853212,0.00502129,0.0580867,0.518296,0.795029,5.97842,-1.38687,0.853638,0.0130293,0.0445269,0.518512,-0.0861858,-0.0188231,-0.308484,-0.00614004,-0.115517,0.195603,-0.00311743
1765976273790514,0,0.789037,5.97711,-1.40831,0.853212,0.00502129,0.0580867,0.518296,0.795029,5.97842,-1.38687,0.853638,0.0130293,0.0445269,0.518512,-0.0861858,-0.0188231,-0.308484,-0.00614004,-0.115517,0.195603,-0.00311743
1765976273800443,0,0.787303,5.9766,-1.41415,0.853127,0.00363993,0.059841,0.518247,0.794065,5.97819,-1.39027,0.853574,0.0118592,0.0464353,0.518479,-0.0970819,-0.0228117,-0.342872,-0.0064113,-0.117848,0.192211,-0.0033137
1765976273800443,0,0.787303,5.9766,-1.41415,0.853127,0.00363993,0.059841,0.518247,0.794065,5.97819,-1.39027,0.853574,0.0118592,0.0464353,0.518479,-0.0970819,-0.0228117,-0.342872,-0.0064113,-0.117848,0.192211,-0.0033137
1765976273810439,0,0.785432,5.97603,-1.42035,0.853039,0.00221613,0.0615702,0.518197,0.792981,5.97792,-1.39405,0.853507,0.0106476,0.0483369,0.518443,-0.108494,-0.0272383,-0.377997,-0.00672609,-0.121203,0.190228,-0.00354193
1765976273810439,0,0.785432,5.97603,-1.42035,0.853039,0.00221613,0.0615702,0.518197,0.792981,5.97792,-1.39405,0.853507,0.0106476,0.0483369,0.518443,-0.108494,-0.0272383,-0.377997,-0.00672609,-0.121203,0.190228,-0.00354193
1765976273820458,0,0.783423,5.97537,-1.4269,0.852949,0.000750117,0.0632765,0.518145,0.791777,5.9776,-1.39818,0.853437,0.00940364,0.0502146,0.518406,-0.120114,-0.0320779,-0.412824,-0.00700216,-0.124165,0.187418,-0.00374797
1765976273820458,0,0.783423,5.97537,-1.4269,0.852949,0.000750117,0.0632765,0.518145,0.791777,5.9776,-1.39818,0.853437,0.00940364,0.0502146,0.518406,-0.120114,-0.0320779,-0.412824,-0.00700216,-0.124165,0.187418,-0.00374797
1765976273830419,0,0.781276,5.97463,-1.43379,0.852856,-0.000758424,0.0649613,0.51809,0.790463,5.97723,-1.40264,0.853364,0.00812753,0.0520664,0.518366,-0.131967,-0.0373389,-0.447385,-0.00733016,-0.128111,0.185908,-0.00398521
1765976273830419,0,0.781276,5.97463,-1.43379,0.852856,-0.000758424,0.0649613,0.51809,0.790463,5.97723,-1.40264,0.853364,0.00812753,0.0520664,0.518366,-0.131967,-0.0373389,-0.447385,-0.00733016,-0.128111,0.185908,-0.00398521
1765976273840435,0,0.778991,5.9738,-1.441,0.852759,-0.00230917,0.0666266,0.518032,0.789019,5.9768,-1.40747,0.853288,0.00681536,0.053897,0.518324,-0.144156,-0.0430848,-0.481991,-0.00758745,-0.131007,0.182767,-0.00418946
1765976273840435,0,0.778991,5.9738,-1.441,0.852759,-0.00230917,0.0666266,0.518032,0.789019,5.9768,-1.40747,0.853288,0.00681536,0.053897,0.518324,-0.144156,-0.0430848,-0.481991,-0.00758745,-0.131007,0.182767,-0.00418946
1765976273850445,0,0.776569,5.97288,-1.44852,0.852659,-0.00390226,0.0682744,0.517972,0.787453,5.9763,-1.41263,0.853209,0.00546855,0.0557037,0.51828,-0.156455,-0.0492557,-0.515839,-0.00788377,-0.134547,0.180491,-0.00441825
1765976273850445,0,0.776569,5.97288,-1.44852,0.852659,-0.00390226,0.0682744,0.517972,0.787453,5.9763,-1.41263,0.853209,0.00546855,0.0557037,0.51828,-0.156455,-0.0492557,-0.515839,-0.00788377,-0.134547,0.180491,-0.00441825
1765976273860436,0,0.77401,5.97186,-1.45634,0.852556,-0.00553799,0.0699062,0.517909,0.785765,5.97574,-1.41812,0.853127,0.00408556,0.0574883,0.518233,-0.168929,-0.0558402,-0.549215,-0.00820302,-0.138423,0.178617,-0.00465932
1765976273860436,0,0.77401,5.97186,-1.45634,0.852556,-0.00553799,0.0699062,0.517909,0.785765,5.97574,-1.41812,0.853127,0.00408556,0.0574883,0.518233,-0.168929,-0.0558402,-0.549215,-0.00820302,-0.138423,0.178617,-0.00465932
1765976273870426,0,0.771315,5.97074,-1.46444,0.85245,-0.00721635,0.0715239,0.517843,0.783951,5.97512,-1.42393,0.853042,0.00266575,0.0592515,0.518184,-0.181588,-0.0629578,-0.582073,-0.00852006,-0.142124,0.1765,-0.00490441
1765976273870426,0,0.771315,5.97074,-1.46444,0.85245,-0.00721635,0.0715239,0.517843,0.783951,5.97512,-1.42393,0.853042,0.00266575,0.0592515,0.518184,-0.181588,-0.0629578,-0.582073,-0.00852006,-0.142124,0.1765,-0.00490441
1765976273880456,0,0.768484,5.96951,-1.47281,0.852339,-0.00893753,0.0731285,0.517775,0.782002,5.97441,-1.4301,0.852953,0.00120662,0.0609966,0.518133,-0.194366,-0.0704084,-0.614231,-0.00881293,-0.145477,0.173983,-0.00513444
1765976273880456,0,0.768484,5.96951,-1.47281,0.852339,-0.00893753,0.0731285,0.517775,0.782002,5.97441,-1.4301,0.852953,0.00120662,0.0609966,0.518133,-0.194366,-0.0704084,-0.614231,-0.00881293,-0.145477,0.173983,-0.00513444
1765976273890495,0,0.765518,5.96817,-1.48144,0.852224,-0.0107022,0.074721,0.517703,0.779922,5.97362,-1.43657,0.852862,-0.000290633,0.0627221,0.518079,-0.207147,-0.0783725,-0.645243,-0.00912564,-0.149143,0.171882,-0.00538514
1765976273890495,0,0.765518,5.96817,-1.48144,0.852224,-0.0107022,0.074721,0.517703,0.779922,5.97362,-1.43657,0.852862,-0.000290633,0.0627221,0.518079,-0.207147,-0.0783725,-0.645243,-0.00912564,-0.149143,0.171882,-0.00538514
1765976273900483,0,0.762417,5.96672,-1.49031,0.852105,-0.0125112,0.0763029,0.517628,0.777725,5.97276,-1.44332,0.852767,-0.00182647,0.0644289,0.518022,-0.219967,-0.0866977,-0.67532,-0.00951836,-0.153768,0.170884,-0.00567521
1765976273900483,0,0.762417,5.96672,-1.49031,0.852105,-0.0125112,0.0763029,0.517628,0.777725,5.97276,-1.44332,0.852767,-0.00182647,0.0644289,0.518022,-0.219967,-0.0866977,-0.67532,-0.00951836,-0.153768,0.170884,-0.00567521
1765976273910451,0,0.759184,5.96515,-1.49941,0.851981,-0.0143642,0.0778745,0.517549,0.775403,5.9718,-1.45034,0.852668,-0.00340074,0.0661172,0.517963,-0.232989,-0.0955301,-0.704923,-0.00988428,-0.157933,0.169369,-0.00596166
1765976273910451,0,0.759184,5.96515,-1.49941,0.851981,-0.0143642,0.0778745,0.517549,0.775403,5.9718,-1.45034,0.852668,-0.00340074,0.0661172,0.517963,-0.232989,-0.0955301,-0.704923,-0.00988428,-0.157933,0.169369,-0.00596166
1765976273920459,0,0.755819,5.96346,-1.50873,0.851853,-0.0162624,0.0794367,0.517466,0.77294,5.97076,-1.45769,0.852566,-0.00501714,0.0677911,0.5179,-0.24609,-0.104868,-0.733695,-0.0102319,-0.161511,0.167261,-0.00622966
1765976273920459,0,0.755819,5.96346,-1.50873,0.851853,-0.0162624,0.0794367,0.517466,0.77294,5.97076,-1.45769,0.852566,-0.00501714,0.0677911,0.5179,-0.24609,-0.104868,-0.733695,-0.0102319,-0.161511,0.167261,-0.00622966
1765976273930436,0,0.752679,5.96183,-1.51729,0.851734,-0.0180105,0.0808337,0.517389,0.7704,5.96964,-1.46516,0.852461,-0.00664993,0.0694301,0.517836,-0.254603,-0.112172,-0.74895,-0.0104788,-0.163656,0.164276,-0.00643422
1765976273930436,0,0.752679,5.96183,-1.51729,0.851734,-0.0180105,0.0808337,0.517389,0.7704,5.96964,-1.46516,0.852461,-0.00664993,0.0694301,0.517836,-0.254603,-0.112172,-0.74895,-0.0104788,-0.163656,0.164276,-0.00643422
1765976273940562,0,0.748698,5.95969,-1.52795,0.851581,-0.0201891,0.0825421,0.517289,0.767638,5.96837,-1.47315,0.85235,-0.00835472,0.0710811,0.517767,-0.272706,-0.124978,-0.78907,-0.0109426,-0.168357,0.163045,-0.00679867
1765976273940562,0,0.748698,5.95969,-1.52795,0.851581,-0.0201891,0.0825421,0.517289,0.767638,5.96837,-1.47315,0.85235,-0.00835472,0.0710811,0.517767,-0.272706,-0.124978,-0.78907,-0.0109426,-0.168357,0.163045,-0.00679867
1765976273950599,0,0.744945,5.95761,-1.53783,0.851437,-0.0222074,0.0841027,0.517193,0.764776,5.96701,-1.48131,0.852235,-0.0100983,0.0727201,0.517695,-0.285178,-0.135255,-0.812849,-0.0114554,-0.173714,0.163293,-0.00719745
1765976273950599,0,0.744945,5.95761,-1.53783,0.851437,-0.0222074,0.0841027,0.517193,0.764776,5.96701,-1.48131,0.852235,-0.0100983,0.0727201,0.517695,-0.285178,-0.135255,-0.812849,-0.0114554,-0.173714,0.163293,-0.00719745
1765976273960548,0,0.741064,5.95539,-1.54787,0.851288,-0.0242932,0.0856239,0.517096,0.761811,5.96556,-1.48963,0.852117,-0.0118765,0.0743366,0.51762,-0.297969,-0.146085,-0.836502,-0.0119341,-0.178737,0.162479,-0.00754868
1765976273960548,0,0.741064,5.95539,-1.54787,0.851288,-0.0242932,0.0856239,0.517096,0.761811,5.96556,-1.48963,0.852117,-0.0118765,0.0743366,0.51762,-0.297969,-0.146085,-0.836502,-0.0119341,-0.178737,0.162479,-0.00754868
1765976273970675,0,0.737058,5.95302,-1.55806,0.851133,-0.0264371,0.087123,0.516994,0.758661,5.96396,-1.49834,0.851992,-0.0137205,0.0759559,0.517541,-0.311048,-0.157549,-0.859927,-0.0123011,-0.182088,0.1599,-0.007828
1765976273970675,0,0.737058,5.95302,-1.55806,0.851133,-0.0264371,0.087123,0.516994,0.758661,5.96396,-1.49834,0.851992,-0.0137205,0.0759559,0.517541,-0.311048,-0.157549,-0.859927,-0.0123011,-0.182088,0.1599,-0.007828
1765976273980572,0,0.732929,5.95051,-1.56838,0.850974,-0.0286359,0.0886021,0.516888,0.755461,5.96229,-1.50705,0.851865,-0.0155827,0.0775347,0.517459,-0.32336,-0.169064,-0.880176,-0.012846,-0.188152,0.159528,-0.00822673
1765976273980572,0,0.732929,5.95051,-1.56838,0.850974,-0.0286359,0.0886021,0.516888,0.755461,5.96229,-1.50705,0.851865,-0.0155827,0.0775347,0.517459,-0.32336,-0.169064,-0.880176,-0.012846,-0.188152,0.159528,-0.00822673
1765976273990763,0,0.728678,5.94785,-1.57882,0.850809,-0.0308874,0.0900595,0.516778,0.752031,5.96044,-1.51624,0.851731,-0.0175273,0.0791261,0.517373,-0.336567,-0.181405,-0.901878,-0.0131655,-0.190814,0.156155,-0.00849239
1765976273990763,0,0.728678,5.94785,-1.57882,0.850809,-0.0308874,0.0900595,0.516778,0.752031,5.96044,-1.51624,0.851731,-0.0175273,0.0791261,0.517373,-0.336567,-0.181405,-0.901878,-0.0131655,-0.190814,0.156155,-0.00849239
1765976274000663,0,0.724307,5.94504,-1.58937,0.850639,-0.0331911,0.0914949,0.516663,0.748582,5.95853,-1.52534,0.851595,-0.0194748,0.080664,0.517285,-0.348386,-0.19348,-0.918911,-0.0137091,-0.196718,0.155337,-0.00891059
1765976274000663,0,0.724307,5.94504,-1.58937,0.850639,-0.0331911,0.0914949,0.516663,0.748582,5.95853,-1.52534,0.851595,-0.0194748,0.080664,0.517285,-0.348386,-0.19348,-0.918911,-0.0137091,-0.196718,0.155337,-0.00891059
1765976274010586,0,0.719817,5.94207,-1.6,0.850463,-0.0355516,0.0929064,0.516543,0.744995,5.95648,-1.53465,0.851453,-0.021492,0.0822001,0.517191,-0.361466,-0.206727,-0.938261,-0.014314,-0.203289,0.154804,-0.00937648
1765976274010586,0,0.719817,5.94207,-1.6,0.850463,-0.0355516,0.0929064,0.516543,0.744995,5.95648,-1.53465,0.851453,-0.021492,0.0822001,0.517191,-0.361466,-0.206727,-0.938261,-0.014314,-0.203289,0.154804,-0.00937648
1765976274020685,0,0.715212,5.93895,-1.61072,0.850282,-0.0379667,0.0942932,0.516418,0.741215,5.95425,-1.5443,0.851306,-0.023565,0.0837217,0.517094,-0.374266,-0.220264,-0.955964,-0.0145898,-0.205264,0.150672,-0.00963802
1765976274020685,0,0.715212,5.93895,-1.61072,0.850282,-0.0379667,0.0942932,0.516418,0.741215,5.95425,-1.5443,0.851306,-0.023565,0.0837217,0.517094,-0.374266,-0.220264,-0.955964,-0.0145898,-0.205264,0.150672,-0.00963802
1765976274030466,0,0.710492,5.93565,-1.62151,0.850096,-0.0404427,0.0956351,0.516289,0.737439,5.95197,-1.55379,0.851154,-0.0256829,0.0852167,0.516993,-0.386086,-0.233665,-0.970189,-0.0155151,-0.216537,0.152845,-0.0103292
1765976274030466,0,0.710492,5.93565,-1.62151,0.850096,-0.0404427,0.0956351,0.516289,0.737439,5.95197,-1.55379,0.851154,-0.0256829,0.0852167,0.516993,-0.386086,-0.233665,-0.970189,-0.0155151,-0.216537,0.152845,-0.0103292
1765976274040710,0,0.705659,5.9322,-1.63235,0.849906,-0.0429791,0.096924,0.516157,0.733348,5.94942,-1.56391,0.850996,-0.0278703,0.0866973,0.516887,-0.399358,-0.248426,-0.987177,-0.0153957,-0.213531,0.144533,-0.0103278
1765976274040710,0,0.705659,5.9322,-1.63235,0.849906,-0.0429791,0.096924,0.516157,0.733348,5.94942,-1.56391,0.850996,-0.0278703,0.0866973,0.516887,-0.399358,-0.248426,-0.987177,-0.0153957,-0.213531,0.144533,-0.0103278
1765976274050502,0,0.700717,5.92857,-1.64323,0.849713,-0.0455773,0.0981531,0.51602,0.729333,5.94685,-1.57367,0.850836,-0.0300841,0.0881295,0.516779,-0.41005,-0.262036,-0.996856,-0.0163864,-0.226079,0.146266,-0.0110663
1765976274050502,0,0.700717,5.92857,-1.64323,0.849713,-0.0455773,0.0981531,0.51602,0.729333,5.94685,-1.57367,0.850836,-0.0300841,0.0881295,0.516779,-0.41005,-0.262036,-0.996856,-0.0163864,-0.226079,0.146266,-0.0110663
1765976274060438,0,0.695668,5.92476,-1.65415,0.849516,-0.0482401,0.0993101,0.515881,0.72513,5.9441,-1.58371,0.85067,-0.0323618,0.0895321,0.516666,-0.423039,-0.277579,-1.01132,-0.0166708,-0.229234,0.141164,-0.0113318
1765976274060438,0,0.695668,5.92476,-1.65415,0.849516,-0.0482401,0.0993101,0.515881,0.72513,5.9441,-1.58371,0.85067,-0.0323618,0.0895321,0.516666,-0.423039,-0.277579,-1.01132,-0.0166708,-0.229234,0.141164,-0.0113318
1765976274070613,0,0.690514,5.92079,-1.66508,0.849316,-0.050961,0.100397,0.515738,0.720704,5.94112,-1.59412,0.850498,-0.0347304,0.0909157,0.516548,-0.434994,-0.292898,-1.02243,-0.016947,-0.232783,0.135981,-0.0116163
1765976274070613,0,0.690514,5.92079,-1.66508,0.849316,-0.050961,0.100397,0.515738,0.720704,5.94112,-1.59412,0.850498,-0.0347304,0.0909157,0.516548,-0.434994,-0.292898,-1.02243,-0.016947,-0.232783,0.135981,-0.0116163
1765976274080441,0,0.685257,5.91663,-1.67602,0.849114,-0.0537521,0.101375,0.515595,0.716326,5.93809,-1.60423,0.850326,-0.0370894,0.0922128,0.51643,-0.445434,-0.307751,-1.02916,-0.0174544,-0.240031,0.131977,-0.0120265
1765976274080441,0,0.685257,5.91663,-1.67602,0.849114,-0.0537521,0.101375,0.515595,0.716326,5.93809,-1.60423,0.850326,-0.0370894,0.0922128,0.51643,-0.445434,-0.307751,-1.02916,-0.0174544,-0.240031,0.131977,-0.0120265
1765976274090627,0,0.679902,5.91228,-1.68695,0.848913,-0.0566043,0.102236,0.515451,0.711664,5.93479,-1.61482,0.850146,-0.0395741,0.093489,0.516305,-0.457714,-0.324274,-1.03944,-0.0176544,-0.243932,0.125289,-0.0122299
1765976274090627,0,0.679902,5.91228,-1.68695,0.848913,-0.0566043,0.102236,0.515451,0.711664,5.93479,-1.61482,0.850146,-0.0395741,0.093489,0.516305,-0.457714,-0.324274,-1.03944,-0.0176544,-0.243932,0.125289,-0.0122299
1765976274100492,0,0.67445,5.90776,-1.69787,0.848717,-0.0594879,0.102936,0.51531,0.70705,5.93144,-1.62512,0.849969,-0.0420447,0.0946611,0.516182,-0.467647,-0.339659,-1.04358,-0.017975,-0.250447,0.118811,-0.0125251
1765976274100492,0,0.67445,5.90776,-1.69787,0.848717,-0.0594879,0.102936,0.51531,0.70705,5.93144,-1.62512,0.849969,-0.0420447,0.0946611,0.516182,-0.467647,-0.339659,-1.04358,-0.017975,-0.250447,0.118811,-0.0125251
1765976274110472,0,0.668905,5.90304,-1.70876,0.848534,-0.0623821,0.103398,0.515177,0.702266,5.92788,-1.6356,0.849788,-0.0446027,0.09576,0.516055,-0.479346,-0.356816,-1.05106,-0.0180845,-0.25631,0.11011,-0.0126675
1765976274110472,0,0.668905,5.90304,-1.70876,0.848534,-0.0623821,0.103398,0.515177,0.702266,5.92788,-1.6356,0.849788,-0.0446027,0.09576,0.516055,-0.479346,-0.356816,-1.05106,-0.0180845,-0.25631,0.11011,-0.0126675
1765976274120503,0,0.66327,5.89813,-1.71961,0.848368,-0.0652626,0.103586,0.515055,0.697351,5.92413,-1.64619,0.84961,-0.0471976,0.0967429,0.51593,-0.49004,-0.373778,-1.05562,-0.0177786,-0.258688,0.0979925,-0.0125258
1765976274120503,0,0.66327,5.89813,-1.71961,0.848368,-0.0652626,0.103586,0.515055,0.697351,5.92413,-1.64619,0.84961,-0.0471976,0.0967429,0.51593,-0.49004,-0.373778,-1.05562,-0.0177786,-0.258688,0.0979925,-0.0125258
1765976274130461,0,0.657551,5.89303,-1.73041,0.848219,-0.0681581,0.103471,0.514949,0.69237,5.92024,-1.65673,0.849436,-0.0498289,0.0975876,0.515807,-0.500133,-0.39074,-1.05835,-0.0175378,-0.264244,0.0848212,-0.0123663
1765976274130461,0,0.657551,5.89303,-1.73041,0.848219,-0.0681581,0.103471,0.514949,0.69237,5.92024,-1.65673,0.849436,-0.0498289,0.0975876,0.515807,-0.500133,-0.39074,-1.05835,-0.0175378,-0.264244,0.0848212,-0.0123663
1765976274140632,0,0.65175,5.88774,-1.74116,0.848084,-0.0710858,0.103063,0.514858,0.687179,5.91608,-1.66752,0.849263,-0.0525352,0.0982846,0.515686,-0.510446,-0.408389,-1.06095,-0.0169186,-0.266071,0.0685327,-0.0118729
1765976274140632,0,0.65175,5.88774,-1.74116,0.848084,-0.0710858,0.103063,0.514858,0.687179,5.91608,-1.66752,0.849263,-0.0525352,0.0982846,0.515686,-0.510446,-0.408389,-1.06095,-0.0169186,-0.266071,0.0685327,-0.0118729
1765976274150588,0,0.645874,5.88225,-1.75184,0.847958,-0.074072,0.102374,0.514782,0.682011,5.91185,-1.67807,0.8491,-0.0552364,0.0987976,0.515573,-0.519056,-0.425207,-1.05958,-0.0164577,-0.271319,0.0515202,-0.0113809
1765976274150588,0,0.645874,5.88225,-1.75184,0.847958,-0.074072,0.102374,0.514782,0.682011,5.91185,-1.67807,0.8491,-0.0552364,0.0987976,0.515573,-0.519056,-0.425207,-1.05958,-0.0164577,-0.271319,0.0515202,-0.0113809
1765976274160436,0,0.639926,5.87655,-1.76245,0.847839,-0.0771247,0.101392,0.514723,0.676803,5.90748,-1.68851,0.848943,-0.0579551,0.0991198,0.515467,-0.528852,-0.443524,-1.06028,-0.0158998,-0.276062,0.0327249,-0.0107068
1765976274160436,0,0.639926,5.87655,-1.76245,0.847839,-0.0771247,0.101392,0.514723,0.676803,5.90748,-1.68851,0.848943,-0.0579551,0.0991198,0.515467,-0.528852,-0.443524,-1.06028,-0.0158998,-0.276062,0.0327249,-0.0107068
1765976274170582,0,0.633913,5.87067,-1.77297,0.847732,-0.0802178,0.100064,0.514687,0.671335,5.90279,-1.69928,0.848789,-0.0607804,0.0992396,0.515368,-0.538962,-0.462644,-1.06126,-0.015145,-0.278466,0.0118074,-0.00975787
1765976274170582,0,0.633913,5.87067,-1.77297,0.847732,-0.0802178,0.100064,0.514687,0.671335,5.90279,-1.69928,0.848789,-0.0607804,0.0992396,0.515368,-0.538962,-0.462644,-1.06126,-0.015145,-0.278466,0.0118074,-0.00975787
1765976274180543,0,0.627839,5.86457,-1.78342,0.847563,-0.0833019,0.096615,0.515135,0.66589,5.898,-1.70981,0.848637,-0.0635834,0.098913,0.515339,-0.546584,-0.480284,-1.05731,-0.0153245,-0.281394,-0.0327927,-0.0029201
1765976274180543,0,0.627839,5.86457,-1.78342,0.847563,-0.0833019,0.096615,0.515135,0.66589,5.898,-1.70981,0.848637,-0.0635834,0.098913,0.515339,-0.546584,-0.480284,-1.05731,-0.0153245,-0.281394,-0.0327927,-0.0029201
1765976274190578,0,0.621708,5.85825,-1.79387,0.847089,-0.0862707,0.0885361,0.516874,0.660319,5.89299,-1.72041,0.848442,-0.0664435,0.0976048,0.515532,-0.555199,-0.49955,-1.05624,-0.0194346,-0.285013,-0.130362,0.0192802
1765976274190578,0,0.621708,5.85825,-1.79387,0.847089,-0.0862707,0.0885361,0.516874,0.660319,5.89299,-1.72041,0.848442,-0.0664435,0.0976048,0.515532,-0.555199,-0.49955,-1.05624,-0.0194346,-0.285013,-0.130362,0.0192802
1765976274200532,0,0.61554,5.85172,-1.8043,0.846178,-0.0893592,0.0784452,0.519465,0.654717,5.88783,-1.73091,0.848158,-0.0693151,0.0952039,0.516025,-0.562705,-0.518657,-1.05419,-0.0284969,-0.288489,-0.241202,0.0495029
1765976274200532,0,0.61554,5.85172,-1.8043,0.846178,-0.0893592,0.0784452,0.519465,0.654717,5.88783,-1.73091,0.848158,-0.0693151,0.0952039,0.516025,-0.562705,-0.518657,-1.05419,-0.0284969,-0.288489,-0.241202,0.0495029
1765976274210530,0,0.609354,5.84498,-1.81472,0.8448,-0.092697,0.0675926,0.522638,0.649018,5.88244,-1.74144,0.847736,-0.0722519,0.0917359,0.516856,-0.570054,-0.538505,-1.05328,-0.0421847,-0.293738,-0.346869,0.0830757
1765976274210530,0,0.609354,5.84498,-1.81472,0.8448,-0.092697,0.0675926,0.522638,0.649018,5.88244,-1.74144,0.847736,-0.0722519,0.0917359,0.516856,-0.570054,-0.538505,-1.05328,-0.0421847,-0.293738,-0.346869,0.0830757
1765976274220536,0,0.603175,5.83803,-1.82513,0.842976,-0.0963114,0.0565089,0.526234,0.643254,5.87686,-1.75196,0.847134,-0.0752949,0.0872804,0.518042,-0.576085,-0.558089,-1.05165,-0.0601765,-0.304123,-0.445286,0.118548
1765976274220536,0,0.603175,5.83803,-1.82513,0.842976,-0.0963114,0.0565089,0.526234,0.643254,5.87686,-1.75196,0.847134,-0.0752949,0.0872804,0.518042,-0.576085,-0.558089,-1.05165,-0.0601765,-0.304123,-0.445286,0.118548
1765976274230490,0,0.597024,5.8309,-1.8355,0.840736,-0.100182,0.0454176,0.530154,0.637471,5.87111,-1.76241,0.846333,-0.0784104,0.0820397,0.519558,-0.580939,-0.577579,-1.04979,-0.0804609,-0.312991,-0.526486,0.152329
1765976274230490,0,0.597024,5.8309,-1.8355,0.840736,-0.100182,0.0454176,0.530154,0.637471,5.87111,-1.76241,0.846333,-0.0784104,0.0820397,0.519558,-0.580939,-0.577579,-1.04979,-0.0804609,-0.312991,-0.526486,0.152329
1765976274240470,0,0.590925,5.82357,-1.84584,0.838114,-0.104274,0.0344101,0.534329,0.631634,5.86515,-1.77287,0.845303,-0.0816518,0.0760706,0.52141,-0.584914,-0.597337,-1.04846,-0.103215,-0.324789,-0.598111,0.185491
1765976274240470,0,0.590925,5.82357,-1.84584,0.838114,-0.104274,0.0344101,0.534329,0.631634,5.86515,-1.77287,0.845303,-0.0816518,0.0760706,0.52141,-0.584914,-0.597337,-1.04846,-0.103215,-0.324789,-0.598111,0.185491
1765976274250622,0,0.5849,5.81607,-1.85614,0.835136,-0.108538,0.0235321,0.538715,0.625672,5.85889,-1.7835,0.844018,-0.0850511,0.0694281,0.523597,-0.587269,-0.616713,-1.04642,-0.126625,-0.334838,-0.6543,0.215521
1765976274250622,0,0.5849,5.81607,-1.85614,0.835136,-0.108538,0.0235321,0.538715,0.625672,5.85889,-1.7835,0.844018,-0.0850511,0.0694281,0.523597,-0.587269,-0.616713,-1.04642,-0.126625,-0.334838,-0.6543,0.215521
1765976274260533,0,0.578972,5.8084,-1.8664,0.831869,-0.112583,0.0130085,0.543278,0.619855,5.8526,-1.79382,0.842501,-0.088488,0.062385,0.526054,-0.586845,-0.634452,-1.04177,-0.15302,-0.346776,-0.710635,0.247885
1765976274260533,0,0.578972,5.8084,-1.8664,0.831869,-0.112583,0.0130085,0.543278,0.619855,5.8526,-1.79382,0.842501,-0.088488,0.062385,0.526054,-0.586845,-0.634452,-1.04177,-0.15302,-0.346776,-0.710635,0.247885
1765976274270654,0,0.573161,5.80056,-1.87659,0.828395,-0.11595,0.00304427,0.548004,0.613917,5.84598,-1.80435,0.840724,-0.0919476,0.0549094,0.52882,-0.586783,-0.653984,-1.04014,-0.175587,-0.341826,-0.738625,0.273218
1765976274270654,0,0.573161,5.80056,-1.87659,0.828395,-0.11595,0.00304427,0.548004,0.613917,5.84598,-1.80435,0.840724,-0.0919476,0.0549094,0.52882,-0.586783,-0.653984,-1.04014,-0.175587,-0.341826,-0.738625,0.273218
1765976274280539,0,0.567486,5.79256,-1.88673,0.824757,-0.118472,-0.00634849,0.552901,0.608149,5.83935,-1.81458,0.838722,-0.0952738,0.0472277,0.531839,-0.583468,-0.671286,-1.03517,-0.202553,-0.336482,-0.77711,0.3055
1765976274280539,0,0.567486,5.79256,-1.88673,0.824757,-0.118472,-0.00634849,0.552901,0.608149,5.83935,-1.81458,0.838722,-0.0952738,0.0472277,0.531839,-0.583468,-0.671286,-1.03517,-0.202553,-0.336482,-0.77711,0.3055
1765976274290574,0,0.561963,5.78442,-1.89679,0.820967,-0.120141,-0.0152288,0.557984,0.602325,5.83242,-1.82495,0.83649,-0.0983996,0.0393768,0.535126,-0.580384,-0.690238,-1.033,-0.222399,-0.311496,-0.782348,0.327502
1765976274290574,0,0.561963,5.78442,-1.89679,0.820967,-0.120141,-0.0152288,0.557984,0.602325,5.83242,-1.82495,0.83649,-0.0983996,0.0393768,0.535126,-0.580384,-0.690238,-1.033,-0.222399,-0.311496,-0.782348,0.327502
1765976274300528,0,0.556608,5.77613,-1.90676,0.817027,-0.121025,-0.0236739,0.563258,0.596606,5.82538,-1.83518,0.834042,-0.101245,0.0314481,0.538664,-0.574496,-0.707304,-1.02813,-0.24588,-0.285832,-0.796537,0.3554
1765976274300528,0,0.556608,5.77613,-1.90676,0.817027,-0.121025,-0.0236739,0.563258,0.596606,5.82538,-1.83518,0.834042,-0.101245,0.0314481,0.538664,-0.574496,-0.707304,-1.02813,-0.24588,-0.285832,-0.796537,0.3554
1765976274310573,0,0.551433,5.76772,-1.91665,0.812923,-0.121219,-0.0317544,0.56873,0.590904,5.8181,-1.84547,0.831391,-0.103752,0.0235138,0.542438,-0.567665,-0.724489,-1.02381,-0.263946,-0.249633,-0.789877,0.375755
1765976274310573,0,0.551433,5.76772,-1.91665,0.812923,-0.121219,-0.0317544,0.56873,0.590904,5.8181,-1.84547,0.831391,-0.103752,0.0235138,0.542438,-0.567665,-0.724489,-1.02381,-0.263946,-0.249633,-0.789877,0.375755
1765976274320661,0,0.546449,5.75919,-1.92645,0.80865,-0.120821,-0.0395315,0.574391,0.585268,5.81063,-1.85573,0.828512,-0.105913,0.0155318,0.546483,-0.558646,-0.74026,-1.01763,-0.285409,-0.214217,-0.791229,0.401014
1765976274320661,0,0.546449,5.75919,-1.92645,0.80865,-0.120821,-0.0395315,0.574391,0.585268,5.81063,-1.85573,0.828512,-0.105913,0.0155318,0.546483,-0.558646,-0.74026,-1.01763,-0.285409,-0.214217,-0.791229,0.401014
1765976274330679,0,0.541666,5.75055,-1.93614,0.804205,-0.119917,-0.0470544,0.580225,0.579779,5.80307,-1.86585,0.825454,-0.107675,0.00765916,0.550728,-0.547919,-0.755,-1.01039,-0.305211,-0.175838,-0.785853,0.423664
1765976274330679,0,0.541666,5.75055,-1.93614,0.804205,-0.119917,-0.0470544,0.580225,0.579779,5.80307,-1.86585,0.825454,-0.107675,0.00765916,0.550728,-0.547919,-0.755,-1.01039,-0.305211,-0.175838,-0.785853,0.423664
1765976274340662,0,0.537094,5.74182,-1.94571,0.7996,-0.118576,-0.0543645,0.586194,0.574425,5.79539,-1.87587,0.822227,-0.109036,-8.35187e-05,0.555155,-0.536406,-0.769636,-1.00355,-0.323291,-0.13632,-0.775586,0.443497
1765976274340662,0,0.537094,5.74182,-1.94571,0.7996,-0.118576,-0.0543645,0.586194,0.574425,5.79539,-1.87587,0.822227,-0.109036,-8.35187e-05,0.555155,-0.536406,-0.769636,-1.00355,-0.323291,-0.13632,-0.775586,0.443497
1765976274350607,0,0.532739,5.73301,-1.95518,0.794861,-0.116847,-0.0614953,0.592251,0.569215,5.78759,-1.88578,0.818791,-0.110016,-0.00779304,0.559812,-0.523832,-0.783893,-0.996539,-0.345449,-0.0986069,-0.775215,0.468273
1765976274350607,0,0.532739,5.73301,-1.95518,0.794861,-0.116847,-0.0614953,0.592251,0.569215,5.78759,-1.88578,0.818791,-0.110016,-0.00779304,0.559812,-0.523832,-0.783893,-0.996539,-0.345449,-0.0986069,-0.775215,0.468273
1765976274360555,0,0.52861,5.72412,-1.96451,0.790013,-0.114764,-0.0684733,0.598347,0.564139,5.77966,-1.89563,0.815178,-0.110613,-0.0154115,0.56465,-0.510258,-0.797557,-0.989336,-0.3632,-0.0599177,-0.765827,0.48634
1765976274360555,0,0.52861,5.72412,-1.96451,0.790013,-0.114764,-0.0684733,0.598347,0.564139,5.77966,-1.89563,0.815178,-0.110613,-0.0154115,0.56465,-0.510258,-0.797557,-0.989336,-0.3632,-0.0599177,-0.765827,0.48634
1765976274370596,0,0.524711,5.71518,-1.97372,0.7851,-0.112346,-0.0753208,0.604419,0.559164,5.77152,-1.90548,0.811393,-0.110831,-0.022952,0.569656,-0.495465,-0.810162,-0.981337,-0.377027,-0.0217292,-0.750968,0.498516
1765976274370596,0,0.524711,5.71518,-1.97372,0.7851,-0.112346,-0.0753208,0.604419,0.559164,5.77152,-1.90548,0.811393,-0.110831,-0.022952,0.569656,-0.495465,-0.810162,-0.981337,-0.377027,-0.0217292,-0.750968,0.498516
1765976274380522,0,0.521048,5.7062,-1.98279,0.78019,-0.109595,-0.0820578,0.610376,0.55441,5.76337,-1.91512,0.807478,-0.110676,-0.0303668,0.574764,-0.478975,-0.820846,-0.971473,-0.394354,0.0156142,-0.747012,0.51465
1765976274380522,0,0.521048,5.7062,-1.98279,0.78019,-0.109595,-0.0820578,0.610376,0.55441,5.76337,-1.91512,0.807478,-0.110676,-0.0303668,0.574764,-0.478975,-0.820846,-0.971473,-0.394354,0.0156142,-0.747012,0.51465
1765976274390606,0,0.517626,5.69719,-1.99171,0.775411,-0.106486,-0.0887051,0.61606,0.549748,5.75499,-1.92483,0.803444,-0.110149,-0.0377051,0.579959,-0.462243,-0.831722,-0.962446,-0.400014,0.0522642,-0.72772,0.515121
1765976274390606,0,0.517626,5.69719,-1.99171,0.775411,-0.106486,-0.0887051,0.61606,0.549748,5.75499,-1.92483,0.803444,-0.110149,-0.0377051,0.579959,-0.462243,-0.831722,-0.962446,-0.400014,0.0522642,-0.72772,0.515121
1765976274400478,0,0.514447,5.68816,-2.00048,0.770996,-0.102944,-0.0952821,0.6212,0.545369,5.7467,-1.93421,0.799368,-0.109244,-0.0449376,0.585139,-0.443605,-0.839778,-0.950752,-0.412885,0.0916734,-0.732622,0.524765
1765976274400478,0,0.514447,5.68816,-2.00048,0.770996,-0.102944,-0.0952821,0.6212,0.545369,5.7467,-1.93421,0.799368,-0.109244,-0.0449376,0.585139,-0.443605,-0.839778,-0.950752,-0.412885,0.0916734,-0.732622,0.524765
1765976274410558,0,0.511518,5.67912,-2.00911,0.767354,-0.098573,-0.101727,0.625383,0.541081,5.73814,-1.9437,0.795349,-0.107904,-0.0520682,0.590192,-0.425387,-0.849224,-0.941186,-0.398795,0.13292,-0.707402,0.5013
1765976274410558,0,0.511518,5.67912,-2.00911,0.767354,-0.098573,-0.101727,0.625383,0.541081,5.73814,-1.9437,0.795349,-0.107904,-0.0520682,0.590192,-0.425387,-0.849224,-0.941186,-0.398795,0.13292,-0.707402,0.5013
1765976274420637,0,0.508848,5.6701,-2.01762,0.765034,-0.0920546,-0.107655,0.628219,0.536999,5.72952,-1.95306,0.791535,-0.10591,-0.0590618,0.594976,-0.40505,-0.855033,-0.928848,-0.378403,0.197844,-0.693886,0.474673
1765976274420637,0,0.508848,5.6701,-2.01762,0.765034,-0.0920546,-0.107655,0.628219,0.536999,5.72952,-1.95306,0.791535,-0.10591,-0.0590618,0.594976,-0.40505,-0.855033,-0.928848,-0.378403,0.197844,-0.693886,0.474673
1765976274430574,0,0.506452,5.6611,-2.02605,0.764263,-0.082577,-0.112782,0.629574,0.533184,5.72097,-1.96218,0.78811,-0.102979,-0.0658084,0.599321,-0.383858,-0.859766,-0.917169,-0.344672,0.294891,-0.678937,0.437255
1765976274430574,0,0.506452,5.6611,-2.02605,0.764263,-0.082577,-0.112782,0.629574,0.533184,5.72097,-1.96218,0.78811,-0.102979,-0.0658084,0.599321,-0.383858,-0.859766,-0.917169,-0.344672,0.294891,-0.678937,0.437255
1765976274440640,0,0.504318,5.65215,-2.03439,0.76514,-0.0712621,-0.116736,0.629171,0.529533,5.71227,-1.97131,0.785222,-0.0989922,-0.0722107,0.603074,-0.362744,-0.864901,-0.907416,-0.286873,0.396117,-0.636031,0.372787
1765976274440640,0,0.504318,5.65215,-2.03439,0.76514,-0.0712621,-0.116736,0.629171,0.529533,5.71227,-1.97131,0.785222,-0.0989922,-0.0722107,0.603074,-0.362744,-0.864901,-0.907416,-0.286873,0.396117,-0.636031,0.372787
1765976274450652,0,0.502429,5.64326,-2.0426,0.767796,-0.058786,-0.119039,0.626788,0.526123,5.70359,-1.98028,0.783031,-0.0939372,-0.0780983,0.606055,-0.340595,-0.867137,-0.895868,-0.218826,0.504892,-0.588053,0.297785
1765976274450652,0,0.502429,5.64326,-2.0426,0.767796,-0.058786,-0.119039,0.626788,0.526123,5.70359,-1.98028,0.783031,-0.0939372,-0.0780983,0.606055,-0.340595,-0.867137,-0.895868,-0.218826,0.504892,-0.588053,0.297785
1765976274460604,0,0.500767,5.63446,-2.05067,0.772351,-0.0456817,-0.11905,0.622265,0.522952,5.69494,-1.98908,0.78169,-0.0878787,-0.0832398,0.608091,-0.318638,-0.868675,-0.884571,-0.134739,0.608772,-0.516625,0.204502
1765976274460604,0,0.500767,5.63446,-2.05067,0.772351,-0.0456817,-0.11905,0.622265,0.522952,5.69494,-1.98908,0.78169,-0.0878787,-0.0832398,0.608091,-0.318638,-0.868675,-0.884571,-0.134739,0.608772,-0.516625,0.204502
1765976274470611,0,0.499321,5.62576,-2.05862,0.778715,-0.0326019,-0.116299,0.615642,0.51998,5.68624,-1.99783,0.781316,-0.0809296,-0.0873958,0.60904,-0.296951,-0.869429,-0.873812,-0.0373698,0.69442,-0.415313,0.09486
1765976274470611,0,0.499321,5.62576,-2.05862,0.778715,-0.0326019,-0.116299,0.615642,0.51998,5.68624,-1.99783,0.781316,-0.0809296,-0.0873958,0.60904,-0.296951,-0.869429,-0.873812,-0.0373698,0.69442,-0.415313,0.09486
1765976274480584,0,0.498084,5.61717,-2.06649,0.786624,-0.0202213,-0.111003,0.607036,0.517236,5.67758,-2.00643,0.781983,-0.0733031,-0.0903615,0.608788,-0.275151,-0.868042,-0.862854,0.0668543,0.76472,-0.29737,-0.0252452
1765976274480584,0,0.498084,5.61717,-2.06649,0.786624,-0.0202213,-0.111003,0.607036,0.517236,5.67758,-2.00643,0.781983,-0.0733031,-0.0903615,0.608788,-0.275151,-0.868042,-0.862854,0.0668543,0.76472,-0.29737,-0.0252452
1765976274490592,0,0.497041,5.60871,-2.07432,0.795821,-0.00910846,-0.103654,0.596524,0.514696,5.66892,-2.01497,0.783723,-0.0652297,-0.0920333,0.607246,-0.253778,-0.86553,-0.853118,0.173895,0.806694,-0.167044,-0.15411
1765976274490592,0,0.497041,5.60871,-2.07432,0.795821,-0.00910846,-0.103654,0.596524,0.514696,5.66892,-2.01497,0.783723,-0.0652297,-0.0920333,0.607246,-0.253778,-0.86553,-0.853118,0.173895,0.806694,-0.167044,-0.15411
1765976274500554,0,0.496172,5.60038,-2.08214,0.806074,0.000481743,-0.0949696,0.584145,0.512377,5.66034,-2.02338,0.786531,-0.0569746,-0.0924021,0.604344,-0.232776,-0.861294,-0.844038,0.281857,0.828655,-0.0370278,-0.291322
1765976274500554,0,0.496172,5.60038,-2.08214,0.806074,0.000481743,-0.0949696,0.584145,0.512377,5.66034,-2.02338,0.786531,-0.0569746,-0.0924021,0.604344,-0.232776,-0.861294,-0.844038,0.281857,0.828655,-0.0370278,-0.291322
1765976274510569,0,0.495456,5.5922,-2.08995,0.817168,0.00874028,-0.0857378,0.56992,0.510248,5.65177,-2.03176,0.790377,-0.0487265,-0.0915657,0.600023,-0.212642,-0.856307,-0.836548,0.383963,0.823572,0.0835202,-0.431421
1765976274510569,0,0.495456,5.5922,-2.08995,0.817168,0.00874028,-0.0857378,0.56992,0.510248,5.65177,-2.03176,0.790377,-0.0487265,-0.0915657,0.600023,-0.212642,-0.856307,-0.836548,0.383963,0.823572,0.0835202,-0.431421
1765976274520494,0,0.49487,5.58415,-2.09776,0.828937,0.0160905,-0.0765471,0.553846,0.50833,5.64333,-2.03999,0.795224,-0.0405781,-0.0896776,0.594218,-0.193245,-0.849611,-0.829504,0.488422,0.820999,0.190231,-0.584894
1765976274520494,0,0.49487,5.58415,-2.09776,0.828937,0.0160905,-0.0765471,0.553846,0.50833,5.64333,-2.03999,0.795224,-0.0405781,-0.0896776,0.594218,-0.193245,-0.849611,-0.829504,0.488422,0.820999,0.190231,-0.584894
1765976274530536,0,0.494392,5.57624,-2.10558,0.841258,0.0229431,-0.0676554,0.535893,0.506571,5.63487,-2.04827,0.801038,-0.0325551,-0.0868961,0.586851,-0.175146,-0.843083,-0.824232,0.578994,0.798947,0.276988,-0.733591
1765976274530536,0,0.494392,5.57624,-2.10558,0.841258,0.0229431,-0.0676554,0.535893,0.506571,5.63487,-2.04827,0.801038,-0.0325551,-0.0868961,0.586851,-0.175146,-0.843083,-0.824232,0.578994,0.798947,0.276988,-0.733591
1765976274540552,0,0.494001,5.56847,-2.11338,0.854045,0.0294584,-0.0590147,0.516001,0.504989,5.62651,-2.05646,0.807711,-0.024749,-0.0833865,0.577933,-0.157956,-0.83437,-0.818255,0.666166,0.779362,0.350403,-0.890422
1765976274540552,0,0.494001,5.56847,-2.11338,0.854045,0.0294584,-0.0590147,0.516001,0.504989,5.62651,-2.05646,0.807711,-0.024749,-0.0833865,0.577933,-0.157956,-0.83437,-0.818255,0.666166,0.779362,0.350403,-0.890422
1765976274550520,0,0.493678,5.56083,-2.12116,0.867205,0.0356426,-0.0505269,0.494098,0.503572,5.61828,-2.06457,0.81515,-0.0171979,-0.0792779,0.56745,-0.142135,-0.825376,-0.813058,0.746272,0.757533,0.41218,-1.0516
1765976274550520,0,0.493678,5.56083,-2.12116,0.867205,0.0356426,-0.0505269,0.494098,0.503572,5.61828,-2.06457,0.81515,-0.0171979,-0.0792779,0.56745,-0.142135,-0.825376,-0.813058,0.746272,0.757533,0.41218,-1.0516
1765976274560466,0,0.493405,5.55332,-2.12891,0.880624,0.0414734,-0.0421484,0.470112,0.502301,5.61016,-2.07261,0.823361,-0.00983981,-0.0746214,0.555243,-0.127767,-0.816319,-0.808624,0.825584,0.739806,0.468177,-1.22737
1765976274560466,0,0.493405,5.55332,-2.12891,0.880624,0.0414734,-0.0421484,0.470112,0.502301,5.61016,-2.07261,0.823361,-0.00983981,-0.0746214,0.555243,-0.127767,-0.816319,-0.808624,0.825584,0.739806,0.468177,-1.22737
1765976274570482,0,0.493164,5.54595,-2.13663,0.894168,0.0469421,-0.0338761,0.443973,0.501151,5.60208,-2.08067,0.832266,-0.00269867,-0.0694971,0.541249,-0.114823,-0.806996,-0.804472,0.889077,0.712973,0.511612,-1.39714
1765976274570482,0,0.493164,5.54595,-2.13663,0.894168,0.0469421,-0.0338761,0.443973,0.501151,5.60208,-2.08067,0.832266,-0.00269867,-0.0694971,0.541249,-0.114823,-0.806996,-0.804472,0.889077,0.712973,0.511612,-1.39714
1765976274580519,0,0.49294,5.5387,-2.14429,0.907688,0.0520594,-0.025714,0.415609,0.500116,5.59409,-2.08869,0.84179,0.00421615,-0.0639682,0.525383,-0.103181,-0.796471,-0.799487,0.948918,0.688934,0.550852,-1.58073
1765976274580519,0,0.49294,5.5387,-2.14429,0.907688,0.0520594,-0.025714,0.415609,0.500116,5.59409,-2.08869,0.84179,0.00421615,-0.0639682,0.525383,-0.103181,-0.796471,-0.799487,0.948918,0.688934,0.550852,-1.58073
1765976274590521,0,0.492719,5.53159,-2.15189,0.921016,0.0568415,-0.0176535,0.384951,0.499186,5.58623,-2.09663,0.851745,0.0108286,-0.0581487,0.507738,-0.0929438,-0.785384,-0.794156,0.995282,0.661112,0.581833,-1.76419
1765976274590521,0,0.492719,5.53159,-2.15189,0.921016,0.0568415,-0.0176535,0.384951,0.499186,5.58623,-2.09663,0.851745,0.0108286,-0.0581487,0.507738,-0.0929438,-0.785384,-0.794156,0.995282,0.661112,0.581833,-1.76419
1765976274600531,0,0.492488,5.52461,-2.15942,0.933964,0.0612943,-0.00967272,0.351938,0.498343,5.57848,-2.10453,0.862085,0.0171754,-0.0520521,0.488144,-0.0841759,-0.77442,-0.788949,1.03299,0.634044,0.609045,-1.95744
1765976274600531,0,0.492488,5.52461,-2.15942,0.933964,0.0612943,-0.00967272,0.351938,0.498343,5.57848,-2.10453,0.862085,0.0171754,-0.0520521,0.488144,-0.0841759,-0.77442,-0.788949,1.03299,0.634044,0.609045,-1.95744
1765976274610446,0,0.492233,5.51776,-2.16686,0.946327,0.0654099,-0.00174807,0.316519,0.497582,5.57091,-2.1123,0.872603,0.0231979,-0.0457712,0.466715,-0.0767857,-0.763036,-0.783307,1.06085,0.607417,0.633478,-2.16127
1765976274610446,0,0.492233,5.51776,-2.16686,0.946327,0.0654099,-0.00174807,0.316519,0.497582,5.57091,-2.1123,0.872603,0.0231979,-0.0457712,0.466715,-0.0767857,-0.763036,-0.783307,1.06085,0.607417,0.633478,-2.16127
1765976274620454,0,0.491944,5.51105,-2.17422,0.957878,0.0691724,0.00613691,0.278653,0.496873,5.56339,-2.12009,0.88332,0.0289758,-0.0392476,0.44308,-0.070855,-0.752324,-0.778124,1.07084,0.577328,0.65184,-2.3616
1765976274620454,0,0.491944,5.51105,-2.17422,0.957878,0.0691724,0.00613691,0.278653,0.496873,5.56339,-2.12009,0.88332,0.0289758,-0.0392476,0.44308,-0.070855,-0.752324,-0.778124,1.07084,0.577328,0.65184,-2.3616
1765976274630450,0,0.49161,5.50447,-2.18147,0.968373,0.0725638,0.0139915,0.238314,0.496212,5.55598,-2.1278,0.894006,0.0344521,-0.0325587,0.417353,-0.0661369,-0.7403,-0.771402,1.06901,0.547852,0.669156,-2.57369
1765976274630450,0,0.49161,5.50447,-2.18147,0.968373,0.0725638,0.0139915,0.238314,0.496212,5.55598,-2.1278,0.894006,0.0344521,-0.0325587,0.417353,-0.0661369,-0.7403,-0.771402,1.06901,0.547852,0.669156,-2.57369
1765976274640460,0,0.491222,5.49804,-2.18861,0.977549,0.0755001,0.0218088,0.195504,0.495584,5.5487,-2.13545,0.904506,0.0396109,-0.025726,0.389472,-0.062701,-0.728213,-0.764226,1.04889,0.515361,0.682588,-2.78534
1765976274640460,0,0.491222,5.49804,-2.18861,0.977549,0.0755001,0.0218088,0.195504,0.495584,5.5487,-2.13545,0.904506,0.0396109,-0.025726,0.389472,-0.062701,-0.728213,-0.764226,1.04889,0.515361,0.682588,-2.78534
1765976274650498,0,0.490772,5.49175,-2.19564,0.985141,0.0778074,0.029413,0.15026,0.494977,5.54151,-2.14304,0.914648,0.0444151,-0.0187908,0.359385,-0.0604716,-0.715636,-0.756394,1.01036,0.478605,0.690896,-2.99734
1765976274650498,0,0.490772,5.49175,-2.19564,0.985141,0.0778074,0.029413,0.15026,0.494977,5.54151,-2.14304,0.914648,0.0444151,-0.0187908,0.359385,-0.0604716,-0.715636,-0.756394,1.01036,0.478605,0.690896,-2.99734
1765976274660568,0,0.490252,5.4856,-2.20254,0.990848,0.0796519,0.0366878,0.102611,0.494379,5.53444,-2.15057,0.924214,0.0488387,-0.0118261,0.32715,-0.0593827,-0.702565,-0.747716,0.949957,0.43928,0.691625,-3.20108
1765976274660568,0,0.490252,5.4856,-2.20254,0.990848,0.0796519,0.0366878,0.102611,0.494379,5.53444,-2.15057,0.924214,0.0488387,-0.0118261,0.32715,-0.0593827,-0.702565,-0.747716,0.949957,0.43928,0.691625,-3.20108
1765976274670624,0,0.489656,5.47961,-2.20931,0.994345,0.0811517,0.0438434,0.0526298,0.493782,5.52751,-2.15799,0.933024,0.052898,-0.00483257,0.292663,-0.0593557,-0.688986,-0.738182,0.876122,0.403675,0.69546,-3.42948
1765976274670624,0,0.489656,5.47961,-2.20931,0.994345,0.0811517,0.0438434,0.0526298,0.493782,5.52751,-2.15799,0.933024,0.052898,-0.00483257,0.292663,-0.0593557,-0.688986,-0.738182,0.876122,0.403675,0.69546,-3.42948
1765976274680570,0,0.48898,5.47377,-2.21594,0.995309,0.0822027,0.0510233,0.000436157,0.493182,5.52079,-2.16523,0.940854,0.056582,0.0021893,0.255926,-0.0603537,-0.67532,-0.728248,0.78726,0.370401,0.705999,-3.69365
1765976274680570,0,0.48898,5.47377,-2.21594,0.995309,0.0822027,0.0510233,0.000436157,0.493182,5.52079,-2.16523,0.940854,0.056582,0.0021893,0.255926,-0.0603537,-0.67532,-0.728248,0.78726,0.370401,0.705999,-3.69365
1765976274690566,0,0.488299,5.46865,-2.22179,0.993739,0.082736,0.0574628,-0.0483263,0.492569,5.51424,-2.17234,0.9475,0.059869,0.00913587,0.217689,-0.0613637,-0.655246,-0.710652,0.664905,0.328824,0.694935,-3.82526
1765976274690566,0,0.488299,5.46865,-2.22179,0.993739,0.082736,0.0574628,-0.0483263,0.492569,5.51424,-2.17234,0.9475,0.059869,0.00913587,0.217689,-0.0613637,-0.655246,-0.710652,0.664905,0.328824,0.694935,-3.82526
1765976274700581,0,0.487372,5.46257,-2.22875,0.988402,0.0824338,0.0650241,-0.109715,0.491915,5.50774,-2.17944,0.95264,0.0627045,0.016159,0.176546,-0.0653092,-0.649337,-0.708876,0.513219,0.283132,0.70126,-4.10812
1765976274700581,0,0.487372,5.46257,-2.22875,0.988402,0.0824338,0.0650241,-0.109715,0.491915,5.50774,-2.17944,0.95264,0.0627045,0.016159,0.176546,-0.0653092,-0.649337,-0.708876,0.513219,0.283132,0.70126,-4.10812
1765976274710557,0,0.486435,5.45722,-2.2349,0.980196,0.0810143,0.0707113,-0.16629,0.491228,5.50141,-2.18639,0.956102,0.065005,0.0230129,0.133472,-0.0688507,-0.634811,-0.696973,0.347035,0.230594,0.687036,-4.31771
1765976274710557,0,0.486435,5.45722,-2.2349,0.980196,0.0810143,0.0707113,-0.16629,0.491228,5.50141,-2.18639,0.956102,0.065005,0.0230129,0.133472,-0.0688507,-0.634811,-0.696973,0.347035,0.230594,0.687036,-4.31771
1765976274720472,0,0.485406,5.45204,-2.24092,0.968778,0.0793186,0.0759023,-0.222297,0.490502,5.49526,-2.19318,0.957696,0.0668042,0.0296611,0.0887518,-0.0731607,-0.620345,-0.685198,0.160701,0.181467,0.670527,-4.51041
1765976274720472,0,0.485406,5.45204,-2.24092,0.968778,0.0793186,0.0759023,-0.222297,0.490502,5.49526,-2.19318,0.957696,0.0668042,0.0296611,0.0887518,-0.0731607,-0.620345,-0.685198,0.160701,0.181467,0.670527,-4.51041
1765976274730527,0,0.484278,5.44705,-2.24684,0.954474,0.0768216,0.0809579,-0.27663,0.489716,5.48917,-2.19996,0.957291,0.0680626,0.0361053,0.0428503,-0.0782152,-0.605685,-0.674259,-0.0402561,0.125156,0.640895,-4.56504
1765976274730527,0,0.484278,5.44705,-2.24684,0.954474,0.0768216,0.0809579,-0.27663,0.489716,5.48917,-2.19996,0.957291,0.0680626,0.0361053,0.0428503,-0.0782152,-0.605685,-0.674259,-0.0402561,0.125156,0.640895,-4.56504
1765976274740713,0,0.483049,5.44226,-2.2527,0.937644,0.0738219,0.0852387,-0.328797,0.488863,5.48316,-2.20671,0.954803,0.0687919,0.0423272,-0.00421197,-0.0837836,-0.589329,-0.662732,-0.244247,0.0715983,0.610821,-4.62029
1765976274740713,0,0.483049,5.44226,-2.2527,0.937644,0.0738219,0.0852387,-0.328797,0.488863,5.48316,-2.20671,0.954803,0.0687919,0.0423272,-0.00421197,-0.0837836,-0.589329,-0.662732,-0.244247,0.0715983,0.610821,-4.62029
1765976274750499,0,0.481719,5.43767,-2.2585,0.918484,0.0711612,0.088988,-0.378688,0.487984,5.47757,-2.21308,0.950271,0.0690876,0.0481497,-0.0509407,-0.0897663,-0.571659,-0.650693,-0.463115,0.0302104,0.594986,-4.77506
1765976274750499,0,0.481719,5.43767,-2.2585,0.918484,0.0711612,0.088988,-0.378688,0.487984,5.47757,-2.21308,0.950271,0.0690876,0.0481497,-0.0509407,-0.0897663,-0.571659,-0.650693,-0.463115,0.0302104,0.594986,-4.77506
1765976274760441,0,0.480293,5.43328,-2.26422,0.897279,0.0684826,0.0926406,-0.426167,0.487023,5.47203,-2.21947,0.943616,0.0690116,0.0537372,-0.0980647,-0.0966522,-0.55655,-0.642546,-0.669398,-0.00764243,0.562014,-4.73989
1765976274760441,0,0.480293,5.43328,-2.26422,0.897279,0.0684826,0.0926406,-0.426167,0.487023,5.47203,-2.21947,0.943616,0.0690116,0.0537372,-0.0980647,-0.0966522,-0.55655,-0.642546,-0.669398,-0.00764243,0.562014,-4.73989
1765976274770505,0,0.478771,5.42909,-2.26986,0.874323,0.065587,0.0958896,-0.471236,0.485979,5.4666,-2.22584,0.9349,0.0685808,0.0590396,-0.145006,-0.103704,-0.539711,-0.633193,-0.866091,-0.0428046,0.526859,-4.66425
1765976274770505,0,0.478771,5.42909,-2.26986,0.874323,0.065587,0.0958896,-0.471236,0.485979,5.4666,-2.22584,0.9349,0.0685808,0.0590396,-0.145006,-0.103704,-0.539711,-0.633193,-0.866091,-0.0428046,0.526859,-4.66425
1765976274780474,0,0.477156,5.4251,-2.27542,0.849843,0.0627712,0.0986567,-0.513901,0.484874,5.4614,-2.23205,0.924215,0.0678511,0.064016,-0.191344,-0.110881,-0.52156,-0.623036,-1.07175,-0.0732039,0.499193,-4.64823
1765976274780474,0,0.477156,5.4251,-2.27542,0.849843,0.0627712,0.0986567,-0.513901,0.484874,5.4614,-2.23205,0.924215,0.0678511,0.064016,-0.191344,-0.110881,-0.52156,-0.623036,-1.07175,-0.0732039,0.499193,-4.64823
1765976274790471,0,0.475452,5.42132,-2.2809,0.824074,0.0600624,0.101122,-0.554138,0.483691,5.45637,-2.23819,0.911635,0.0668726,0.0686774,-0.23692,-0.118398,-0.503691,-0.613826,-1.25841,-0.0978749,0.466281,-4.55901
1765976274790471,0,0.475452,5.42132,-2.2809,0.824074,0.0600624,0.101122,-0.554138,0.483691,5.45637,-2.23819,0.911635,0.0668726,0.0686774,-0.23692,-0.118398,-0.503691,-0.613826,-1.25841,-0.0978749,0.466281,-4.55901
1765976274800488,0,0.473663,5.41774,-2.28629,0.797258,0.0573531,0.103283,-0.591965,0.482428,5.45151,-2.24425,0.897258,0.065676,0.0730274,-0.28155,-0.126014,-0.485358,-0.604436,-1.4353,-0.119458,0.434264,-4.45539
1765976274800488,0,0.473663,5.41774,-2.28629,0.797258,0.0573531,0.103283,-0.591965,0.482428,5.45151,-2.24425,0.897258,0.065676,0.0730274,-0.28155,-0.126014,-0.485358,-0.604436,-1.4353,-0.119458,0.434264,-4.45539
1765976274810482,0,0.471791,5.41438,-2.29159,0.769612,0.0546831,0.105076,-0.627428,0.481092,5.44684,-2.25019,0.881198,0.0642929,0.0770597,-0.325066,-0.133669,-0.466627,-0.594925,-1.60692,-0.138389,0.403465,-4.35426
1765976274810482,0,0.471791,5.41438,-2.29159,0.769612,0.0546831,0.105076,-0.627428,0.481092,5.44684,-2.25019,0.881198,0.0642929,0.0770597,-0.325066,-0.133669,-0.466627,-0.594925,-1.60692,-0.138389,0.403465,-4.35426
1765976274820478,0,0.469841,5.41122,-2.29679,0.741338,0.0521165,0.106522,-0.660571,0.479679,5.44237,-2.25604,0.863638,0.0627642,0.0807587,-0.367189,-0.141382,-0.447738,-0.585552,-1.75666,-0.152937,0.370053,-4.21397
1765976274820478,0,0.469841,5.41122,-2.29679,0.741338,0.0521165,0.106522,-0.660571,0.479679,5.44237,-2.25604,0.863638,0.0627642,0.0807587,-0.367189,-0.141382,-0.447738,-0.585552,-1.75666,-0.152937,0.370053,-4.21397
1765976274830452,0,0.467818,5.40826,-2.30189,0.712631,0.0496517,0.10766,-0.691449,0.478192,5.43809,-2.26179,0.844685,0.0611184,0.0841351,-0.407888,-0.14905,-0.428551,-0.576063,-1.90028,-0.165007,0.338522,-4.08049
1765976274830452,0,0.467818,5.40826,-2.30189,0.712631,0.0496517,0.10766,-0.691449,0.478192,5.43809,-2.26179,0.844685,0.0611184,0.0841351,-0.407888,-0.14905,-0.428551,-0.576063,-1.90028,-0.165007,0.338522,-4.08049
1765976274840528,0,0.465726,5.40552,-2.30688,0.683674,0.0472804,0.108491,-0.720128,0.476614,5.43397,-2.2675,0.824389,0.0593741,0.0872053,-0.447247,-0.156663,-0.409306,-0.566635,-2.01428,-0.173116,0.304697,-3.9062
1765976274840528,0,0.465726,5.40552,-2.30688,0.683674,0.0472804,0.108491,-0.720128,0.476614,5.43397,-2.2675,0.824389,0.0593741,0.0872053,-0.447247,-0.156663,-0.409306,-0.566635,-2.01428,-0.173116,0.304697,-3.9062
1765976274850576,0,0.463568,5.40298,-2.31177,0.654638,0.045017,0.109012,-0.746685,0.474967,5.43006,-2.27309,0.802944,0.0575603,0.0899601,-0.485075,-0.163934,-0.389423,-0.556278,-2.13422,-0.180506,0.274171,-3.76473
1765976274850576,0,0.463568,5.40298,-2.31177,0.654638,0.045017,0.109012,-0.746685,0.474967,5.43006,-2.27309,0.802944,0.0575603,0.0899601,-0.485075,-0.163934,-0.389423,-0.556278,-2.13422,-0.180506,0.274171,-3.76473
1765976274860529,0,0.461351,5.40065,-2.31654,0.625679,0.0428767,0.109233,-0.771204,0.473264,5.42638,-2.27852,0.78066,0.0557144,0.0923829,-0.521045,-0.171092,-0.369521,-0.546042,-2.23899,-0.185465,0.243426,-3.61403
1765976274860529,0,0.461351,5.40065,-2.31654,0.625679,0.0428767,0.109233,-0.771204,0.473264,5.42638,-2.27852,0.78066,0.0557144,0.0923829,-0.521045,-0.171092,-0.369521,-0.546042,-2.23899,-0.185465,0.243426,-3.61403
1765976274870525,0,0.45908,5.39852,-2.3212,0.596946,0.0408653,0.109163,-0.793769,0.471482,5.42288,-2.28388,0.757703,0.0538589,0.0944798,-0.555125,-0.178244,-0.350043,-0.536251,-2.2966,-0.185629,0.209766,-3.40931
1765976274870525,0,0.45908,5.39852,-2.3212,0.596946,0.0408653,0.109163,-0.793769,0.471482,5.42288,-2.28388,0.757703,0.0538589,0.0944798,-0.555125,-0.178244,-0.350043,-0.536251,-2.2966,-0.185629,0.209766,-3.40931
1765976274880479,0,0.456758,5.3966,-2.32574,0.568575,0.0389844,0.108811,-0.814471,0.46964,5.41959,-2.28912,0.733958,0.0519914,0.096279,-0.587686,-0.185026,-0.330203,-0.525939,-2.38549,-0.187613,0.180759,-3.27115
1765976274880479,0,0.456758,5.3966,-2.32574,0.568575,0.0389844,0.108811,-0.814471,0.46964,5.41959,-2.28912,0.733958,0.0519914,0.096279,-0.587686,-0.185026,-0.330203,-0.525939,-2.38549,-0.187613,0.180759,-3.27115
1765976274890476,0,0.454392,5.39488,-2.33015,0.540691,0.037236,0.108181,-0.833405,0.467725,5.41649,-2.29427,0.70971,0.0501401,0.0977723,-0.618514,-0.191624,-0.310562,-0.515639,-2.4255,-0.18518,0.149367,-3.08378
1765976274890476,0,0.454392,5.39488,-2.33015,0.540691,0.037236,0.108181,-0.833405,0.467725,5.41649,-2.29427,0.70971,0.0501401,0.0977723,-0.618514,-0.191624,-0.310562,-0.515639,-2.4255,-0.18518,0.149367,-3.08378
1765976274900613,0,0.451985,5.39336,-2.33444,0.513411,0.0356216,0.107276,-0.850666,0.46572,5.41354,-2.29939,0.684727,0.0482923,0.0989819,-0.648061,-0.197788,-0.290656,-0.504731,-2.46457,-0.182283,0.119324,-2.91471
1765976274900613,0,0.451985,5.39336,-2.33444,0.513411,0.0356216,0.107276,-0.850666,0.46572,5.41354,-2.29939,0.684727,0.0482923,0.0989819,-0.648061,-0.197788,-0.290656,-0.504731,-2.46457,-0.182283,0.119324,-2.91471
1765976274910502,0,0.449544,5.39203,-2.3386,0.486841,0.0341409,0.1061,-0.86635,0.46371,5.41087,-2.30426,0.660069,0.0465289,0.0998689,-0.675261,-0.203267,-0.270267,-0.492701,-2.49349,-0.178318,0.0896978,-2.7506
1765976274910502,0,0.449544,5.39203,-2.3386,0.486841,0.0341409,0.1061,-0.86635,0.46371,5.41087,-2.30426,0.660069,0.0465289,0.0998689,-0.675261,-0.203267,-0.270267,-0.492701,-2.49349,-0.178318,0.0896978,-2.7506
1765976274920573,0,0.447074,5.3909,-2.34262,0.46108,0.0327912,0.104655,-0.880555,0.461604,5.40834,-2.30912,0.634873,0.0447895,0.100475,-0.701255,-0.209054,-0.250942,-0.482045,-2.5018,-0.172719,0.0601736,-2.58108
1765976274920573,0,0.447074,5.3909,-2.34262,0.46108,0.0327912,0.104655,-0.880555,0.461604,5.40834,-2.30912,0.634873,0.0447895,0.100475,-0.701255,-0.209054,-0.250942,-0.482045,-2.5018,-0.172719,0.0601736,-2.58108
1765976274930514,0,0.444578,5.38995,-2.3465,0.436653,0.0298552,0.103807,-0.893122,0.459477,5.40604,-2.31379,0.610141,0.0429261,0.100891,-0.725195,-0.213956,-0.231104,-0.469714,-2.4879,-0.187443,0.0418202,-2.40816
1765976274930514,0,0.444578,5.38995,-2.3465,0.436653,0.0298552,0.103807,-0.893122,0.459477,5.40604,-2.31379,0.610141,0.0429261,0.100891,-0.725195,-0.213956,-0.231104,-0.469714,-2.4879,-0.187443,0.0418202,-2.40816
1765976274940521,0,0.442062,5.38917,-2.35014,0.41446,0.0218671,0.102836,-0.903974,0.457287,5.40392,-2.31836,0.585546,0.0402792,0.101135,-0.747665,-0.218849,-0.212092,-0.456872,-2.45776,-0.264502,0.0244342,-2.24548
1765976274940521,0,0.442062,5.38917,-2.35014,0.41446,0.0218671,0.102836,-0.903974,0.457287,5.40392,-2.31836,0.585546,0.0402792,0.101135,-0.747665,-0.218849,-0.212092,-0.456872,-2.45776,-0.264502,0.0244342,-2.24548
1765976274950509,0,0.439518,5.38854,-2.35354,0.394155,0.012265,0.098407,-0.913678,0.455057,5.40199,-2.32277,0.561514,0.0367617,0.100793,-0.76851,-0.223294,-0.193256,-0.442153,-2.40605,-0.352178,-0.0342959,-2.08701
1765976274950509,0,0.439518,5.38854,-2.35354,0.394155,0.012265,0.098407,-0.913678,0.455057,5.40199,-2.32277,0.561514,0.0367617,0.100793,-0.76851,-0.223294,-0.193256,-0.442153,-2.40605,-0.352178,-0.0342959,-2.08701
1765976274960424,0,0.436939,5.38806,-2.35674,0.375338,0.0033587,0.0912598,-0.922378,0.4528,5.40026,-2.32701,0.53824,0.032586,0.0996009,-0.787746,-0.227676,-0.175057,-0.426773,-2.34735,-0.421151,-0.120191,-1.94
1765976274960424,0,0.436939,5.38806,-2.35674,0.375338,0.0033587,0.0912598,-0.922378,0.4528,5.40026,-2.32701,0.53824,0.032586,0.0996009,-0.787746,-0.227676,-0.175057,-0.426773,-2.34735,-0.421151,-0.120191,-1.94
1765976274970510,0,0.434317,5.38772,-2.35976,0.357822,-0.00481934,0.0832556,-0.930059,0.450457,5.39867,-2.33116,0.515448,0.0278606,0.097536,-0.805724,-0.232255,-0.15748,-0.411571,-2.25979,-0.468511,-0.204729,-1.78251
1765976274970510,0,0.434317,5.38772,-2.35976,0.357822,-0.00481934,0.0832556,-0.930059,0.450457,5.39867,-2.33116,0.515448,0.0278606,0.097536,-0.805724,-0.232255,-0.15748,-0.411571,-2.25979,-0.468511,-0.204729,-1.78251
1765976274980487,0,0.431646,5.38751,-2.36262,0.341611,-0.0130053,0.0753902,-0.936723,0.448099,5.39727,-2.3351,0.493697,0.0227473,0.094765,-0.822115,-0.236384,-0.140179,-0.395373,-2.18013,-0.512506,-0.277735,-1.64288
1765976274980487,0,0.431646,5.38751,-2.36262,0.341611,-0.0130053,0.0753902,-0.936723,0.448099,5.39727,-2.3351,0.493697,0.0227473,0.094765,-0.822115,-0.236384,-0.140179,-0.395373,-2.18013,-0.512506,-0.277735,-1.64288
1765976274990625,0,0.42892,5.38741,-2.36533,0.326733,-0.0217518,0.0679093,-0.942423,0.445655,5.39601,-2.33895,0.472625,0.0171313,0.0913757,-0.837298,-0.241011,-0.123936,-0.379828,-2.07847,-0.553953,-0.334316,-1.49767
1765976274990625,0,0.42892,5.38741,-2.36533,0.326733,-0.0217518,0.0679093,-0.942423,0.445655,5.39601,-2.33895,0.472625,0.0171313,0.0913757,-0.837298,-0.241011,-0.123936,-0.379828,-2.07847,-0.553953,-0.334316,-1.49767
1765976275000617,0,0.42613,5.3874,-2.36789,0.313194,-0.0312381,0.060727,-0.947231,0.443204,5.39493,-2.34259,0.452603,0.0110567,0.0875266,-0.851104,-0.245368,-0.108233,-0.363617,-2.00388,-0.607949,-0.38522,-1.38173
1765976275000617,0,0.42613,5.3874,-2.36789,0.313194,-0.0312381,0.060727,-0.947231,0.443204,5.39493,-2.34259,0.452603,0.0110567,0.0875266,-0.851104,-0.245368,-0.108233,-0.363617,-2.00388,-0.607949,-0.38522,-1.38173
1765976275010580,0,0.423265,5.38747,-2.3703,0.300989,-0.041363,0.0536922,-0.951216,0.440707,5.394,-2.34606,0.433628,0.00449644,0.0832923,-0.863633,-0.250551,-0.0937114,-0.348307,-1.90447,-0.658461,-0.425004,-1.25754
1765976275010580,0,0.423265,5.38747,-2.3703,0.300989,-0.041363,0.0536922,-0.951216,0.440707,5.394,-2.34606,0.433628,0.00449644,0.0832923,-0.863633,-0.250551,-0.0937114,-0.348307,-1.90447,-0.658461,-0.425004,-1.25754
1765976275020479,0,0.420315,5.38761,-2.37258,0.290102,-0.0520273,0.0468138,-0.954433,0.438171,5.3932,-2.34935,0.415587,-0.00260867,0.0787069,-0.875047,-0.256251,-0.0802998,-0.333266,-1.82255,-0.71776,-0.463219,-1.15301
1765976275020479,0,0.420315,5.38761,-2.37258,0.290102,-0.0520273,0.0468138,-0.954433,0.438171,5.3932,-2.34935,0.415587,-0.00260867,0.0787069,-0.875047,-0.256251,-0.0802998,-0.333266,-1.82255,-0.71776,-0.463219,-1.15301
1765976275030422,0,0.417266,5.38779,-2.37471,0.280517,-0.0631823,0.0401923,-0.956923,0.435559,5.39253,-2.35252,0.398626,-0.0102152,0.0738704,-0.885329,-0.262691,-0.0680511,-0.318627,-1.70587,-0.765018,-0.486423,-1.03406
1765976275030422,0,0.417266,5.38779,-2.37471,0.280517,-0.0631823,0.0401923,-0.956923,0.435559,5.39253,-2.35252,0.398626,-0.0102152,0.0738704,-0.885329,-0.262691,-0.0680511,-0.318627,-1.70587,-0.765018,-0.486423,-1.03406
1765976275040663,0,0.414104,5.388,-2.37671,0.272214,-0.0748023,0.0339678,-0.958723,0.432798,5.39194,-2.35564,0.382611,-0.0183972,0.0688155,-0.894626,-0.269606,-0.0568051,-0.303907,-1.56372,-0.798945,-0.493596,-0.907893
1765976275040663,0,0.414104,5.388,-2.37671,0.272214,-0.0748023,0.0339678,-0.958723,0.432798,5.39194,-2.35564,0.382611,-0.0183972,0.0688155,-0.894626,-0.269606,-0.0568051,-0.303907,-1.56372,-0.798945,-0.493596,-0.907893
1765976275050701,0,0.410816,5.38824,-2.37854,0.26493,-0.0867529,0.0284751,-0.959935,0.430025,5.39148,-2.35852,0.367833,-0.026981,0.0637497,-0.902828,-0.276228,-0.0465531,-0.287846,-1.4722,-0.855132,-0.50466,-0.817008
1765976275050701,0,0.410816,5.38824,-2.37854,0.26493,-0.0867529,0.0284751,-0.959935,0.430025,5.39148,-2.35852,0.367833,-0.026981,0.0637497,-0.902828,-0.276228,-0.0465531,-0.287846,-1.4722,-0.855132,-0.50466,-0.817008
1765976275060517,0,0.407392,5.38848,-2.38018,0.258129,-0.0986134,0.0240981,-0.960762,0.427233,5.39111,-2.3612,0.354123,-0.0359331,0.0587943,-0.910068,-0.284409,-0.0376962,-0.272131,-1.3967,-0.911989,-0.504825,-0.737595
1765976275060517,0,0.407392,5.38848,-2.38018,0.258129,-0.0986134,0.0240981,-0.960762,0.427233,5.39111,-2.3612,0.354123,-0.0359331,0.0587943,-0.910068,-0.284409,-0.0376962,-0.272131,-1.3967,-0.911989,-0.504825,-0.737595
1765976275070539,0,0.403822,5.38871,-2.3816,0.251349,-0.109553,0.0209985,-0.961447,0.424285,5.3908,-2.36377,0.341229,-0.0451697,0.0540524,-0.916514,-0.294187,-0.0301175,-0.25638,-1.2866,-0.921626,-0.473156,-0.643203
1765976275070539,0,0.403822,5.38871,-2.3816,0.251349,-0.109553,0.0209985,-0.961447,0.424285,5.3908,-2.36377,0.341229,-0.0451697,0.0540524,-0.916514,-0.294187,-0.0301175,-0.25638,-1.2866,-0.921626,-0.473156,-0.643203
1765976275080670,0,0.400098,5.38893,-2.38276,0.244252,-0.119129,0.0192979,-0.962173,0.421206,5.39057,-2.36618,0.328929,-0.0545501,0.0496444,-0.922305,-0.303936,-0.0235336,-0.238701,-1.21409,-0.925918,-0.435099,-0.571619
1765976275080670,0,0.400098,5.38893,-2.38276,0.244252,-0.119129,0.0192979,-0.962173,0.421206,5.39057,-2.36618,0.328929,-0.0545501,0.0496444,-0.922305,-0.303936,-0.0235336,-0.238701,-1.21409,-0.925918,-0.435099,-0.571619
1765976275090499,0,0.396216,5.38914,-2.38364,0.236614,-0.127267,0.0190334,-0.963045,0.418119,5.39039,-2.36834,0.317434,-0.0636049,0.0458327,-0.927378,-0.314033,-0.0179014,-0.219329,-1.16951,-0.921228,-0.3878,-0.516115
1765976275090499,0,0.396216,5.38914,-2.38364,0.236614,-0.127267,0.0190334,-0.963045,0.418119,5.39039,-2.36834,0.317434,-0.0636049,0.0458327,-0.927378,-0.314033,-0.0179014,-0.219329,-1.16951,-0.921228,-0.3878,-0.516115
1765976275100595,0,0.392172,5.38933,-2.38419,0.228309,-0.134098,0.0201486,-0.964099,0.414827,5.39026,-2.37035,0.306226,-0.0724696,0.0426029,-0.931996,-0.326066,-0.0133189,-0.199194,-1.11011,-0.878038,-0.319911,-0.457378
1765976275100595,0,0.392172,5.38933,-2.38419,0.228309,-0.134098,0.0201486,-0.964099,0.414827,5.39026,-2.37035,0.306226,-0.0724696,0.0426029,-0.931996,-0.326066,-0.0133189,-0.199194,-1.11011,-0.878038,-0.319911,-0.457378
1765976275110559,0,0.387966,5.38951,-2.38439,0.219258,-0.139841,0.0225283,-0.96533,0.411464,5.39016,-2.37211,0.295305,-0.0809298,0.040082,-0.936182,-0.337552,-0.00942763,-0.176469,-1.09605,-0.84908,-0.252999,-0.420116
1765976275110559,0,0.387966,5.38951,-2.38439,0.219258,-0.139841,0.0225283,-0.96533,0.411464,5.39016,-2.37211,0.295305,-0.0809298,0.040082,-0.936182,-0.337552,-0.00942763,-0.176469,-1.09605,-0.84908,-0.252999,-0.420116
1765976275120578,0,0.383598,5.38967,-2.38422,0.209406,-0.144735,0.0260174,-0.966708,0.407955,5.3901,-2.37363,0.284509,-0.0889494,0.0383142,-0.940018,-0.350168,-0.00618713,-0.152156,-1.07761,-0.800443,-0.17644,-0.382948
1765976275120578,0,0.383598,5.38967,-2.38422,0.209406,-0.144735,0.0260174,-0.966708,0.407955,5.3901,-2.37363,0.284509,-0.0889494,0.0383142,-0.940018,-0.350168,-0.00618713,-0.152156,-1.07761,-0.800443,-0.17644,-0.382948
1765976275130539,0,0.379068,5.38983,-2.38364,0.198723,-0.149047,0.0303741,-0.968179,0.404339,5.39007,-2.37489,0.273729,-0.0965016,0.0373165,-0.943557,-0.363007,-0.00344667,-0.125732,-1.08224,-0.758169,-0.100169,-0.35527
1765976275130539,0,0.379068,5.38983,-2.38364,0.198723,-0.149047,0.0303741,-0.968179,0.404339,5.39007,-2.37489,0.273729,-0.0965016,0.0373165,-0.943557,-0.363007,-0.00344667,-0.125732,-1.08224,-0.758169,-0.100169,-0.35527
1765976275140764,0,0.37437,5.38999,-2.38266,0.187171,-0.153103,0.0352592,-0.969682,0.400489,5.39006,-2.37588,0.262683,-0.103725,0.0370539,-0.946891,-0.376611,-0.00102596,-0.0976992,-1.08028,-0.706411,-0.0256755,-0.326045
1765976275140764,0,0.37437,5.38999,-2.38266,0.187171,-0.153103,0.0352592,-0.969682,0.400489,5.39006,-2.37588,0.262683,-0.103725,0.0370539,-0.946891,-0.376611,-0.00102596,-0.0976992,-1.08028,-0.706411,-0.0256755,-0.326045
1765976275150529,0,0.369492,5.39015,-2.3813,0.17475,-0.157189,0.0404293,-0.971143,0.396685,5.39007,-2.37655,0.251814,-0.110333,0.0374711,-0.949889,-0.389509,0.00117195,-0.0680708,-1.11303,-0.676744,0.0427254,-0.306984
1765976275150529,0,0.369492,5.39015,-2.3813,0.17475,-0.157189,0.0404293,-0.971143,0.396685,5.39007,-2.37655,0.251814,-0.110333,0.0374711,-0.949889,-0.389509,0.00117195,-0.0680708,-1.11303,-0.676744,0.0427254,-0.306984
1765976275160577,0,0.364424,5.39033,-2.37957,0.161477,-0.161397,0.0457299,-0.972515,0.392612,5.3901,-2.37693,0.24045,-0.116757,0.0385101,-0.952735,-0.405401,0.00332191,-0.037941,-1.13103,-0.63932,0.1034,-0.283282
1765976275160577,0,0.364424,5.39033,-2.37957,0.161477,-0.161397,0.0457299,-0.972515,0.392612,5.3901,-2.37693,0.24045,-0.116757,0.0385101,-0.952735,-0.405401,0.00332191,-0.037941,-1.13103,-0.63932,0.1034,-0.283282
1765976275170647,0,0.359154,5.39054,-2.37749,0.147384,-0.165717,0.0510032,-0.973763,0.388378,5.39016,-2.377,0.228749,-0.122912,0.0400808,-0.955379,-0.420444,0.00549286,-0.00696078,-1.16195,-0.611274,0.15598,-0.262545
1765976275170647,0,0.359154,5.39054,-2.37749,0.147384,-0.165717,0.0510032,-0.973763,0.388378,5.39016,-2.377,0.228749,-0.122912,0.0400808,-0.955379,-0.420444,0.00549286,-0.00696078,-1.16195,-0.611274,0.15598,-0.262545
1765976275180537,0,0.353666,5.39078,-2.37507,0.132501,-0.170085,0.056025,-0.974872,0.384064,5.39023,-2.37676,0.21667,-0.128833,0.0420818,-0.957825,-0.436205,0.00781068,0.0242276,-1.22135,-0.598597,0.202326,-0.247368
1765976275180537,0,0.353666,5.39078,-2.37507,0.132501,-0.170085,0.056025,-0.974872,0.384064,5.39023,-2.37676,0.21667,-0.128833,0.0420818,-0.957825,-0.436205,0.00781068,0.0242276,-1.22135,-0.598597,0.202326,-0.247368
1765976275190611,0,0.347947,5.39106,-2.37235,0.116825,-0.174352,0.060707,-0.975842,0.379492,5.39034,-2.3762,0.204117,-0.134556,0.0444235,-0.960091,-0.453848,0.0104607,0.0554038,-1.24608,-0.568093,0.232447,-0.224858
1765976275190611,0,0.347947,5.39106,-2.37235,0.116825,-0.174352,0.060707,-0.975842,0.379492,5.39034,-2.3762,0.204117,-0.134556,0.0444235,-0.960091,-0.453848,0.0104607,0.0554038,-1.24608,-0.568093,0.232447,-0.224858
1765976275200636,0,0.341986,5.39141,-2.36934,0.100297,-0.178418,0.0650788,-0.976664,0.374767,5.39047,-2.37534,0.191058,-0.140072,0.0470215,-0.962175,-0.471311,0.0134608,0.0862588,-1.30255,-0.550308,0.259148,-0.20793
1765976275200636,0,0.341986,5.39141,-2.36934,0.100297,-0.178418,0.0650788,-0.976664,0.374767,5.39047,-2.37534,0.191058,-0.140072,0.0470215,-0.962175,-0.471311,0.0134608,0.0862588,-1.30255,-0.550308,0.259148,-0.20793
1765976275210493,0,0.335769,5.39182,-2.36605,0.0828222,-0.182274,0.0692085,-0.977306,0.369936,5.39064,-2.37419,0.177465,-0.145372,0.0498079,-0.964075,-0.490062,0.0169314,0.11673,-1.37904,-0.537687,0.282686,-0.192788
1765976275210493,0,0.335769,5.39182,-2.36605,0.0828222,-0.182274,0.0692085,-0.977306,0.369936,5.39064,-2.37419,0.177465,-0.145372,0.0498079,-0.964075,-0.490062,0.0169314,0.11673,-1.37904,-0.537687,0.282686,-0.192788
1765976275220551,0,0.329285,5.39232,-2.3625,0.0643147,-0.185965,0.0731575,-0.977716,0.364798,5.39085,-2.37271,0.163222,-0.150482,0.0527471,-0.965792,-0.510835,0.0210969,0.146825,-1.41609,-0.508025,0.292225,-0.170713
1765976275220551,0,0.329285,5.39232,-2.3625,0.0643147,-0.185965,0.0731575,-0.977716,0.364798,5.39085,-2.37271,0.163222,-0.150482,0.0527471,-0.965792,-0.510835,0.0210969,0.146825,-1.41609,-0.508025,0.292225,-0.170713
1765976275230500,0,0.322523,5.39291,-2.35872,0.044681,-0.189586,0.0769745,-0.977822,0.359513,5.39111,-2.37096,0.148347,-0.155389,0.0557873,-0.967302,-0.531251,0.0258333,0.175872,-1.49517,-0.493218,0.305582,-0.151723
1765976275230500,0,0.322523,5.39291,-2.35872,0.044681,-0.189586,0.0769745,-0.977822,0.359513,5.39111,-2.37096,0.148347,-0.155389,0.0557873,-0.967302,-0.531251,0.0258333,0.175872,-1.49517,-0.493218,0.305582,-0.151723
1765976275240527,0,0.315469,5.39361,-2.35471,0.0238345,-0.193244,0.0806786,-0.977538,0.353963,5.39142,-2.36891,0.132625,-0.160169,0.0589303,-0.968594,-0.553473,0.0314341,0.204226,-1.56794,-0.476697,0.313449,-0.128893
1765976275240527,0,0.315469,5.39361,-2.35471,0.0238345,-0.193244,0.0806786,-0.977538,0.353963,5.39142,-2.36891,0.132625,-0.160169,0.0589303,-0.968594,-0.553473,0.0314341,0.204226,-1.56794,-0.476697,0.313449,-0.128893
1765976275250449,0,0.308114,5.39444,-2.3505,0.00171733,-0.19713,0.0841979,-0.976754,0.348246,5.3918,-2.36662,0.116263,-0.164789,0.0620883,-0.969614,-0.576162,0.0378702,0.231378,-1.64901,-0.46559,0.31829,-0.102785
1765976275250449,0,0.308114,5.39444,-2.3505,0.00171733,-0.19713,0.0841979,-0.976754,0.348246,5.3918,-2.36662,0.116263,-0.164789,0.0620883,-0.969614,-0.576162,0.0378702,0.231378,-1.64901,-0.46559,0.31829,-0.102785
1765976275260456,0,0.300448,5.3954,-2.3461,-0.0217169,-0.20148,0.0873261,-0.97535,0.342236,5.39225,-2.36404,0.098926,-0.169399,0.0652595,-0.970335,-0.60066,0.0453155,0.25786,-1.73253,-0.460706,0.316894,-0.0720295
1765976275260456,0,0.300448,5.3954,-2.3461,-0.0217169,-0.20148,0.0873261,-0.97535,0.342236,5.39225,-2.36404,0.098926,-0.169399,0.0652595,-0.970335,-0.60066,0.0453155,0.25786,-1.73253,-0.460706,0.316894,-0.0720295
1765976275270426,0,0.292463,5.39653,-2.34151,-0.04652,-0.206298,0.0898897,-0.97324,0.336,5.39279,-2.36122,0.0806561,-0.174034,0.0683534,-0.9707,-0.625457,0.0537099,0.283017,-1.8325,-0.464897,0.310319,-0.0365998
1765976275270426,0,0.292463,5.39653,-2.34151,-0.04652,-0.206298,0.0898897,-0.97324,0.336,5.39279,-2.36122,0.0806561,-0.174034,0.0683534,-0.9707,-0.625457,0.0537099,0.283017,-1.8325,-0.464897,0.310319,-0.0365998
1765976275280476,0,0.284156,5.39782,-2.33675,-0.0727642,-0.211467,0.0918263,-0.970338,0.329452,5.39342,-2.35813,0.061369,-0.17874,0.0713043,-0.970654,-0.651488,0.0632462,0.307429,-1.91911,-0.468243,0.293619,0.00452521
1765976275280476,0,0.284156,5.39782,-2.33675,-0.0727642,-0.211467,0.0918263,-0.970338,0.329452,5.39342,-2.35813,0.061369,-0.17874,0.0713043,-0.970654,-0.651488,0.0632462,0.307429,-1.91911,-0.468243,0.293619,0.00452521
1765976275290472,0,0.275523,5.3993,-2.3318,-0.100504,-0.216848,0.093173,-0.966537,0.322678,5.39416,-2.35482,0.0410233,-0.183529,0.0740529,-0.970137,-0.677696,0.0737962,0.330843,-2.03538,-0.479172,0.274976,0.0517695
1765976275290472,0,0.275523,5.3993,-2.3318,-0.100504,-0.216848,0.093173,-0.966537,0.322678,5.39416,-2.35482,0.0410233,-0.183529,0.0740529,-0.970137,-0.677696,0.0737962,0.330843,-2.03538,-0.479172,0.274976,0.0517695
1765976275300514,0,0.266566,5.40097,-2.32665,-0.12975,-0.222351,0.0940243,-0.961709,0.315597,5.39502,-2.35126,0.0195418,-0.188413,0.0765651,-0.969077,-0.705133,0.0855192,0.353948,-2.13917,-0.48629,0.250167,0.105569
1765976275300514,0,0.266566,5.40097,-2.32665,-0.12975,-0.222351,0.0940243,-0.961709,0.315597,5.39502,-2.35126,0.0195418,-0.188413,0.0765651,-0.969077,-0.705133,0.0855192,0.353948,-2.13917,-0.48629,0.250167,0.105569
1765976275310461,0,0.257285,5.40284,-2.3213,-0.160375,-0.227949,0.0943188,-0.955732,0.308308,5.396,-2.34752,-0.00303558,-0.193374,0.078793,-0.967402,-0.732771,0.0983204,0.376575,-2.26977,-0.498778,0.223974,0.168358
1765976275310461,0,0.257285,5.40284,-2.3213,-0.160375,-0.227949,0.0943188,-0.955732,0.308308,5.396,-2.34752,-0.00303558,-0.193374,0.078793,-0.967402,-0.732771,0.0983204,0.376575,-2.26977,-0.498778,0.223974,0.168358
1765976275320489,0,0.247683,5.40493,-2.31573,-0.192141,-0.233501,0.0937606,-0.948561,0.300669,5.39712,-2.34351,-0.0268231,-0.198422,0.0806757,-0.965032,-0.76184,0.112267,0.399496,-2.37211,-0.503348,0.18775,0.236344
1765976275320489,0,0.247683,5.40493,-2.31573,-0.192141,-0.233501,0.0937606,-0.948561,0.300669,5.39712,-2.34351,-0.0268231,-0.198422,0.0806757,-0.965032,-0.76184,0.112267,0.399496,-2.37211,-0.503348,0.18775,0.236344
1765976275330458,0,0.23776,5.40725,-2.30993,-0.224878,-0.238736,0.0921404,-0.940184,0.292788,5.39839,-2.33931,-0.051689,-0.203483,0.0821151,-0.961912,-0.79054,0.127233,0.421974,-2.49433,-0.507716,0.144387,0.312947
1765976275330458,0,0.23776,5.40725,-2.30993,-0.224878,-0.238736,0.0921404,-0.940184,0.292788,5.39839,-2.33931,-0.051689,-0.203483,0.0821151,-0.961912,-0.79054,0.127233,0.421974,-2.49433,-0.507716,0.144387,0.312947
1765976275340518,0,0.227518,5.4098,-2.30391,-0.258455,-0.243351,0.089468,-0.930579,0.284536,5.39984,-2.33483,-0.0778045,-0.208519,0.0830438,-0.957955,-0.820201,0.143383,0.444771,-2.59597,-0.500544,0.0923161,0.393402
1765976275340518,0,0.227518,5.4098,-2.30391,-0.258455,-0.243351,0.089468,-0.930579,0.284536,5.39984,-2.33483,-0.0778045,-0.208519,0.0830438,-0.957955,-0.820201,0.143383,0.444771,-2.59597,-0.500544,0.0923161,0.393402
1765976275350417,0,0.216966,5.41259,-2.29764,-0.292695,-0.247173,0.0859282,-0.919702,0.276131,5.40142,-2.33021,-0.104668,-0.213351,0.0834044,-0.953173,-0.849121,0.160311,0.467299,-2.71376,-0.488153,0.0364265,0.483075
1765976275350417,0,0.216966,5.41259,-2.29764,-0.292695,-0.247173,0.0859282,-0.919702,0.276131,5.40142,-2.33021,-0.104668,-0.213351,0.0834044,-0.953173,-0.849121,0.160311,0.467299,-2.71376,-0.488153,0.0364265,0.483075
1765976275360432,0,0.20611,5.41563,-2.29112,-0.327333,-0.2502,0.0817132,-0.907511,0.267319,5.40321,-2.32529,-0.132646,-0.217981,0.0831919,-0.947435,-0.879905,0.178499,0.491168,-2.79362,-0.462318,-0.0212187,0.572883
1765976275360432,0,0.20611,5.41563,-2.29112,-0.327333,-0.2502,0.0817132,-0.907511,0.267319,5.40321,-2.32529,-0.132646,-0.217981,0.0831919,-0.947435,-0.879905,0.178499,0.491168,-2.79362,-0.462318,-0.0212187,0.572883
1765976275370637,0,0.194956,5.41892,-2.28434,-0.36198,-0.252625,0.0771025,-0.893983,0.258039,5.40522,-2.32004,-0.161889,-0.222398,0.0824154,-0.94062,-0.909343,0.19737,0.514592,-2.86552,-0.432873,-0.0760865,0.667876
1765976275370637,0,0.194956,5.41892,-2.28434,-0.36198,-0.252625,0.0771025,-0.893983,0.258039,5.40522,-2.32004,-0.161889,-0.222398,0.0824154,-0.94062,-0.909343,0.19737,0.514592,-2.86552,-0.432873,-0.0760865,0.667876
1765976275380507,0,0.183496,5.42247,-2.27732,-0.396121,-0.254798,0.0722461,-0.879174,0.248793,5.40736,-2.31474,-0.191108,-0.22644,0.0811469,-0.932954,-0.936738,0.216727,0.536768,-2.96045,-0.4095,-0.12853,0.776612
1765976275380507,0,0.183496,5.42247,-2.27732,-0.396121,-0.254798,0.0722461,-0.879174,0.248793,5.40736,-2.31474,-0.191108,-0.22644,0.0811469,-0.932954,-0.936738,0.216727,0.536768,-2.96045,-0.4095,-0.12853,0.776612
1765976275390450,0,0.171724,5.42631,-2.2701,-0.429315,-0.256746,0.0670322,-0.863294,0.239164,5.40973,-2.30916,-0.22083,-0.230221,0.0793857,-0.924263,-0.968483,0.238107,0.560978,-2.98918,-0.3803,-0.17712,0.874138
1765976275390450,0,0.171724,5.42631,-2.2701,-0.429315,-0.256746,0.0670322,-0.863294,0.239164,5.40973,-2.30916,-0.22083,-0.230221,0.0793857,-0.924263,-0.968483,0.238107,0.560978,-2.98918,-0.3803,-0.17712,0.874138
1765976275400434,0,0.159634,5.43045,-2.26269,-0.461267,-0.258295,0.0615543,-0.846597,0.229186,5.41233,-2.30333,-0.25105,-0.23375,0.0771445,-0.914501,-0.9994,0.260436,0.583963,-3.02687,-0.353422,-0.224481,0.977733
1765976275400434,0,0.159634,5.43045,-2.26269,-0.461267,-0.258295,0.0615543,-0.846597,0.229186,5.41233,-2.30333,-0.25105,-0.23375,0.0771445,-0.914501,-0.9994,0.260436,0.583963,-3.02687,-0.353422,-0.224481,0.977733
1765976275410454,0,0.147223,5.43491,-2.25512,-0.491766,-0.25935,0.0560683,-0.829313,0.218865,5.41517,-2.29726,-0.281281,-0.236965,0.0744976,-0.903803,-1.02998,0.283675,0.605778,-3.01707,-0.320864,-0.264165,1.06773
1765976275410454,0,0.147223,5.43491,-2.25512,-0.491766,-0.25935,0.0560683,-0.829313,0.218865,5.41517,-2.29726,-0.281281,-0.236965,0.0744976,-0.903803,-1.02998,0.283675,0.605778,-3.01707,-0.320864,-0.264165,1.06773
1765976275420489,0,0.134489,5.43968,-2.24741,-0.520621,-0.259931,0.0507724,-0.811672,0.208225,5.41826,-2.29097,-0.311409,-0.239856,0.0715111,-0.892205,-1.06031,0.308008,0.626398,-3.00224,-0.288082,-0.297605,1.15567
1765976275420489,0,0.134489,5.43968,-2.24741,-0.520621,-0.259931,0.0507724,-0.811672,0.208225,5.41826,-2.29097,-0.311409,-0.239856,0.0715111,-0.892205,-1.06031,0.308008,0.626398,-3.00224,-0.288082,-0.297605,1.15567
1765976275430482,0,0.121433,5.44479,-2.23957,-0.547694,-0.260062,0.0457726,-0.793917,0.197326,5.4216,-2.28452,-0.341229,-0.242406,0.0682628,-0.879801,-1.09067,0.333352,0.64597,-2.9841,-0.255187,-0.325058,1.24131
1765976275430482,0,0.121433,5.44479,-2.23957,-0.547694,-0.260062,0.0457726,-0.793917,0.197326,5.4216,-2.28452,-0.341229,-0.242406,0.0682628,-0.879801,-1.09067,0.333352,0.64597,-2.9841,-0.255187,-0.325058,1.24131
1765976275440562,0,0.108058,5.45025,-2.23161,-0.572926,-0.259715,0.0411523,-0.77628,0.186019,5.42522,-2.27782,-0.37019,-0.24457,0.0648741,-0.866861,-1.12178,0.359993,0.664852,-2.87318,-0.214646,-0.336185,1.28372
1765976275440562,0,0.108058,5.45025,-2.23161,-0.572926,-0.259715,0.0411523,-0.77628,0.186019,5.42522,-2.27782,-0.37019,-0.24457,0.0648741,-0.866861,-1.12178,0.359993,0.664852,-2.87318,-0.214646,-0.336185,1.28372
1765976275450562,0,0.0943693,5.45604,-2.22354,-0.596328,-0.258853,0.0370067,-0.758959,0.174502,5.4291,-2.271,-0.398622,-0.246366,0.0613704,-0.853295,-1.1517,0.387287,0.68202,-2.84315,-0.17958,-0.350367,1.35661
1765976275450562,0,0.0943693,5.45604,-2.22354,-0.596328,-0.258853,0.0370067,-0.758959,0.174502,5.4291,-2.271,-0.398622,-0.246366,0.0613704,-0.853295,-1.1517,0.387287,0.68202,-2.84315,-0.17958,-0.350367,1.35661
1765976275460487,0,0.0803741,5.46219,-2.21537,-0.617932,-0.257463,0.0334111,-0.74213,0.162762,5.43323,-2.26406,-0.426143,-0.247758,0.0578619,-0.839345,-1.18284,0.415917,0.699017,-2.77287,-0.14031,-0.353506,1.40553
1765976275460487,0,0.0803741,5.46219,-2.21537,-0.617932,-0.257463,0.0334111,-0.74213,0.162762,5.43323,-2.26406,-0.426143,-0.247758,0.0578619,-0.839345,-1.18284,0.415917,0.699017,-2.77287,-0.14031,-0.353506,1.40553
1765976275470577,0,0.0660806,5.46869,-2.2071,-0.637782,-0.25554,0.0304014,-0.725954,0.150503,5.43772,-2.25684,-0.452775,-0.248737,0.0544062,-0.825076,-1.21493,0.445694,0.715823,-2.63951,-0.097051,-0.342479,1.41418
1765976275470577,0,0.0660806,5.46869,-2.2071,-0.637782,-0.25554,0.0304014,-0.725954,0.150503,5.43772,-2.25684,-0.452775,-0.248737,0.0544062,-0.825076,-1.21493,0.445694,0.715823,-2.63951,-0.097051,-0.342479,1.41418
1765976275480620,0,0.0514987,5.47555,-2.19872,-0.655936,-0.253059,0.0279898,-0.710582,0.138008,5.4425,-2.2495,-0.478545,-0.249286,0.0510555,-0.810553,-1.24413,0.475365,0.730283,-2.56595,-0.0545866,-0.333644,1.44608
1765976275480620,0,0.0514987,5.47555,-2.19872,-0.655936,-0.253059,0.0279898,-0.710582,0.138008,5.4425,-2.2495,-0.478545,-0.249286,0.0510555,-0.810553,-1.24413,0.475365,0.730283,-2.56595,-0.0545866,-0.333644,1.44608
1765976275490547,0,0.0366395,5.48276,-2.19025,-0.672464,-0.249979,0.0261787,-0.696145,0.125363,5.44752,-2.24211,-0.502672,-0.249372,0.0479603,-0.796318,-1.27384,0.505946,0.744581,-2.43048,-0.00868671,-0.311792,1.43393
1765976275490547,0,0.0366395,5.48276,-2.19025,-0.672464,-0.249979,0.0261787,-0.696145,0.125363,5.44752,-2.24211,-0.502672,-0.249372,0.0479603,-0.796318,-1.27384,0.505946,0.744581,-2.43048,-0.00868671,-0.311792,1.43393
1765976275500654,0,0.0215162,5.49032,-2.18168,-0.687468,-0.24622,0.0249576,-0.682746,0.112174,5.45295,-2.23444,-0.526138,-0.248972,0.0450393,-0.781897,-1.30498,0.537839,0.759392,-2.32174,0.0396008,-0.289004,1.42691
1765976275500654,0,0.0215162,5.49032,-2.18168,-0.687468,-0.24622,0.0249576,-0.682746,0.112174,5.45295,-2.23444,-0.526138,-0.248972,0.0450393,-0.781897,-1.30498,0.537839,0.759392,-2.32174,0.0396008,-0.289004,1.42691
1765976275510499,0,0.00614413,5.49822,-2.173,-0.701071,-0.241697,0.0243459,-0.67044,0.0990561,5.45856,-2.22684,-0.547963,-0.248064,0.0424576,-0.767991,-1.33241,0.568863,0.771972,-2.2168,0.0921798,-0.262234,1.41242
1765976275510499,0,0.00614413,5.49822,-2.173,-0.701071,-0.241697,0.0243459,-0.67044,0.0990561,5.45856,-2.22684,-0.547963,-0.248064,0.0424576,-0.767991,-1.33241,0.568863,0.771972,-2.2168,0.0921798,-0.262234,1.41242
1765976275520700,0,-0.0094576,5.50646,-2.16421,-0.71337,-0.236492,0.0245328,-0.659222,0.0851457,5.4647,-2.21881,-0.568923,-0.246598,0.0401862,-0.754208,-1.36362,0.601971,0.787008,-2.05473,0.143749,-0.222666,1.35116
1765976275520700,0,-0.0094576,5.50646,-2.16421,-0.71337,-0.236492,0.0245328,-0.659222,0.0851457,5.4647,-2.21881,-0.568923,-0.246598,0.0401862,-0.754208,-1.36362,0.601971,0.787008,-2.05473,0.143749,-0.222666,1.35116
1765976275530534,0,-0.0252685,5.51503,-2.15527,-0.724432,-0.23075,0.025583,-0.649075,0.071501,5.47092,-2.21096,-0.588353,-0.244617,0.0383616,-0.741072,-1.38751,0.632486,0.798389,-1.97584,0.201358,-0.185544,1.33578
1765976275530534,0,-0.0252685,5.51503,-2.15527,-0.724432,-0.23075,0.025583,-0.649075,0.071501,5.47092,-2.21096,-0.588353,-0.244617,0.0383616,-0.741072,-1.38751,0.632486,0.798389,-1.97584,0.201358,-0.185544,1.33578
1765976275540500,0,-0.0412684,5.5239,-2.14619,-0.73434,-0.224499,0.0273998,-0.639995,0.0573782,5.47755,-2.20284,-0.606607,-0.242102,0.036991,-0.728434,-1.4171,0.665783,0.813915,-1.83158,0.252405,-0.137529,1.26813
1765976275540500,0,-0.0412684,5.5239,-2.14619,-0.73434,-0.224499,0.0273998,-0.639995,0.0573782,5.47755,-2.20284,-0.606607,-0.242102,0.036991,-0.728434,-1.4171,0.665783,0.813915,-1.83158,0.252405,-0.137529,1.26813
1765976275550484,0,-0.0574377,5.53307,-2.13694,-0.743196,-0.217758,0.0298601,-0.631941,0.0429731,5.48452,-2.19457,-0.623816,-0.239035,0.0360926,-0.716277,-1.44282,0.697728,0.828232,-1.72365,0.307208,-0.0899864,1.21767
1765976275550484,0,-0.0574377,5.53307,-2.13694,-0.743196,-0.217758,0.0298601,-0.631941,0.0429731,5.48452,-2.19457,-0.623816,-0.239035,0.0360926,-0.716277,-1.44282,0.697728,0.828232,-1.72365,0.307208,-0.0899864,1.21767
1765976275560475,0,-0.0737618,5.54255,-2.12753,-0.751118,-0.21081,0.0328126,-0.624743,0.0283169,5.4918,-2.18616,-0.639778,-0.235496,0.0356813,-0.704799,-1.46693,0.729263,0.842519,-1.59764,0.354226,-0.0411635,1.14875
1765976275560475,0,-0.0737618,5.54255,-2.12753,-0.751118,-0.21081,0.0328126,-0.624743,0.0283169,5.4918,-2.18616,-0.639778,-0.235496,0.0356813,-0.704799,-1.46693,0.729263,0.842519,-1.59764,0.354226,-0.0411635,1.14875
1765976275570459,0,-0.0902267,5.55232,-2.11798,-0.758237,-0.203817,0.0360972,-0.61825,0.0134441,5.4994,-2.1776,-0.654637,-0.231522,0.0357335,-0.693943,-1.48966,0.760437,0.856745,-1.4883,0.398009,0.00522526,1.0874
1765976275570459,0,-0.0902267,5.55232,-2.11798,-0.758237,-0.203817,0.0360972,-0.61825,0.0134441,5.4994,-2.1776,-0.654637,-0.231522,0.0357335,-0.693943,-1.48966,0.760437,0.856745,-1.4883,0.398009,0.00522526,1.0874
1765976275580476,0,-0.106818,5.56238,-2.1083,-0.764689,-0.19669,0.0394578,-0.612378,-0.00169417,5.50732,-2.16888,-0.668468,-0.227144,0.0362015,-0.683692,-1.51126,0.791539,0.870917,-1.38074,0.437019,0.0467266,1.02333
1765976275580476,0,-0.106818,5.56238,-2.1083,-0.764689,-0.19669,0.0394578,-0.612378,-0.00169417,5.50732,-2.16888,-0.668468,-0.227144,0.0362015,-0.683692,-1.51126,0.791539,0.870917,-1.38074,0.437019,0.0467266,1.02333
1765976275590530,0,-0.123522,5.57274,-2.0985,-0.770617,-0.189109,0.0425384,-0.607106,-0.0170862,5.51559,-2.15999,-0.681299,-0.222367,0.0369975,-0.674072,-1.53093,0.822063,0.884406,-1.27624,0.475214,0.0791722,0.956864
1765976275590530,0,-0.123522,5.57274,-2.0985,-0.770617,-0.189109,0.0425384,-0.607106,-0.0170862,5.51559,-2.15999,-0.681299,-0.222367,0.0369975,-0.674072,-1.53093,0.822063,0.884406,-1.27624,0.475214,0.0791722,0.956864
1765976275600618,0,-0.140324,5.58339,-2.0886,-0.77613,-0.180959,0.0452477,-0.602353,-0.032709,5.52418,-2.15094,-0.693228,-0.217158,0.0380353,-0.66505,-1.54865,0.852001,0.897071,-1.18246,0.516322,0.102873,0.894282
1765976275600618,0,-0.140324,5.58339,-2.0886,-0.77613,-0.180959,0.0452477,-0.602353,-0.032709,5.52418,-2.15094,-0.693228,-0.217158,0.0380353,-0.66505,-1.54865,0.852001,0.897071,-1.18246,0.516322,0.102873,0.894282
1765976275610582,0,-0.157209,5.59432,-2.07861,-0.781302,-0.172261,0.0475987,-0.59802,-0.0482978,5.53297,-2.14188,-0.704289,-0.211519,0.0392363,-0.656632,-1.56452,0.881364,0.908929,-1.1101,0.565891,0.120539,0.844856
1765976275610582,0,-0.157209,5.59432,-2.07861,-0.781302,-0.172261,0.0475987,-0.59802,-0.0482978,5.53297,-2.14188,-0.704289,-0.211519,0.0392363,-0.656632,-1.56452,0.881364,0.908929,-1.1101,0.565891,0.120539,0.844856
1765976275620483,0,-0.174164,5.60553,-2.06854,-0.786183,-0.163094,0.0496375,-0.594014,-0.063958,5.54199,-2.13276,-0.714584,-0.205432,0.0405439,-0.64876,-1.58168,0.911823,0.921648,-1.03982,0.614856,0.132064,0.795064
1765976275620483,0,-0.174164,5.60553,-2.06854,-0.786183,-0.163094,0.0496375,-0.594014,-0.063958,5.54199,-2.13276,-0.714584,-0.205432,0.0405439,-0.64876,-1.58168,0.911823,0.921648,-1.03982,0.614856,0.132064,0.795064
1765976275630574,0,-0.191173,5.61701,-2.05841,-0.790811,-0.153553,0.0514159,-0.59025,-0.0800897,5.55151,-2.12333,-0.724155,-0.198918,0.0419089,-0.641414,-1.59862,0.942617,0.934277,-0.948406,0.645474,0.135267,0.727967
1765976275630574,0,-0.191173,5.61701,-2.05841,-0.790811,-0.153553,0.0514159,-0.59025,-0.0800897,5.55151,-2.12333,-0.724155,-0.198918,0.0419089,-0.641414,-1.59862,0.942617,0.934277,-0.948406,0.645474,0.135267,0.727967
1765976275640471,0,-0.208221,5.62874,-2.04823,-0.795215,-0.14372,0.0529811,-0.586661,-0.0960254,5.56111,-2.11399,-0.733088,-0.191979,0.0433008,-0.634531,-1.61015,0.970537,0.943725,-0.902628,0.701147,0.140642,0.695484
1765976275640471,0,-0.208221,5.62874,-2.04823,-0.795215,-0.14372,0.0529811,-0.586661,-0.0960254,5.56111,-2.11399,-0.733088,-0.191979,0.0433008,-0.634531,-1.61015,0.970537,0.943725,-0.902628,0.701147,0.140642,0.695484
1765976275650485,0,-0.225295,5.64072,-2.03802,-0.799414,-0.133673,0.054384,-0.58319,-0.112293,5.57113,-2.10443,-0.741424,-0.184651,0.0446937,-0.628079,-1.62445,1.00043,0.954698,-0.8324,0.731745,0.139094,0.64433
1765976275650485,0,-0.225295,5.64072,-2.03802,-0.799414,-0.133673,0.054384,-0.58319,-0.112293,5.57113,-2.10443,-0.741424,-0.184651,0.0446937,-0.628079,-1.62445,1.00043,0.954698,-0.8324,0.731745,0.139094,0.64433
1765976275660458,0,-0.24238,5.65294,-2.02778,-0.803423,-0.123481,0.0556743,-0.579797,-0.128596,5.58138,-2.09482,-0.749212,-0.176967,0.0460732,-0.622013,-1.63472,1.02802,0.963189,-0.78098,0.770533,0.138318,0.608191
1765976275660458,0,-0.24238,5.65294,-2.02778,-0.803423,-0.123481,0.0556743,-0.579797,-0.128596,5.58138,-2.09482,-0.749212,-0.176967,0.0460732,-0.622013,-1.63472,1.02802,0.963189,-0.78098,0.770533,0.138318,0.608191
1765976275670504,0,-0.25946,5.66538,-2.01754,-0.807252,-0.113195,0.0568881,-0.57645,-0.145116,5.59199,-2.08507,-0.756512,-0.168946,0.0474334,-0.616282,-1.64449,1.05558,0.971165,-0.726665,0.798423,0.135404,0.570451
1765976275670504,0,-0.25946,5.66538,-2.01754,-0.807252,-0.113195,0.0568881,-0.57645,-0.145116,5.59199,-2.08507,-0.756512,-0.168946,0.0474334,-0.616282,-1.64449,1.05558,0.971165,-0.726665,0.798423,0.135404,0.570451
1765976275680467,0,-0.276521,5.67803,-2.0073,-0.810906,-0.102859,0.0580609,-0.573132,-0.161568,5.60276,-2.07533,-0.763341,-0.160649,0.0487677,-0.610865,-1.65129,1.08127,0.977222,-0.68545,0.832808,0.133924,0.543764
1765976275680467,0,-0.276521,5.67803,-2.0073,-0.810906,-0.102859,0.0580609,-0.573132,-0.161568,5.60276,-2.07533,-0.763341,-0.160649,0.0487677,-0.610865,-1.65129,1.08127,0.977222,-0.68545,0.832808,0.133924,0.543764
1765976275690455,0,-0.293549,5.69087,-1.99708,-0.814388,-0.0925045,0.059219,-0.569831,-0.178133,5.61382,-2.06551,-0.769757,-0.152084,0.0500812,-0.605708,-1.65852,1.1073,0.983298,-0.642308,0.857439,0.131506,0.516313
1765976275690455,0,-0.293549,5.69087,-1.99708,-0.814388,-0.0925045,0.059219,-0.569831,-0.178133,5.61382,-2.06551,-0.769757,-0.152084,0.0500812,-0.605708,-1.65852,1.1073,0.983298,-0.642308,0.857439,0.131506,0.516313
1765976275700471,0,-0.310527,5.7039,-1.98689,-0.817699,-0.0821581,0.0603836,-0.566544,-0.194797,5.62516,-2.05561,-0.775781,-0.143298,0.0513757,-0.600787,-1.66371,1.13196,0.987952,-0.601444,0.87723,0.129244,0.491322
1765976275700471,0,-0.310527,5.7039,-1.98689,-0.817699,-0.0821581,0.0603836,-0.566544,-0.194797,5.62516,-2.05561,-0.775781,-0.143298,0.0513757,-0.600787,-1.66371,1.13196,0.987952,-0.601444,0.87723,0.129244,0.491322
1765976275710413,0,-0.327441,5.71709,-1.97674,-0.820839,-0.0718362,0.0615666,-0.563269,-0.211369,5.63664,-2.04576,-0.781439,-0.134324,0.0526554,-0.596076,-1.66686,1.15526,0.991157,-0.569116,0.902623,0.128719,0.473876
1765976275710413,0,-0.327441,5.71709,-1.97674,-0.820839,-0.0718362,0.0615666,-0.563269,-0.211369,5.63664,-2.04576,-0.781439,-0.134324,0.0526554,-0.596076,-1.66686,1.15526,0.991157,-0.569116,0.902623,0.128719,0.473876
1765976275720531,0,-0.344276,5.73043,-1.96664,-0.823806,-0.0615525,0.0627785,-0.560013,-0.228268,5.64857,-2.0357,-0.786814,-0.125092,0.0539397,-0.5915,-1.67017,1.17861,0.994275,-0.531234,0.912489,0.126933,0.452189
1765976275720531,0,-0.344276,5.73043,-1.96664,-0.823806,-0.0615525,0.0627785,-0.560013,-0.228268,5.64857,-2.0357,-0.786814,-0.125092,0.0539397,-0.5915,-1.67017,1.17861,0.994275,-0.531234,0.912489,0.126933,0.452189
1765976275730448,0,-0.361018,5.74391,-1.9566,-0.826597,-0.0513161,0.064025,-0.556781,-0.244811,5.66045,-2.02584,-0.791769,-0.115902,0.0551959,-0.587176,-1.66819,1.19813,0.99404,-0.499676,0.926625,0.126671,0.436081
1765976275730448,0,-0.361018,5.74391,-1.9566,-0.826597,-0.0513161,0.064025,-0.556781,-0.244811,5.66045,-2.02584,-0.791769,-0.115902,0.0551959,-0.587176,-1.66819,1.19813,0.99404,-0.499676,0.926625,0.126671,0.436081
1765976275740471,0,-0.37765,5.75751,-1.94662,-0.829211,-0.0411334,0.0653101,-0.55358,-0.261543,5.67267,-2.01586,-0.796476,-0.106503,0.0564674,-0.582952,-1.66931,1.21966,0.995468,-0.469618,0.937793,0.126857,0.421371
1765976275740471,0,-0.37765,5.75751,-1.94662,-0.829211,-0.0411334,0.0653101,-0.55358,-0.261543,5.67267,-2.01586,-0.796476,-0.106503,0.0564674,-0.582952,-1.66931,1.21966,0.995468,-0.469618,0.937793,0.126857,0.421371
1765976275750431,0,-0.394159,5.77121,-1.93673,-0.831646,-0.031011,0.066638,-0.55042,-0.278141,5.68501,-2.00596,-0.800892,-0.0970258,0.0577442,-0.578868,-1.66651,1.2382,0.99444,-0.443289,0.951516,0.128192,0.410045
1765976275750431,0,-0.394159,5.77121,-1.93673,-0.831646,-0.031011,0.066638,-0.55042,-0.278141,5.68501,-2.00596,-0.800892,-0.0970258,0.0577442,-0.578868,-1.66651,1.2382,0.99444,-0.443289,0.951516,0.128192,0.410045
1765976275760479,0,-0.410529,5.78499,-1.92692,-0.833901,-0.0209491,0.0680049,-0.547308,-0.294857,5.69763,-1.99598,-0.80505,-0.0874408,0.059037,-0.574892,-1.66363,1.25644,0.993241,-0.413893,0.953915,0.128657,0.395729
1765976275760479,0,-0.410529,5.78499,-1.92692,-0.833901,-0.0209491,0.0680049,-0.547308,-0.294857,5.69763,-1.99598,-0.80505,-0.0874408,0.059037,-0.574892,-1.66363,1.25644,0.993241,-0.413893,0.953915,0.128657,0.395729
1765976275770413,0,-0.426745,5.79885,-1.9172,-0.835974,-0.0109501,0.0694118,-0.544252,-0.311321,5.71027,-1.98614,-0.808927,-0.0778518,0.0603376,-0.571051,-1.65735,1.27197,0.989939,-0.390238,0.965274,0.130925,0.386656
1765976275770413,0,-0.426745,5.79885,-1.9172,-0.835974,-0.0109501,0.0694118,-0.544252,-0.311321,5.71027,-1.98614,-0.808927,-0.0778518,0.0603376,-0.571051,-1.65735,1.27197,0.989939,-0.390238,0.965274,0.130925,0.386656
1765976275780523,0,-0.442792,5.81276,-1.90758,-0.837865,-0.0010156,0.0708582,-0.541259,-0.328024,5.72329,-1.97616,-0.81257,-0.0681779,0.0616622,-0.5673,-1.65211,1.28798,0.987256,-0.360363,0.956862,0.131016,0.371011
1765976275780523,0,-0.442792,5.81276,-1.90758,-0.837865,-0.0010156,0.0708582,-0.541259,-0.328024,5.72329,-1.97616,-0.81257,-0.0681779,0.0616622,-0.5673,-1.65211,1.28798,0.987256,-0.360363,0.956862,0.131016,0.371011
1765976275790559,0,-0.458656,5.82671,-1.89806,-0.839573,0.00885265,0.0723443,-0.538335,-0.344499,5.73633,-1.96631,-0.815959,-0.0585115,0.0630026,-0.563665,-1.64156,1.29961,0.981434,-0.337643,0.963172,0.133567,0.362171
1765976275790559,0,-0.458656,5.82671,-1.89806,-0.839573,0.00885265,0.0723443,-0.538335,-0.344499,5.73633,-1.96631,-0.815959,-0.0585115,0.0630026,-0.563665,-1.64156,1.29961,0.981434,-0.337643,0.963172,0.133567,0.362171
1765976275800601,0,-0.474321,5.84068,-1.88865,-0.841101,0.0186539,0.0738697,-0.535486,-0.360881,5.7495,-1.95651,-0.819118,-0.0488166,0.064368,-0.560125,-1.63139,1.31128,0.975897,-0.314554,0.965441,0.135961,0.352565
1765976275800601,0,-0.474321,5.84068,-1.88865,-0.841101,0.0186539,0.0738697,-0.535486,-0.360881,5.7495,-1.95651,-0.819118,-0.0488166,0.064368,-0.560125,-1.63139,1.31128,0.975897,-0.314554,0.965441,0.135961,0.352565
1765976275810714,0,-0.489774,5.85466,-1.87936,-0.842447,0.0283842,0.0754385,-0.532716,-0.377261,5.76286,-1.94671,-0.822073,-0.0390376,0.0657703,-0.556653,-1.61971,1.32145,0.969588,-0.292206,0.966968,0.138663,0.343306
1765976275810714,0,-0.489774,5.85466,-1.87936,-0.842447,0.0283842,0.0754385,-0.532716,-0.377261,5.76286,-1.94671,-0.822073,-0.0390376,0.0657703,-0.556653,-1.61971,1.32145,0.969588,-0.292206,0.966968,0.138663,0.343306
1765976275820630,0,-0.504999,5.86862,-1.87018,-0.843614,0.0380437,0.0770492,-0.530029,-0.393179,5.77604,-1.93717,-0.824774,-0.0293697,0.0671849,-0.553314,-1.6052,1.32895,0.961753,-0.272471,0.974982,0.142664,0.336758
1765976275820630,0,-0.504999,5.86862,-1.87018,-0.843614,0.0380437,0.0770492,-0.530029,-0.393179,5.77604,-1.93717,-0.824774,-0.0293697,0.0671849,-0.553314,-1.6052,1.32895,0.961753,-0.272471,0.974982,0.142664,0.336758
1765976275830512,0,-0.519983,5.88255,-1.86111,-0.84461,0.0475387,0.078643,-0.527437,-0.408925,5.78927,-1.92773,-0.827251,-0.019766,0.0686157,-0.550082,-1.59347,1.33844,0.955809,-0.250645,0.971838,0.144787,0.326987
1765976275830512,0,-0.519983,5.88255,-1.86111,-0.84461,0.0475387,0.078643,-0.527437,-0.408925,5.78927,-1.92773,-0.827251,-0.019766,0.0686157,-0.550082,-1.59347,1.33844,0.955809,-0.250645,0.971838,0.144787,0.326987
1765976275840624,0,-0.534711,5.89644,-1.85217,-0.84547,0.0564232,0.0799219,-0.524985,-0.424909,5.80289,-1.91813,-0.829544,-0.0101774,0.0700386,-0.546924,-1.58068,1.34681,0.949513,-0.226742,0.948237,0.140715,0.312353
1765976275840624,0,-0.534711,5.89644,-1.85217,-0.84547,0.0564232,0.0799219,-0.524985,-0.424909,5.80289,-1.91813,-0.829544,-0.0101774,0.0700386,-0.546924,-1.58068,1.34681,0.949513,-0.226742,0.948237,0.140715,0.312353
1765976275850622,0,-0.549171,5.91027,-1.84334,-0.846236,0.0644343,0.080686,-0.522707,-0.440521,5.81638,-1.90873,-0.831641,-0.000802387,0.0713765,-0.543881,-1.56152,1.34943,0.939724,-0.209779,0.937692,0.133812,0.304349
1765976275850622,0,-0.549171,5.91027,-1.84334,-0.846236,0.0644343,0.080686,-0.522707,-0.440521,5.81638,-1.90873,-0.831641,-0.000802387,0.0713765,-0.543881,-1.56152,1.34943,0.939724,-0.209779,0.937692,0.133812,0.304349
1765976275860559,0,-0.563353,5.92402,-1.83465,-0.846937,0.0715237,0.0809018,-0.520613,-0.455859,5.82982,-1.89948,-0.833562,0.0082782,0.0725724,-0.54096,-1.54355,1.35273,0.930953,-0.193246,0.913816,0.120349,0.293986
1765976275860559,0,-0.563353,5.92402,-1.83465,-0.846937,0.0715237,0.0809018,-0.520613,-0.455859,5.82982,-1.89948,-0.833562,0.0082782,0.0725724,-0.54096,-1.54355,1.35273,0.930953,-0.193246,0.913816,0.120349,0.293986
1765976275870531,0,-0.577247,5.93769,-1.82607,-0.847586,0.0777353,0.0806231,-0.518706,-0.471071,5.84334,-1.89028,-0.835329,0.0170309,0.0735869,-0.538155,-1.52541,1.35553,0.922437,-0.177224,0.877726,0.101736,0.281215
1765976275870531,0,-0.577247,5.93769,-1.82607,-0.847586,0.0777353,0.0806231,-0.518706,-0.471071,5.84334,-1.89028,-0.835329,0.0170309,0.0735869,-0.538155,-1.52541,1.35553,0.922437,-0.177224,0.877726,0.101736,0.281215
1765976275880538,0,-0.590848,5.95125,-1.81763,-0.848191,0.0831549,0.0799276,-0.516981,-0.486133,5.85691,-1.88114,-0.836941,0.0253162,0.0743814,-0.535502,-1.50517,1.35608,0.912981,-0.161046,0.827949,0.0793937,0.265133
1765976275880538,0,-0.590848,5.95125,-1.81763,-0.848191,0.0831549,0.0799276,-0.516981,-0.486133,5.85691,-1.88114,-0.836941,0.0253162,0.0743814,-0.535502,-1.50517,1.35608,0.912981,-0.161046,0.827949,0.0793937,0.265133
1765976275890628,0,-0.604152,5.9647,-1.80931,-0.848755,0.0878771,0.0789011,-0.515429,-0.501097,5.87058,-1.87204,-0.838427,0.0331849,0.0749499,-0.532978,-1.48307,1.35461,0.902683,-0.147269,0.779853,0.0563409,0.250221
1765976275890628,0,-0.604152,5.9647,-1.80931,-0.848755,0.0878771,0.0789011,-0.515429,-0.501097,5.87058,-1.87204,-0.838427,0.0331849,0.0749499,-0.532978,-1.48307,1.35461,0.902683,-0.147269,0.779853,0.0563409,0.250221
1765976275900610,0,-0.617154,5.97803,-1.80113,-0.849277,0.0919914,0.077628,-0.514042,-0.515655,5.88405,-1.86314,-0.839789,0.0405696,0.0752862,-0.5306,-1.45842,1.35031,0.891072,-0.136502,0.739799,0.0336911,0.23821
1765976275900610,0,-0.617154,5.97803,-1.80113,-0.849277,0.0919914,0.077628,-0.514042,-0.515655,5.88405,-1.86314,-0.839789,0.0405696,0.0752862,-0.5306,-1.45842,1.35031,0.891072,-0.136502,0.739799,0.0336911,0.23821
1765976275910529,0,-0.629854,5.99122,-1.79307,-0.849756,0.0955777,0.0761838,-0.512812,-0.52989,5.89741,-1.85441,-0.841046,0.0475063,0.0753994,-0.528357,-1.43507,1.34677,0.880495,-0.126715,0.699336,0.0114121,0.226148
1765976275910529,0,-0.629854,5.99122,-1.79307,-0.849756,0.0955777,0.0761838,-0.512812,-0.52989,5.89741,-1.85441,-0.841046,0.0475063,0.0753994,-0.528357,-1.43507,1.34677,0.880495,-0.126715,0.699336,0.0114121,0.226148
1765976275920390,0,-0.642251,6.00428,-1.78516,-0.85019,0.0987073,0.0746312,-0.511727,-0.543813,5.91066,-1.84583,-0.842189,0.0539095,0.0753033,-0.526277,-1.41197,1.34289,0.870212,-0.115957,0.649349,-0.00974144,0.210898
1765976275920390,0,-0.642251,6.00428,-1.78516,-0.85019,0.0987073,0.0746312,-0.511727,-0.543813,5.91066,-1.84583,-0.842189,0.0539095,0.0753033,-0.526277,-1.41197,1.34289,0.870212,-0.115957,0.649349,-0.00974144,0.210898
1765976275930598,0,-0.627244,5.97724,-1.79472,-0.850578,0.101447,0.0730147,-0.510778,-0.554515,5.9192,-1.83927,-0.843251,0.0599262,0.0750136,-0.524315,-1.04842,0.836754,0.642186,-0.104004,0.58941,-0.0283761,0.192168
1765976275930598,0,-0.627244,5.97724,-1.79472,-0.850578,0.101447,0.0730147,-0.510778,-0.554515,5.9192,-1.83927,-0.843251,0.0599262,0.0750136,-0.524315,-1.04842,0.836754,0.642186,-0.104004,0.58941,-0.0283761,0.192168
1765976275940470,0,-0.626893,5.97709,-1.79489,-0.850775,0.103277,0.0723224,-0.510181,-0.563494,5.92638,-1.83377,-0.84419,0.0653346,0.0746779,-0.522552,-0.909526,0.727524,0.557658,-0.0950825,0.547853,-0.0340106,0.178621
1765976275940470,0,-0.626893,5.97709,-1.79489,-0.850775,0.103277,0.0723224,-0.510181,-0.563494,5.92638,-1.83377,-0.84419,0.0653346,0.0746779,-0.522552,-0.909526,0.727524,0.557658,-0.0950825,0.547853,-0.0340106,0.178621
1765976275950552,0,-0.626295,5.97683,-1.79514,-0.85052,0.103364,0.0740247,-0.510345,-0.571451,5.93277,-1.82887,-0.844989,0.0701369,0.0745954,-0.52101,-0.789179,0.634049,0.485445,-0.0792856,0.476324,-0.00818145,0.152896
1765976275950552,0,-0.626295,5.97683,-1.79514,-0.85052,0.103364,0.0740247,-0.510345,-0.571451,5.93277,-1.82887,-0.844989,0.0701369,0.0745954,-0.52101,-0.789179,0.634049,0.485445,-0.0792856,0.476324,-0.00818145,0.152896
1765976275960591,0,-0.625452,5.97647,-1.79543,-0.849922,0.102412,0.0771078,-0.511077,-0.578263,5.93828,-1.82465,-0.84561,0.0741972,0.0749115,-0.519761,-0.678593,0.549082,0.420255,-0.0618133,0.404452,0.0314841,0.124482
1765976275960591,0,-0.625452,5.97647,-1.79543,-0.849922,0.102412,0.0771078,-0.511077,-0.578263,5.93828,-1.82465,-0.84561,0.0741972,0.0749115,-0.519761,-0.678593,0.549082,0.420255,-0.0618133,0.404452,0.0314841,0.124482
1765976275970551,0,-0.624364,5.97601,-1.79576,-0.849067,0.100883,0.0809592,-0.512205,-0.584033,5.94301,-1.82104,-0.846042,0.0775332,0.0756675,-0.518816,-0.57932,0.47406,0.363098,-0.0433869,0.334945,0.0759069,0.0948288
1765976275970551,0,-0.624364,5.97601,-1.79576,-0.849067,0.100883,0.0809592,-0.512205,-0.584033,5.94301,-1.82104,-0.846042,0.0775332,0.0756675,-0.518816,-0.57932,0.47406,0.363098,-0.0433869,0.334945,0.0759069,0.0948288
1765976275980501,0,-0.62303,5.97545,-1.7961,-0.848025,0.0990287,0.0852406,-0.513596,-0.588909,5.94706,-1.81792,-0.846291,0.0802353,0.0768709,-0.51816,-0.490058,0.407732,0.313323,-0.0250519,0.271559,0.12094,0.0659545
1765976275980501,0,-0.62303,5.97545,-1.7961,-0.848025,0.0990287,0.0852406,-0.513596,-0.588909,5.94706,-1.81792,-0.846291,0.0802353,0.0768709,-0.51816,-0.490058,0.407732,0.313323,-0.0250519,0.271559,0.12094,0.0659545
1765976275990527,0,-0.62145,5.97482,-1.79645,-0.846858,0.0969837,0.0897433,-0.515142,-0.593009,5.95056,-1.81521,-0.846362,0.0823399,0.0784884,-0.517781,-0.408921,0.348805,0.269773,-0.00711023,0.209921,0.16134,0.0378281
1765976275990527,0,-0.62145,5.97482,-1.79645,-0.846858,0.0969837,0.0897433,-0.515142,-0.593009,5.95056,-1.81521,-0.846362,0.0823399,0.0784884,-0.517781,-0.408921,0.348805,0.269773,-0.00711023,0.209921,0.16134,0.0378281
1765976276000660,0,-0.619621,5.97412,-1.79679,-0.845621,0.0948206,0.0943274,-0.516756,-0.596398,5.95356,-1.81287,-0.846269,0.0839186,0.080492,-0.517651,-0.334417,0.296088,0.231513,0.00925863,0.1558,0.197722,0.0127939
1765976276000660,0,-0.619621,5.97412,-1.79679,-0.845621,0.0948206,0.0943274,-0.516756,-0.596398,5.95356,-1.81287,-0.846269,0.0839186,0.080492,-0.517651,-0.334417,0.296088,0.231513,0.00925863,0.1558,0.197722,0.0127939
1765976276010575,0,-0.617542,5.97336,-1.79711,-0.84436,0.0925796,0.0988931,-0.518369,-0.599032,5.95603,-1.8109,-0.84603,0.0850025,0.0827948,-0.517741,-0.265705,0.248831,0.198033,0.0240943,0.10932,0.232262,-0.00905341
1765976276010575,0,-0.617542,5.97336,-1.79711,-0.84436,0.0925796,0.0988931,-0.518369,-0.599032,5.95603,-1.8109,-0.84603,0.0850025,0.0827948,-0.517741,-0.265705,0.248831,0.198033,0.0240943,0.10932,0.232262,-0.00905341
1765976276020632,0,-0.61521,5.97255,-1.7974,-0.843116,0.0902859,0.103366,-0.519923,-0.601077,5.95812,-1.8092,-0.845663,0.0856667,0.085381,-0.518015,-0.203297,0.207718,0.169728,0.0364254,0.0660432,0.257146,-0.0272746
1765976276020632,0,-0.61521,5.97255,-1.7974,-0.843116,0.0902859,0.103366,-0.519923,-0.601077,5.95812,-1.8092,-0.845663,0.0856667,0.085381,-0.518015,-0.203297,0.207718,0.169728,0.0364254,0.0660432,0.257146,-0.0272746
1765976276030615,0,-0.612623,5.9717,-1.79765,-0.841924,0.0879623,0.107686,-0.521374,-0.602525,5.95982,-1.80775,-0.845194,0.0859546,0.0881783,-0.518436,-0.145098,0.17076,0.145158,0.0469768,0.0288381,0.280209,-0.0421943
1765976276030615,0,-0.612623,5.9717,-1.79765,-0.841924,0.0879623,0.107686,-0.521374,-0.602525,5.95982,-1.80775,-0.845194,0.0859546,0.0881783,-0.518436,-0.145098,0.17076,0.145158,0.0469768,0.0288381,0.280209,-0.0421943
1765976276040694,0,-0.60978,5.97082,-1.79785,-0.840814,0.0856345,0.111798,-0.522686,-0.603444,5.96121,-1.80649,-0.844641,0.0859142,0.0911634,-0.518973,-0.0911604,0.13824,0.124413,0.0549269,-0.00401396,0.296169,-0.0532828
1765976276040694,0,-0.60978,5.97082,-1.79785,-0.840814,0.0856345,0.111798,-0.522686,-0.603444,5.96121,-1.80649,-0.844641,0.0859142,0.0911634,-0.518973,-0.0911604,0.13824,0.124413,0.0549269,-0.00401396,0.296169,-0.0532828
1765976276050716,0,-0.606678,5.96992,-1.798,-0.839809,0.0833285,0.115662,-0.523832,-0.603851,5.96231,-1.80542,-0.84403,0.0855875,0.0942586,-0.519587,-0.0406325,0.109384,0.106815,0.0609131,-0.0325961,0.308839,-0.0612461
1765976276050716,0,-0.606678,5.96992,-1.798,-0.839809,0.0833285,0.115662,-0.523832,-0.603851,5.96231,-1.80542,-0.84403,0.0855875,0.0942586,-0.519587,-0.0406325,0.109384,0.106815,0.0609131,-0.0325961,0.308839,-0.0612461
1765976276060509,0,-0.603316,5.969,-1.79808,-0.838928,0.0810735,0.119242,-0.524793,-0.603785,5.96313,-1.80452,-0.843394,0.0850249,0.0973723,-0.520236,0.00672553,0.0840904,0.0922585,0.0649364,-0.0574485,0.317954,-0.066251
1765976276060509,0,-0.603316,5.969,-1.79808,-0.838928,0.0810735,0.119242,-0.524793,-0.603785,5.96313,-1.80452,-0.843394,0.0850249,0.0973723,-0.520236,0.00672553,0.0840904,0.0922585,0.0649364,-0.0574485,0.317954,-0.066251
1765976276070466,0,-0.599693,5.96808,-1.79811,-0.838186,0.0789002,0.12251,-0.525557,-0.603273,5.96375,-1.80372,-0.84274,0.0842555,0.10053,-0.520904,0.0514275,0.0621129,0.0806222,0.0657106,-0.0772744,0.317161,-0.0671353
1765976276070466,0,-0.599693,5.96808,-1.79811,-0.838186,0.0789002,0.12251,-0.525557,-0.603273,5.96375,-1.80372,-0.84274,0.0842555,0.10053,-0.520904,0.0514275,0.0621129,0.0806222,0.0657106,-0.0772744,0.317161,-0.0671353
1765976276080466,0,-0.595808,5.96716,-1.79806,-0.837592,0.0768413,0.125444,-0.526117,-0.602335,5.96418,-1.80301,-0.842095,0.083327,0.10365,-0.521557,0.0938118,0.0427723,0.0711203,0.0644743,-0.0928521,0.312017,-0.065279
1765976276080466,0,-0.595808,5.96716,-1.79806,-0.837592,0.0768413,0.125444,-0.526117,-0.602335,5.96418,-1.80301,-0.842095,0.083327,0.10365,-0.521557,0.0938118,0.0427723,0.0711203,0.0644743,-0.0928521,0.312017,-0.065279
1765976276090490,0,-0.591659,5.96624,-1.79794,-0.837152,0.074929,0.128027,-0.52647,-0.600991,5.96444,-1.80237,-0.841474,0.082271,0.106716,-0.522175,0.134152,0.0258778,0.0636956,0.0620069,-0.105343,0.305779,-0.0616323
1765976276090490,0,-0.591659,5.96624,-1.79794,-0.837152,0.074929,0.128027,-0.52647,-0.600991,5.96444,-1.80237,-0.841474,0.082271,0.106716,-0.522175,0.134152,0.0258778,0.0636956,0.0620069,-0.105343,0.305779,-0.0616323
1765976276100660,0,-0.587247,5.96534,-1.79774,-0.836868,0.0731911,0.130251,-0.526621,-0.599234,5.96455,-1.80178,-0.840894,0.0811284,0.109677,-0.522735,0.172707,0.0112997,0.0581277,0.0569907,-0.112351,0.29122,-0.0550156
1765976276100660,0,-0.587247,5.96534,-1.79774,-0.836868,0.0731911,0.130251,-0.526621,-0.599234,5.96455,-1.80178,-0.840894,0.0811284,0.109677,-0.522735,0.172707,0.0112997,0.0581277,0.0569907,-0.112351,0.29122,-0.0550156
1765976276110588,0,-0.582571,5.96445,-1.79747,-0.836737,0.0716522,0.132113,-0.526577,-0.597155,5.96454,-1.80124,-0.840373,0.0799401,0.112491,-0.523216,0.209391,-0.00134483,0.0541413,0.0525083,-0.119693,0.283387,-0.0485278
1765976276110588,0,-0.582571,5.96445,-1.79747,-0.836737,0.0716522,0.132113,-0.526577,-0.597155,5.96454,-1.80124,-0.840373,0.0799401,0.112491,-0.523216,0.209391,-0.00134483,0.0541413,0.0525083,-0.119693,0.283387,-0.0485278
1765976276120660,0,-0.577631,5.96358,-1.79712,-0.836755,0.0703329,0.133616,-0.526347,-0.594684,5.96442,-1.80072,-0.839917,0.07873,0.115152,-0.523611,0.245348,-0.0120251,0.0518286,0.045242,-0.12014,0.264178,-0.0391525
1765976276120660,0,-0.577631,5.96358,-1.79712,-0.836755,0.0703329,0.133616,-0.526347,-0.594684,5.96442,-1.80072,-0.839917,0.07873,0.115152,-0.523611,0.245348,-0.0120251,0.0518286,0.045242,-0.12014,0.264178,-0.0391525
1765976276130572,0,-0.572427,5.96274,-1.79668,-0.836913,0.0692493,0.134765,-0.525946,-0.591912,5.96421,-1.80021,-0.83954,0.077541,0.117611,-0.523904,0.279688,-0.0210228,0.0507169,0.0380106,-0.119956,0.248166,-0.0295498
1765976276130572,0,-0.572427,5.96274,-1.79668,-0.836913,0.0692493,0.134765,-0.525946,-0.591912,5.96421,-1.80021,-0.83954,0.077541,0.117611,-0.523904,0.279688,-0.0210228,0.0507169,0.0380106,-0.119956,0.248166,-0.0295498
1765976276140545,0,-0.56696,5.96193,-1.79617,-0.837203,0.068415,0.135565,-0.525387,-0.588785,5.96393,-1.79971,-0.839247,0.0763948,0.119866,-0.52409,0.313556,-0.0286877,0.0508848,0.0294288,-0.114935,0.226114,-0.0186888
1765976276140545,0,-0.56696,5.96193,-1.79617,-0.837203,0.068415,0.135565,-0.525387,-0.588785,5.96393,-1.79971,-0.839247,0.0763948,0.119866,-0.52409,0.313556,-0.0286877,0.0508848,0.0294288,-0.114935,0.226114,-0.0186888
1765976276150431,0,-0.561229,5.96114,-1.79557,-0.837614,0.067837,0.136026,-0.524689,-0.585361,5.96358,-1.79919,-0.839041,0.075318,0.1219,-0.524165,0.346275,-0.0349211,0.0520199,0.0207887,-0.108921,0.20567,-0.00762091
1765976276150431,0,-0.561229,5.96114,-1.79557,-0.837614,0.067837,0.136026,-0.524689,-0.585361,5.96358,-1.79919,-0.839041,0.075318,0.1219,-0.524165,0.346275,-0.0349211,0.0520199,0.0207887,-0.108921,0.20567,-0.00762091
1765976276160470,0,-0.555236,5.96039,-1.79489,-0.838133,0.0675186,0.136156,-0.523867,-0.581561,5.96318,-1.79865,-0.838927,0.0743371,0.123693,-0.524128,0.378569,-0.0400887,0.0540889,0.0113878,-0.0977073,0.178594,0.0037405
1765976276160470,0,-0.555236,5.96039,-1.79489,-0.838133,0.0675186,0.136156,-0.523867,-0.581561,5.96318,-1.79865,-0.838927,0.0743371,0.123693,-0.524128,0.378569,-0.0400887,0.0540889,0.0113878,-0.0977073,0.178594,0.0037405
1765976276170497,0,-0.54898,5.95967,-1.79413,-0.838747,0.0674579,0.135968,-0.52294,-0.577456,5.96274,-1.79808,-0.838905,0.0734736,0.125233,-0.523979,0.409422,-0.0441313,0.0567929,0.00225888,-0.086119,0.153671,0.0148729
1765976276170497,0,-0.54898,5.95967,-1.79413,-0.838747,0.0674579,0.135968,-0.52294,-0.577456,5.96274,-1.79808,-0.838905,0.0734736,0.125233,-0.523979,0.409422,-0.0441313,0.0567929,0.00225888,-0.086119,0.153671,0.0148729
1765976276180478,0,-0.542464,5.95897,-1.79329,-0.839442,0.0676487,0.135475,-0.521927,-0.573067,5.96226,-1.79748,-0.838972,0.0727423,0.126519,-0.523721,0.439716,-0.0473445,0.060172,-0.00676009,-0.0732711,0.128828,0.0258102
1765976276180478,0,-0.542464,5.95897,-1.79329,-0.839442,0.0676487,0.135475,-0.521927,-0.573067,5.96226,-1.79748,-0.838972,0.0727423,0.126519,-0.523721,0.439716,-0.0473445,0.060172,-0.00676009,-0.0732711,0.128828,0.0258102
1765976276190443,0,-0.535689,5.95831,-1.79238,-0.840203,0.0680794,0.134694,-0.520846,-0.568386,5.96177,-1.79684,-0.839127,0.0721562,0.127547,-0.52336,0.469713,-0.0497174,0.0641445,-0.0155277,-0.0588129,0.103112,0.0362592
1765976276190443,0,-0.535689,5.95831,-1.79238,-0.840203,0.0680794,0.134694,-0.520846,-0.568386,5.96177,-1.79684,-0.839127,0.0721562,0.127547,-0.52336,0.469713,-0.0497174,0.0641445,-0.0155277,-0.0588129,0.103112,0.0362592
1765976276200617,0,-0.528654,5.95767,-1.79138,-0.841017,0.0687368,0.133641,-0.519717,-0.563307,5.96124,-1.79614,-0.839367,0.071721,0.128322,-0.522896,0.499287,-0.0515082,0.0686033,-0.023645,-0.0427797,0.0762414,0.0455735
1765976276200617,0,-0.528654,5.95767,-1.79138,-0.841017,0.0687368,0.133641,-0.519717,-0.563307,5.96124,-1.79614,-0.839367,0.071721,0.128322,-0.522896,0.499287,-0.0515082,0.0686033,-0.023645,-0.0427797,0.0762414,0.0455735
1765976276210597,0,-0.521362,5.95705,-1.79031,-0.841869,0.0696067,0.132328,-0.518556,-0.558046,5.96072,-1.79541,-0.839681,0.0714561,0.128824,-0.522352,0.527083,-0.0526528,0.0732456,-0.0314029,-0.0265369,0.0502742,0.0544743
1765976276210597,0,-0.521362,5.95705,-1.79031,-0.841869,0.0696067,0.132328,-0.518556,-0.558046,5.96072,-1.79541,-0.839681,0.0714561,0.128824,-0.522352,0.527083,-0.0526528,0.0732456,-0.0314029,-0.0265369,0.0502742,0.0544743
1765976276220553,0,-0.513815,5.95645,-1.78917,-0.842751,0.0706225,0.130744,-0.517387,-0.552512,5.96018,-1.79463,-0.840063,0.0713523,0.129063,-0.521734,0.555827,-0.053546,0.0784032,-0.0384113,-0.010429,0.0240161,0.0621131
1765976276220553,0,-0.513815,5.95645,-1.78917,-0.842751,0.0706225,0.130744,-0.517387,-0.552512,5.96018,-1.79463,-0.840063,0.0713523,0.129063,-0.521734,0.555827,-0.053546,0.0784032,-0.0384113,-0.010429,0.0240161,0.0621131
1765976276230479,0,-0.506014,5.95588,-1.78796,-0.843669,0.0715184,0.128753,-0.516265,-0.546712,5.95965,-1.7938,-0.840516,0.0713731,0.129024,-0.521047,0.584319,-0.0541402,0.0838044,-0.0456132,0.00210021,-0.0039242,0.0691644
1765976276230479,0,-0.506014,5.95588,-1.78796,-0.843669,0.0715184,0.128753,-0.516265,-0.546712,5.95965,-1.7938,-0.840516,0.0713731,0.129024,-0.521047,0.584319,-0.0541402,0.0838044,-0.0456132,0.00210021,-0.0039242,0.0691644
1765976276240483,0,-0.497962,5.95531,-1.78669,-0.844645,0.0719315,0.126142,-0.515256,-0.540584,5.9591,-1.79291,-0.841035,0.0714433,0.128662,-0.520319,0.612616,-0.0544807,0.0893951,-0.051883,0.0070149,-0.0362087,0.072772
1765976276240483,0,-0.497962,5.95531,-1.78669,-0.844645,0.0719315,0.126142,-0.515256,-0.540584,5.9591,-1.79291,-0.841035,0.0714433,0.128662,-0.520319,0.612616,-0.0544807,0.0893951,-0.051883,0.0070149,-0.0362087,0.072772
1765976276250494,0,-0.489662,5.95476,-1.78534,-0.845677,0.0717408,0.122854,-0.514383,-0.534178,5.95856,-1.79195,-0.841619,0.0714808,0.127931,-0.519572,0.639897,-0.0546331,0.0950245,-0.0583543,0.0037398,-0.0730054,0.0746145
1765976276250494,0,-0.489662,5.95476,-1.78534,-0.845677,0.0717408,0.122854,-0.514383,-0.534178,5.95856,-1.79195,-0.841619,0.0714808,0.127931,-0.519572,0.639897,-0.0546331,0.0950245,-0.0583543,0.0037398,-0.0730054,0.0746145
1765976276260509,0,-0.481122,5.95421,-1.78394,-0.84675,0.0709491,0.118922,-0.513652,-0.527501,5.95801,-1.79095,-0.842266,0.0714138,0.126796,-0.518826,0.666727,-0.0546589,0.100688,-0.0645682,-0.00669027,-0.113374,0.0745013
1765976276260509,0,-0.481122,5.95421,-1.78394,-0.84675,0.0709491,0.118922,-0.513652,-0.527501,5.95801,-1.79095,-0.842266,0.0714138,0.126796,-0.518826,0.666727,-0.0546589,0.100688,-0.0645682,-0.00669027,-0.113374,0.0745013
1765976276270523,0,-0.472347,5.95366,-1.78248,-0.847841,0.0696131,0.114426,-0.513056,-0.52056,5.95746,-1.78988,-0.842966,0.0711875,0.125241,-0.518101,0.693084,-0.0545691,0.106341,-0.0699554,-0.0225935,-0.155215,0.0724017
1765976276270523,0,-0.472347,5.95366,-1.78248,-0.847841,0.0696131,0.114426,-0.513056,-0.52056,5.95746,-1.78988,-0.842966,0.0711875,0.125241,-0.518101,0.693084,-0.0545691,0.106341,-0.0699554,-0.0225935,-0.155215,0.0724017
1765976276280631,0,-0.463347,5.95312,-1.78097,-0.848927,0.0678036,0.109457,-0.512586,-0.513293,5.95691,-1.78875,-0.843722,0.0707585,0.123241,-0.517402,0.718959,-0.0545806,0.111933,-0.0747594,-0.0424384,-0.197957,0.0691633
1765976276280631,0,-0.463347,5.95312,-1.78097,-0.848927,0.0678036,0.109457,-0.512586,-0.513293,5.95691,-1.78875,-0.843722,0.0707585,0.123241,-0.517402,0.718959,-0.0545806,0.111933,-0.0747594,-0.0424384,-0.197957,0.0691633
1765976276290568,0,-0.454132,5.95257,-1.77942,-0.849987,0.0655907,0.104107,-0.512232,-0.505905,5.95637,-1.78758,-0.844504,0.0701133,0.120852,-0.516757,0.743442,-0.0544641,0.117254,-0.0787211,-0.0649333,-0.240409,0.0649611
1765976276290568,0,-0.454132,5.95257,-1.77942,-0.849987,0.0655907,0.104107,-0.512232,-0.505905,5.95637,-1.78758,-0.844504,0.0701133,0.120852,-0.516757,0.743442,-0.0544641,0.117254,-0.0787211,-0.0649333,-0.240409,0.0649611
1765976276300555,0,-0.444712,5.95202,-1.77782,-0.851002,0.0630408,0.0984643,-0.511983,-0.498225,5.95582,-1.78636,-0.84532,0.0692256,0.118042,-0.516158,0.768976,-0.0545734,0.122671,-0.0816572,-0.0888847,-0.281354,0.0599926
1765976276300555,0,-0.444712,5.95202,-1.77782,-0.851002,0.0630408,0.0984643,-0.511983,-0.498225,5.95582,-1.78636,-0.84532,0.0692256,0.118042,-0.516158,0.768976,-0.0545734,0.122671,-0.0816572,-0.0888847,-0.281354,0.0599926
1765976276310530,0,-0.4351,5.95147,-1.77619,-0.851956,0.0602121,0.0926049,-0.511829,-0.490313,5.95528,-1.78508,-0.846155,0.0680908,0.114839,-0.515613,0.793262,-0.0546869,0.127802,-0.0837632,-0.113766,-0.321058,0.0546271
1765976276310530,0,-0.4351,5.95147,-1.77619,-0.851956,0.0602121,0.0926049,-0.511829,-0.490313,5.95528,-1.78508,-0.846155,0.0680908,0.114839,-0.515613,0.793262,-0.0546869,0.127802,-0.0837632,-0.113766,-0.321058,0.0546271
1765976276320614,0,-0.425307,5.95091,-1.77453,-0.852841,0.0571456,0.0865825,-0.511762,-0.482075,5.95472,-1.78375,-0.847,0.0667071,0.111267,-0.515126,0.816883,-0.0548523,0.132686,-0.0838153,-0.137214,-0.354239,0.0482736
1765976276320614,0,-0.425307,5.95091,-1.77453,-0.852841,0.0571456,0.0865825,-0.511762,-0.482075,5.95472,-1.78375,-0.847,0.0667071,0.111267,-0.515126,0.816883,-0.0548523,0.132686,-0.0838153,-0.137214,-0.354239,0.0482736
1765976276330466,0,-0.415348,5.95035,-1.77284,-0.853647,0.0538862,0.0804545,-0.511771,-0.473814,5.95418,-1.7824,-0.847825,0.0651171,0.107446,-0.51471,0.838519,-0.0549824,0.137081,-0.0836655,-0.161391,-0.38787,0.042229
1765976276330466,0,-0.415348,5.95035,-1.77284,-0.853647,0.0538862,0.0804545,-0.511771,-0.473814,5.95418,-1.7824,-0.847825,0.0651171,0.107446,-0.51471,0.838519,-0.0549824,0.137081,-0.0836655,-0.161391,-0.38787,0.042229
1765976276340483,0,-0.405235,5.94977,-1.77113,-0.85437,0.0504788,0.0742767,-0.511847,-0.465182,5.95363,-1.78098,-0.848648,0.0632759,0.103274,-0.51435,0.861792,-0.055362,0.141583,-0.0821803,-0.183804,-0.416481,0.035952
1765976276340483,0,-0.405235,5.94977,-1.77113,-0.85437,0.0504788,0.0742767,-0.511847,-0.465182,5.95363,-1.78098,-0.848648,0.0632759,0.103274,-0.51435,0.861792,-0.055362,0.141583,-0.0821803,-0.183804,-0.416481,0.035952
1765976276350450,0,-0.394982,5.94919,-1.7694,-0.855006,0.0469615,0.0680944,-0.511979,-0.456389,5.95307,-1.77953,-0.849447,0.0612246,0.0988504,-0.514052,0.882154,-0.0557355,0.145426,-0.0802124,-0.205815,-0.443808,0.029907
1765976276350450,0,-0.394982,5.94919,-1.7694,-0.855006,0.0469615,0.0680944,-0.511979,-0.456389,5.95307,-1.77953,-0.849447,0.0612246,0.0988504,-0.514052,0.882154,-0.0557355,0.145426,-0.0802124,-0.205815,-0.443808,0.029907
1765976276360466,0,-0.384603,5.9486,-1.76767,-0.855557,0.0433575,0.0619314,-0.51216,-0.447354,5.95251,-1.77804,-0.850215,0.0589805,0.0942133,-0.513814,0.902086,-0.0561293,0.149012,-0.0766065,-0.224054,-0.462964,0.0237205
1765976276360466,0,-0.384603,5.9486,-1.76767,-0.855557,0.0433575,0.0619314,-0.51216,-0.447354,5.95251,-1.77804,-0.850215,0.0589805,0.0942133,-0.513814,0.902086,-0.0561293,0.149012,-0.0766065,-0.224054,-0.462964,0.0237205
1765976276370508,0,-0.374112,5.948,-1.76593,-0.856022,0.0397042,0.0558313,-0.51238,-0.438111,5.95194,-1.77651,-0.850945,0.0565564,0.0893867,-0.513634,0.920382,-0.0566487,0.152152,-0.0727281,-0.241389,-0.480641,0.0179669
1765976276370508,0,-0.374112,5.948,-1.76593,-0.856022,0.0397042,0.0558313,-0.51238,-0.438111,5.95194,-1.77651,-0.850945,0.0565564,0.0893867,-0.513634,0.920382,-0.0566487,0.152152,-0.0727281,-0.241389,-0.480641,0.0179669
1765976276380459,0,-0.363523,5.9474,-1.76418,-0.856405,0.0360313,0.0498248,-0.51263,-0.428784,5.95137,-1.77497,-0.85163,0.0539821,0.0844247,-0.513508,0.937304,-0.057071,0.154849,-0.068823,-0.258704,-0.498649,0.0126565
1765976276380459,0,-0.363523,5.9474,-1.76418,-0.856405,0.0360313,0.0498248,-0.51263,-0.428784,5.95137,-1.77497,-0.85163,0.0539821,0.0844247,-0.513508,0.937304,-0.057071,0.154849,-0.068823,-0.258704,-0.498649,0.0126565
1765976276390469,0,-0.35285,5.94678,-1.76244,-0.85671,0.0323691,0.043944,-0.512902,-0.419232,5.9508,-1.77339,-0.852269,0.0512618,0.0793296,-0.513431,0.954222,-0.0576873,0.15739,-0.06388,-0.271759,-0.509,0.00760986
1765976276390469,0,-0.35285,5.94678,-1.76244,-0.85671,0.0323691,0.043944,-0.512902,-0.419232,5.9508,-1.77339,-0.852269,0.0512618,0.0793296,-0.513431,0.954222,-0.0576873,0.15739,-0.06388,-0.271759,-0.509,0.00760986
1765976276400416,0,-0.342106,5.94616,-1.76071,-0.856942,0.028741,0.0382091,-0.51319,-0.409592,5.95022,-1.77181,-0.852855,0.0484379,0.0741736,-0.513401,0.9692,-0.0582923,0.159405,-0.0589095,-0.283886,-0.518346,0.00303806
1765976276400416,0,-0.342106,5.94616,-1.76071,-0.856942,0.028741,0.0382091,-0.51319,-0.409592,5.95022,-1.77181,-0.852855,0.0484379,0.0741736,-0.513401,0.9692,-0.0582923,0.159405,-0.0589095,-0.283886,-0.518346,0.00303806
1765976276410433,0,-0.331305,5.94553,-1.75898,-0.857107,0.0251611,0.0326297,-0.513487,-0.399737,5.94963,-1.77019,-0.85339,0.0455132,0.0689536,-0.513412,0.983783,-0.0589323,0.161195,-0.0533389,-0.29198,-0.521118,-0.00107701
1765976276410433,0,-0.331305,5.94553,-1.75898,-0.857107,0.0251611,0.0326297,-0.513487,-0.399737,5.94963,-1.77019,-0.85339,0.0455132,0.0689536,-0.513412,0.983783,-0.0589323,0.161195,-0.0533389,-0.29198,-0.521118,-0.00107701
1765976276420444,0,-0.32046,5.94489,-1.75726,-0.857212,0.0216469,0.0272202,-0.513788,-0.389764,5.94903,-1.76856,-0.853871,0.042509,0.0637003,-0.513459,0.996233,-0.0595392,0.162494,-0.048066,-0.300092,-0.524751,-0.00472145
1765976276420444,0,-0.32046,5.94489,-1.75726,-0.857212,0.0216469,0.0272202,-0.513788,-0.389764,5.94903,-1.76856,-0.853871,0.042509,0.0637003,-0.513459,0.996233,-0.0595392,0.162494,-0.048066,-0.300092,-0.524751,-0.00472145
1765976276430436,0,-0.309583,5.94424,-1.75556,-0.857263,0.0182122,0.0219895,-0.514086,-0.379696,5.94843,-1.76693,-0.854296,0.03946,0.0584661,-0.513538,1.00758,-0.0601296,0.163436,-0.0426037,-0.30514,-0.523839,-0.00786815
1765976276430436,0,-0.309583,5.94424,-1.75556,-0.857263,0.0182122,0.0219895,-0.514086,-0.379696,5.94843,-1.76693,-0.854296,0.03946,0.0584661,-0.513538,1.00758,-0.0601296,0.163436,-0.0426037,-0.30514,-0.523839,-0.00786815
1765976276440592,0,-0.298688,5.94359,-1.75387,-0.857267,0.0148752,0.016954,-0.514378,-0.369358,5.94781,-1.76526,-0.85467,0.0363678,0.0532448,-0.513644,1.01798,-0.0608019,0.164106,-0.0367805,-0.30447,-0.514106,-0.0104056
1765976276440592,0,-0.298688,5.94359,-1.75387,-0.857267,0.0148752,0.016954,-0.514378,-0.369358,5.94781,-1.76526,-0.85467,0.0363678,0.0532448,-0.513644,1.01798,-0.0608019,0.164106,-0.0367805,-0.30447,-0.514106,-0.0104056
1765976276450597,0,-0.287785,5.94293,-1.7522,-0.857229,0.0116479,0.0121223,-0.51466,-0.359102,5.9472,-1.76362,-0.854992,0.0332602,0.0480751,-0.513771,1.02507,-0.0612906,0.164129,-0.0321585,-0.310609,-0.51671,-0.0127788
1765976276450597,0,-0.287785,5.94293,-1.7522,-0.857229,0.0116479,0.0121223,-0.51466,-0.359102,5.9472,-1.76362,-0.854992,0.0332602,0.0480751,-0.513771,1.02507,-0.0612906,0.164129,-0.0321585,-0.310609,-0.51671,-0.0127788
1765976276460595,0,-0.276888,5.94227,-1.75056,-0.857157,0.00854402,0.00750772,-0.51493,-0.348773,5.94658,-1.76198,-0.855264,0.0301515,0.0429727,-0.513917,1.03313,-0.0619535,0.164208,-0.0272328,-0.310934,-0.510346,-0.0145703
1765976276460595,0,-0.276888,5.94227,-1.75056,-0.857157,0.00854402,0.00750772,-0.51493,-0.348773,5.94658,-1.76198,-0.855264,0.0301515,0.0429727,-0.513917,1.03313,-0.0619535,0.164208,-0.0272328,-0.310934,-0.510346,-0.0145703
1765976276470522,0,-0.266006,5.9416,-1.74893,-0.857056,0.00557926,0.00312618,-0.515184,-0.338448,5.94596,-1.76035,-0.855489,0.0270695,0.037975,-0.514076,1.04008,-0.0625888,0.163989,-0.0226362,-0.310463,-0.50345,-0.0160014
1765976276470522,0,-0.266006,5.9416,-1.74893,-0.857056,0.00557926,0.00312618,-0.515184,-0.338448,5.94596,-1.76035,-0.855489,0.0270695,0.037975,-0.514076,1.04008,-0.0625888,0.163989,-0.0226362,-0.310463,-0.50345,-0.0160014
1765976276480649,0,-0.25515,5.94093,-1.74733,-0.856933,0.00274705,-0.00103602,-0.51542,-0.327847,5.94532,-1.7587,-0.855671,0.0240069,0.0330629,-0.514245,1.04675,-0.0632361,0.163646,-0.0179514,-0.302415,-0.485047,-0.0167154
1765976276480649,0,-0.25515,5.94093,-1.74733,-0.856933,0.00274705,-0.00103602,-0.51542,-0.327847,5.94532,-1.7587,-0.855671,0.0240069,0.0330629,-0.514245,1.04675,-0.0632361,0.163646,-0.0179514,-0.302415,-0.485047,-0.0167154
1765976276490580,0,-0.244329,5.94025,-1.74575,-0.856791,4.21933e-05,-0.00499044,-0.515639,-0.317424,5.94469,-1.75708,-0.855811,0.0209999,0.0282881,-0.51442,1.04952,-0.0636679,0.162627,-0.0141644,-0.302787,-0.480792,-0.0176035
1765976276490580,0,-0.244329,5.94025,-1.74575,-0.856791,4.21933e-05,-0.00499044,-0.515639,-0.317424,5.94469,-1.75708,-0.855811,0.0209999,0.0282881,-0.51442,1.04952,-0.0636679,0.162627,-0.0141644,-0.302787,-0.480792,-0.0176035
1765976276500490,0,-0.233555,5.93957,-1.7442,-0.856638,-0.00253271,-0.00873714,-0.515838,-0.30698,5.94405,-1.75548,-0.855915,0.0180436,0.0236368,-0.514598,1.05393,-0.0642359,0.161805,-0.0104774,-0.298316,-0.469358,-0.0179716
1765976276500490,0,-0.233555,5.93957,-1.7442,-0.856638,-0.00253271,-0.00873714,-0.515838,-0.30698,5.94405,-1.75548,-0.855915,0.0180436,0.0236368,-0.514598,1.05393,-0.0642359,0.161805,-0.0104774,-0.298316,-0.469358,-0.0179716
1765976276510494,0,-0.222835,5.93889,-1.74268,-0.856476,-0.00496672,-0.012264,-0.516018,-0.296402,5.9434,-1.75387,-0.855986,0.0151376,0.0191028,-0.514777,1.0574,-0.0647286,0.160797,-0.0070782,-0.290486,-0.453217,-0.0179219
1765976276510494,0,-0.222835,5.93889,-1.74268,-0.856476,-0.00496672,-0.012264,-0.516018,-0.296402,5.9434,-1.75387,-0.855986,0.0151376,0.0191028,-0.514777,1.0574,-0.0647286,0.160797,-0.0070782,-0.290486,-0.453217,-0.0179219
1765976276520558,0,-0.212177,5.93821,-1.74118,-0.856309,-0.00727271,-0.0155922,-0.516178,-0.28575,5.94274,-1.75226,-0.856027,0.0123113,0.0147272,-0.514954,1.0584,-0.0652429,0.159388,-0.00404511,-0.280833,-0.434777,-0.0175426
1765976276520558,0,-0.212177,5.93821,-1.74118,-0.856309,-0.00727271,-0.0155922,-0.516178,-0.28575,5.94274,-1.75226,-0.856027,0.0123113,0.0147272,-0.514954,1.0584,-0.0652429,0.159388,-0.00404511,-0.280833,-0.434777,-0.0175426
1765976276530490,0,-0.201591,5.93753,-1.73972,-0.85614,-0.00945326,-0.0187266,-0.516318,-0.275246,5.94209,-1.7507,-0.856041,0.00958997,0.0105443,-0.515125,1.05758,-0.0655819,0.157665,-0.0014283,-0.273997,-0.421154,-0.0171696
1765976276530490,0,-0.201591,5.93753,-1.73972,-0.85614,-0.00945326,-0.0187266,-0.516318,-0.275246,5.94209,-1.7507,-0.856041,0.00958997,0.0105443,-0.515125,1.05758,-0.0655819,0.157665,-0.0014283,-0.273997,-0.421154,-0.0171696
1765976276540536,0,-0.191082,5.93684,-1.73828,-0.855973,-0.0114989,-0.0216527,-0.516439,-0.264621,5.94143,-1.74913,-0.856032,0.00693694,0.00649387,-0.51529,1.05764,-0.0659769,0.156042,0.000854377,-0.264087,-0.40319,-0.0164646
1765976276540536,0,-0.191082,5.93684,-1.73828,-0.855973,-0.0114989,-0.0216527,-0.516439,-0.264621,5.94143,-1.74913,-0.856032,0.00693694,0.00649387,-0.51529,1.05764,-0.0659769,0.156042,0.000854377,-0.264087,-0.40319,-0.0164646
1765976276550523,0,-0.180659,5.93616,-1.73687,-0.85581,-0.0134062,-0.0243676,-0.516543,-0.254084,5.94077,-1.74759,-0.856004,0.00437109,0.00260136,-0.515448,1.0551,-0.0662234,0.154016,0.00281103,-0.25692,-0.389758,-0.0158218
1765976276550523,0,-0.180659,5.93616,-1.73687,-0.85581,-0.0134062,-0.0243676,-0.516543,-0.254084,5.94077,-1.74759,-0.856004,0.00437109,0.00260136,-0.515448,1.0551,-0.0662234,0.154016,0.00281103,-0.25692,-0.389758,-0.0158218
1765976276560469,0,-0.170327,5.93547,-1.7355,-0.855653,-0.0151817,-0.0268822,-0.516629,-0.243615,5.94011,-1.74608,-0.85596,0.00192728,-0.00108365,-0.515596,1.05252,-0.0665443,0.152002,0.00441671,-0.245707,-0.370502,-0.0148442
1765976276560469,0,-0.170327,5.93547,-1.7355,-0.855653,-0.0151817,-0.0268822,-0.516629,-0.243615,5.94011,-1.74608,-0.85596,0.00192728,-0.00108365,-0.515596,1.05252,-0.0665443,0.152002,0.00441671,-0.245707,-0.370502,-0.0148442
1765976276570561,0,-0.160092,5.93479,-1.73415,-0.855504,-0.0168229,-0.0291934,-0.516699,-0.233023,5.93943,-1.74457,-0.855902,-0.000443773,-0.00463829,-0.515735,1.04958,-0.0668574,0.149933,0.00571713,-0.234944,-0.352223,-0.0138262
1765976276570561,0,-0.160092,5.93479,-1.73415,-0.855504,-0.0168229,-0.0291934,-0.516699,-0.233023,5.93943,-1.74457,-0.855902,-0.000443773,-0.00463829,-0.515735,1.04958,-0.0668574,0.149933,0.00571713,-0.234944,-0.352223,-0.0138262
1765976276580529,0,-0.14996,5.9341,-1.73283,-0.855365,-0.0183383,-0.0313124,-0.516754,-0.222619,5.93876,-1.7431,-0.855835,-0.00268887,-0.0079849,-0.515863,1.0438,-0.0670193,0.147457,0.00676891,-0.22523,-0.335735,-0.0128262
1765976276580529,0,-0.14996,5.9341,-1.73283,-0.855365,-0.0183383,-0.0313124,-0.516754,-0.222619,5.93876,-1.7431,-0.855835,-0.00268887,-0.0079849,-0.515863,1.0438,-0.0670193,0.147457,0.00676891,-0.22523,-0.335735,-0.0128262
1765976276590474,0,-0.139936,5.93342,-1.73155,-0.855236,-0.0197309,-0.0332427,-0.516796,-0.212286,5.9381,-1.74165,-0.85576,-0.00481651,-0.0111383,-0.515979,1.03902,-0.0671743,0.145137,0.00751576,-0.213941,-0.31708,-0.0117052
1765976276590474,0,-0.139936,5.93342,-1.73155,-0.855236,-0.0197309,-0.0332427,-0.516796,-0.212286,5.9381,-1.74165,-0.85576,-0.00481651,-0.0111383,-0.515979,1.03902,-0.0671743,0.145137,0.00751576,-0.213941,-0.31708,-0.0117052
1765976276600555,0,-0.130024,5.93274,-1.7303,-0.855119,-0.0209969,-0.0349798,-0.516825,-0.201865,5.93742,-1.74022,-0.855679,-0.00686078,-0.0141504,-0.516086,1.03372,-0.0673087,0.142741,0.0080411,-0.202785,-0.298799,-0.0105953
1765976276600555,0,-0.130024,5.93274,-1.7303,-0.855119,-0.0209969,-0.0349798,-0.516825,-0.201865,5.93742,-1.74022,-0.855679,-0.00686078,-0.0141504,-0.516086,1.03372,-0.0673087,0.142741,0.0080411,-0.202785,-0.298799,-0.0105953
1765976276610478,0,-0.120228,5.93206,-1.72907,-0.855013,-0.0221485,-0.0365424,-0.516842,-0.191685,5.93675,-1.73883,-0.855596,-0.0087696,-0.0169463,-0.516181,1.02587,-0.0673233,0.140005,0.00837937,-0.192363,-0.281755,-0.00951464
1765976276610478,0,-0.120228,5.93206,-1.72907,-0.855013,-0.0221485,-0.0365424,-0.516842,-0.191685,5.93675,-1.73883,-0.855596,-0.0087696,-0.0169463,-0.516181,1.02587,-0.0673233,0.140005,0.00837937,-0.192363,-0.281755,-0.00951464
1765976276620729,0,-0.110552,5.93138,-1.72788,-0.85492,-0.0231893,-0.0379367,-0.51685,-0.181233,5.93606,-1.73742,-0.85551,-0.0105992,-0.0196096,-0.516266,1.01955,-0.0674484,0.137513,0.00836709,-0.178481,-0.259811,-0.00828569
1765976276620729,0,-0.110552,5.93138,-1.72788,-0.85492,-0.0231893,-0.0379367,-0.51685,-0.181233,5.93606,-1.73742,-0.85551,-0.0105992,-0.0196096,-0.516266,1.01955,-0.0674484,0.137513,0.00836709,-0.178481,-0.259811,-0.00828569
1765976276630548,0,-0.100998,5.93071,-1.72673,-0.85484,-0.024119,-0.0391617,-0.51685,-0.171333,5.9354,-1.7361,-0.855427,-0.0122817,-0.0220428,-0.516338,1.00826,-0.0672108,0.134349,0.00849847,-0.171348,-0.2478,-0.00739974
1765976276630548,0,-0.100998,5.93071,-1.72673,-0.85484,-0.024119,-0.0391617,-0.51685,-0.171333,5.9354,-1.7361,-0.855427,-0.0122817,-0.0220428,-0.516338,1.00826,-0.0672108,0.134349,0.00849847,-0.171348,-0.2478,-0.00739974
1765976276640653,0,-0.0915699,5.93004,-1.7256,-0.854772,-0.0249397,-0.0402207,-0.516842,-0.161205,5.93472,-1.73476,-0.855344,-0.0138739,-0.0243294,-0.516402,1.00234,-0.0673376,0.131915,0.00815177,-0.15757,-0.226283,-0.00627014
1765976276640653,0,-0.0915699,5.93004,-1.7256,-0.854772,-0.0249397,-0.0402207,-0.516842,-0.161205,5.93472,-1.73476,-0.855344,-0.0138739,-0.0243294,-0.516402,1.00234,-0.0673376,0.131915,0.00815177,-0.15757,-0.226283,-0.00627014
1765976276650674,0,-0.0822693,5.92937,-1.72451,-0.854717,-0.025647,-0.0411085,-0.516828,-0.151265,5.93404,-1.73347,-0.855265,-0.0153627,-0.0264512,-0.516456,0.991932,-0.0671883,0.128916,0.0079227,-0.148565,-0.211736,-0.00538292
1765976276650674,0,-0.0822693,5.92937,-1.72451,-0.854717,-0.025647,-0.0411085,-0.516828,-0.151265,5.93404,-1.73347,-0.855265,-0.0153627,-0.0264512,-0.516456,0.991932,-0.0671883,0.128916,0.0079227,-0.148565,-0.211736,-0.00538292
1765976276660518,0,-0.0730981,5.92871,-1.72344,-0.854673,-0.0262661,-0.0418614,-0.516809,-0.141595,5.93338,-1.73223,-0.855191,-0.0167222,-0.0283726,-0.5165,0.982269,-0.0670401,0.126015,0.00749599,-0.138102,-0.195186,-0.00448064
1765976276660518,0,-0.0730981,5.92871,-1.72344,-0.854673,-0.0262661,-0.0418614,-0.516809,-0.141595,5.93338,-1.73223,-0.855191,-0.0167222,-0.0283726,-0.5165,0.982269,-0.0670401,0.126015,0.00749599,-0.138102,-0.195186,-0.00448064
1765976276670684,0,-0.0640581,5.92805,-1.72242,-0.85464,-0.0267908,-0.0424712,-0.516787,-0.13169,5.9327,-1.73098,-0.855121,-0.018002,-0.0301646,-0.516536,0.97436,-0.0670743,0.12336,0.00688919,-0.125892,-0.17628,-0.0035941
1765976276670684,0,-0.0640581,5.92805,-1.72242,-0.85464,-0.0267908,-0.0424712,-0.516787,-0.13169,5.9327,-1.73098,-0.855121,-0.018002,-0.0301646,-0.516536,0.97436,-0.0670743,0.12336,0.00688919,-0.125892,-0.17628,-0.0035941
1765976276680733,0,-0.0551502,5.92739,-1.72142,-0.854617,-0.0272345,-0.0429576,-0.516761,-0.122024,5.93203,-1.72977,-0.855058,-0.0191614,-0.0317711,-0.516564,0.961825,-0.0667164,0.120123,0.00629915,-0.115372,-0.159865,-0.00281148
1765976276680733,0,-0.0551502,5.92739,-1.72142,-0.854617,-0.0272345,-0.0429576,-0.516761,-0.122024,5.93203,-1.72977,-0.855058,-0.0191614,-0.0317711,-0.516564,0.961825,-0.0667164,0.120123,0.00629915,-0.115372,-0.159865,-0.00281148
1765976276690577,0,-0.0463754,5.92674,-1.72046,-0.854603,-0.0276059,-0.0433334,-0.516733,-0.112666,5.93138,-1.72862,-0.855001,-0.0202116,-0.0332091,-0.516585,0.950632,-0.0665073,0.117054,0.00574612,-0.106689,-0.146079,-0.00213133
1765976276690577,0,-0.0463754,5.92674,-1.72046,-0.854603,-0.0276059,-0.0433334,-0.516733,-0.112666,5.93138,-1.72862,-0.855001,-0.0202116,-0.0332091,-0.516585,0.950632,-0.0665073,0.117054,0.00574612,-0.106689,-0.146079,-0.00213133
1765976276700775,0,-0.0377343,5.92609,-1.71952,-0.854599,-0.0278899,-0.0435785,-0.516704,-0.103064,5.9307,-1.72745,-0.85495,-0.0211894,-0.0345296,-0.516601,0.941623,-0.0663962,0.114265,0.00502063,-0.0958835,-0.129488,-0.00148456
1765976276700775,0,-0.0377343,5.92609,-1.71952,-0.854599,-0.0278899,-0.0435785,-0.516704,-0.103064,5.9307,-1.72745,-0.85495,-0.0211894,-0.0345296,-0.516601,0.941623,-0.0663962,0.114265,0.00502063,-0.0958835,-0.129488,-0.00148456
1765976276710625,0,-0.0292272,5.92545,-1.71863,-0.854603,-0.0281008,-0.0437133,-0.516675,-0.0939243,5.93005,-1.72636,-0.854907,-0.0220513,-0.0356749,-0.51661,0.927857,-0.0659342,0.110907,0.0043932,-0.0875031,-0.116272,-0.000943992
1765976276710625,0,-0.0292272,5.92545,-1.71863,-0.854603,-0.0281008,-0.0437133,-0.516675,-0.0939243,5.93005,-1.72636,-0.854907,-0.0220513,-0.0356749,-0.51661,0.927857,-0.0659342,0.110907,0.0043932,-0.0875031,-0.116272,-0.000943992
1765976276720664,0,-0.020854,5.92482,-1.71776,-0.854614,-0.0282484,-0.0437534,-0.516646,-0.0847062,5.92939,-1.72528,-0.85487,-0.0228324,-0.0366931,-0.516614,0.918229,-0.0658329,0.108047,0.00367519,-0.0778047,-0.101427,-0.000451235
1765976276720664,0,-0.020854,5.92482,-1.71776,-0.854614,-0.0282484,-0.0437534,-0.516646,-0.0847062,5.92939,-1.72528,-0.85487,-0.0228324,-0.0366931,-0.516614,0.918229,-0.0658329,0.108047,0.00367519,-0.0778047,-0.101427,-0.000451235
1765976276730660,0,-0.0126146,5.92418,-1.71693,-0.854632,-0.0283258,-0.0436898,-0.516618,-0.0756505,5.92874,-1.72423,-0.85484,-0.0235216,-0.0375709,-0.516615,0.905931,-0.0654005,0.104851,0.00298739,-0.0689425,-0.0878078,-4.17399e-05
1765976276730660,0,-0.0126146,5.92418,-1.71693,-0.854632,-0.0283258,-0.0436898,-0.516618,-0.0756505,5.92874,-1.72423,-0.85484,-0.0235216,-0.0375709,-0.516615,0.905931,-0.0654005,0.104851,0.00298739,-0.0689425,-0.0878078,-4.17399e-05
1765976276740634,0,-0.00450842,5.92356,-1.71613,-0.854654,-0.0283512,-0.0435484,-0.516591,-0.0667338,5.92809,-1.72321,-0.854817,-0.0241247,-0.0383174,-0.516612,0.893998,-0.0651145,0.1017,0.00233064,-0.0604723,-0.0748446,0.000304776
1765976276740634,0,-0.00450842,5.92356,-1.71613,-0.854654,-0.0283512,-0.0435484,-0.516591,-0.0667338,5.92809,-1.72321,-0.854817,-0.0241247,-0.0383174,-0.516612,0.893998,-0.0651145,0.1017,0.00233064,-0.0604723,-0.0748446,0.000304776
1765976276750546,0,0.00346517,5.92294,-1.71537,-0.854682,-0.0283209,-0.0433259,-0.516565,-0.05799,5.92745,-1.72224,-0.8548,-0.0246532,-0.0389482,-0.516606,0.882146,-0.064704,0.0985473,0.00171381,-0.053321,-0.0636441,0.000595325
1765976276750546,0,0.00346517,5.92294,-1.71537,-0.854682,-0.0283209,-0.0433259,-0.516565,-0.05799,5.92745,-1.72224,-0.8548,-0.0246532,-0.0389482,-0.516606,0.882146,-0.064704,0.0985473,0.00171381,-0.053321,-0.0636441,0.000595325
1765976276760535,0,0.0113071,5.92232,-1.71464,-0.854714,-0.0282393,-0.0430287,-0.516542,-0.0492914,5.9268,-1.72128,-0.854789,-0.0251023,-0.0394592,-0.516598,0.870812,-0.0643484,0.0954605,0.00108003,-0.0449554,-0.0511538,0.000805549
1765976276760535,0,0.0113071,5.92232,-1.71464,-0.854714,-0.0282393,-0.0430287,-0.516542,-0.0492914,5.9268,-1.72128,-0.854789,-0.0251023,-0.0394592,-0.516598,0.870812,-0.0643484,0.0954605,0.00108003,-0.0449554,-0.0511538,0.000805549
1765976276770686,0,0.0190183,5.92171,-1.71394,-0.854749,-0.028113,-0.0426681,-0.516521,-0.0405778,5.92615,-1.72035,-0.854784,-0.0254838,-0.0398658,-0.516588,0.858404,-0.0639322,0.0922108,0.000504975,-0.0375797,-0.0400549,0.000962975
1765976276770686,0,0.0190183,5.92171,-1.71394,-0.854749,-0.028113,-0.0426681,-0.516521,-0.0405778,5.92615,-1.72035,-0.854784,-0.0254838,-0.0398658,-0.516588,0.858404,-0.0639322,0.0922108,0.000504975,-0.0375797,-0.0400549,0.000962975
1765976276780654,0,0.0266,5.92111,-1.71328,-0.854786,-0.0279476,-0.0422527,-0.516502,-0.032163,5.92552,-1.71946,-0.854784,-0.0257924,-0.0401647,-0.516577,0.844181,-0.0633838,0.0887731,-2.9898e-05,-0.0309588,-0.0299925,0.00108231
1765976276780654,0,0.0266,5.92111,-1.71328,-0.854786,-0.0279476,-0.0422527,-0.516502,-0.032163,5.92552,-1.71946,-0.854784,-0.0257924,-0.0401647,-0.516577,0.844181,-0.0633838,0.0887731,-2.9898e-05,-0.0309588,-0.0299925,0.00108231
1765976276790462,0,0.0340536,5.92052,-1.71265,-0.854826,-0.0277361,-0.0417722,-0.516486,-0.0240017,5.92491,-1.71862,-0.85479,-0.0260355,-0.0403658,-0.516566,0.832102,-0.0629106,0.0855419,-0.000540866,-0.0247872,-0.0204994,0.00116073
1765976276790462,0,0.0340536,5.92052,-1.71265,-0.854826,-0.0277361,-0.0417722,-0.516486,-0.0240017,5.92491,-1.71862,-0.85479,-0.0260355,-0.0403658,-0.516566,0.832102,-0.0629106,0.0855419,-0.000540866,-0.0247872,-0.0204994,0.00116073
1765976276800629,0,0.0413806,5.91993,-1.71206,-0.854869,-0.027473,-0.0412196,-0.516473,-0.0156483,5.92427,-1.71778,-0.8548,-0.0262185,-0.0404745,-0.516554,0.821618,-0.0625652,0.0824628,-0.000996635,-0.0180074,-0.0106948,0.00116079
1765976276800629,0,0.0413806,5.91993,-1.71206,-0.854869,-0.027473,-0.0412196,-0.516473,-0.0156483,5.92427,-1.71778,-0.8548,-0.0262185,-0.0404745,-0.516554,0.821618,-0.0625652,0.0824628,-0.000996635,-0.0180074,-0.0106948,0.00116079
1765976276810453,0,0.0485827,5.91934,-1.7115,-0.854914,-0.0271765,-0.0406218,-0.516463,-0.00771887,5.92366,-1.71701,-0.854814,-0.0263373,-0.0404928,-0.516543,0.80715,-0.0618859,0.0789592,-0.00143187,-0.0120854,-0.00185772,0.00114671
1765976276810453,0,0.0485827,5.91934,-1.7115,-0.854914,-0.0271765,-0.0406218,-0.516463,-0.00771887,5.92366,-1.71701,-0.854814,-0.0263373,-0.0404928,-0.516543,0.80715,-0.0618859,0.0789592,-0.00143187,-0.0120854,-0.00185772,0.00114671
1765976276820639,0,0.0556615,5.91877,-1.71098,-0.854958,-0.0268542,-0.0399905,-0.516456,0.000393889,5.92303,-1.71624,-0.854832,-0.0264031,-0.0404288,-0.516532,0.796462,-0.0615591,0.0758019,-0.00179645,-0.0064622,0.00627952,0.00109425
1765976276820639,0,0.0556615,5.91877,-1.71098,-0.854958,-0.0268542,-0.0399905,-0.516456,0.000393889,5.92303,-1.71624,-0.854832,-0.0264031,-0.0404288,-0.516532,0.796462,-0.0615591,0.0758019,-0.00179645,-0.0064622,0.00627952,0.00109425
1765976276830582,0,0.0626191,5.91819,-1.71049,-0.855003,-0.0264981,-0.0393142,-0.516451,0.00816877,5.92243,-1.71552,-0.854854,-0.026415,-0.040289,-0.516522,0.781945,-0.0608096,0.0722833,-0.00215807,-0.00119893,0.0140627,0.00101309
1765976276830582,0,0.0626191,5.91819,-1.71049,-0.855003,-0.0264981,-0.0393142,-0.516451,0.00816877,5.92243,-1.71552,-0.854854,-0.026415,-0.040289,-0.516522,0.781945,-0.0608096,0.0722833,-0.00215807,-0.00119893,0.0140627,0.00101309
1765976276840459,0,0.0694574,5.91763,-1.71003,-0.855049,-0.0261172,-0.0386054,-0.516449,0.0157758,5.92183,-1.71484,-0.854878,-0.026378,-0.0400799,-0.516513,0.770175,-0.0602986,0.0689765,-0.00245008,0.00374603,0.0211738,0.000917273
1765976276840459,0,0.0694574,5.91763,-1.71003,-0.855049,-0.0261172,-0.0386054,-0.516449,0.0157758,5.92183,-1.71484,-0.854878,-0.026378,-0.0400799,-0.516513,0.770175,-0.0602986,0.0689765,-0.00245008,0.00374603,0.0211738,0.000917273
1765976276850579,0,0.0761784,5.91707,-1.70961,-0.855094,-0.0257008,-0.0378511,-0.51645,0.0234573,5.92123,-1.71417,-0.854905,-0.0262919,-0.0397963,-0.516505,0.759041,-0.0597931,0.0657182,-0.00272697,0.00851221,0.0280159,0.000789232
1765976276850579,0,0.0761784,5.91707,-1.70961,-0.855094,-0.0257008,-0.0378511,-0.51645,0.0234573,5.92123,-1.71417,-0.854905,-0.0262919,-0.0397963,-0.516505,0.759041,-0.0597931,0.0657182,-0.00272697,0.00851221,0.0280159,0.000789232
1765976276860459,0,0.0827843,5.91652,-1.70922,-0.85514,-0.0252649,-0.0370737,-0.516453,0.0308231,5.92064,-1.71356,-0.854934,-0.0261644,-0.0394584,-0.516498,0.745525,-0.059122,0.062247,-0.00295007,0.0129007,0.0342029,0.000651549
1765976276860459,0,0.0827843,5.91652,-1.70922,-0.85514,-0.0252649,-0.0370737,-0.516453,0.0308231,5.92064,-1.71356,-0.854934,-0.0261644,-0.0394584,-0.516498,0.745525,-0.059122,0.062247,-0.00295007,0.0129007,0.0342029,0.000651549
1765976276870569,0,0.0892773,5.91598,-1.70886,-0.855184,-0.0248138,-0.0362798,-0.516458,0.0382494,5.92005,-1.71296,-0.854966,-0.0259927,-0.0390544,-0.516493,0.734557,-0.058626,0.0589561,-0.00313647,0.0169799,0.0399638,0.000501127
1765976276870569,0,0.0892773,5.91598,-1.70886,-0.855184,-0.0248138,-0.0362798,-0.516458,0.0382494,5.92005,-1.71296,-0.854966,-0.0259927,-0.0390544,-0.516493,0.734557,-0.058626,0.0589561,-0.00313647,0.0169799,0.0399638,0.000501127
1765976276880486,0,0.0956596,5.91544,-1.70855,-0.855227,-0.024343,-0.0354625,-0.516465,0.0454039,5.91948,-1.71241,-0.854999,-0.0257876,-0.0386078,-0.51649,0.721437,-0.0578917,0.0554755,-0.00327564,0.0206833,0.0450325,0.0003486
1765976276880486,0,0.0956596,5.91544,-1.70855,-0.855227,-0.024343,-0.0354625,-0.516465,0.0454039,5.91948,-1.71241,-0.854999,-0.0257876,-0.0386078,-0.51649,0.721437,-0.0578917,0.0554755,-0.00327564,0.0206833,0.0450325,0.0003486
1765976276890487,0,0.101934,5.91492,-1.70826,-0.855269,-0.0238593,-0.0346319,-0.516475,0.0525084,5.9189,-1.71189,-0.855033,-0.0255455,-0.0381085,-0.516488,0.710373,-0.0573578,0.0521608,-0.00339713,0.0242133,0.0499225,0.000190716
1765976276890487,0,0.101934,5.91492,-1.70826,-0.855269,-0.0238593,-0.0346319,-0.516475,0.0525084,5.9189,-1.71189,-0.855033,-0.0255455,-0.0381085,-0.516488,0.710373,-0.0573578,0.0521608,-0.00339713,0.0242133,0.0499225,0.000190716
1765976276900569,0,0.108102,5.91439,-1.70801,-0.85531,-0.0233588,-0.0337835,-0.516486,0.0595517,5.91833,-1.7114,-0.855068,-0.0252684,-0.0375604,-0.516487,0.698605,-0.0566605,0.0487621,-0.00348807,0.0274869,0.0543663,2.36479e-05
1765976276900569,0,0.108102,5.91439,-1.70801,-0.85531,-0.0233588,-0.0337835,-0.516486,0.0595517,5.91833,-1.7114,-0.855068,-0.0252684,-0.0375604,-0.516487,0.698605,-0.0566605,0.0487621,-0.00348807,0.0274869,0.0543663,2.36479e-05
1765976276910526,0,0.114166,5.91388,-1.70779,-0.85535,-0.0228504,-0.0329296,-0.516498,0.0663852,5.91778,-1.71095,-0.855103,-0.0249656,-0.0369805,-0.516489,0.686304,-0.0560309,0.0453275,-0.00354383,0.0304086,0.058239,-0.000137683
1765976276910526,0,0.114166,5.91388,-1.70779,-0.85535,-0.0228504,-0.0329296,-0.516498,0.0663852,5.91778,-1.71095,-0.855103,-0.0249656,-0.0369805,-0.516489,0.686304,-0.0560309,0.0453275,-0.00354383,0.0304086,0.058239,-0.000137683
1765976276920531,0,0.120129,5.91337,-1.70761,-0.855388,-0.0223316,-0.0320672,-0.516513,0.0731423,5.91722,-1.71053,-0.855139,-0.0246338,-0.0363615,-0.516492,0.675367,-0.0553808,0.0419526,-0.00358045,0.0331657,0.0618659,-0.000297874
1765976276920531,0,0.120129,5.91337,-1.70761,-0.855388,-0.0223316,-0.0320672,-0.516513,0.0731423,5.91722,-1.71053,-0.855139,-0.0246338,-0.0363615,-0.516492,0.675367,-0.0553808,0.0419526,-0.00358045,0.0331657,0.0618659,-0.000297874
1765976276930537,0,0.125994,5.91287,-1.70746,-0.855424,-0.0218022,-0.0311951,-0.516528,0.0797878,5.91667,-1.71014,-0.855175,-0.0242781,-0.0357127,-0.516496,0.664149,-0.0547081,0.0385649,-0.00358605,0.0355392,0.0648456,-0.000452724
1765976276930537,0,0.125994,5.91287,-1.70746,-0.855424,-0.0218022,-0.0311951,-0.516528,0.0797878,5.91667,-1.71014,-0.855175,-0.0242781,-0.0357127,-0.516496,0.664149,-0.0547081,0.0385649,-0.00358605,0.0355392,0.0648456,-0.000452724
1765976276940425,0,0.131762,5.91237,-1.70734,-0.855459,-0.0212687,-0.0303236,-0.516544,0.0862458,5.91614,-1.70979,-0.85521,-0.0239028,-0.0350406,-0.516502,0.653122,-0.0540589,0.0352034,-0.00358665,0.0379587,0.0679745,-0.000608826
1765976276940425,0,0.131762,5.91237,-1.70734,-0.855459,-0.0212687,-0.0303236,-0.516544,0.0862458,5.91614,-1.70979,-0.85521,-0.0239028,-0.0350406,-0.516502,0.653122,-0.0540589,0.0352034,-0.00358665,0.0379587,0.0679745,-0.000608826
1765976276950452,0,0.137436,5.91188,-1.70726,-0.855492,-0.0207325,-0.0294547,-0.516562,0.0926959,5.9156,-1.70947,-0.855246,-0.0235043,-0.0343385,-0.51651,0.643268,-0.0534997,0.0318858,-0.00353098,0.0397401,0.0700196,-0.000743052
1765976276950452,0,0.137436,5.91188,-1.70726,-0.855492,-0.0207325,-0.0294547,-0.516562,0.0926959,5.9156,-1.70947,-0.855246,-0.0235043,-0.0343385,-0.51651,0.643268,-0.0534997,0.0318858,-0.00353098,0.0397401,0.0700196,-0.000743052
1765976276960524,0,0.143018,5.9114,-1.7072,-0.855523,-0.0201983,-0.0285943,-0.51658,0.0990651,5.91507,-1.70919,-0.855281,-0.0230861,-0.0336117,-0.516519,0.632367,-0.0527873,0.0285122,-0.00348562,0.0415282,0.0721549,-0.000875843
1765976276960524,0,0.143018,5.9114,-1.7072,-0.855523,-0.0201983,-0.0285943,-0.51658,0.0990651,5.91507,-1.70919,-0.855281,-0.0230861,-0.0336117,-0.516519,0.632367,-0.0527873,0.0285122,-0.00348562,0.0415282,0.0721549,-0.000875843
1765976276970562,0,0.148511,5.91093,-1.70718,-0.855552,-0.0196711,-0.0277492,-0.516598,0.105302,5.91455,-1.70893,-0.855315,-0.022657,-0.0328752,-0.516529,0.621359,-0.052111,0.0251411,-0.00339648,0.042743,0.0733776,-0.000991629
1765976276970562,0,0.148511,5.91093,-1.70718,-0.855552,-0.0196711,-0.0277492,-0.516598,0.105302,5.91455,-1.70893,-0.855315,-0.022657,-0.0328752,-0.516529,0.621359,-0.052111,0.0251411,-0.00339648,0.042743,0.0733776,-0.000991629
1765976276980468,0,0.153918,5.91046,-1.7072,-0.855579,-0.0191441,-0.0269104,-0.516617,0.111354,5.91404,-1.70872,-0.855348,-0.0222184,-0.0321303,-0.51654,0.61092,-0.0514095,0.0218177,-0.00333343,0.0442821,0.0751902,-0.00111315
1765976276980468,0,0.153918,5.91046,-1.7072,-0.855579,-0.0191441,-0.0269104,-0.516617,0.111354,5.91404,-1.70872,-0.855348,-0.0222184,-0.0321303,-0.51654,0.61092,-0.0514095,0.0218177,-0.00333343,0.0442821,0.0751902,-0.00111315
1765976276990483,0,0.15924,5.91,-1.70724,-0.855605,-0.0186146,-0.0260735,-0.516636,0.117381,5.91353,-1.70853,-0.85538,-0.0217638,-0.0313664,-0.516552,0.601747,-0.0508499,0.018545,-0.00324359,0.0453853,0.0762801,-0.00122007
1765976276990483,0,0.15924,5.91,-1.70724,-0.855605,-0.0186146,-0.0260735,-0.516636,0.117381,5.91353,-1.70853,-0.85538,-0.0217638,-0.0313664,-0.516552,0.601747,-0.0508499,0.018545,-0.00324359,0.0453853,0.0762801,-0.00122007
1765976277000516,0,0.164479,5.90954,-1.70732,-0.85563,-0.0180878,-0.025246,-0.516656,0.123319,5.91303,-1.70838,-0.855412,-0.0213012,-0.0305962,-0.516565,0.591861,-0.0501409,0.0152442,-0.00313083,0.0461063,0.0767654,-0.00130105
1765976277000516,0,0.164479,5.90954,-1.70732,-0.85563,-0.0180878,-0.025246,-0.516656,0.123319,5.91303,-1.70838,-0.855412,-0.0213012,-0.0305962,-0.516565,0.591861,-0.0501409,0.0152442,-0.00313083,0.0461063,0.0767654,-0.00130105
1765976277010515,0,0.169639,5.90909,-1.70742,-0.855652,-0.0175709,-0.0244377,-0.516675,0.129139,5.91253,-1.70826,-0.855442,-0.0208341,-0.029825,-0.516579,0.582081,-0.049453,0.0119937,-0.0030163,0.0467168,0.0771274,-0.00138297
1765976277010515,0,0.169639,5.90909,-1.70742,-0.855652,-0.0175709,-0.0244377,-0.516675,0.129139,5.91253,-1.70826,-0.855442,-0.0208341,-0.029825,-0.516579,0.582081,-0.049453,0.0119937,-0.0030163,0.0467168,0.0771274,-0.00138297
1765976277020599,0,0.174721,5.90865,-1.70756,-0.855673,-0.0170606,-0.0236448,-0.516695,0.134915,5.91204,-1.70817,-0.855471,-0.0203559,-0.0290419,-0.516593,0.572805,-0.0487997,0.00875983,-0.00290812,0.0474197,0.0776633,-0.00145997
1765976277020599,0,0.174721,5.90865,-1.70756,-0.855673,-0.0170606,-0.0236448,-0.516695,0.134915,5.91204,-1.70817,-0.855471,-0.0203559,-0.0290419,-0.516593,0.572805,-0.0487997,0.00875983,-0.00290812,0.0474197,0.0776633,-0.00145997
1765976277030530,0,0.179728,5.90821,-1.70773,-0.855693,-0.016556,-0.0228662,-0.516714,0.140508,5.91156,-1.70811,-0.855499,-0.019881,-0.02827,-0.516608,0.563135,-0.048063,0.00554573,-0.00279087,0.047823,0.0777234,-0.00151848
1765976277030530,0,0.179728,5.90821,-1.70773,-0.855693,-0.016556,-0.0228662,-0.516714,0.140508,5.91156,-1.70811,-0.855499,-0.019881,-0.02827,-0.516608,0.563135,-0.048063,0.00554573,-0.00279087,0.047823,0.0777234,-0.00151848
1765976277040506,0,0.184661,5.90778,-1.70793,-0.855711,-0.0160574,-0.0221019,-0.516733,0.146043,5.91109,-1.70809,-0.855526,-0.0194004,-0.0274947,-0.516624,0.554853,-0.0475116,0.00237797,-0.00267074,0.0481739,0.0777132,-0.0015654
1765976277040506,0,0.184661,5.90778,-1.70793,-0.855711,-0.0160574,-0.0221019,-0.516733,0.146043,5.91109,-1.70809,-0.855526,-0.0194004,-0.0274947,-0.516624,0.554853,-0.0475116,0.00237797,-0.00267074,0.0481739,0.0777132,-0.0015654
1765976277050499,0,0.189524,5.90736,-1.70815,-0.855727,-0.0155654,-0.0213525,-0.516752,0.151503,5.91062,-1.7081,-0.855551,-0.0189185,-0.0267229,-0.51664,0.546394,-0.0468582,-0.000751545,-0.00253497,0.0482265,0.0772393,-0.00160449
1765976277050499,0,0.189524,5.90736,-1.70815,-0.855727,-0.0155654,-0.0213525,-0.516752,0.151503,5.91062,-1.7081,-0.855551,-0.0189185,-0.0267229,-0.51664,0.546394,-0.0468582,-0.000751545,-0.00253497,0.0482265,0.0772393,-0.00160449
1765976277060457,0,0.194317,5.90694,-1.70841,-0.855743,-0.0150874,-0.0206274,-0.51677,0.15686,5.91016,-1.70814,-0.855575,-0.0184394,-0.0259606,-0.516656,0.538013,-0.0462089,-0.0038667,-0.0024122,0.0481089,0.0765435,-0.00162808
1765976277060457,0,0.194317,5.90694,-1.70841,-0.855743,-0.0150874,-0.0206274,-0.51677,0.15686,5.91016,-1.70814,-0.855575,-0.0184394,-0.0259606,-0.516656,0.538013,-0.0462089,-0.0038667,-0.0024122,0.0481089,0.0765435,-0.00162808
1765976277070530,0,0.199042,5.90653,-1.70869,-0.855757,-0.0146235,-0.0199272,-0.516788,0.1622,5.9097,-1.70821,-0.855598,-0.0179552,-0.025195,-0.516673,0.530073,-0.045634,-0.0069232,-0.00228998,0.0480717,0.0760062,-0.00165684
1765976277070530,0,0.199042,5.90653,-1.70869,-0.855757,-0.0146235,-0.0199272,-0.516788,0.1622,5.9097,-1.70821,-0.855598,-0.0179552,-0.025195,-0.516673,0.530073,-0.045634,-0.0069232,-0.00228998,0.0480717,0.0760062,-0.00165684
1765976277080473,0,0.203703,5.90612,-1.709,-0.855769,-0.0141736,-0.0192516,-0.516805,0.167386,5.90925,-1.70831,-0.855619,-0.0174847,-0.0244556,-0.516689,0.521544,-0.0449358,-0.0099391,-0.00214608,0.0473155,0.0743644,-0.00164852
1765976277080473,0,0.203703,5.90612,-1.709,-0.855769,-0.0141736,-0.0192516,-0.516805,0.167386,5.90925,-1.70831,-0.855619,-0.0174847,-0.0244556,-0.516689,0.521544,-0.0449358,-0.0099391,-0.00214608,0.0473155,0.0743644,-0.00164852
1765976277090459,0,0.2083,5.90572,-1.70934,-0.855781,-0.0137368,-0.0185985,-0.516821,0.17252,5.90881,-1.70844,-0.85564,-0.017012,-0.0237168,-0.516706,0.51415,-0.044408,-0.0129404,-0.00204134,0.0473434,0.073986,-0.0016653
1765976277090459,0,0.2083,5.90572,-1.70934,-0.855781,-0.0137368,-0.0185985,-0.516821,0.17252,5.90881,-1.70844,-0.85564,-0.017012,-0.0237168,-0.516706,0.51415,-0.044408,-0.0129404,-0.00204134,0.0473434,0.073986,-0.0016653
1765976277100453,0,0.212836,5.90533,-1.7097,-0.855792,-0.0133104,-0.0179643,-0.516837,0.177583,5.90837,-1.70859,-0.855659,-0.0165487,-0.0229969,-0.516723,0.506631,-0.0437522,-0.0158882,-0.00190253,0.0463522,0.0720348,-0.00164608
1765976277100453,0,0.212836,5.90533,-1.7097,-0.855792,-0.0133104,-0.0179643,-0.516837,0.177583,5.90837,-1.70859,-0.855659,-0.0165487,-0.0229969,-0.516723,0.506631,-0.0437522,-0.0158882,-0.00190253,0.0463522,0.0720348,-0.00164608
1765976277110410,0,0.217312,5.90494,-1.71009,-0.855801,-0.0128988,-0.0173543,-0.516853,0.182554,5.90794,-1.70878,-0.855677,-0.0160903,-0.0222882,-0.516739,0.499253,-0.0431486,-0.0187608,-0.00179586,0.0460371,0.0711702,-0.00164621
1765976277110410,0,0.217312,5.90494,-1.71009,-0.855801,-0.0128988,-0.0173543,-0.516853,0.182554,5.90794,-1.70878,-0.855677,-0.0160903,-0.0222882,-0.516739,0.499253,-0.0431486,-0.0187608,-0.00179586,0.0460371,0.0711702,-0.00164621
1765976277120517,0,0.221731,5.90456,-1.7105,-0.85581,-0.0125007,-0.0167682,-0.516868,0.18753,5.90751,-1.709,-0.855693,-0.0156363,-0.02159,-0.516755,0.492304,-0.0426025,-0.0216197,-0.00166306,0.0449252,0.0690858,-0.00160998
1765976277120517,0,0.221731,5.90456,-1.7105,-0.85581,-0.0125007,-0.0167682,-0.516868,0.18753,5.90751,-1.709,-0.855693,-0.0156363,-0.02159,-0.516755,0.492304,-0.0426025,-0.0216197,-0.00166306,0.0449252,0.0690858,-0.00160998
1765976277130506,0,0.226092,5.90418,-1.71094,-0.855818,-0.0121168,-0.0162057,-0.516882,0.19237,5.90709,-1.70924,-0.855709,-0.0151944,-0.0209141,-0.516771,0.484588,-0.0419124,-0.0243813,-0.00155739,0.0442315,0.0676674,-0.0015932
1765976277130506,0,0.226092,5.90418,-1.71094,-0.855818,-0.0121168,-0.0162057,-0.516882,0.19237,5.90709,-1.70924,-0.855709,-0.0151944,-0.0209141,-0.516771,0.484588,-0.0419124,-0.0243813,-0.00155739,0.0442315,0.0676674,-0.0015932
1765976277140474,0,0.230399,5.9038,-1.7114,-0.855825,-0.0117454,-0.0156645,-0.516895,0.197134,5.90668,-1.70951,-0.855724,-0.0147626,-0.0202568,-0.516787,0.477881,-0.041331,-0.0271235,-0.00145304,0.0433203,0.0659352,-0.00156068
1765976277140474,0,0.230399,5.9038,-1.7114,-0.855825,-0.0117454,-0.0156645,-0.516895,0.197134,5.90668,-1.70951,-0.855724,-0.0147626,-0.0202568,-0.516787,0.477881,-0.041331,-0.0271235,-0.00145304,0.0433203,0.0659352,-0.00156068
1765976277150511,0,0.234653,5.90344,-1.71189,-0.855831,-0.0113818,-0.0151387,-0.516908,0.201866,5.90627,-1.70981,-0.855737,-0.0143358,-0.0196106,-0.516802,0.471475,-0.0407618,-0.029835,-0.00135398,0.0425269,0.0643801,-0.00153213
1765976277150511,0,0.234653,5.90344,-1.71189,-0.855831,-0.0113818,-0.0151387,-0.516908,0.201866,5.90627,-1.70981,-0.855737,-0.0143358,-0.0196106,-0.516802,0.471475,-0.0407618,-0.029835,-0.00135398,0.0425269,0.0643801,-0.00153213
1765976277160446,0,0.238854,5.90307,-1.71239,-0.855837,-0.0110304,-0.0146341,-0.516921,0.206484,5.90587,-1.71013,-0.85575,-0.0139227,-0.0189888,-0.516817,0.464808,-0.0401724,-0.0324571,-0.00125389,0.0415747,0.0625941,-0.00149387
1765976277160446,0,0.238854,5.90307,-1.71239,-0.855837,-0.0110304,-0.0146341,-0.516921,0.206484,5.90587,-1.71013,-0.85575,-0.0139227,-0.0189888,-0.516817,0.464808,-0.0401724,-0.0324571,-0.00125389,0.0415747,0.0625941,-0.00149387
1765976277170643,0,0.243006,5.90272,-1.71292,-0.855843,-0.0106926,-0.0141524,-0.516932,0.211164,5.90547,-1.71049,-0.855761,-0.0135163,-0.0183802,-0.516831,0.458948,-0.0397014,-0.0350602,-0.00114568,0.0398631,0.0596856,-0.00142041
1765976277170643,0,0.243006,5.90272,-1.71292,-0.855843,-0.0106926,-0.0141524,-0.516932,0.211164,5.90547,-1.71049,-0.855761,-0.0135163,-0.0183802,-0.516831,0.458948,-0.0397014,-0.0350602,-0.00114568,0.0398631,0.0596856,-0.00142041
1765976277180611,0,0.247108,5.90236,-1.71348,-0.855847,-0.0103686,-0.0136928,-0.516943,0.215666,5.90508,-1.71087,-0.855772,-0.0131163,-0.0177845,-0.516846,0.451687,-0.0390348,-0.0374801,-0.00110025,0.0401265,0.0597541,-0.00142912
1765976277180611,0,0.247108,5.90236,-1.71348,-0.855847,-0.0103686,-0.0136928,-0.516943,0.215666,5.90508,-1.71087,-0.855772,-0.0131163,-0.0177845,-0.516846,0.451687,-0.0390348,-0.0374801,-0.00110025,0.0401265,0.0597541,-0.00142912
1765976277190474,0,0.251163,5.90201,-1.71405,-0.855852,-0.0100574,-0.0132531,-0.516953,0.220066,5.9047,-1.71126,-0.855782,-0.0127366,-0.0172221,-0.516859,0.44606,-0.0385318,-0.039958,-0.000997137,0.0384939,0.0570242,-0.00135973
1765976277190474,0,0.251163,5.90201,-1.71405,-0.855852,-0.0100574,-0.0132531,-0.516953,0.220066,5.9047,-1.71126,-0.855782,-0.0127366,-0.0172221,-0.516859,0.44606,-0.0385318,-0.039958,-0.000997137,0.0384939,0.0570242,-0.00135973
1765976277200720,0,0.255171,5.90167,-1.71464,-0.855856,-0.0097525,-0.0128251,-0.516963,0.224586,5.90431,-1.71169,-0.855791,-0.0123585,-0.016665,-0.516872,0.441143,-0.0380688,-0.0424318,-0.000913325,0.0368992,0.0543701,-0.00129145
1765976277200720,0,0.255171,5.90167,-1.71464,-0.855856,-0.0097525,-0.0128251,-0.516963,0.224586,5.90431,-1.71169,-0.855791,-0.0123585,-0.016665,-0.516872,0.441143,-0.0380688,-0.0424318,-0.000913325,0.0368992,0.0543701,-0.00129145
1765976277210544,0,0.259134,5.90133,-1.71525,-0.85586,-0.00946327,-0.0124213,-0.516972,0.228851,5.90394,-1.71213,-0.8558,-0.0119979,-0.0161365,-0.516885,0.434145,-0.0374228,-0.0446428,-0.000867616,0.0367051,0.0538004,-0.00126805
1765976277210544,0,0.259134,5.90133,-1.71525,-0.85586,-0.00946327,-0.0124213,-0.516972,0.228851,5.90394,-1.71213,-0.8558,-0.0119979,-0.0161365,-0.516885,0.434145,-0.0374228,-0.0446428,-0.000867616,0.0367051,0.0538004,-0.00126805
1765976277220607,0,0.263053,5.901,-1.71587,-0.855863,-0.00918974,-0.012042,-0.516981,0.233176,5.90357,-1.71261,-0.855808,-0.0116448,-0.0156215,-0.516897,0.429793,-0.0370078,-0.0470061,-0.000781856,0.035096,0.0511717,-0.0012024
1765976277220607,0,0.263053,5.901,-1.71587,-0.855863,-0.00918974,-0.012042,-0.516981,0.233176,5.90357,-1.71261,-0.855808,-0.0116448,-0.0156215,-0.516897,0.429793,-0.0370078,-0.0470061,-0.000781856,0.035096,0.0511717,-0.0012024
1765976277230575,0,0.266928,5.90067,-1.71652,-0.855866,-0.00892507,-0.0116777,-0.516989,0.237404,5.90321,-1.7131,-0.855815,-0.011303,-0.015126,-0.516908,0.424148,-0.0364995,-0.0491882,-0.000729511,0.0342831,0.0497137,-0.00116602
1765976277230575,0,0.266928,5.90067,-1.71652,-0.855866,-0.00892507,-0.0116777,-0.516989,0.237404,5.90321,-1.7131,-0.855815,-0.011303,-0.015126,-0.516908,0.424148,-0.0364995,-0.0491882,-0.000729511,0.0342831,0.0497137,-0.00116602
1765976277240553,0,0.270762,5.90034,-1.71718,-0.855868,-0.00867818,-0.0113402,-0.516997,0.241586,5.90285,-1.71361,-0.855822,-0.0109733,-0.0146504,-0.516919,0.419195,-0.035985,-0.0513491,-0.000669044,0.0330511,0.0476696,-0.00111109
1765976277240553,0,0.270762,5.90034,-1.71718,-0.855868,-0.00867818,-0.0113402,-0.516997,0.241586,5.90285,-1.71361,-0.855822,-0.0109733,-0.0146504,-0.516919,0.419195,-0.035985,-0.0513491,-0.000669044,0.0330511,0.0476696,-0.00111109
1765976277250631,0,0.274555,5.90002,-1.71786,-0.855871,-0.008445,-0.0110237,-0.517003,0.245762,5.90249,-1.71415,-0.855828,-0.0106554,-0.0141943,-0.51693,0.414296,-0.0355333,-0.0534419,-0.000615091,0.0315441,0.0452485,-0.00104684
1765976277250631,0,0.274555,5.90002,-1.71786,-0.855871,-0.008445,-0.0110237,-0.517003,0.245762,5.90249,-1.71415,-0.855828,-0.0106554,-0.0141943,-0.51693,0.414296,-0.0355333,-0.0534419,-0.000615091,0.0315441,0.0452485,-0.00104684
1765976277260582,0,0.278308,5.8997,-1.71856,-0.855873,-0.00822629,-0.0107298,-0.51701,0.249832,5.90214,-1.7147,-0.855834,-0.0103504,-0.0137594,-0.51694,0.408989,-0.0349805,-0.0554058,-0.000563043,0.0306442,0.0437074,-0.00101228
1765976277260582,0,0.278308,5.8997,-1.71856,-0.855873,-0.00822629,-0.0107298,-0.51701,0.249832,5.90214,-1.7147,-0.855834,-0.0103504,-0.0137594,-0.51694,0.408989,-0.0349805,-0.0554058,-0.000563043,0.0306442,0.0437074,-0.00101228
1765976277270584,0,0.282022,5.89939,-1.71927,-0.855874,-0.00802002,-0.0104553,-0.517016,0.253878,5.90179,-1.71527,-0.855839,-0.0100576,-0.0133442,-0.51695,0.404511,-0.0346115,-0.0573759,-0.000512497,0.0292787,0.0415126,-0.000953484
1765976277270584,0,0.282022,5.89939,-1.71927,-0.855874,-0.00802002,-0.0104553,-0.517016,0.253878,5.90179,-1.71527,-0.855839,-0.0100576,-0.0133442,-0.51695,0.404511,-0.0346115,-0.0573759,-0.000512497,0.0292787,0.0415126,-0.000953484
1765976277280601,0,0.285697,5.89908,-1.71999,-0.855876,-0.00782373,-0.0101965,-0.517022,0.257883,5.90145,-1.71587,-0.855843,-0.00977661,-0.0129483,-0.516959,0.399857,-0.0341312,-0.0592536,-0.000464127,0.0280489,0.0395231,-0.000904453
1765976277280601,0,0.285697,5.89908,-1.71999,-0.855876,-0.00782373,-0.0101965,-0.517022,0.257883,5.90145,-1.71587,-0.855843,-0.00977661,-0.0129483,-0.516959,0.399857,-0.0341312,-0.0592536,-0.000464127,0.0280489,0.0395231,-0.000904453
1765976277290532,0,0.289335,5.89877,-1.72072,-0.855877,-0.00764064,-0.00995652,-0.517027,0.261808,5.90112,-1.71647,-0.855848,-0.00950835,-0.0125726,-0.516967,0.395239,-0.0336585,-0.0610511,-0.000426133,0.0270116,0.0378342,-0.000858268
1765976277290532,0,0.289335,5.89877,-1.72072,-0.855877,-0.00764064,-0.00995652,-0.517027,0.261808,5.90112,-1.71647,-0.855848,-0.00950835,-0.0125726,-0.516967,0.395239,-0.0336585,-0.0610511,-0.000426133,0.0270116,0.0378342,-0.000858268
1765976277300664,0,0.292936,5.89847,-1.72147,-0.855878,-0.00746877,-0.00973364,-0.517032,0.265771,5.90078,-1.71711,-0.855851,-0.00925159,-0.0122152,-0.516975,0.391166,-0.0332261,-0.0628402,-0.000382383,0.0253418,0.0352735,-0.000800062
1765976277300664,0,0.292936,5.89847,-1.72147,-0.855878,-0.00746877,-0.00973364,-0.517032,0.265771,5.90078,-1.71711,-0.855851,-0.00925159,-0.0122152,-0.516975,0.391166,-0.0332261,-0.0628402,-0.000382383,0.0253418,0.0352735,-0.000800062
1765976277310578,0,0.296501,5.89817,-1.72223,-0.855879,-0.00730792,-0.00952803,-0.517036,0.2696,5.90046,-1.71775,-0.855855,-0.00900781,-0.0118781,-0.516983,0.386159,-0.0328024,-0.0643903,-0.000348706,0.02459,0.0339959,-0.000763546
1765976277310578,0,0.296501,5.89817,-1.72223,-0.855879,-0.00730792,-0.00952803,-0.517036,0.2696,5.90046,-1.71775,-0.855855,-0.00900781,-0.0118781,-0.516983,0.386159,-0.0328024,-0.0643903,-0.000348706,0.02459,0.0339959,-0.000763546
1765976277320655,0,0.30003,5.89788,-1.72301,-0.85588,-0.00715753,-0.00933817,-0.51704,0.273453,5.90013,-1.71841,-0.855858,-0.00877432,-0.0115576,-0.51699,0.382403,-0.0323664,-0.0660697,-0.000319406,0.0231704,0.0318073,-0.00072162
1765976277320655,0,0.30003,5.89788,-1.72301,-0.85588,-0.00715753,-0.00933817,-0.51704,0.273453,5.90013,-1.71841,-0.855858,-0.00877432,-0.0115576,-0.51699,0.382403,-0.0323664,-0.0660697,-0.000319406,0.0231704,0.0318073,-0.00072162
1765976277330629,0,0.303525,5.89759,-1.72379,-0.855881,-0.00701431,-0.00915857,-0.517044,0.277222,5.89981,-1.71909,-0.855861,-0.00855392,-0.0112572,-0.516997,0.377892,-0.0319836,-0.0675288,-0.000292824,0.0220969,0.0301201,-0.000675288
1765976277330629,0,0.303525,5.89759,-1.72379,-0.855881,-0.00701431,-0.00915857,-0.517044,0.277222,5.89981,-1.71909,-0.855861,-0.00855392,-0.0112572,-0.516997,0.377892,-0.0319836,-0.0675288,-0.000292824,0.0220969,0.0301201,-0.000675288
1765976277340593,0,0.306985,5.8973,-1.72458,-0.855882,-0.00688104,-0.00899375,-0.517048,0.280949,5.8995,-1.71977,-0.855864,-0.00834372,-0.0109728,-0.517003,0.374013,-0.031585,-0.0690083,-0.000263208,0.021096,0.0285433,-0.000640074
1765976277340593,0,0.306985,5.8973,-1.72458,-0.855882,-0.00688104,-0.00899375,-0.517048,0.280949,5.8995,-1.71977,-0.855864,-0.00834372,-0.0109728,-0.517003,0.374013,-0.031585,-0.0690083,-0.000263208,0.021096,0.0285433,-0.000640074
1765976277350491,0,0.310412,5.89701,-1.72538,-0.855882,-0.00675571,-0.00883962,-0.517051,0.284614,5.89919,-1.72047,-0.855866,-0.00814417,-0.0107047,-0.517009,0.370241,-0.0312175,-0.070444,-0.000240875,0.0201611,0.0270824,-0.000602189
1765976277350491,0,0.310412,5.89701,-1.72538,-0.855882,-0.00675571,-0.00883962,-0.517051,0.284614,5.89919,-1.72047,-0.855866,-0.00814417,-0.0107047,-0.517009,0.370241,-0.0312175,-0.070444,-0.000240875,0.0201611,0.0270824,-0.000602189
1765976277360417,0,0.313805,5.89673,-1.72619,-0.855883,-0.00664043,-0.00869962,-0.517054,0.288255,5.89888,-1.72119,-0.855868,-0.00795543,-0.0104531,-0.517015,0.36683,-0.0308412,-0.0718426,-0.000216176,0.0190146,0.0253544,-0.000564461
1765976277360417,0,0.313805,5.89673,-1.72619,-0.855883,-0.00664043,-0.00869962,-0.517054,0.288255,5.89888,-1.72119,-0.855868,-0.00795543,-0.0104531,-0.517015,0.36683,-0.0308412,-0.0718426,-0.000216176,0.0190146,0.0253544,-0.000564461
1765976277370643,0,0.317166,5.89646,-1.72701,-0.855883,-0.00653703,-0.00857654,-0.517056,0.29197,5.89857,-1.72193,-0.85587,-0.00777451,-0.0102137,-0.51702,0.363308,-0.0304959,-0.0731506,-0.00018652,0.0176916,0.0234059,-0.000512929
1765976277370643,0,0.317166,5.89646,-1.72701,-0.855883,-0.00653703,-0.00857654,-0.517056,0.29197,5.89857,-1.72193,-0.85587,-0.00777451,-0.0102137,-0.51702,0.363308,-0.0304959,-0.0731506,-0.00018652,0.0176916,0.0234059,-0.000512929
1765976277380543,0,0.320494,5.89618,-1.72783,-0.855884,-0.00644693,-0.00847276,-0.517059,0.295519,5.89827,-1.72267,-0.855872,-0.00760877,-0.00999636,-0.517025,0.358447,-0.030007,-0.0741024,-0.000174599,0.0167419,0.0219548,-0.000487674
1765976277380543,0,0.320494,5.89618,-1.72783,-0.855884,-0.00644693,-0.00847276,-0.517059,0.295519,5.89827,-1.72267,-0.855872,-0.00760877,-0.00999636,-0.517025,0.358447,-0.030007,-0.0741024,-0.000174599,0.0167419,0.0219548,-0.000487674
1765976277390478,0,0.32379,5.89591,-1.72866,-0.855884,-0.00636397,-0.00837947,-0.517061,0.299048,5.89798,-1.72342,-0.855873,-0.00745352,-0.0097947,-0.517029,0.355276,-0.0297093,-0.0753172,-0.000155986,0.0156269,0.0202981,-0.00044996
1765976277390478,0,0.32379,5.89591,-1.72866,-0.855884,-0.00636397,-0.00837947,-0.517061,0.299048,5.89798,-1.72342,-0.855873,-0.00745352,-0.0097947,-0.517029,0.355276,-0.0297093,-0.0753172,-0.000155986,0.0156269,0.0202981,-0.00044996
1765976277400551,0,0.327055,5.89564,-1.7295,-0.855884,-0.00628091,-0.00828662,-0.517063,0.302593,5.89768,-1.72418,-0.855875,-0.00730526,-0.00960403,-0.517034,0.351944,-0.029397,-0.0764038,-0.000136097,0.0147178,0.0189286,-0.000420126
1765976277400551,0,0.327055,5.89564,-1.7295,-0.855884,-0.00628091,-0.00828662,-0.517063,0.302593,5.89768,-1.72418,-0.855875,-0.00730526,-0.00960403,-0.517034,0.351944,-0.029397,-0.0764038,-0.000136097,0.0147178,0.0189286,-0.000420126
1765976277410545,0,0.330289,5.89538,-1.73034,-0.855884,-0.00620577,-0.00820422,-0.517065,0.306072,5.89739,-1.72496,-0.855876,-0.00716685,-0.00942781,-0.517038,0.348029,-0.0289614,-0.077294,-0.000119281,0.0138499,0.0176328,-0.000393627
1765976277410545,0,0.330289,5.89538,-1.73034,-0.855884,-0.00620577,-0.00820422,-0.517065,0.306072,5.89739,-1.72496,-0.855876,-0.00716685,-0.00942781,-0.517038,0.348029,-0.0289614,-0.077294,-0.000119281,0.0138499,0.0176328,-0.000393627
1765976277420507,0,0.333491,5.89511,-1.73118,-0.855885,-0.00613781,-0.00813164,-0.517066,0.309504,5.89711,-1.72574,-0.855877,-0.00703831,-0.00926591,-0.517041,0.344567,-0.0286236,-0.0782004,-0.000107698,0.0129027,0.0162521,-0.000358992
1765976277420507,0,0.333491,5.89511,-1.73118,-0.855885,-0.00613781,-0.00813164,-0.517066,0.309504,5.89711,-1.72574,-0.855877,-0.00703831,-0.00926591,-0.517041,0.344567,-0.0286236,-0.0782004,-0.000107698,0.0129027,0.0162521,-0.000358992
1765976277430517,0,0.336663,5.89485,-1.73203,-0.855885,-0.0060727,-0.00806399,-0.517068,0.31292,5.89682,-1.72653,-0.855878,-0.00691666,-0.00911449,-0.517045,0.341295,-0.0283435,-0.0790759,-9.52722e-05,0.0121524,0.0151263,-0.000339407
1765976277430517,0,0.336663,5.89485,-1.73203,-0.855885,-0.0060727,-0.00806399,-0.517068,0.31292,5.89682,-1.72653,-0.855878,-0.00691666,-0.00911449,-0.517045,0.341295,-0.0283435,-0.0790759,-9.52722e-05,0.0121524,0.0151263,-0.000339407
1765976277440480,0,0.339805,5.8946,-1.73288,-0.855885,-0.00601249,-0.00800292,-0.517069,0.316286,5.89654,-1.72732,-0.855879,-0.00680349,-0.00897535,-0.517048,0.337843,-0.0279507,-0.0798199,-8.9739e-05,0.0113599,0.0139656,-0.000311095
1765976277440480,0,0.339805,5.8946,-1.73288,-0.855885,-0.00601249,-0.00800292,-0.517069,0.316286,5.89654,-1.72732,-0.855879,-0.00680349,-0.00897535,-0.517048,0.337843,-0.0279507,-0.0798199,-8.9739e-05,0.0113599,0.0139656,-0.000311095
1765976277450620,0,0.342917,5.89434,-1.73373,-0.855885,-0.00595809,-0.00794928,-0.517071,0.31968,5.89626,-1.72814,-0.85588,-0.00669595,-0.00884484,-0.517051,0.33465,-0.0276509,-0.0805662,-8.22944e-05,0.0106047,0.0128711,-0.00028803
1765976277450620,0,0.342917,5.89434,-1.73373,-0.855885,-0.00595809,-0.00794928,-0.517071,0.31968,5.89626,-1.72814,-0.85588,-0.00669595,-0.00884484,-0.517051,0.33465,-0.0276509,-0.0805662,-8.22944e-05,0.0106047,0.0128711,-0.00028803
1765976277460523,0,0.345999,5.89409,-1.73459,-0.855885,-0.00590809,-0.00790228,-0.517072,0.322955,5.89599,-1.72894,-0.85588,-0.00659758,-0.00872715,-0.517053,0.330739,-0.0273015,-0.0810378,-6.62073e-05,0.00993354,0.0118839,-0.000270848
1765976277460523,0,0.345999,5.89409,-1.73459,-0.855885,-0.00590809,-0.00790228,-0.517072,0.322955,5.89599,-1.72894,-0.85588,-0.00659758,-0.00872715,-0.517053,0.330739,-0.0273015,-0.0810378,-6.62073e-05,0.00993354,0.0118839,-0.000270848
1765976277470540,0,0.349052,5.89385,-1.73545,-0.855885,-0.00586111,-0.00785899,-0.517073,0.32624,5.89572,-1.72976,-0.855881,-0.00650498,-0.00861799,-0.517056,0.327939,-0.0269908,-0.0817221,-6.54538e-05,0.00924461,0.0108977,-0.000249915
1765976277470540,0,0.349052,5.89385,-1.73545,-0.855885,-0.00586111,-0.00785899,-0.517073,0.32624,5.89572,-1.72976,-0.855881,-0.00650498,-0.00861799,-0.517056,0.327939,-0.0269908,-0.0817221,-6.54538e-05,0.00924461,0.0108977,-0.000249915
1765976277480526,0,0.352075,5.8936,-1.7363,-0.855885,-0.00581469,-0.0078159,-0.517074,0.329482,5.89546,-1.73058,-0.855882,-0.00641834,-0.00851732,-0.517058,0.32465,-0.0266926,-0.0822026,-5.96882e-05,0.00867619,0.0100814,-0.000226815
1765976277480526,0,0.352075,5.8936,-1.7363,-0.855885,-0.00581469,-0.0078159,-0.517074,0.329482,5.89546,-1.73058,-0.855882,-0.00641834,-0.00851732,-0.517058,0.32465,-0.0266926,-0.0822026,-5.96882e-05,0.00867619,0.0100814,-0.000226815
1765976277490449,0,0.355069,5.89336,-1.73716,-0.855886,-0.00577313,-0.00777953,-0.517075,0.332673,5.8952,-1.7314,-0.855882,-0.00633775,-0.00842516,-0.51706,0.32154,-0.0263815,-0.0826524,-4.80537e-05,0.00812183,0.00928732,-0.000204228
1765976277490449,0,0.355069,5.89336,-1.73716,-0.855886,-0.00577313,-0.00777953,-0.517075,0.332673,5.8952,-1.7314,-0.855882,-0.00633775,-0.00842516,-0.51706,0.32154,-0.0263815,-0.0826524,-4.80537e-05,0.00812183,0.00928732,-0.000204228
1765976277500547,0,0.358035,5.89312,-1.73802,-0.855886,-0.00573535,-0.00774787,-0.517075,0.335891,5.89493,-1.73224,-0.855883,-0.00626158,-0.00833953,-0.517062,0.318709,-0.026066,-0.0831207,-4.7221e-05,0.00754226,0.00847994,-0.000188884
1765976277500547,0,0.358035,5.89312,-1.73802,-0.855886,-0.00573535,-0.00774787,-0.517075,0.335891,5.89493,-1.73224,-0.855883,-0.00626158,-0.00833953,-0.517062,0.318709,-0.026066,-0.0831207,-4.7221e-05,0.00754226,0.00847994,-0.000188884
1765976277510523,0,0.360971,5.89288,-1.73887,-0.855886,-0.00570196,-0.00772245,-0.517076,0.339035,5.89467,-1.73307,-0.855883,-0.00619126,-0.00826199,-0.517064,0.315168,-0.0257634,-0.0833127,-4.18236e-05,0.00704929,0.00777313,-0.000179244
1765976277510523,0,0.360971,5.89288,-1.73887,-0.855886,-0.00570196,-0.00772245,-0.517076,0.339035,5.89467,-1.73307,-0.855883,-0.00619126,-0.00826199,-0.517064,0.315168,-0.0257634,-0.0833127,-4.18236e-05,0.00704929,0.00777313,-0.000179244
1765976277520565,0,0.36388,5.89264,-1.73973,-0.855886,-0.0056721,-0.00770216,-0.517077,0.34217,5.89442,-1.73391,-0.855883,-0.00612599,-0.00819161,-0.517065,0.312206,-0.0254991,-0.0836079,-4.15487e-05,0.00649932,0.00700829,-0.000166195
1765976277520565,0,0.36388,5.89264,-1.73973,-0.855886,-0.0056721,-0.00770216,-0.517077,0.34217,5.89442,-1.73391,-0.855883,-0.00612599,-0.00819161,-0.517065,0.312206,-0.0254991,-0.0836079,-4.15487e-05,0.00649932,0.00700829,-0.000166195
1765976277530523,0,0.36676,5.89241,-1.74058,-0.855886,-0.00564242,-0.0076811,-0.517077,0.345247,5.89417,-1.73475,-0.855884,-0.00606548,-0.00812772,-0.517067,0.309001,-0.0251874,-0.0837625,-2.9928e-05,0.00607735,0.00641582,-0.00014964
1765976277530523,0,0.36676,5.89241,-1.74058,-0.855886,-0.00564242,-0.0076811,-0.517077,0.345247,5.89417,-1.73475,-0.855884,-0.00606548,-0.00812772,-0.517067,0.309001,-0.0251874,-0.0837625,-2.9928e-05,0.00607735,0.00641582,-0.00014964
1765976277540458,0,0.369611,5.89218,-1.74143,-0.855886,-0.00561404,-0.00766074,-0.517078,0.348289,5.89392,-1.73558,-0.855884,-0.00600888,-0.00806917,-0.517068,0.30617,-0.0249578,-0.0839325,-2.99973e-05,0.00569682,0.00589306,-0.000137988
1765976277540458,0,0.369611,5.89218,-1.74143,-0.855886,-0.00561404,-0.00766074,-0.517078,0.348289,5.89392,-1.73558,-0.855884,-0.00600888,-0.00806917,-0.517068,0.30617,-0.0249578,-0.0839325,-2.99973e-05,0.00569682,0.00589306,-0.000137988
1765976277550475,0,0.372435,5.89195,-1.74227,-0.855886,-0.00558673,-0.00764087,-0.517078,0.351329,5.89367,-1.73642,-0.855884,-0.00595581,-0.00801533,-0.51707,0.303432,-0.0247058,-0.0840784,-1.7851e-05,0.00529748,0.00537475,-0.000124957
1765976277550475,0,0.372435,5.89195,-1.74227,-0.855886,-0.00558673,-0.00764087,-0.517078,0.351329,5.89367,-1.73642,-0.855884,-0.00595581,-0.00801533,-0.51707,0.303432,-0.0247058,-0.0840784,-1.7851e-05,0.00529748,0.00537475,-0.000124957
1765976277560433,0,0.375231,5.89173,-1.74311,-0.855886,-0.00556333,-0.00762484,-0.517079,0.35432,5.89343,-1.73726,-0.855884,-0.00590653,-0.0079663,-0.517071,0.300373,-0.0244213,-0.0840738,-1.79568e-05,0.00494939,0.00492428,-0.000113726
1765976277560433,0,0.375231,5.89173,-1.74311,-0.855886,-0.00556333,-0.00762484,-0.517079,0.35432,5.89343,-1.73726,-0.855884,-0.00590653,-0.0079663,-0.517071,0.300373,-0.0244213,-0.0840738,-1.79568e-05,0.00494939,0.00492428,-0.000113726
1765976277570473,0,0.378,5.89151,-1.74395,-0.855886,-0.00554369,-0.00761299,-0.517079,0.357307,5.89319,-1.7381,-0.855885,-0.00586091,-0.00792188,-0.517072,0.297575,-0.0241268,-0.0840639,-2.37469e-05,0.00454312,0.00442378,-0.000106861
1765976277570473,0,0.378,5.89151,-1.74395,-0.855886,-0.00554369,-0.00761299,-0.517079,0.357307,5.89319,-1.7381,-0.855885,-0.00586091,-0.00792188,-0.517072,0.297575,-0.0241268,-0.0840639,-2.37469e-05,0.00454312,0.00442378,-0.000106861
1765976277580524,0,0.380741,5.89129,-1.74478,-0.855886,-0.00552548,-0.0076029,-0.517079,0.360267,5.89295,-1.73895,-0.855885,-0.00581858,-0.00788162,-0.517073,0.294474,-0.0239106,-0.0839126,-1.77907e-05,0.00421222,0.00400568,-8.89533e-05
1765976277580524,0,0.380741,5.89129,-1.74478,-0.855886,-0.00552548,-0.0076029,-0.517079,0.360267,5.89295,-1.73895,-0.855885,-0.00581858,-0.00788162,-0.517073,0.294474,-0.0239106,-0.0839126,-1.77907e-05,0.00421222,0.00400568,-8.89533e-05
1765976277590448,0,0.383454,5.89107,-1.74561,-0.855886,-0.00550814,-0.00759375,-0.517079,0.363159,5.89271,-1.73978,-0.855885,-0.00577976,-0.00784563,-0.517073,0.29138,-0.023592,-0.0837252,-1.20122e-05,0.00391125,0.00362694,-8.40856e-05
1765976277590448,0,0.383454,5.89107,-1.74561,-0.855886,-0.00550814,-0.00759375,-0.517079,0.363159,5.89271,-1.73978,-0.855885,-0.00577976,-0.00784563,-0.517073,0.29138,-0.023592,-0.0837252,-1.20122e-05,0.00391125,0.00362694,-8.40856e-05
1765976277600497,0,0.386141,5.89085,-1.74643,-0.855886,-0.00548943,-0.00758137,-0.517079,0.366061,5.89248,-1.74062,-0.855885,-0.00574324,-0.00781239,-0.517074,0.2888,-0.0233934,-0.083609,-1.18628e-05,0.00363433,0.00330787,-7.71082e-05
1765976277600497,0,0.386141,5.89085,-1.74643,-0.855886,-0.00548943,-0.00758137,-0.517079,0.366061,5.89248,-1.74062,-0.855885,-0.00574324,-0.00781239,-0.517074,0.2888,-0.0233934,-0.083609,-1.18628e-05,0.00363433,0.00330787,-7.71082e-05
1765976277610558,0,0.3888,5.89064,-1.74725,-0.855886,-0.00546936,-0.00756674,-0.51708,0.368936,5.89224,-1.74146,-0.855885,-0.0057085,-0.00778123,-0.517075,0.285748,-0.0231286,-0.083296,-2.36973e-05,0.00345259,0.00309666,-7.10919e-05
1765976277610558,0,0.3888,5.89064,-1.74725,-0.855886,-0.00546936,-0.00756674,-0.51708,0.368936,5.89224,-1.74146,-0.855885,-0.0057085,-0.00778123,-0.517075,0.285748,-0.0231286,-0.083296,-2.36973e-05,0.00345259,0.00309666,-7.10919e-05
1765976277620477,0,0.391432,5.89043,-1.74806,-0.855887,-0.00545043,-0.00755246,-0.51708,0.37174,5.89202,-1.74228,-0.855885,-0.00567637,-0.00775275,-0.517076,0.2827,-0.0228347,-0.0829381,-1.80274e-05,0.00323944,0.00287162,-6.00914e-05
1765976277620477,0,0.391432,5.89043,-1.74806,-0.855887,-0.00545043,-0.00755246,-0.51708,0.37174,5.89202,-1.74228,-0.855885,-0.00567637,-0.00775275,-0.517076,0.2827,-0.0228347,-0.0829381,-1.80274e-05,0.00323944,0.00287162,-6.00914e-05
1765976277630542,0,0.394038,5.89022,-1.74886,-0.855887,-0.00542953,-0.00753481,-0.51708,0.37456,5.89179,-1.74311,-0.855886,-0.0056451,-0.00772513,-0.517076,0.280204,-0.0226456,-0.0826707,-1.77659e-05,0.00310742,0.00274358,-5.32977e-05
1765976277630542,0,0.394038,5.89022,-1.74886,-0.855887,-0.00542953,-0.00753481,-0.51708,0.37456,5.89179,-1.74311,-0.855886,-0.0056451,-0.00772513,-0.517076,0.280204,-0.0226456,-0.0826707,-1.77659e-05,0.00310742,0.00274358,-5.32977e-05
1765976277640464,0,0.396616,5.89001,-1.74965,-0.855887,-0.0054071,-0.00751471,-0.51708,0.37731,5.89157,-1.74393,-0.855886,-0.00561547,-0.00769894,-0.517077,0.277172,-0.0223953,-0.0822162,-1.8022e-05,0.0029862,0.00264022,-4.80586e-05
1765976277640464,0,0.396616,5.89001,-1.74965,-0.855887,-0.0054071,-0.00751471,-0.51708,0.37731,5.89157,-1.74393,-0.855886,-0.00561547,-0.00769894,-0.517077,0.277172,-0.0223953,-0.0822162,-1.8022e-05,0.0029862,0.00264022,-4.80586e-05
1765976277650607,0,0.399169,5.8898,-1.75044,-0.855887,-0.00538576,-0.00749491,-0.51708,0.380096,5.89134,-1.74476,-0.855886,-0.0055863,-0.00767303,-0.517077,0.274682,-0.0221894,-0.0818352,-1.76293e-05,0.00287518,0.00255381,-4.1135e-05
1765976277650607,0,0.399169,5.8898,-1.75044,-0.855887,-0.00538576,-0.00749491,-0.51708,0.380096,5.89134,-1.74476,-0.855886,-0.0055863,-0.00767303,-0.517077,0.274682,-0.0221894,-0.0818352,-1.76293e-05,0.00287518,0.00255381,-4.1135e-05
1765976277660531,0,0.401695,5.8896,-1.75122,-0.855888,-0.00536428,-0.00747372,-0.51708,0.38279,5.89113,-1.74556,-0.855886,-0.00555847,-0.00764805,-0.517077,0.271413,-0.0219103,-0.0812026,-2.40244e-05,0.00280467,0.00251778,-4.20428e-05
1765976277660531,0,0.401695,5.8896,-1.75122,-0.855888,-0.00536428,-0.00747372,-0.51708,0.38279,5.89113,-1.74556,-0.855886,-0.00555847,-0.00764805,-0.517077,0.271413,-0.0219103,-0.0812026,-2.40244e-05,0.00280467,0.00251778,-4.20428e-05
1765976277670551,0,0.404194,5.8894,-1.75199,-0.855888,-0.00534271,-0.00745145,-0.51708,0.385485,5.89091,-1.74637,-0.855886,-0.00553139,-0.00762337,-0.517078,0.268976,-0.0217004,-0.0807578,-1.78457e-05,0.00270297,0.0024628,-3.56914e-05
1765976277670551,0,0.404194,5.8894,-1.75199,-0.855888,-0.00534271,-0.00745145,-0.51708,0.385485,5.89091,-1.74637,-0.855886,-0.00553139,-0.00762337,-0.517078,0.268976,-0.0217004,-0.0807578,-1.78457e-05,0.00270297,0.0024628,-3.56914e-05
1765976277680551,0,0.406668,5.8892,-1.75275,-0.855888,-0.00531812,-0.00742442,-0.517081,0.388147,5.89069,-1.74717,-0.855887,-0.0055046,-0.00759838,-0.517078,0.266194,-0.0214577,-0.0801802,-2.38419e-05,0.00267872,0.00249879,-3.57628e-05
1765976277680551,0,0.406668,5.8892,-1.75275,-0.855888,-0.00531812,-0.00742442,-0.517081,0.388147,5.89069,-1.74717,-0.855887,-0.0055046,-0.00759838,-0.517078,0.266194,-0.0214577,-0.0801802,-2.38419e-05,0.00267872,0.00249879,-3.57628e-05
1765976277690577,0,0.409116,5.889,-1.7535,-0.855888,-0.00529384,-0.0073975,-0.517081,0.390789,5.89048,-1.74797,-0.855887,-0.00547827,-0.00757329,-0.517078,0.263501,-0.0212593,-0.0795442,-2.378e-05,0.00262574,0.00250266,-2.9725e-05
1765976277690577,0,0.409116,5.889,-1.7535,-0.855888,-0.00529384,-0.0073975,-0.517081,0.390789,5.89048,-1.74797,-0.855887,-0.00547827,-0.00757329,-0.517078,0.263501,-0.0212593,-0.0795442,-2.378e-05,0.00262574,0.00250266,-2.9725e-05
1765976277700657,0,0.411538,5.88881,-1.75425,-0.855889,-0.00526914,-0.00736949,-0.517081,0.393417,5.89027,-1.74877,-0.855887,-0.0054518,-0.00754749,-0.517079,0.260738,-0.0210035,-0.0788697,-2.36526e-05,0.00262646,0.00255952,-2.95658e-05
1765976277700657,0,0.411538,5.88881,-1.75425,-0.855889,-0.00526914,-0.00736949,-0.517081,0.393417,5.89027,-1.74877,-0.855887,-0.0054518,-0.00754749,-0.517079,0.260738,-0.0210035,-0.0788697,-2.36526e-05,0.00262646,0.00255952,-2.95658e-05
1765976277710515,0,0.413934,5.88862,-1.75498,-0.855889,-0.00524382,-0.00733983,-0.517081,0.395959,5.89006,-1.74954,-0.855887,-0.00542572,-0.00752145,-0.517079,0.257824,-0.0207993,-0.0780943,-1.8139e-05,0.00264564,0.00264153,-3.02316e-05
1765976277710515,0,0.413934,5.88862,-1.75498,-0.855889,-0.00524382,-0.00733983,-0.517081,0.395959,5.89006,-1.74954,-0.855887,-0.00542572,-0.00752145,-0.517079,0.257824,-0.0207993,-0.0780943,-1.8139e-05,0.00264564,0.00264153,-3.02316e-05
1765976277720655,0,0.416305,5.88842,-1.75571,-0.855889,-0.00521625,-0.00730665,-0.517081,0.398551,5.88986,-1.75032,-0.855887,-0.00539937,-0.00749444,-0.517079,0.255683,-0.0205501,-0.0775213,-2.35127e-05,0.00259797,0.00266419,-2.93909e-05
1765976277720655,0,0.416305,5.88842,-1.75571,-0.855889,-0.00521625,-0.00730665,-0.517081,0.398551,5.88986,-1.75032,-0.855887,-0.00539937,-0.00749444,-0.517079,0.255683,-0.0205501,-0.0775213,-2.35127e-05,0.00259797,0.00266419,-2.93909e-05
1765976277730496,0,0.418651,5.88824,-1.75642,-0.85589,-0.00518747,-0.00727136,-0.517081,0.401037,5.88966,-1.75108,-0.855888,-0.00537279,-0.00746644,-0.51708,0.252582,-0.0203507,-0.0766181,-2.42271e-05,0.00270179,0.00284436,-2.42271e-05
1765976277730496,0,0.418651,5.88824,-1.75642,-0.85589,-0.00518747,-0.00727136,-0.517081,0.401037,5.88966,-1.75108,-0.855888,-0.00537279,-0.00746644,-0.51708,0.252582,-0.0203507,-0.0766181,-2.42271e-05,0.00270179,0.00284436,-2.42271e-05
1765976277740440,0,0.420972,5.88805,-1.75712,-0.85589,-0.0051594,-0.00723757,-0.517082,0.403528,5.88945,-1.75183,-0.855888,-0.0053461,-0.00743782,-0.51708,0.250503,-0.0201879,-0.0759683,-2.99702e-05,0.00268392,0.00287868,-2.39761e-05
1765976277740440,0,0.420972,5.88805,-1.75712,-0.85589,-0.0051594,-0.00723757,-0.517082,0.403528,5.88945,-1.75183,-0.855888,-0.0053461,-0.00743782,-0.51708,0.250503,-0.0201879,-0.0759683,-2.99702e-05,0.00268392,0.00287868,-2.39761e-05
1765976277750471,0,0.423267,5.88786,-1.75781,-0.85589,-0.00513045,-0.00720129,-0.517082,0.406016,5.88925,-1.75259,-0.855888,-0.00531899,-0.00740809,-0.51708,0.248054,-0.0199653,-0.0751787,-2.97102e-05,0.00270228,0.00296411,-2.37682e-05
1765976277750471,0,0.423267,5.88786,-1.75781,-0.85589,-0.00513045,-0.00720129,-0.517082,0.406016,5.88925,-1.75259,-0.855888,-0.00531899,-0.00740809,-0.51708,0.248054,-0.0199653,-0.0751787,-2.97102e-05,0.00270228,0.00296411,-2.37682e-05
1765976277760476,0,0.425538,5.88768,-1.7585,-0.855891,-0.00510513,-0.00716926,-0.517082,0.408471,5.88906,-1.75333,-0.855889,-0.0052921,-0.00737806,-0.51708,0.245323,-0.0197789,-0.074266,-2.97874e-05,0.00268748,0.00300118,-2.97874e-05
1765976277760476,0,0.425538,5.88768,-1.7585,-0.855891,-0.00510513,-0.00716926,-0.517082,0.408471,5.88906,-1.75333,-0.855889,-0.0052921,-0.00737806,-0.51708,0.245323,-0.0197789,-0.074266,-2.97874e-05,0.00268748,0.00300118,-2.97874e-05
1765976277770420,0,0.427785,5.8875,-1.75917,-0.855891,-0.00508117,-0.00713872,-0.517082,0.410884,5.88886,-1.75406,-0.855889,-0.00526562,-0.00734801,-0.517081,0.24271,-0.0195645,-0.073343,-2.99702e-05,0.0026629,0.00302151,-2.39761e-05
1765976277770420,0,0.427785,5.8875,-1.75917,-0.855891,-0.00508117,-0.00713872,-0.517082,0.410884,5.88886,-1.75406,-0.855889,-0.00526562,-0.00734801,-0.517081,0.24271,-0.0195645,-0.073343,-2.99702e-05,0.0026629,0.00302151,-2.39761e-05
1765976277780488,0,0.430007,5.88732,-1.75982,-0.855891,-0.00505583,-0.00710517,-0.517082,0.413303,5.88867,-1.75479,-0.855889,-0.00523923,-0.00731747,-0.517081,0.240304,-0.0194183,-0.0724396,-2.9601e-05,0.00262094,0.00303378,-2.36808e-05
1765976277780488,0,0.430007,5.88732,-1.75982,-0.855891,-0.00505583,-0.00710517,-0.517082,0.413303,5.88867,-1.75479,-0.855889,-0.00523923,-0.00731747,-0.517081,0.240304,-0.0194183,-0.0724396,-2.9601e-05,0.00262094,0.00303378,-2.36808e-05
1765976277790420,0,0.432205,5.88714,-1.76047,-0.855892,-0.00502918,-0.00706871,-0.517082,0.415663,5.88848,-1.7555,-0.85589,-0.00521287,-0.00728625,-0.517081,0.237521,-0.0191081,-0.0714151,-3.60076e-05,0.00265425,0.00314326,-2.40051e-05
1765976277790420,0,0.432205,5.88714,-1.76047,-0.855892,-0.00502918,-0.00706871,-0.517082,0.415663,5.88848,-1.7555,-0.85589,-0.00521287,-0.00728625,-0.517081,0.237521,-0.0191081,-0.0714151,-3.60076e-05,0.00265425,0.00314326,-2.40051e-05
1765976277800467,0,0.434379,5.88697,-1.76111,-0.855892,-0.00500106,-0.00702958,-0.517083,0.418026,5.88829,-1.7562,-0.85589,-0.00518624,-0.00725398,-0.517081,0.235194,-0.0189368,-0.0704791,-3.55955e-05,0.00265057,0.00321194,-2.37303e-05
1765976277800467,0,0.434379,5.88697,-1.76111,-0.855892,-0.00500106,-0.00702958,-0.517083,0.418026,5.88829,-1.7562,-0.85589,-0.00518624,-0.00725398,-0.517081,0.235194,-0.0189368,-0.0704791,-3.55955e-05,0.00265057,0.00321194,-2.37303e-05
1765976277810454,0,0.436529,5.88679,-1.76173,-0.855893,-0.00496927,-0.00698674,-0.517083,0.420348,5.8881,-1.7569,-0.85589,-0.00515898,-0.0072204,-0.517081,0.232522,-0.0187163,-0.0694224,-3.58093e-05,0.00272981,0.00336225,-1.79047e-05
1765976277810454,0,0.436529,5.88679,-1.76173,-0.855893,-0.00496927,-0.00698674,-0.517083,0.420348,5.8881,-1.7569,-0.85589,-0.00515898,-0.0072204,-0.517081,0.232522,-0.0187163,-0.0694224,-3.58093e-05,0.00272981,0.00336225,-1.79047e-05
1765976277820444,0,0.438655,5.88662,-1.76234,-0.855893,-0.00493584,-0.00694188,-0.517083,0.422646,5.88791,-1.75758,-0.855891,-0.00513095,-0.00718541,-0.517082,0.23006,-0.0185675,-0.0683753,-3.57986e-05,0.00280627,0.00350276,-1.19329e-05
1765976277820444,0,0.438655,5.88662,-1.76234,-0.855893,-0.00493584,-0.00694188,-0.517083,0.422646,5.88791,-1.75758,-0.855891,-0.00513095,-0.00718541,-0.517082,0.23006,-0.0185675,-0.0683753,-3.57986e-05,0.00280627,0.00350276,-1.19329e-05
1765976277830469,0,0.440758,5.88645,-1.76294,-0.855894,-0.00489993,-0.00689309,-0.517083,0.424928,5.88773,-1.75826,-0.855891,-0.0051019,-0.00714865,-0.517082,0.227601,-0.0184076,-0.0673042,-3.56736e-05,0.00289746,0.00366644,-1.78368e-05
1765976277830469,0,0.440758,5.88645,-1.76294,-0.855894,-0.00489993,-0.00689309,-0.517083,0.424928,5.88773,-1.75826,-0.855891,-0.0051019,-0.00714865,-0.517082,0.227601,-0.0184076,-0.0673042,-3.56736e-05,0.00289746,0.00366644,-1.78368e-05
1765976277840452,0,0.442838,5.88628,-1.76352,-0.855894,-0.00486313,-0.0068412,-0.517083,0.427175,5.88755,-1.75892,-0.855891,-0.0050719,-0.00711002,-0.517082,0.225062,-0.0181507,-0.0662022,-3.58237e-05,0.00300504,0.00386933,-1.19412e-05
1765976277840452,0,0.442838,5.88628,-1.76352,-0.855894,-0.00486313,-0.0068412,-0.517083,0.427175,5.88755,-1.75892,-0.855891,-0.0050719,-0.00711002,-0.517082,0.225062,-0.0181507,-0.0662022,-3.58237e-05,0.00300504,0.00386933,-1.19412e-05
1765976277850613,0,0.444894,5.88612,-1.7641,-0.855895,-0.00482508,-0.00678653,-0.517083,0.429437,5.88736,-1.75958,-0.855892,-0.00504087,-0.00706936,-0.517082,0.222668,-0.0180204,-0.0650894,-4.69282e-05,0.00305372,0.00400237,-1.75981e-05
1765976277850613,0,0.444894,5.88612,-1.7641,-0.855895,-0.00482508,-0.00678653,-0.517083,0.429437,5.88736,-1.75958,-0.855892,-0.00504087,-0.00706936,-0.517082,0.222668,-0.0180204,-0.0650894,-4.69282e-05,0.00305372,0.00400237,-1.75981e-05
1765976277860554,0,0.446927,5.88595,-1.76466,-0.855895,-0.00478503,-0.00672917,-0.517083,0.431622,5.88719,-1.76021,-0.855892,-0.00500873,-0.00702662,-0.517082,0.21979,-0.0177957,-0.0638317,-4.19709e-05,0.00323344,0.00429944,-1.79875e-05
1765976277860554,0,0.446927,5.88595,-1.76466,-0.855895,-0.00478503,-0.00672917,-0.517083,0.431622,5.88719,-1.76021,-0.855892,-0.00500873,-0.00702662,-0.517082,0.21979,-0.0177957,-0.0638317,-4.19709e-05,0.00323344,0.00429944,-1.79875e-05
1765976277870523,0,0.448938,5.88579,-1.76521,-0.855896,-0.00474267,-0.00666736,-0.517084,0.433791,5.88701,-1.76084,-0.855893,-0.00497527,-0.00698144,-0.517082,0.2176,-0.0176022,-0.0627436,-4.7832e-05,0.00335576,0.00453133,-1.7937e-05
1765976277870523,0,0.448938,5.88579,-1.76521,-0.855896,-0.00474267,-0.00666736,-0.517084,0.433791,5.88701,-1.76084,-0.855893,-0.00497527,-0.00698144,-0.517082,0.2176,-0.0176022,-0.0627436,-4.7832e-05,0.00335576,0.00453133,-1.7937e-05
1765976277880471,0,0.450927,5.88563,-1.76574,-0.855896,-0.00469607,-0.0065993,-0.517084,0.435933,5.88684,-1.76145,-0.855893,-0.00494022,-0.00693346,-0.517083,0.21533,-0.0174476,-0.0616178,-4.7933e-05,0.00352396,0.00482335,-1.79749e-05
1765976277880471,0,0.450927,5.88563,-1.76574,-0.855896,-0.00469607,-0.0065993,-0.517084,0.435933,5.88684,-1.76145,-0.855893,-0.00494022,-0.00693346,-0.517083,0.21533,-0.0174476,-0.0616178,-4.7933e-05,0.00352396,0.00482335,-1.79749e-05
1765976277890468,0,0.452893,5.88547,-1.76626,-0.855897,-0.00464924,-0.00653107,-0.517084,0.438064,5.88667,-1.76206,-0.855894,-0.00490366,-0.0068829,-0.517083,0.213118,-0.0172667,-0.0604572,-4.7698e-05,0.00365724,0.00505762,-1.78868e-05
1765976277890468,0,0.452893,5.88547,-1.76626,-0.855897,-0.00464924,-0.00653107,-0.517084,0.438064,5.88667,-1.76206,-0.855894,-0.00490366,-0.0068829,-0.517083,0.213118,-0.0172667,-0.0604572,-4.7698e-05,0.00365724,0.00505762,-1.78868e-05
1765976277900521,0,0.454837,5.88531,-1.76677,-0.855898,-0.00460379,-0.00646447,-0.517084,0.440183,5.88649,-1.76265,-0.855894,-0.00486595,-0.00683028,-0.517083,0.210777,-0.0170756,-0.0592667,-4.74323e-05,0.00375091,0.00523405,-1.77871e-05
1765976277900521,0,0.454837,5.88531,-1.76677,-0.855898,-0.00460379,-0.00646447,-0.517084,0.440183,5.88649,-1.76265,-0.855894,-0.00486595,-0.00683028,-0.517083,0.210777,-0.0170756,-0.0592667,-4.74323e-05,0.00375091,0.00523405,-1.77871e-05
1765976277910479,0,0.456759,5.88515,-1.76727,-0.855898,-0.00455964,-0.00639987,-0.517084,0.442257,5.88633,-1.76323,-0.855895,-0.00482748,-0.00677623,-0.517083,0.208308,-0.0168555,-0.0580244,-4.78848e-05,0.00386268,0.00542773,-1.79568e-05
1765976277910479,0,0.456759,5.88515,-1.76727,-0.855898,-0.00455964,-0.00639987,-0.517084,0.442257,5.88633,-1.76323,-0.855895,-0.00482748,-0.00677623,-0.517083,0.208308,-0.0168555,-0.0580244,-4.78848e-05,0.00386268,0.00542773,-1.79568e-05
1765976277920603,0,0.45866,5.885,-1.76775,-0.855899,-0.00451479,-0.00633491,-0.517085,0.444344,5.88616,-1.7638,-0.855895,-0.00478817,-0.00672075,-0.517083,0.206129,-0.0167204,-0.0568375,-5.29871e-05,0.00388287,0.00548003,-1.76624e-05
1765976277920603,0,0.45866,5.885,-1.76775,-0.855899,-0.00451479,-0.00633491,-0.517085,0.444344,5.88616,-1.7638,-0.855895,-0.00478817,-0.00672075,-0.517083,0.206129,-0.0167204,-0.0568375,-5.29871e-05,0.00388287,0.00548003,-1.76624e-05
1765976277930611,0,0.46054,5.88484,-1.76822,-0.8559,-0.00446838,-0.00626825,-0.517085,0.446381,5.88599,-1.76436,-0.855896,-0.00474796,-0.00666385,-0.517084,0.203521,-0.016533,-0.0554952,-5.36013e-05,0.00401824,0.00568569,-2.38228e-05
1765976277930611,0,0.46054,5.88484,-1.76822,-0.8559,-0.00446838,-0.00626825,-0.517085,0.446381,5.88599,-1.76436,-0.855896,-0.00474796,-0.00666385,-0.517084,0.203521,-0.016533,-0.0554952,-5.36013e-05,0.00401824,0.00568569,-2.38228e-05
1765976277940470,0,0.462398,5.88469,-1.76868,-0.8559,-0.00442101,-0.00619947,-0.517085,0.448365,5.88583,-1.76489,-0.855896,-0.00470691,-0.00660555,-0.517084,0.201283,-0.0162992,-0.0542663,-5.44114e-05,0.00416356,0.00591365,-1.81371e-05
1765976277940470,0,0.462398,5.88469,-1.76868,-0.8559,-0.00442101,-0.00619947,-0.517085,0.448365,5.88583,-1.76489,-0.855896,-0.00470691,-0.00660555,-0.517084,0.201283,-0.0162992,-0.0542663,-5.44114e-05,0.00416356,0.00591365,-1.81371e-05
1765976277950539,0,0.464236,5.88454,-1.76912,-0.855901,-0.00437039,-0.00612608,-0.517085,0.450373,5.88567,-1.76543,-0.855897,-0.00466461,-0.00654528,-0.517084,0.199441,-0.0161487,-0.0531227,-5.91962e-05,0.00420066,0.0059851,-1.77589e-05
1765976277950539,0,0.464236,5.88454,-1.76912,-0.855901,-0.00437039,-0.00612608,-0.517085,0.450373,5.88567,-1.76543,-0.855897,-0.00466461,-0.00654528,-0.517084,0.199441,-0.0161487,-0.0531227,-5.91962e-05,0.00420066,0.0059851,-1.77589e-05
1765976277960548,0,0.466053,5.8844,-1.76955,-0.855901,-0.00431919,-0.00605325,-0.517085,0.452346,5.88551,-1.76595,-0.855897,-0.00462121,-0.00648346,-0.517084,0.197037,-0.0160073,-0.0517856,-5.35959e-05,0.00433597,0.00617628,-1.78653e-05
1765976277960548,0,0.466053,5.8844,-1.76955,-0.855901,-0.00431919,-0.00605325,-0.517085,0.452346,5.88551,-1.76595,-0.855897,-0.00462121,-0.00648346,-0.517084,0.197037,-0.0160073,-0.0517856,-5.35959e-05,0.00433597,0.00617628,-1.78653e-05
1765976277970634,0,0.46785,5.88425,-1.76997,-0.855902,-0.0042702,-0.00598368,-0.517086,0.454311,5.88535,-1.76646,-0.855898,-0.0045769,-0.00642036,-0.517084,0.194832,-0.0157906,-0.0505274,-6.50061e-05,0.00439396,0.00625623,-1.77289e-05
1765976277970634,0,0.46785,5.88425,-1.76997,-0.855902,-0.0042702,-0.00598368,-0.517086,0.454311,5.88535,-1.76646,-0.855898,-0.0045769,-0.00642036,-0.517084,0.194832,-0.0157906,-0.0505274,-6.50061e-05,0.00439396,0.00625623,-1.77289e-05
1765976277980534,0,0.469626,5.8841,-1.77037,-0.855903,-0.00422087,-0.00591306,-0.517086,0.456216,5.88519,-1.76694,-0.855899,-0.00453235,-0.00635689,-0.517084,0.192466,-0.0156537,-0.0492009,-5.4186e-05,0.00449979,0.00641169,-2.40827e-05
1765976277980534,0,0.469626,5.8841,-1.77037,-0.855903,-0.00422087,-0.00591306,-0.517086,0.456216,5.88519,-1.76694,-0.855899,-0.00453235,-0.00635689,-0.517084,0.192466,-0.0156537,-0.0492009,-5.4186e-05,0.00449979,0.00641169,-2.40827e-05
1765976277990505,0,0.471383,5.88396,-1.77076,-0.855903,-0.00417014,-0.0058406,-0.517086,0.458117,5.88504,-1.76742,-0.855899,-0.00448687,-0.00629207,-0.517085,0.190596,-0.0154945,-0.0479898,-5.9778e-05,0.00456083,0.00650086,-2.39112e-05
1765976277990505,0,0.471383,5.88396,-1.77076,-0.855903,-0.00417014,-0.0058406,-0.517086,0.458117,5.88504,-1.76742,-0.855899,-0.00448687,-0.00629207,-0.517085,0.190596,-0.0154945,-0.0479898,-5.9778e-05,0.00456083,0.00650086,-2.39112e-05
1765976278000691,0,0.47312,5.88382,-1.77114,-0.855904,-0.00411879,-0.00576636,-0.517087,0.460037,5.88488,-1.7679,-0.8559,-0.00444021,-0.00622542,-0.517085,0.188542,-0.0153547,-0.0467194,-5.26646e-05,0.00458091,0.00654266,-2.34065e-05
1765976278000691,0,0.47312,5.88382,-1.77114,-0.855904,-0.00411879,-0.00576636,-0.517087,0.460037,5.88488,-1.7679,-0.8559,-0.00444021,-0.00622542,-0.517085,0.188542,-0.0153547,-0.0467194,-5.26646e-05,0.00458091,0.00654266,-2.34065e-05
1765976278010550,0,0.474838,5.88368,-1.77151,-0.855904,-0.00406957,-0.00569471,-0.517087,0.461871,5.88473,-1.76835,-0.8559,-0.00439402,-0.00615929,-0.517085,0.185993,-0.0151385,-0.0453307,-6.04571e-05,0.00468505,0.00670838,-3.02285e-05
1765976278010550,0,0.474838,5.88368,-1.77151,-0.855904,-0.00406957,-0.00569471,-0.517087,0.461871,5.88473,-1.76835,-0.8559,-0.00439402,-0.00615929,-0.517085,0.185993,-0.0151385,-0.0453307,-6.04571e-05,0.00468505,0.00670838,-3.02285e-05
1765976278020542,0,0.476536,5.88354,-1.77186,-0.855905,-0.00402021,-0.00562248,-0.517087,0.463712,5.88458,-1.76879,-0.855901,-0.00434683,-0.00609151,-0.517086,0.18429,-0.0150324,-0.0441308,-5.36871e-05,0.0047233,0.00678285,-2.98262e-05
1765976278020542,0,0.476536,5.88354,-1.77186,-0.855905,-0.00402021,-0.00562248,-0.517087,0.463712,5.88458,-1.76879,-0.855901,-0.00434683,-0.00609151,-0.517086,0.18429,-0.0150324,-0.0441308,-5.36871e-05,0.0047233,0.00678285,-2.98262e-05
1765976278030479,0,0.478216,5.8834,-1.7722,-0.855905,-0.00396875,-0.00554727,-0.517088,0.465523,5.88444,-1.76921,-0.855901,-0.00429951,-0.0060234,-0.517086,0.182254,-0.0148277,-0.0428395,-5.39843e-05,0.00476205,0.00685493,-2.99913e-05
1765976278030479,0,0.478216,5.8834,-1.7722,-0.855905,-0.00396875,-0.00554727,-0.517088,0.465523,5.88444,-1.76921,-0.855901,-0.00429951,-0.0060234,-0.517086,0.182254,-0.0148277,-0.0428395,-5.39843e-05,0.00476205,0.00685493,-2.99913e-05
1765976278040464,0,0.479876,5.88327,-1.77252,-0.855906,-0.00391939,-0.00547498,-0.517088,0.467324,5.88429,-1.76963,-0.855902,-0.00425168,-0.0059544,-0.517086,0.180366,-0.0147086,-0.041583,-5.96942e-05,0.00478957,0.00691026,-2.98471e-05
1765976278040464,0,0.479876,5.88327,-1.77252,-0.855906,-0.00391939,-0.00547498,-0.517088,0.467324,5.88429,-1.76963,-0.855902,-0.00425168,-0.0059544,-0.517086,0.180366,-0.0147086,-0.041583,-5.96942e-05,0.00478957,0.00691026,-2.98471e-05
1765976278050458,0,0.481519,5.88313,-1.77284,-0.855906,-0.00387144,-0.0054054,-0.517088,0.469107,5.88414,-1.77003,-0.855903,-0.00420398,-0.00588552,-0.517086,0.17837,-0.0145523,-0.0403169,-5.96404e-05,0.00477305,0.00689131,-2.38562e-05
1765976278050458,0,0.481519,5.88313,-1.77284,-0.855906,-0.00387144,-0.0054054,-0.517088,0.469107,5.88414,-1.77003,-0.855903,-0.00420398,-0.00588552,-0.517086,0.17837,-0.0145523,-0.0403169,-5.96404e-05,0.00477305,0.00689131,-2.38562e-05
1765976278060463,0,0.483142,5.883,-1.77314,-0.855907,-0.0038255,-0.00533837,-0.517089,0.470871,5.884,-1.77042,-0.855903,-0.00415639,-0.00581673,-0.517087,0.17638,-0.0143933,-0.0390215,-5.95749e-05,0.00475617,0.00687568,-2.97874e-05
1765976278060463,0,0.483142,5.883,-1.77314,-0.855907,-0.0038255,-0.00533837,-0.517089,0.470871,5.884,-1.77042,-0.855903,-0.00415639,-0.00581673,-0.517087,0.17638,-0.0143933,-0.0390215,-5.95749e-05,0.00475617,0.00687568,-2.97874e-05
1765976278070645,0,0.484748,5.88287,-1.77342,-0.855907,-0.00378036,-0.00527243,-0.517089,0.472647,5.88386,-1.77081,-0.855904,-0.00410856,-0.0057475,-0.517087,0.174383,-0.0142367,-0.0377344,-5.26853e-05,0.0046975,0.00679961,-2.92696e-05
1765976278070645,0,0.484748,5.88287,-1.77342,-0.855907,-0.00378036,-0.00527243,-0.517089,0.472647,5.88386,-1.77081,-0.855904,-0.00410856,-0.0057475,-0.517087,0.174383,-0.0142367,-0.0377344,-5.26853e-05,0.0046975,0.00679961,-2.92696e-05
1765976278080536,0,0.486336,5.88274,-1.7737,-0.855907,-0.00373518,-0.00520651,-0.517089,0.474349,5.88372,-1.77117,-0.855904,-0.0040619,-0.00567988,-0.517087,0.172025,-0.0140771,-0.0363497,-5.42353e-05,0.00471824,0.0068361,-3.01307e-05
1765976278080536,0,0.486336,5.88274,-1.7737,-0.855907,-0.00373518,-0.00520651,-0.517089,0.474349,5.88372,-1.77117,-0.855904,-0.0040619,-0.00567988,-0.517087,0.172025,-0.0140771,-0.0363497,-5.42353e-05,0.00471824,0.0068361,-3.01307e-05
1765976278090475,0,0.487907,5.88261,-1.77396,-0.855908,-0.00368807,-0.00513773,-0.517089,0.476042,5.88358,-1.77151,-0.855905,-0.00401526,-0.00561225,-0.517088,0.170379,-0.0139611,-0.0351427,-4.79764e-05,0.00469199,0.00680477,-2.39882e-05
1765976278090475,0,0.487907,5.88261,-1.77396,-0.855908,-0.00368807,-0.00513773,-0.517089,0.476042,5.88358,-1.77151,-0.855905,-0.00401526,-0.00561225,-0.517088,0.170379,-0.0139611,-0.0351427,-4.79764e-05,0.00469199,0.00680477,-2.39882e-05
1765976278100505,0,0.48946,5.88248,-1.77421,-0.855909,-0.00363837,-0.0050646,-0.51709,0.477733,5.88344,-1.77185,-0.855905,-0.00396784,-0.00554335,-0.517088,0.168613,-0.0137869,-0.0338968,-4.75411e-05,0.00472765,0.00686969,-2.97132e-05
1765976278100505,0,0.48946,5.88248,-1.77421,-0.855909,-0.00363837,-0.0050646,-0.51709,0.477733,5.88344,-1.77185,-0.855905,-0.00396784,-0.00554335,-0.517088,0.168613,-0.0137869,-0.0338968,-4.75411e-05,0.00472765,0.00686969,-2.97132e-05
1765976278110445,0,0.490996,5.88235,-1.77445,-0.855909,-0.00359027,-0.0049936,-0.51709,0.47939,5.8833,-1.77218,-0.855906,-0.00392045,-0.00547434,-0.517088,0.166662,-0.0136719,-0.0326087,-4.79715e-05,0.00476816,0.00694243,-2.39858e-05
1765976278110445,0,0.490996,5.88235,-1.77445,-0.855909,-0.00359027,-0.0049936,-0.51709,0.47939,5.8833,-1.77218,-0.855906,-0.00392045,-0.00547434,-0.517088,0.166662,-0.0136719,-0.0326087,-4.79715e-05,0.00476816,0.00694243,-2.39858e-05
1765976278120499,0,0.492515,5.88223,-1.77468,-0.855909,-0.00354369,-0.00492518,-0.51709,0.481048,5.88317,-1.77249,-0.855906,-0.00387305,-0.00540526,-0.517088,0.164932,-0.0134694,-0.0313971,-4.74276e-05,0.0047143,0.00687145,-2.96423e-05
1765976278120499,0,0.492515,5.88223,-1.77468,-0.855909,-0.00354369,-0.00492518,-0.51709,0.481048,5.88317,-1.77249,-0.855906,-0.00387305,-0.00540526,-0.517088,0.164932,-0.0134694,-0.0313971,-4.74276e-05,0.0047143,0.00687145,-2.96423e-05
1765976278130450,0,0.494017,5.88211,-1.77489,-0.85591,-0.00349786,-0.00485806,-0.51709,0.48267,5.88304,-1.77279,-0.855907,-0.00382593,-0.00533653,-0.517089,0.162971,-0.0133213,-0.0301288,-4.79185e-05,0.00473516,0.00690593,-2.99491e-05
1765976278130450,0,0.494017,5.88211,-1.77489,-0.85591,-0.00349786,-0.00485806,-0.51709,0.48267,5.88304,-1.77279,-0.855907,-0.00382593,-0.00533653,-0.517089,0.162971,-0.0133213,-0.0301288,-4.79185e-05,0.00473516,0.00690593,-2.99491e-05
1765976278140456,0,0.495502,5.88198,-1.77509,-0.85591,-0.00345221,-0.00479278,-0.517091,0.484283,5.8829,-1.77308,-0.855907,-0.00377898,-0.00526822,-0.517089,0.161259,-0.0132005,-0.0289028,-4.76551e-05,0.00469259,0.00682757,-2.38276e-05
1765976278140456,0,0.495502,5.88198,-1.77509,-0.85591,-0.00345221,-0.00479278,-0.517091,0.484283,5.8829,-1.77308,-0.855907,-0.00377898,-0.00526822,-0.517089,0.161259,-0.0132005,-0.0289028,-4.76551e-05,0.00469259,0.00682757,-2.38276e-05
1765976278150423,0,0.496972,5.88186,-1.77528,-0.855911,-0.00340632,-0.00472757,-0.517091,0.485872,5.88277,-1.77336,-0.855908,-0.00373222,-0.00520038,-0.517089,0.159447,-0.0130608,-0.0276644,-4.78416e-05,0.00469142,0.00680626,-2.9901e-05
1765976278150423,0,0.496972,5.88186,-1.77528,-0.855911,-0.00340632,-0.00472757,-0.517091,0.485872,5.88277,-1.77336,-0.855908,-0.00373222,-0.00520038,-0.517089,0.159447,-0.0130608,-0.0276644,-4.78416e-05,0.00469142,0.00680626,-2.9901e-05
1765976278160475,0,0.498425,5.88174,-1.77546,-0.855911,-0.00336134,-0.0046634,-0.517092,0.487458,5.88264,-1.77362,-0.855908,-0.00368556,-0.00513283,-0.517089,0.15774,-0.0129029,-0.026458,-4.15074e-05,0.00464158,0.00672036,-2.96482e-05
1765976278160475,0,0.498425,5.88174,-1.77546,-0.855911,-0.00336134,-0.0046634,-0.517092,0.487458,5.88264,-1.77362,-0.855908,-0.00368556,-0.00513283,-0.517089,0.15774,-0.0129029,-0.026458,-4.15074e-05,0.00464158,0.00672036,-2.96482e-05
1765976278170502,0,0.499862,5.88163,-1.77563,-0.855911,-0.00331693,-0.00460008,-0.517092,0.489021,5.88251,-1.77388,-0.855908,-0.00363921,-0.00506584,-0.51709,0.155871,-0.0127924,-0.0252162,-4.16109e-05,0.00462259,0.00668069,-2.97221e-05
1765976278170502,0,0.499862,5.88163,-1.77563,-0.855911,-0.00331693,-0.00460008,-0.517092,0.489021,5.88251,-1.77388,-0.855908,-0.00363921,-0.00506584,-0.51709,0.155871,-0.0127924,-0.0252162,-4.16109e-05,0.00462259,0.00668069,-2.97221e-05
1765976278180483,0,0.501284,5.88151,-1.77579,-0.855911,-0.00327291,-0.00453736,-0.517092,0.490559,5.88239,-1.77412,-0.855909,-0.00359319,-0.00499945,-0.51709,0.154097,-0.0126602,-0.0240186,-3.58309e-05,0.00461047,0.00665166,-2.98591e-05
1765976278180483,0,0.501284,5.88151,-1.77579,-0.855911,-0.00327291,-0.00453736,-0.517092,0.490559,5.88239,-1.77412,-0.855909,-0.00359319,-0.00499945,-0.51709,0.154097,-0.0126602,-0.0240186,-3.58309e-05,0.00461047,0.00665166,-2.98591e-05
1765976278190440,0,0.50269,5.88139,-1.77593,-0.855912,-0.0032286,-0.00447336,-0.517093,0.492077,5.88226,-1.77434,-0.855909,-0.00354742,-0.0049334,-0.51709,0.152436,-0.0124992,-0.0228314,-3.59172e-05,0.00459727,0.00663365,-2.9931e-05
1765976278190440,0,0.50269,5.88139,-1.77593,-0.855912,-0.0032286,-0.00447336,-0.517093,0.492077,5.88226,-1.77434,-0.855909,-0.00354742,-0.0049334,-0.51709,0.152436,-0.0124992,-0.0228314,-3.59172e-05,0.00459727,0.00663365,-2.9931e-05
1765976278200476,0,0.50408,5.88128,-1.77607,-0.855912,-0.00318416,-0.00440893,-0.517093,0.493591,5.88214,-1.77456,-0.855909,-0.00350174,-0.00486745,-0.517091,0.150841,-0.0123533,-0.0216658,-3.56345e-05,0.0045517,0.0065716,-2.96954e-05
1765976278200476,0,0.50408,5.88128,-1.77607,-0.855912,-0.00318416,-0.00440893,-0.517093,0.493591,5.88214,-1.77456,-0.855909,-0.00350174,-0.00486745,-0.517091,0.150841,-0.0123533,-0.0216658,-3.56345e-05,0.0045517,0.0065716,-2.96954e-05
1765976278210567,0,0.505456,5.88117,-1.77619,-0.855912,-0.00314023,-0.00434608,-0.517093,0.495095,5.88202,-1.77477,-0.85591,-0.00345581,-0.0048012,-0.517091,0.1491,-0.0122387,-0.0205081,-3.54403e-05,0.00455181,0.00656471,-3.54403e-05
1765976278210567,0,0.505456,5.88117,-1.77619,-0.855912,-0.00314023,-0.00434608,-0.517093,0.495095,5.88202,-1.77477,-0.85591,-0.00345581,-0.0048012,-0.517091,0.1491,-0.0122387,-0.0205081,-3.54403e-05,0.00455181,0.00656471,-3.54403e-05
1765976278220464,0,0.506817,5.88106,-1.77631,-0.855913,-0.0030972,-0.00428505,-0.517094,0.496553,5.8819,-1.77496,-0.85591,-0.00341126,-0.00473708,-0.517091,0.147292,-0.012045,-0.0193322,-3.01125e-05,0.00450137,0.00647889,-3.01125e-05
1765976278220464,0,0.506817,5.88106,-1.77631,-0.855913,-0.0030972,-0.00428505,-0.517094,0.496553,5.8819,-1.77496,-0.85591,-0.00341126,-0.00473708,-0.517091,0.147292,-0.012045,-0.0193322,-3.01125e-05,0.00450137,0.00647889,-3.01125e-05
1765976278230454,0,0.508162,5.88095,-1.77641,-0.855913,-0.00305368,-0.00422362,-0.517094,0.49801,5.88178,-1.77514,-0.85591,-0.00336634,-0.00467258,-0.517092,0.145888,-0.0119806,-0.0182334,-2.98322e-05,0.00449608,0.00645614,-2.98322e-05
1765976278230454,0,0.508162,5.88095,-1.77641,-0.855913,-0.00305368,-0.00422362,-0.517094,0.49801,5.88178,-1.77514,-0.85591,-0.00336634,-0.00467258,-0.517092,0.145888,-0.0119806,-0.0182334,-2.98322e-05,0.00449608,0.00645614,-2.98322e-05
1765976278240518,0,0.509494,5.88084,-1.7765,-0.855913,-0.00300968,-0.00416215,-0.517094,0.499463,5.88166,-1.77531,-0.855911,-0.0033215,-0.00460841,-0.517092,0.144306,-0.0118451,-0.0171162,-4.14579e-05,0.0044552,0.00637601,-2.96128e-05
1765976278240518,0,0.509494,5.88084,-1.7765,-0.855913,-0.00300968,-0.00416215,-0.517094,0.499463,5.88166,-1.77531,-0.855911,-0.0033215,-0.00460841,-0.517092,0.144306,-0.0118451,-0.0171162,-4.14579e-05,0.0044552,0.00637601,-2.96128e-05
1765976278250607,0,0.510811,5.88073,-1.77659,-0.855914,-0.00296817,-0.00410343,-0.517094,0.500901,5.88154,-1.77548,-0.855911,-0.00327711,-0.00454497,-0.517092,0.142605,-0.011674,-0.0159986,-3.54473e-05,0.0044001,0.00628867,-2.95394e-05
1765976278250607,0,0.510811,5.88073,-1.77659,-0.855914,-0.00296817,-0.00410343,-0.517094,0.500901,5.88154,-1.77548,-0.855911,-0.00327711,-0.00454497,-0.517092,0.142605,-0.011674,-0.0159986,-3.54473e-05,0.0044001,0.00628867,-2.95394e-05
1765976278260588,0,0.512114,5.88062,-1.77666,-0.855914,-0.00292762,-0.00404627,-0.517094,0.502308,5.88142,-1.77562,-0.855911,-0.0032332,-0.00448232,-0.517092,0.140899,-0.0116092,-0.0148937,-2.98591e-05,0.00439887,0.00627689,-2.38872e-05
1765976278260588,0,0.512114,5.88062,-1.77666,-0.855914,-0.00292762,-0.00404627,-0.517094,0.502308,5.88142,-1.77562,-0.855911,-0.0032332,-0.00448232,-0.517092,0.140899,-0.0116092,-0.0148937,-2.98591e-05,0.00439887,0.00627689,-2.38872e-05
1765976278270607,0,0.513403,5.88052,-1.77673,-0.855914,-0.00288642,-0.00398826,-0.517095,0.503705,5.88131,-1.77576,-0.855912,-0.0031896,-0.00442019,-0.517093,0.139425,-0.01147,-0.0138377,-3.5695e-05,0.00435262,0.00620112,-2.97458e-05
1765976278270607,0,0.513403,5.88052,-1.77673,-0.855914,-0.00288642,-0.00398826,-0.517095,0.503705,5.88131,-1.77576,-0.855912,-0.0031896,-0.00442019,-0.517093,0.139425,-0.01147,-0.0138377,-3.5695e-05,0.00435262,0.00620112,-2.97458e-05
1765976278280570,0,0.514678,5.88041,-1.77678,-0.855914,-0.00284523,-0.00392892,-0.517095,0.505078,5.8812,-1.77589,-0.855912,-0.00314636,-0.0043585,-0.517093,0.137893,-0.0112951,-0.0127908,-3.58956e-05,0.00434005,0.00619138,-2.9913e-05
1765976278280570,0,0.514678,5.88041,-1.77678,-0.855914,-0.00284523,-0.00392892,-0.517095,0.505078,5.8812,-1.77589,-0.855912,-0.00314636,-0.0043585,-0.517093,0.137893,-0.0112951,-0.0127908,-3.58956e-05,0.00434005,0.00619138,-2.9913e-05
1765976278290579,0,0.515939,5.88031,-1.77683,-0.855915,-0.00280454,-0.0038708,-0.517095,0.506445,5.88109,-1.77601,-0.855913,-0.00310337,-0.00429717,-0.517093,0.136479,-0.0111956,-0.0117554,-2.97755e-05,0.00429447,0.00612743,-2.38204e-05
1765976278290579,0,0.515939,5.88031,-1.77683,-0.855915,-0.00280454,-0.0038708,-0.517095,0.506445,5.88109,-1.77601,-0.855913,-0.00310337,-0.00429717,-0.517093,0.136479,-0.0111956,-0.0117554,-2.97755e-05,0.00429447,0.00612743,-2.38204e-05
1765976278300744,0,0.517187,5.8802,-1.77686,-0.855915,-0.00276445,-0.00381479,-0.517095,0.507817,5.88097,-1.77612,-0.855913,-0.00306021,-0.00423574,-0.517094,0.135,-0.0110707,-0.0107306,-2.93186e-05,0.00424604,0.00604333,-2.34549e-05
1765976278300744,0,0.517187,5.8802,-1.77686,-0.855915,-0.00276445,-0.00381479,-0.517095,0.507817,5.88097,-1.77612,-0.855913,-0.00306021,-0.00423574,-0.517094,0.135,-0.0110707,-0.0107306,-2.93186e-05,0.00424604,0.00604333,-2.34549e-05
1765976278310553,0,0.518422,5.8801,-1.77689,-0.855915,-0.00272601,-0.00376139,-0.517096,0.509124,5.88087,-1.77621,-0.855913,-0.00301879,-0.00417695,-0.517094,0.13327,-0.0108891,-0.00971029,-2.43061e-05,0.00422288,0.00599369,-2.43061e-05
1765976278310553,0,0.518422,5.8801,-1.77689,-0.855915,-0.00272601,-0.00376139,-0.517096,0.509124,5.88087,-1.77621,-0.855913,-0.00301879,-0.00417695,-0.517094,0.13327,-0.0108891,-0.00971029,-2.43061e-05,0.00422288,0.00599369,-2.43061e-05
1765976278320647,0,0.519644,5.88,-1.77691,-0.855915,-0.00268755,-0.00370865,-0.517096,0.510458,5.88076,-1.7763,-0.855913,-0.00297694,-0.00411779,-0.517094,0.132194,-0.0108651,-0.00876296,-2.95248e-05,0.00414553,0.00586099,-2.36198e-05
1765976278320647,0,0.519644,5.88,-1.77691,-0.855915,-0.00268755,-0.00370865,-0.517096,0.510458,5.88076,-1.7763,-0.855913,-0.00297694,-0.00411779,-0.517094,0.132194,-0.0108651,-0.00876296,-2.95248e-05,0.00414553,0.00586099,-2.36198e-05
1765976278330604,0,0.520853,5.8799,-1.77692,-0.855916,-0.00264895,-0.00365611,-0.517096,0.511759,5.88065,-1.77638,-0.855914,-0.00293592,-0.00406005,-0.517094,0.130613,-0.0107273,-0.00779404,-2.9931e-05,0.00412003,0.00579928,-2.39448e-05
1765976278330604,0,0.520853,5.8799,-1.77692,-0.855916,-0.00264895,-0.00365611,-0.517096,0.511759,5.88065,-1.77638,-0.855914,-0.00293592,-0.00406005,-0.517094,0.130613,-0.0107273,-0.00779404,-2.9931e-05,0.00412003,0.00579928,-2.39448e-05
1765976278340491,0,0.522049,5.87981,-1.77692,-0.855916,-0.00261372,-0.00360706,-0.517096,0.513037,5.88054,-1.77645,-0.855914,-0.00289544,-0.00400313,-0.517094,0.129301,-0.0106103,-0.00684848,-3.01429e-05,0.00409473,0.00575692,-2.41144e-05
1765976278340491,0,0.522049,5.87981,-1.77692,-0.855916,-0.00261372,-0.00360706,-0.517096,0.513037,5.88054,-1.77645,-0.855914,-0.00289544,-0.00400313,-0.517094,0.129301,-0.0106103,-0.00684848,-3.01429e-05,0.00409473,0.00575692,-2.41144e-05
1765976278350498,0,0.523232,5.87971,-1.77692,-0.855916,-0.00257956,-0.00355921,-0.517096,0.514319,5.88044,-1.77651,-0.855914,-0.00285578,-0.00394739,-0.517095,0.128114,-0.0104831,-0.00593247,-2.38252e-05,0.00396305,0.00556955,-2.38252e-05
1765976278350498,0,0.523232,5.87971,-1.77692,-0.855916,-0.00257956,-0.00355921,-0.517096,0.514319,5.88044,-1.77651,-0.855914,-0.00285578,-0.00394739,-0.517095,0.128114,-0.0104831,-0.00593247,-2.38252e-05,0.00396305,0.00556955,-2.38252e-05
1765976278360519,0,0.524403,5.87961,-1.77691,-0.855916,-0.00254745,-0.00351466,-0.517096,0.515589,5.88034,-1.77656,-0.855914,-0.002817,-0.00389297,-0.517095,0.126716,-0.0104208,-0.00503199,-2.37919e-05,0.0038696,0.0054308,-1.78439e-05
1765976278360519,0,0.524403,5.87961,-1.77691,-0.855916,-0.00254745,-0.00351466,-0.517096,0.515589,5.88034,-1.77656,-0.855914,-0.002817,-0.00389297,-0.517095,0.126716,-0.0104208,-0.00503199,-2.37919e-05,0.0038696,0.0054308,-1.78439e-05
1765976278370593,0,0.525562,5.87952,-1.77689,-0.855916,-0.00251793,-0.00347402,-0.517096,0.516852,5.88023,-1.7766,-0.855915,-0.00277943,-0.00384034,-0.517095,0.125321,-0.0102714,-0.00415351,-2.36667e-05,0.00372954,0.00522443,-1.775e-05
1765976278370593,0,0.525562,5.87952,-1.77689,-0.855916,-0.00251793,-0.00347402,-0.517096,0.516852,5.88023,-1.7766,-0.855915,-0.00277943,-0.00384034,-0.517095,0.125321,-0.0102714,-0.00415351,-2.36667e-05,0.00372954,0.00522443,-1.775e-05
1765976278380540,0,0.526708,5.87942,-1.77686,-0.855917,-0.00248974,-0.00343459,-0.517097,0.518084,5.88013,-1.77663,-0.855915,-0.00274305,-0.00378938,-0.517095,0.123865,-0.0101628,-0.00328374,-2.39689e-05,0.00365757,0.00512286,-1.79767e-05
1765976278380540,0,0.526708,5.87942,-1.77686,-0.855917,-0.00248974,-0.00343459,-0.517097,0.518084,5.88013,-1.77663,-0.855915,-0.00274305,-0.00378938,-0.517095,0.123865,-0.0101628,-0.00328374,-2.39689e-05,0.00365757,0.00512286,-1.79767e-05
1765976278390580,0,0.527843,5.87933,-1.77682,-0.855917,-0.00246112,-0.00339494,-0.517097,0.519315,5.88003,-1.77666,-0.855915,-0.00270761,-0.0037398,-0.517095,0.122641,-0.0100687,-0.00243405,-2.37469e-05,0.00353014,0.00493898,-1.78102e-05
1765976278390580,0,0.527843,5.87933,-1.77682,-0.855917,-0.00246112,-0.00339494,-0.517097,0.519315,5.88003,-1.77666,-0.855915,-0.00270761,-0.0037398,-0.517095,0.122641,-0.0100687,-0.00243405,-2.37469e-05,0.00353014,0.00493898,-1.78102e-05
1765976278400572,0,0.528966,5.87924,-1.77678,-0.855917,-0.00243205,-0.00335456,-0.517097,0.520527,5.87993,-1.77667,-0.855915,-0.00267299,-0.0036914,-0.517096,0.121273,-0.00992615,-0.00162254,-1.78957e-05,0.00346445,0.00484349,-1.19305e-05
1765976278400572,0,0.528966,5.87924,-1.77678,-0.855917,-0.00243205,-0.00335456,-0.517097,0.520527,5.87993,-1.77667,-0.855915,-0.00267299,-0.0036914,-0.517096,0.121273,-0.00992615,-0.00162254,-1.78957e-05,0.00346445,0.00484349,-1.19305e-05
1765976278410547,0,0.530076,5.87915,-1.77674,-0.855917,-0.0024034,-0.00331491,-0.517097,0.521724,5.87983,-1.77668,-0.855916,-0.00263911,-0.00364409,-0.517096,0.120004,-0.00979966,-0.000812655,-2.39016e-05,0.00339655,0.00474347,-1.79262e-05
1765976278410547,0,0.530076,5.87915,-1.77674,-0.855917,-0.0024034,-0.00331491,-0.517097,0.521724,5.87983,-1.77668,-0.855916,-0.00263911,-0.00364409,-0.517096,0.120004,-0.00979966,-0.000812655,-2.39016e-05,0.00339655,0.00474347,-1.79262e-05
1765976278420560,0,0.531176,5.87906,-1.77668,-0.855917,-0.00237436,-0.0032757,-0.517097,0.522913,5.87974,-1.77668,-0.855916,-0.00260577,-0.0035977,-0.517096,0.118775,-0.00971485,-2.38109e-05,-2.38109e-05,0.00332927,0.00463255,-1.19055e-05
1765976278420560,0,0.531176,5.87906,-1.77668,-0.855917,-0.00237436,-0.0032757,-0.517097,0.522913,5.87974,-1.77668,-0.855916,-0.00260577,-0.0035977,-0.517096,0.118775,-0.00971485,-2.38109e-05,-2.38109e-05,0.00332927,0.00463255,-1.19055e-05
1765976278430546,0,0.532263,5.87897,-1.77662,-0.855917,-0.00234561,-0.00323758,-0.517097,0.524086,5.87964,-1.77667,-0.855916,-0.00257314,-0.00355253,-0.517096,0.117496,-0.00959786,0.000740134,-1.79065e-05,0.00326763,0.00452313,-1.19376e-05
1765976278430546,0,0.532263,5.87897,-1.77662,-0.855917,-0.00234561,-0.00323758,-0.517097,0.524086,5.87964,-1.77667,-0.855916,-0.00257314,-0.00355253,-0.517096,0.117496,-0.00959786,0.000740134,-1.79065e-05,0.00326763,0.00452313,-1.19376e-05
1765976278440606,0,0.53334,5.87888,-1.77655,-0.855918,-0.00231772,-0.00320061,-0.517097,0.525256,5.87954,-1.77666,-0.855916,-0.00254103,-0.00350829,-0.517096,0.116282,-0.00952726,0.00148123,-1.77747e-05,0.00319219,0.00439825,-1.18498e-05
1765976278440606,0,0.53334,5.87888,-1.77655,-0.855918,-0.00231772,-0.00320061,-0.517097,0.525256,5.87954,-1.77666,-0.855916,-0.00254103,-0.00350829,-0.517096,0.116282,-0.00952726,0.00148123,-1.77747e-05,0.00319219,0.00439825,-1.18498e-05
1765976278450625,0,0.534405,5.87879,-1.77648,-0.855918,-0.00229053,-0.00316439,-0.517097,0.526408,5.87945,-1.77664,-0.855916,-0.00250954,-0.00346506,-0.517096,0.114968,-0.00942347,0.00220119,-1.78475e-05,0.00314283,0.00431463,-1.18983e-05
1765976278450625,0,0.534405,5.87879,-1.77648,-0.855918,-0.00229053,-0.00316439,-0.517097,0.526408,5.87945,-1.77664,-0.855916,-0.00250954,-0.00346506,-0.517096,0.114968,-0.00942347,0.00220119,-1.78475e-05,0.00314283,0.00431463,-1.18983e-05
1765976278460594,0,0.535459,5.87871,-1.7764,-0.855918,-0.00226419,-0.00312846,-0.517097,0.527542,5.87936,-1.77661,-0.855917,-0.00247872,-0.00342277,-0.517096,0.113733,-0.00932724,0.00291775,-1.7937e-05,0.00309187,0.00424173,-1.1958e-05
1765976278460594,0,0.535459,5.87871,-1.7764,-0.855918,-0.00226419,-0.00312846,-0.517097,0.527542,5.87936,-1.77661,-0.855917,-0.00247872,-0.00342277,-0.517096,0.113733,-0.00932724,0.00291775,-1.7937e-05,0.00309187,0.00424173,-1.1958e-05
1765976278470503,0,0.536502,5.87862,-1.77632,-0.855918,-0.00223786,-0.00309194,-0.517097,0.528658,5.87926,-1.77657,-0.855917,-0.00244847,-0.00338123,-0.517097,0.112593,-0.00923935,0.00358506,-1.80456e-05,0.00305208,0.00419217,-1.80456e-05
1765976278470503,0,0.536502,5.87862,-1.77632,-0.855918,-0.00223786,-0.00309194,-0.517097,0.528658,5.87926,-1.77657,-0.855917,-0.00244847,-0.00338123,-0.517097,0.112593,-0.00923935,0.00358506,-1.80456e-05,0.00305208,0.00419217,-1.80456e-05
1765976278480648,0,0.537534,5.87854,-1.77623,-0.855918,-0.00221198,-0.00305563,-0.517097,0.529789,5.87917,-1.77653,-0.855917,-0.00241858,-0.00334008,-0.517097,0.111542,-0.00911842,0.0042537,-1.76258e-05,0.0029464,0.00405658,-1.17505e-05
1765976278480648,0,0.537534,5.87854,-1.77623,-0.855918,-0.00221198,-0.00305563,-0.517097,0.529789,5.87917,-1.77653,-0.855917,-0.00241858,-0.00334008,-0.517097,0.111542,-0.00911842,0.0042537,-1.76258e-05,0.0029464,0.00405658,-1.17505e-05
1765976278490587,0,0.538555,5.87845,-1.77614,-0.855918,-0.00218745,-0.00302131,-0.517098,0.530884,5.87908,-1.77648,-0.855917,-0.00238969,-0.00330023,-0.517097,0.11016,-0.00901956,0.0048696,-2.39882e-05,0.00290686,0.00400903,-1.19941e-05
1765976278490587,0,0.538555,5.87845,-1.77614,-0.855918,-0.00218745,-0.00302131,-0.517098,0.530884,5.87908,-1.77648,-0.855917,-0.00238969,-0.00330023,-0.517097,0.11016,-0.00901956,0.0048696,-2.39882e-05,0.00290686,0.00400903,-1.19941e-05
1765976278500604,0,0.539566,5.87837,-1.77604,-0.855918,-0.00216369,-0.00298875,-0.517098,0.531977,5.87899,-1.77642,-0.855917,-0.00236127,-0.00326107,-0.517097,0.109106,-0.00890172,0.00549812,-1.7851e-05,0.0028369,0.00390994,-1.19007e-05
1765976278500604,0,0.539566,5.87837,-1.77604,-0.855918,-0.00216369,-0.00298875,-0.517098,0.531977,5.87899,-1.77642,-0.855917,-0.00236127,-0.00326107,-0.517097,0.109106,-0.00890172,0.00549812,-1.7851e-05,0.0028369,0.00390994,-1.19007e-05
1765976278510508,0,0.540566,5.87829,-1.77594,-0.855919,-0.0021393,-0.00295564,-0.517098,0.533046,5.87891,-1.77636,-0.855917,-0.0023334,-0.00322272,-0.517097,0.107937,-0.00885885,0.00609046,-1.20365e-05,0.00281395,0.00387184,-1.20365e-05
1765976278510508,0,0.540566,5.87829,-1.77594,-0.855919,-0.0021393,-0.00295564,-0.517098,0.533046,5.87891,-1.77636,-0.855917,-0.0023334,-0.00322272,-0.517097,0.107937,-0.00885885,0.00609046,-1.20365e-05,0.00281395,0.00387184,-1.20365e-05
1765976278520599,0,0.541556,5.87821,-1.77583,-0.855919,-0.00211552,-0.00292357,-0.517098,0.534125,5.87882,-1.7763,-0.855918,-0.00230581,-0.00318483,-0.517097,0.106941,-0.00878919,0.00666277,-1.77201e-05,0.00273451,0.00375439,-1.18134e-05
1765976278520599,0,0.541556,5.87821,-1.77583,-0.855919,-0.00211552,-0.00292357,-0.517098,0.534125,5.87882,-1.7763,-0.855918,-0.00230581,-0.00318483,-0.517097,0.106941,-0.00878919,0.00666277,-1.77201e-05,0.00273451,0.00375439,-1.18134e-05
1765976278530626,0,0.542536,5.87813,-1.77572,-0.855919,-0.0020933,-0.00289241,-0.517098,0.535185,5.87873,-1.77622,-0.855918,-0.00227916,-0.00314816,-0.517097,0.105686,-0.00865507,0.00721652,-1.18888e-05,0.00265778,0.00365709,-1.18888e-05
1765976278530626,0,0.542536,5.87813,-1.77572,-0.855919,-0.0020933,-0.00289241,-0.517098,0.535185,5.87873,-1.77622,-0.855918,-0.00227916,-0.00314816,-0.517097,0.105686,-0.00865507,0.00721652,-1.18888e-05,0.00265778,0.00365709,-1.18888e-05
1765976278540540,0,0.543505,5.87805,-1.77561,-0.855919,-0.00207242,-0.00286265,-0.517098,0.536221,5.87865,-1.77615,-0.855918,-0.00225332,-0.00311247,-0.517097,0.104552,-0.00856133,0.00774367,-1.80365e-05,0.00260665,0.00359983,-1.20243e-05
1765976278540540,0,0.543505,5.87805,-1.77561,-0.855919,-0.00207242,-0.00286265,-0.517098,0.536221,5.87865,-1.77615,-0.855918,-0.00225332,-0.00311247,-0.517097,0.104552,-0.00856133,0.00774367,-1.80365e-05,0.00260665,0.00359983,-1.20243e-05
1765976278550604,0,0.544464,5.87797,-1.77549,-0.855919,-0.00205079,-0.0028324,-0.517098,0.537264,5.87856,-1.77606,-0.855918,-0.00222778,-0.00307716,-0.517097,0.10358,-0.00843373,0.00825605,-1.77677e-05,0.00253749,0.00350907,-1.18451e-05
1765976278550604,0,0.544464,5.87797,-1.77549,-0.855919,-0.00205079,-0.0028324,-0.517098,0.537264,5.87856,-1.77606,-0.855918,-0.00222778,-0.00307716,-0.517097,0.10358,-0.00843373,0.00825605,-1.77677e-05,0.00253749,0.00350907,-1.18451e-05
1765976278560686,0,0.545413,5.87789,-1.77537,-0.855919,-0.00202895,-0.0028027,-0.517098,0.538296,5.87848,-1.77598,-0.855918,-0.00220267,-0.0030425,-0.517098,0.102413,-0.00837137,0.00873792,-1.7736e-05,0.00249045,0.00343766,-5.91199e-06
1765976278560686,0,0.545413,5.87789,-1.77537,-0.855919,-0.00202895,-0.0028027,-0.517098,0.538296,5.87848,-1.77598,-0.855918,-0.00220267,-0.0030425,-0.517098,0.102413,-0.00837137,0.00873792,-1.7736e-05,0.00249045,0.00343766,-5.91199e-06
1765976278570630,0,0.546353,5.87782,-1.77524,-0.855919,-0.0020075,-0.00277457,-0.517098,0.539303,5.87839,-1.77588,-0.855918,-0.00217799,-0.00300862,-0.517098,0.101239,-0.00824779,0.00920683,-1.79821e-05,0.00248174,0.00340688,-5.99403e-06
1765976278570630,0,0.546353,5.87782,-1.77524,-0.855919,-0.0020075,-0.00277457,-0.517098,0.539303,5.87839,-1.77588,-0.855918,-0.00217799,-0.00300862,-0.517098,0.101239,-0.00824779,0.00920683,-1.79821e-05,0.00248174,0.00340688,-5.99403e-06
1765976278580679,0,0.547282,5.87774,-1.77512,-0.855919,-0.00198565,-0.00274581,-0.517098,0.540311,5.87831,-1.77579,-0.855919,-0.00215396,-0.00297578,-0.517098,0.10027,-0.00820906,0.00965632,-1.18628e-05,0.00239207,0.00326843,-5.9314e-06
1765976278580679,0,0.547282,5.87774,-1.77512,-0.855919,-0.00198565,-0.00274581,-0.517098,0.540311,5.87831,-1.77579,-0.855919,-0.00215396,-0.00297578,-0.517098,0.10027,-0.00820906,0.00965632,-1.18628e-05,0.00239207,0.00326843,-5.9314e-06
1765976278590482,0,0.548202,5.87767,-1.77499,-0.855919,-0.00196338,-0.00271644,-0.517098,0.541283,5.87823,-1.77569,-0.855919,-0.00213021,-0.00294347,-0.517098,0.0991627,-0.00812321,0.010081,-1.21605e-05,0.00242219,0.00329618,-6.08025e-06
1765976278590482,0,0.548202,5.87767,-1.77499,-0.855919,-0.00196338,-0.00271644,-0.517098,0.541283,5.87823,-1.77569,-0.855919,-0.00213021,-0.00294347,-0.517098,0.0991627,-0.00812321,0.010081,-1.21605e-05,0.00242219,0.00329618,-6.08025e-06
1765976278600546,0,0.549112,5.87759,-1.77485,-0.85592,-0.00194216,-0.00268746,-0.517098,0.542273,5.87815,-1.77558,-0.855919,-0.00210646,-0.00291114,-0.517098,0.0983915,-0.0080073,0.0105185,-1.77677e-05,0.00235984,0.00321253,-1.18451e-05
1765976278600546,0,0.549112,5.87759,-1.77485,-0.85592,-0.00194216,-0.00268746,-0.517098,0.542273,5.87815,-1.77558,-0.855919,-0.00210646,-0.00291114,-0.517098,0.0983915,-0.0080073,0.0105185,-1.77677e-05,0.00235984,0.00321253,-1.18451e-05
1765976278610567,0,0.550013,5.87752,-1.77472,-0.85592,-0.00192202,-0.00265994,-0.517098,0.543248,5.87807,-1.77547,-0.855919,-0.00208341,-0.00287973,-0.517098,0.0972613,-0.00794649,0.0108967,-1.18959e-05,0.00230084,0.00313363,-1.18959e-05
1765976278610567,0,0.550013,5.87752,-1.77472,-0.85592,-0.00192202,-0.00265994,-0.517098,0.543248,5.87807,-1.77547,-0.855919,-0.00208341,-0.00287973,-0.517098,0.0972613,-0.00794649,0.0108967,-1.18959e-05,0.00230084,0.00313363,-1.18959e-05
1765976278620571,0,0.550905,5.87745,-1.77458,-0.85592,-0.00190374,-0.00263573,-0.517098,0.54421,5.87799,-1.77536,-0.855919,-0.00206082,-0.00284906,-0.517098,0.0962171,-0.007817,0.0112489,-5.95808e-06,0.00225748,0.00306588,-5.95808e-06
1765976278620571,0,0.550905,5.87745,-1.77458,-0.85592,-0.00190374,-0.00263573,-0.517098,0.54421,5.87799,-1.77536,-0.855919,-0.00206082,-0.00284906,-0.517098,0.0962171,-0.007817,0.0112489,-5.95808e-06,0.00225748,0.00306588,-5.95808e-06
1765976278630567,0,0.551787,5.87737,-1.77444,-0.85592,-0.00188559,-0.00261178,-0.517098,0.545162,5.87792,-1.77525,-0.855919,-0.00203863,-0.00281901,-0.517098,0.0952088,-0.00782326,0.0116156,-1.19257e-05,0.0022199,0.00300593,-5.96285e-06
1765976278630567,0,0.551787,5.87737,-1.77444,-0.85592,-0.00188559,-0.00261178,-0.517098,0.545162,5.87792,-1.77525,-0.855919,-0.00203863,-0.00281901,-0.517098,0.0952088,-0.00782326,0.0116156,-1.19257e-05,0.0022199,0.00300593,-5.96285e-06
1765976278640568,0,0.55266,5.8773,-1.7743,-0.85592,-0.00186731,-0.00258755,-0.517099,0.546104,5.87784,-1.77513,-0.855919,-0.00201711,-0.00278993,-0.517098,0.0942196,-0.00772399,0.0119317,-5.95987e-06,0.0021523,0.00290781,-5.95987e-06
1765976278640568,0,0.55266,5.8773,-1.7743,-0.85592,-0.00186731,-0.00258755,-0.517099,0.546104,5.87784,-1.77513,-0.855919,-0.00201711,-0.00278993,-0.517098,0.0942196,-0.00772399,0.0119317,-5.95987e-06,0.0021523,0.00290781,-5.95987e-06
1765976278650517,0,0.553523,5.87723,-1.77415,-0.85592,-0.0018499,-0.00256269,-0.517099,0.547032,5.87776,-1.775,-0.855919,-0.00199624,-0.00276157,-0.517098,0.0932322,-0.00762058,0.0122456,-5.99102e-06,0.00209763,0.00285079,-5.99102e-06
1765976278650517,0,0.553523,5.87723,-1.77415,-0.85592,-0.0018499,-0.00256269,-0.517099,0.547032,5.87776,-1.775,-0.855919,-0.00199624,-0.00276157,-0.517098,0.0932322,-0.00762058,0.0122456,-5.99102e-06,0.00209763,0.00285079,-5.99102e-06
1765976278660450,0,0.554378,5.87716,-1.77401,-0.85592,-0.00183263,-0.00253786,-0.517099,0.547949,5.87769,-1.77488,-0.855919,-0.0019757,-0.00273349,-0.517098,0.0923143,-0.00753684,0.0125294,-6.00067e-06,0.00206756,0.00282702,-6.00067e-06
1765976278660450,0,0.554378,5.87716,-1.77401,-0.85592,-0.00183263,-0.00253786,-0.517099,0.547949,5.87769,-1.77488,-0.855919,-0.0019757,-0.00273349,-0.517098,0.0923143,-0.00753684,0.0125294,-6.00067e-06,0.00206756,0.00282702,-6.00067e-06
1765976278670407,0,0.555224,5.87709,-1.77386,-0.85592,-0.00181534,-0.00251363,-0.517099,0.548859,5.87761,-1.77475,-0.855919,-0.00195557,-0.00270589,-0.517098,0.0914213,-0.00747078,0.0128105,-5.98621e-06,0.00202205,0.00277234,-5.98621e-06
1765976278670407,0,0.555224,5.87709,-1.77386,-0.85592,-0.00181534,-0.00251363,-0.517099,0.548859,5.87761,-1.77475,-0.855919,-0.00195557,-0.00270589,-0.517098,0.0914213,-0.00747078,0.0128105,-5.98621e-06,0.00202205,0.00277234,-5.98621e-06
1765976278680524,0,0.556061,5.87703,-1.77371,-0.85592,-0.0017987,-0.00249073,-0.517099,0.549775,5.87754,-1.77462,-0.855919,-0.0019357,-0.00267863,-0.517098,0.0904998,-0.00739977,0.0130556,-1.17831e-05,0.00196416,0.00269411,-1.17831e-05
1765976278680524,0,0.556061,5.87703,-1.77371,-0.85592,-0.0017987,-0.00249073,-0.517099,0.549775,5.87754,-1.77462,-0.855919,-0.0019357,-0.00267863,-0.517098,0.0904998,-0.00739977,0.0130556,-1.17831e-05,0.00196416,0.00269411,-1.17831e-05
1765976278690429,0,0.556889,5.87696,-1.77356,-0.85592,-0.00178313,-0.00246929,-0.517099,0.55066,5.87747,-1.77449,-0.85592,-0.00191667,-0.00265253,-0.517099,0.089404,-0.0072693,0.0132629,-1.20353e-05,0.00192046,0.00263518,-1.20353e-05
1765976278690429,0,0.556889,5.87696,-1.77356,-0.85592,-0.00178313,-0.00246929,-0.517099,0.55066,5.87747,-1.77449,-0.85592,-0.00191667,-0.00265253,-0.517099,0.089404,-0.0072693,0.0132629,-1.20353e-05,0.00192046,0.00263518,-1.20353e-05
1765976278700474,0,0.557709,5.87689,-1.77341,-0.85592,-0.00176747,-0.00244805,-0.517099,0.55155,5.87739,-1.77435,-0.85592,-0.00189792,-0.00262683,-0.517099,0.0885792,-0.00721546,0.0134934,-5.93376e-06,0.00186715,0.00255877,-5.93376e-06
1765976278700474,0,0.557709,5.87689,-1.77341,-0.85592,-0.00176747,-0.00244805,-0.517099,0.55155,5.87739,-1.77435,-0.85592,-0.00189792,-0.00262683,-0.517099,0.0885792,-0.00721546,0.0134934,-5.93376e-06,0.00186715,0.00255877,-5.93376e-06
1765976278710483,0,0.558519,5.87682,-1.77326,-0.85592,-0.00175063,-0.00242604,-0.517099,0.552427,5.87732,-1.77422,-0.85592,-0.00187934,-0.00260151,-0.517099,0.0875817,-0.00719377,0.0136967,-1.19102e-05,0.00185574,0.00252976,-5.9551e-06
1765976278710483,0,0.558519,5.87682,-1.77326,-0.85592,-0.00175063,-0.00242604,-0.517099,0.552427,5.87732,-1.77422,-0.85592,-0.00187934,-0.00260151,-0.517099,0.0875817,-0.00719377,0.0136967,-1.19102e-05,0.00185574,0.00252976,-5.9551e-06
1765976278720459,0,0.559322,5.87676,-1.77311,-0.85592,-0.0017343,-0.00240408,-0.517099,0.553291,5.87725,-1.77408,-0.85592,-0.00186117,-0.00257677,-0.517099,0.0866466,-0.00707417,0.0138615,-1.19496e-05,0.00182173,0.00247968,-5.9748e-06
1765976278720459,0,0.559322,5.87676,-1.77311,-0.85592,-0.0017343,-0.00240408,-0.517099,0.553291,5.87725,-1.77408,-0.85592,-0.00186117,-0.00257677,-0.517099,0.0866466,-0.00707417,0.0138615,-1.19496e-05,0.00182173,0.00247968,-5.9748e-06
1765976278730577,0,0.560116,5.87669,-1.77296,-0.85592,-0.00171807,-0.00238107,-0.517099,0.554159,5.87718,-1.77394,-0.85592,-0.00184297,-0.00255188,-0.517099,0.0857605,-0.00697489,0.0140205,-5.89095e-06,0.00179857,0.00245968,-5.89095e-06
1765976278730577,0,0.560116,5.87669,-1.77296,-0.85592,-0.00171807,-0.00238107,-0.517099,0.554159,5.87718,-1.77394,-0.85592,-0.00184297,-0.00255188,-0.517099,0.0857605,-0.00697489,0.0140205,-5.89095e-06,0.00179857,0.00245968,-5.89095e-06
1765976278740437,0,0.560901,5.87663,-1.77281,-0.85592,-0.00170124,-0.00235794,-0.517099,0.554994,5.87711,-1.7738,-0.85592,-0.00182538,-0.00252781,-0.517099,0.0847281,-0.00691559,0.0141455,-1.20902e-05,0.00178418,0.00244135,-1.20902e-05
1765976278740437,0,0.560901,5.87663,-1.77281,-0.85592,-0.00170124,-0.00235794,-0.517099,0.554994,5.87711,-1.7738,-0.85592,-0.00182538,-0.00252781,-0.517099,0.0847281,-0.00691559,0.0141455,-1.20902e-05,0.00178418,0.00244135,-1.20902e-05
1765976278750403,0,0.561678,5.87657,-1.77266,-0.855921,-0.0016837,-0.00233448,-0.517099,0.555831,5.87704,-1.77365,-0.85592,-0.00180759,-0.00250353,-0.517099,0.0840003,-0.00684203,0.0143061,0,0.00178522,0.00243608,-5.9808e-06
1765976278750403,0,0.561678,5.87657,-1.77266,-0.855921,-0.0016837,-0.00233448,-0.517099,0.555831,5.87704,-1.77365,-0.85592,-0.00180759,-0.00250353,-0.517099,0.0840003,-0.00684203,0.0143061,0,0.00178522,0.00243608,-5.9808e-06
1765976278760466,0,0.562447,5.8765,-1.77251,-0.855921,-0.00166582,-0.00231036,-0.517099,0.556668,5.87698,-1.77351,-0.85592,-0.00178969,-0.00247914,-0.517099,0.0831373,-0.00677608,0.0144288,-5.92315e-06,0.00177892,0.00242379,-5.92315e-06
1765976278760466,0,0.562447,5.8765,-1.77251,-0.855921,-0.00166582,-0.00231036,-0.517099,0.556668,5.87698,-1.77351,-0.85592,-0.00178969,-0.00247914,-0.517099,0.0831373,-0.00677608,0.0144288,-5.92315e-06,0.00177892,0.00242379,-5.92315e-06
1765976278770481,0,0.563208,5.87644,-1.77236,-0.855921,-0.00164909,-0.00228797,-0.517099,0.557491,5.87691,-1.77336,-0.85592,-0.00177202,-0.00245511,-0.517099,0.0821907,-0.00676095,0.0144979,-1.19031e-05,0.00176448,0.00239917,-5.95154e-06
1765976278770481,0,0.563208,5.87644,-1.77236,-0.855921,-0.00164909,-0.00228797,-0.517099,0.557491,5.87691,-1.77336,-0.85592,-0.00177202,-0.00245511,-0.517099,0.0821907,-0.00676095,0.0144979,-1.19031e-05,0.00176448,0.00239917,-5.95154e-06
1765976278780521,0,0.563961,5.87638,-1.7722,-0.855921,-0.00163326,-0.00226604,-0.517099,0.558307,5.87684,-1.77322,-0.85592,-0.00175456,-0.00243133,-0.517099,0.0813093,-0.00664912,0.0145568,0,0.00173843,0.00236887,0
1765976278780521,0,0.563961,5.87638,-1.7722,-0.855921,-0.00163326,-0.00226604,-0.517099,0.558307,5.87684,-1.77322,-0.85592,-0.00175456,-0.00243133,-0.517099,0.0813093,-0.00664912,0.0145568,0,0.00173843,0.00236887,0
1765976278790423,0,0.564706,5.87632,-1.77205,-0.855921,-0.00161771,-0.00224322,-0.517099,0.559103,5.87678,-1.77307,-0.85592,-0.00173747,-0.00240784,-0.517099,0.0804079,-0.00654917,0.0146152,-6.01945e-06,0.0017262,0.00237268,-6.01945e-06
1765976278790423,0,0.564706,5.87632,-1.77205,-0.855921,-0.00161771,-0.00224322,-0.517099,0.559103,5.87678,-1.77307,-0.85592,-0.00173747,-0.00240784,-0.517099,0.0804079,-0.00654917,0.0146152,-6.01945e-06,0.0017262,0.00237268,-6.01945e-06
1765976278800563,0,0.565443,5.87626,-1.7719,-0.855921,-0.00160141,-0.00222004,-0.5171,0.559911,5.87671,-1.77292,-0.85592,-0.00172022,-0.00238402,-0.517099,0.0796727,-0.0064895,0.0146719,-5.87817e-06,0.00170129,0.00234833,-5.87817e-06
1765976278800563,0,0.565443,5.87626,-1.7719,-0.855921,-0.00160141,-0.00222004,-0.5171,0.559911,5.87671,-1.77292,-0.85592,-0.00172022,-0.00238402,-0.517099,0.0796727,-0.0064895,0.0146719,-5.87817e-06,0.00170129,0.00234833,-5.87817e-06
1765976278810484,0,0.566173,5.8762,-1.77176,-0.855921,-0.00158465,-0.00219715,-0.5171,0.560692,5.87665,-1.77278,-0.85592,-0.00170332,-0.00236073,-0.517099,0.0786798,-0.0064405,0.0146834,-6.00793e-06,0.00170358,0.00234837,-6.00793e-06
1765976278810484,0,0.566173,5.8762,-1.77176,-0.855921,-0.00158465,-0.00219715,-0.5171,0.560692,5.87665,-1.77278,-0.85592,-0.00170332,-0.00236073,-0.517099,0.0786798,-0.0064405,0.0146834,-6.00793e-06,0.00170358,0.00234837,-6.00793e-06
1765976278820470,0,0.566894,5.87614,-1.77161,-0.855921,-0.00156824,-0.00217479,-0.5171,0.56147,5.87658,-1.77263,-0.85592,-0.00168635,-0.00233737,-0.517099,0.0779409,-0.00639858,0.0147191,-5.96882e-06,0.00169918,0.00233894,-5.96882e-06
1765976278820470,0,0.566894,5.87614,-1.77161,-0.855921,-0.00156824,-0.00217479,-0.5171,0.56147,5.87658,-1.77263,-0.85592,-0.00168635,-0.00233737,-0.517099,0.0779409,-0.00639858,0.0147191,-5.96882e-06,0.00169918,0.00233894,-5.96882e-06
1765976278830504,0,0.567608,5.87608,-1.77146,-0.855921,-0.00155176,-0.00215143,-0.5171,0.562244,5.87652,-1.77248,-0.855921,-0.0016694,-0.00231395,-0.517099,0.0771284,-0.00627292,0.01472,-5.94027e-06,0.00168926,0.00233376,-5.94027e-06
1765976278830504,0,0.567608,5.87608,-1.77146,-0.855921,-0.00155176,-0.00215143,-0.5171,0.562244,5.87652,-1.77248,-0.855921,-0.0016694,-0.00231395,-0.517099,0.0771284,-0.00627292,0.01472,-5.94027e-06,0.00168926,0.00233376,-5.94027e-06
1765976278840555,0,0.568314,5.87602,-1.77131,-0.855921,-0.00153596,-0.00212887,-0.5171,0.563011,5.87646,-1.77234,-0.855921,-0.00165266,-0.00229074,-0.517099,0.0762804,-0.00626231,0.0147069,-5.93022e-06,0.0016652,0.00230957,0
1765976278840555,0,0.568314,5.87602,-1.77131,-0.855921,-0.00153596,-0.00212887,-0.5171,0.563011,5.87646,-1.77234,-0.855921,-0.00165266,-0.00229074,-0.517099,0.0762804,-0.00626231,0.0147069,-5.93022e-06,0.0016652,0.00230957,0
1765976278850507,0,0.569013,5.87597,-1.77117,-0.855921,-0.00152018,-0.00210698,-0.5171,0.563762,5.8764,-1.77219,-0.855921,-0.00163601,-0.00226764,-0.517099,0.0754281,-0.00613295,0.0146616,-1.19784e-05,0.00167351,0.00232122,-5.98921e-06
1765976278850507,0,0.569013,5.87597,-1.77117,-0.855921,-0.00152018,-0.00210698,-0.5171,0.563762,5.8764,-1.77219,-0.855921,-0.00163601,-0.00226764,-0.517099,0.0754281,-0.00613295,0.0146616,-1.19784e-05,0.00167351,0.00232122,-5.98921e-06
1765976278860436,0,0.569705,5.87591,-1.77103,-0.855921,-0.00150437,-0.00208475,-0.5171,0.564503,5.87634,-1.77204,-0.855921,-0.00161947,-0.00224467,-0.517099,0.0746844,-0.00609914,0.0146115,-6.00309e-06,0.00166508,0.00231332,-6.00309e-06
1765976278860436,0,0.569705,5.87591,-1.77103,-0.855921,-0.00150437,-0.00208475,-0.5171,0.564503,5.87634,-1.77204,-0.855921,-0.00161947,-0.00224467,-0.517099,0.0746844,-0.00609914,0.0146115,-6.00309e-06,0.00166508,0.00231332,-6.00309e-06
1765976278870418,0,0.570389,5.87586,-1.77088,-0.855921,-0.001488,-0.0020626,-0.5171,0.565241,5.87628,-1.7719,-0.855921,-0.00160296,-0.0022218,-0.5171,0.0739654,-0.00606675,0.0145817,-5.97121e-06,0.00165448,0.00229108,-5.97121e-06
1765976278870418,0,0.570389,5.87586,-1.77088,-0.855921,-0.001488,-0.0020626,-0.5171,0.565241,5.87628,-1.7719,-0.855921,-0.00160296,-0.0022218,-0.5171,0.0739654,-0.00606675,0.0145817,-5.97121e-06,0.00165448,0.00229108,-5.97121e-06
1765976278880578,0,0.571066,5.8758,-1.77074,-0.855921,-0.00147262,-0.00204133,-0.5171,0.565985,5.87621,-1.77175,-0.855921,-0.00158642,-0.00219889,-0.5171,0.0731858,-0.00596046,0.0145257,-5.8666e-06,0.00162838,0.00225463,0
1765976278880578,0,0.571066,5.8758,-1.77074,-0.855921,-0.00147262,-0.00204133,-0.5171,0.565985,5.87621,-1.77175,-0.855921,-0.00158642,-0.00219889,-0.5171,0.0731858,-0.00596046,0.0145257,-5.8666e-06,0.00162838,0.00225463,0
1765976278890433,0,0.571735,5.87575,-1.7706,-0.855921,-0.00145837,-0.00202128,-0.5171,0.566697,5.87616,-1.77161,-0.855921,-0.00157049,-0.00217681,-0.5171,0.0722634,-0.00590301,0.0144067,-1.20963e-05,0.0016156,0.00224103,-6.04816e-06
1765976278890433,0,0.571735,5.87575,-1.7706,-0.855921,-0.00145837,-0.00202128,-0.5171,0.566697,5.87616,-1.77161,-0.855921,-0.00157049,-0.00217681,-0.5171,0.0722634,-0.00590301,0.0144067,-1.20963e-05,0.0016156,0.00224103,-6.04816e-06
1765976278900582,0,0.572398,5.87569,-1.77047,-0.855921,-0.00144373,-0.00200127,-0.5171,0.567424,5.8761,-1.77146,-0.855921,-0.00155433,-0.00215443,-0.5171,0.0716383,-0.00582597,0.0143418,-5.87296e-06,0.00159216,0.00220479,-5.87296e-06
1765976278900582,0,0.572398,5.87569,-1.77047,-0.855921,-0.00144373,-0.00200127,-0.5171,0.567424,5.8761,-1.77146,-0.855921,-0.00155433,-0.00215443,-0.5171,0.0716383,-0.00582597,0.0143418,-5.87296e-06,0.00159216,0.00220479,-5.87296e-06
1765976278910452,0,0.573054,5.87564,-1.77033,-0.855922,-0.00142842,-0.00198049,-0.5171,0.568122,5.87604,-1.77132,-0.855921,-0.00153874,-0.00213288,-0.5171,0.0707405,-0.00579741,0.0142157,0,0.00158037,0.00218316,-6.03897e-06
1765976278910452,0,0.573054,5.87564,-1.77033,-0.855922,-0.00142842,-0.00198049,-0.5171,0.568122,5.87604,-1.77132,-0.855921,-0.00153874,-0.00213288,-0.5171,0.0707405,-0.00579741,0.0142157,0,0.00158037,0.00218316,-6.03897e-06
1765976278920464,0,0.573702,5.87559,-1.7702,-0.855922,-0.00141338,-0.00196018,-0.5171,0.568824,5.87598,-1.77118,-0.855921,-0.00152298,-0.00211117,-0.5171,0.0701182,-0.00571519,0.0141213,-5.95332e-06,0.00157372,0.00216813,0
1765976278920464,0,0.573702,5.87559,-1.7702,-0.855922,-0.00141338,-0.00196018,-0.5171,0.568824,5.87598,-1.77118,-0.855921,-0.00152298,-0.00211117,-0.5171,0.0701182,-0.00571519,0.0141213,-5.95332e-06,0.00157372,0.00216813,0
1765976278930483,0,0.574344,5.87553,-1.77007,-0.855922,-0.00139833,-0.00193925,-0.5171,0.569519,5.87593,-1.77104,-0.855921,-0.00150728,-0.00208952,-0.5171,0.0693613,-0.0056636,0.0139924,-5.94916e-06,0.00156669,0.00216094,0
1765976278930483,0,0.574344,5.87553,-1.77007,-0.855922,-0.00139833,-0.00193925,-0.5171,0.569519,5.87593,-1.77104,-0.855921,-0.00150728,-0.00208952,-0.5171,0.0693613,-0.0056636,0.0139924,-5.94916e-06,0.00156669,0.00216094,0
1765976278940463,0,0.574979,5.87548,-1.76994,-0.855922,-0.00138398,-0.00191956,-0.5171,0.570204,5.87587,-1.7709,-0.855921,-0.00149182,-0.00206821,-0.5171,0.068611,-0.00559018,0.013844,-1.19448e-05,0.00154941,0.00213584,-5.97241e-06
1765976278940463,0,0.574979,5.87548,-1.76994,-0.855922,-0.00138398,-0.00191956,-0.5171,0.570204,5.87587,-1.7709,-0.855921,-0.00149182,-0.00206821,-0.5171,0.068611,-0.00559018,0.013844,-1.19448e-05,0.00154941,0.00213584,-5.97241e-06
1765976278950435,0,0.575607,5.87543,-1.76981,-0.855922,-0.00136991,-0.00190028,-0.5171,0.570881,5.87581,-1.77077,-0.855921,-0.00147651,-0.00204712,-0.5171,0.067901,-0.00554684,0.0137117,-5.9772e-06,0.00153527,0.00211464,0
1765976278950435,0,0.575607,5.87543,-1.76981,-0.855922,-0.00136991,-0.00190028,-0.5171,0.570881,5.87581,-1.77077,-0.855921,-0.00147651,-0.00204712,-0.5171,0.067901,-0.00554684,0.0137117,-5.9772e-06,0.00153527,0.00211464,0
1765976278960403,0,0.576229,5.87538,-1.76969,-0.855922,-0.00135589,-0.00188119,-0.5171,0.571551,5.87576,-1.77063,-0.855921,-0.00146135,-0.00202627,-0.5171,0.0671987,-0.00545339,0.0135617,-5.9796e-06,0.00152066,0.00209183,-5.9796e-06
1765976278960403,0,0.576229,5.87538,-1.76969,-0.855922,-0.00135589,-0.00188119,-0.5171,0.571551,5.87576,-1.77063,-0.855921,-0.00146135,-0.00202627,-0.5171,0.0671987,-0.00545339,0.0135617,-5.9796e-06,0.00152066,0.00209183,-5.9796e-06
1765976278970492,0,0.576844,5.87533,-1.76957,-0.855922,-0.0013421,-0.00186251,-0.5171,0.572222,5.87571,-1.7705,-0.855922,-0.00144634,-0.00200566,-0.5171,0.066511,-0.00543525,0.0133873,-5.90788e-06,0.00148762,0.00204274,0
1765976278970492,0,0.576844,5.87533,-1.76957,-0.855922,-0.0013421,-0.00186251,-0.5171,0.572222,5.87571,-1.7705,-0.855922,-0.00144634,-0.00200566,-0.5171,0.066511,-0.00543525,0.0133873,-5.90788e-06,0.00148762,0.00204274,0
1765976278980440,0,0.577452,5.87528,-1.76945,-0.855922,-0.0013285,-0.00184446,-0.5171,0.572876,5.87565,-1.77037,-0.855922,-0.00143154,-0.00198541,-0.5171,0.0657221,-0.00532056,0.0131935,-5.99162e-06,0.00148785,0.00203523,-5.99162e-06
1765976278980440,0,0.577452,5.87528,-1.76945,-0.855922,-0.0013285,-0.00184446,-0.5171,0.572876,5.87565,-1.77037,-0.855922,-0.00143154,-0.00198541,-0.5171,0.0657221,-0.00532056,0.0131935,-5.99162e-06,0.00148785,0.00203523,-5.99162e-06
1765976278990525,0,0.578054,5.87523,-1.76933,-0.855922,-0.00131503,-0.00182642,-0.5171,0.573532,5.8756,-1.77023,-0.855922,-0.00141676,-0.00196525,-0.5171,0.0650716,-0.00529556,0.0130261,-5.91023e-06,0.00146545,0.00199971,0
1765976278990525,0,0.578054,5.87523,-1.76933,-0.855922,-0.00131503,-0.00182642,-0.5171,0.573532,5.8756,-1.77023,-0.855922,-0.00141676,-0.00196525,-0.5171,0.0650716,-0.00529556,0.0130261,-5.91023e-06,0.00146545,0.00199971,0
1765976279000523,0,0.57865,5.87518,-1.76921,-0.855922,-0.00130084,-0.00180801,-0.5171,0.574175,5.87555,-1.77011,-0.855922,-0.00140225,-0.00194557,-0.5171,0.0643084,-0.00529395,0.0128295,-5.96166e-06,0.00145136,0.00196859,0
1765976279000523,0,0.57865,5.87518,-1.76921,-0.855922,-0.00130084,-0.00180801,-0.5171,0.574175,5.87555,-1.77011,-0.855922,-0.00140225,-0.00194557,-0.5171,0.0643084,-0.00529395,0.0128295,-5.96166e-06,0.00145136,0.00196859,0
1765976279010476,0,0.579239,5.87513,-1.7691,-0.855922,-0.00128711,-0.00178918,-0.5171,0.574808,5.87549,-1.76998,-0.855922,-0.00138786,-0.00192601,-0.5171,0.063635,-0.00522207,0.012612,-5.98861e-06,0.00144645,0.00196456,0
1765976279010476,0,0.579239,5.87513,-1.7691,-0.855922,-0.00128711,-0.00178918,-0.5171,0.574808,5.87549,-1.76998,-0.855922,-0.00138786,-0.00192601,-0.5171,0.063635,-0.00522207,0.012612,-5.98861e-06,0.00144645,0.00196456,0
1765976279020469,0,0.579822,5.87509,-1.76899,-0.855922,-0.00127377,-0.00176925,-0.5171,0.575438,5.87544,-1.76986,-0.855922,-0.00137352,-0.00190632,-0.5171,0.0629985,-0.00515345,0.0124065,0,0.00143444,0.00197091,0
1765976279020469,0,0.579822,5.87509,-1.76899,-0.855922,-0.00127377,-0.00176925,-0.5171,0.575438,5.87544,-1.76986,-0.855922,-0.00137352,-0.00190632,-0.5171,0.0629985,-0.00515345,0.0124065,0,0.00143444,0.00197091,0
1765976279030481,0,0.580398,5.87504,-1.76889,-0.855922,-0.0012606,-0.00174947,-0.5171,0.576062,5.87539,-1.76973,-0.855922,-0.00135931,-0.00188658,-0.5171,0.0623372,-0.00509604,0.0121924,-5.95332e-06,0.00141937,0.00197137,-5.95332e-06
1765976279030481,0,0.580398,5.87504,-1.76889,-0.855922,-0.0012606,-0.00174947,-0.5171,0.576062,5.87539,-1.76973,-0.855922,-0.00135931,-0.00188658,-0.5171,0.0623372,-0.00509604,0.0121924,-5.95332e-06,0.00141937,0.00197137,-5.95332e-06
1765976279040461,0,0.580969,5.87499,-1.76878,-0.855922,-0.00124768,-0.00173055,-0.5171,0.576678,5.87534,-1.76962,-0.855922,-0.00134532,-0.00186702,-0.5171,0.0616651,-0.00496904,0.0119687,-5.97241e-06,0.00140249,0.00196036,-5.97241e-06
1765976279040461,0,0.580969,5.87499,-1.76878,-0.855922,-0.00124768,-0.00173055,-0.5171,0.576678,5.87534,-1.76962,-0.855922,-0.00134532,-0.00186702,-0.5171,0.0616651,-0.00496904,0.0119687,-5.97241e-06,0.00140249,0.00196036,-5.97241e-06
1765976279050487,0,0.581534,5.87495,-1.76868,-0.855922,-0.00123452,-0.00171246,-0.5171,0.577289,5.87529,-1.7695,-0.855922,-0.00133138,-0.00184758,-0.5171,0.0610255,-0.00499381,0.0117473,0,0.00138976,0.00193871,-5.94501e-06
1765976279050487,0,0.581534,5.87495,-1.76868,-0.855922,-0.00123452,-0.00171246,-0.5171,0.577289,5.87529,-1.7695,-0.855922,-0.00133138,-0.00184758,-0.5171,0.0610255,-0.00499381,0.0117473,0,0.00138976,0.00193871,-5.94501e-06
1765976279060508,0,0.582092,5.8749,-1.76858,-0.855922,-0.00122096,-0.00169504,-0.5171,0.577894,5.87524,-1.76938,-0.855922,-0.0013175,-0.0018284,-0.5171,0.0603481,-0.00490113,0.0114915,0,0.00138513,0.00191346,0
1765976279060508,0,0.582092,5.8749,-1.76858,-0.855922,-0.00122096,-0.00169504,-0.5171,0.577894,5.87524,-1.76938,-0.855922,-0.0013175,-0.0018284,-0.5171,0.0603481,-0.00490113,0.0114915,0,0.00138513,0.00191346,0
1765976279070541,0,0.582645,5.87486,-1.76849,-0.855922,-0.00120795,-0.0016776,-0.5171,0.578493,5.87519,-1.76927,-0.855922,-0.00130376,-0.00180948,-0.5171,0.0596997,-0.00489527,0.0112401,-5.94086e-06,0.00136996,0.00188583,-5.94086e-06
1765976279070541,0,0.582645,5.87486,-1.76849,-0.855922,-0.00120795,-0.0016776,-0.5171,0.578493,5.87519,-1.76927,-0.855922,-0.00130376,-0.00180948,-0.5171,0.0596997,-0.00489527,0.0112401,-5.94086e-06,0.00136996,0.00188583,-5.94086e-06
1765976279080582,0,0.583191,5.87481,-1.76839,-0.855922,-0.00119491,-0.00165997,-0.5171,0.579086,5.87515,-1.76916,-0.855922,-0.00129007,-0.00179068,-0.5171,0.0590407,-0.00484388,0.0109937,-5.93613e-06,0.00136287,0.00187209,-5.93613e-06
1765976279080582,0,0.583191,5.87481,-1.76839,-0.855922,-0.00119491,-0.00165997,-0.5171,0.579086,5.87515,-1.76916,-0.855922,-0.00129007,-0.00179068,-0.5171,0.0590407,-0.00484388,0.0109937,-5.93613e-06,0.00136287,0.00187209,-5.93613e-06
1765976279090517,0,0.583732,5.87477,-1.76831,-0.855922,-0.00118233,-0.00164184,-0.5171,0.579666,5.8751,-1.76905,-0.855922,-0.00127653,-0.00177198,-0.5171,0.0583928,-0.00475157,0.010727,0,0.00136258,0.00188225,0
1765976279090517,0,0.583732,5.87477,-1.76831,-0.855922,-0.00118233,-0.00164184,-0.5171,0.579666,5.8751,-1.76905,-0.855922,-0.00127653,-0.00177198,-0.5171,0.0583928,-0.00475157,0.010727,0,0.00136258,0.00188225,0
1765976279100600,0,0.584267,5.87472,-1.76822,-0.855922,-0.00116959,-0.00162341,-0.517101,0.580249,5.87505,-1.76895,-0.855922,-0.00126309,-0.00175331,-0.5171,0.0578194,-0.00472912,0.0104868,-5.9114e-06,0.00133342,0.00185243,-5.9114e-06
1765976279100600,0,0.584267,5.87472,-1.76822,-0.855922,-0.00116959,-0.00162341,-0.517101,0.580249,5.87505,-1.76895,-0.855922,-0.00126309,-0.00175331,-0.5171,0.0578194,-0.00472912,0.0104868,-5.9114e-06,0.00133342,0.00185243,-5.9114e-06
1765976279110563,0,0.584797,5.87468,-1.76813,-0.855922,-0.00115661,-0.00160525,-0.517101,0.580818,5.875,-1.76885,-0.855922,-0.00124971,-0.00173471,-0.5171,0.0571458,-0.00469036,0.0101944,0,0.0013428,0.00186703,-5.9826e-06
1765976279110563,0,0.584797,5.87468,-1.76813,-0.855922,-0.00115661,-0.00160525,-0.517101,0.580818,5.875,-1.76885,-0.855922,-0.00124971,-0.00173471,-0.5171,0.0571458,-0.00469036,0.0101944,0,0.0013428,0.00186703,-5.9826e-06
1765976279120465,0,0.58532,5.87464,-1.76805,-0.855922,-0.00114412,-0.00158739,-0.517101,0.581379,5.87496,-1.76875,-0.855922,-0.00123644,-0.00171619,-0.5171,0.0565769,-0.00462294,0.00994414,0,0.00134025,0.00186988,-6.01945e-06
1765976279120465,0,0.58532,5.87464,-1.76805,-0.855922,-0.00114412,-0.00158739,-0.517101,0.581379,5.87496,-1.76875,-0.855922,-0.00123644,-0.00171619,-0.5171,0.0565769,-0.00462294,0.00994414,0,0.00134025,0.00186988,-6.01945e-06
1765976279130507,0,0.585838,5.87459,-1.76798,-0.855922,-0.00113176,-0.00156942,-0.517101,0.581941,5.87491,-1.76865,-0.855922,-0.00122323,-0.00169766,-0.5171,0.0560433,-0.00455849,0.00967492,-5.93554e-06,0.00131589,0.00184492,-5.93554e-06
1765976279130507,0,0.585838,5.87459,-1.76798,-0.855922,-0.00113176,-0.00156942,-0.517101,0.581941,5.87491,-1.76865,-0.855922,-0.00122323,-0.00169766,-0.5171,0.0560433,-0.00455849,0.00967492,-5.93554e-06,0.00131589,0.00184492,-5.93554e-06
1765976279140447,0,0.586351,5.87455,-1.7679,-0.855922,-0.00111973,-0.00155254,-0.517101,0.582492,5.87487,-1.76856,-0.855922,-0.00121028,-0.00167951,-0.517101,0.0554191,-0.00450933,0.00940242,0,0.00130266,0.00182661,-5.99644e-06
1765976279140447,0,0.586351,5.87455,-1.7679,-0.855922,-0.00111973,-0.00155254,-0.517101,0.582492,5.87487,-1.76856,-0.855922,-0.00121028,-0.00167951,-0.517101,0.0554191,-0.00450933,0.00940242,0,0.00130266,0.00182661,-5.99644e-06
1765976279150401,0,0.586858,5.87451,-1.76783,-0.855922,-0.00110812,-0.00153698,-0.517101,0.583038,5.87482,-1.76847,-0.855922,-0.00119745,-0.00166161,-0.517101,0.0548681,-0.00450298,0.00911375,0,0.00128878,0.0017981,0
1765976279150401,0,0.586858,5.87451,-1.76783,-0.855922,-0.00110812,-0.00153698,-0.517101,0.583038,5.87482,-1.76847,-0.855922,-0.00119745,-0.00166161,-0.517101,0.0548681,-0.00450298,0.00911375,0,0.00128878,0.0017981,0
1765976279160452,0,0.58736,5.87447,-1.76776,-0.855922,-0.00109692,-0.00152181,-0.517101,0.583584,5.87478,-1.76838,-0.855922,-0.0011848,-0.00164403,-0.517101,0.054309,-0.00445953,0.00883603,0,0.00125803,0.00174938,-5.93022e-06
1765976279160452,0,0.58736,5.87447,-1.76776,-0.855922,-0.00109692,-0.00152181,-0.517101,0.583584,5.87478,-1.76838,-0.855922,-0.0011848,-0.00164403,-0.517101,0.054309,-0.00445953,0.00883603,0,0.00125803,0.00174938,-5.93022e-06
1765976279170473,0,0.587857,5.87443,-1.7677,-0.855922,-0.00108672,-0.00150708,-0.517101,0.584122,5.87473,-1.76829,-0.855922,-0.00117248,-0.00162681,-0.517101,0.0536924,-0.00437771,0.00855319,0,0.00123024,0.00171764,-5.94797e-06
1765976279170473,0,0.587857,5.87443,-1.7677,-0.855922,-0.00108672,-0.00150708,-0.517101,0.584122,5.87473,-1.76829,-0.855922,-0.00117248,-0.00162681,-0.517101,0.0536924,-0.00437771,0.00855319,0,0.00123024,0.00171764,-5.94797e-06
1765976279180471,0,0.588348,5.87439,-1.76763,-0.855922,-0.00107682,-0.00149266,-0.517101,0.584653,5.87469,-1.76821,-0.855922,-0.00116045,-0.00160995,-0.517101,0.0530945,-0.00434009,0.00825093,0,0.00120251,0.00168653,0
1765976279180471,0,0.588348,5.87439,-1.76763,-0.855922,-0.00107682,-0.00149266,-0.517101,0.584653,5.87469,-1.76821,-0.855922,-0.00116045,-0.00160995,-0.517101,0.0530945,-0.00434009,0.00825093,0,0.00120251,0.00168653,0
1765976279190461,0,0.588834,5.87435,-1.76758,-0.855922,-0.00106633,-0.00147797,-0.517101,0.585178,5.87465,-1.76813,-0.855922,-0.00114863,-0.00159337,-0.517101,0.0525404,-0.00429583,0.00795922,-5.96643e-06,0.00118339,0.00165936,-5.96643e-06
1765976279190461,0,0.588834,5.87435,-1.76758,-0.855922,-0.00106633,-0.00147797,-0.517101,0.585178,5.87465,-1.76813,-0.855922,-0.00114863,-0.00159337,-0.517101,0.0525404,-0.00429583,0.00795922,-5.96643e-06,0.00118339,0.00165936,-5.96643e-06
1765976279200456,0,0.589315,5.87431,-1.76752,-0.855923,-0.00105552,-0.00146287,-0.517101,0.585698,5.87461,-1.76805,-0.855922,-0.00113691,-0.00157695,-0.517101,0.0519834,-0.00419827,0.00765706,0,0.00117241,0.00164327,0
1765976279200456,0,0.589315,5.87431,-1.76752,-0.855923,-0.00105552,-0.00146287,-0.517101,0.585698,5.87461,-1.76805,-0.855922,-0.00113691,-0.00157695,-0.517101,0.0519834,-0.00419827,0.00765706,0,0.00117241,0.00164327,0
1765976279210455,0,0.58979,5.87427,-1.76747,-0.855923,-0.00104442,-0.00144792,-0.517101,0.586212,5.87456,-1.76798,-0.855922,-0.0011253,-0.00156076,-0.517101,0.051432,-0.00419659,0.00735595,-1.19221e-05,0.00116094,0.00161951,0
1765976279210455,0,0.58979,5.87427,-1.76747,-0.855923,-0.00104442,-0.00144792,-0.517101,0.586212,5.87456,-1.76798,-0.855922,-0.0011253,-0.00156076,-0.517101,0.051432,-0.00419659,0.00735595,-1.19221e-05,0.00116094,0.00161951,0
1765976279220520,0,0.590261,5.87423,-1.76742,-0.855923,-0.00103295,-0.00143332,-0.517101,0.586724,5.87452,-1.76791,-0.855922,-0.00111363,-0.00154464,-0.517101,0.0508816,-0.00412169,0.00707083,-5.92197e-06,0.00116022,0.00160092,-5.92197e-06
1765976279220520,0,0.590261,5.87423,-1.76742,-0.855923,-0.00103295,-0.00143332,-0.517101,0.586724,5.87452,-1.76791,-0.855922,-0.00111363,-0.00154464,-0.517101,0.0508816,-0.00412169,0.00707083,-5.92197e-06,0.00116022,0.00160092,-5.92197e-06
1765976279230548,0,0.590726,5.87419,-1.76737,-0.855923,-0.00102172,-0.00141875,-0.517101,0.587228,5.87448,-1.76784,-0.855922,-0.00110207,-0.00152881,-0.517101,0.0502966,-0.00408935,0.00675218,0,0.00115265,0.00157892,-5.94382e-06
1765976279230548,0,0.590726,5.87419,-1.76737,-0.855923,-0.00102172,-0.00141875,-0.517101,0.587228,5.87448,-1.76784,-0.855922,-0.00110207,-0.00152881,-0.517101,0.0502966,-0.00408935,0.00675218,0,0.00115265,0.00157892,-5.94382e-06
1765976279240634,0,0.591187,5.87416,-1.76733,-0.855923,-0.00101028,-0.00140411,-0.517101,0.58773,5.87444,-1.76777,-0.855922,-0.00109057,-0.00151319,-0.517101,0.0497474,-0.00406583,0.00645333,-5.90964e-06,0.00114016,0.00154897,0
1765976279240634,0,0.591187,5.87416,-1.76733,-0.855923,-0.00101028,-0.00140411,-0.517101,0.58773,5.87444,-1.76777,-0.855922,-0.00109057,-0.00151319,-0.517101,0.0497474,-0.00406583,0.00645333,-5.90964e-06,0.00114016,0.00154897,0
1765976279250630,0,0.591643,5.87412,-1.76728,-0.855923,-0.000998777,-0.00138884,-0.517101,0.588222,5.8744,-1.76771,-0.855922,-0.00107903,-0.00149756,-0.517101,0.0491697,-0.00405474,0.00615366,-5.96285e-06,0.00115395,0.00156324,0
1765976279250630,0,0.591643,5.87412,-1.76728,-0.855923,-0.000998777,-0.00138884,-0.517101,0.588222,5.8744,-1.76771,-0.855922,-0.00107903,-0.00149756,-0.517101,0.0491697,-0.00405474,0.00615366,-5.96285e-06,0.00115395,0.00156324,0
1765976279260602,0,0.592093,5.87408,-1.76725,-0.855923,-0.000987527,-0.00137275,-0.517101,0.588707,5.87436,-1.76765,-0.855922,-0.00106754,-0.00148188,-0.517101,0.0486544,-0.00396886,0.00585766,0,0.00115303,0.00157261,0
1765976279260602,0,0.592093,5.87408,-1.76725,-0.855923,-0.000987527,-0.00137275,-0.517101,0.588707,5.87436,-1.76765,-0.855922,-0.00106754,-0.00148188,-0.517101,0.0486544,-0.00396886,0.00585766,0,0.00115303,0.00157261,0
1765976279270637,0,0.592539,5.87405,-1.76721,-0.855923,-0.000976355,-0.00135599,-0.517101,0.58919,5.87432,-1.7676,-0.855923,-0.00105609,-0.00146608,-0.517101,0.0481648,-0.00394394,0.00555954,-5.93968e-06,0.00114056,0.00157472,0
1765976279270637,0,0.592539,5.87405,-1.76721,-0.855923,-0.000976355,-0.00135599,-0.517101,0.58919,5.87432,-1.7676,-0.855923,-0.00105609,-0.00146608,-0.517101,0.0481648,-0.00394394,0.00555954,-5.93968e-06,0.00114056,0.00157472,0
1765976279280621,0,0.592981,5.87401,-1.76718,-0.855923,-0.000965136,-0.00133967,-0.517101,0.589666,5.87428,-1.76755,-0.855923,-0.00104461,-0.00145012,-0.517101,0.0476288,-0.00386857,0.00525361,-5.97002e-06,0.00114994,0.00159817,-5.97002e-06
1765976279280621,0,0.592981,5.87401,-1.76718,-0.855923,-0.000965136,-0.00133967,-0.517101,0.589666,5.87428,-1.76755,-0.855923,-0.00104461,-0.00145012,-0.517101,0.0476288,-0.00386857,0.00525361,-5.97002e-06,0.00114994,0.00159817,-5.97002e-06
1765976279290567,0,0.593417,5.87397,-1.76715,-0.855923,-0.000954148,-0.00132401,-0.517101,0.590135,5.87424,-1.7675,-0.855923,-0.00103333,-0.0014344,-0.517101,0.0471456,-0.00383541,0.00495007,-5.99283e-06,0.00113403,0.00158089,-5.99283e-06
1765976279290567,0,0.593417,5.87397,-1.76715,-0.855923,-0.000954148,-0.00132401,-0.517101,0.590135,5.87424,-1.7675,-0.855923,-0.00103333,-0.0014344,-0.517101,0.0471456,-0.00383541,0.00495007,-5.99283e-06,0.00113403,0.00158089,-5.99283e-06
1765976279300621,0,0.593849,5.87394,-1.76713,-0.855923,-0.000943027,-0.00130895,-0.517101,0.590604,5.87421,-1.76745,-0.855923,-0.00102192,-0.00141854,-0.517101,0.0466747,-0.00384164,0.00465976,-5.92845e-06,0.00113502,0.00157671,0
1765976279300621,0,0.593849,5.87394,-1.76713,-0.855923,-0.000943027,-0.00130895,-0.517101,0.590604,5.87421,-1.76745,-0.855923,-0.00102192,-0.00141854,-0.517101,0.0466747,-0.00384164,0.00465976,-5.92845e-06,0.00113502,0.00157671,0
1765976279310556,0,0.594276,5.8739,-1.7671,-0.855923,-0.000932593,-0.00129456,-0.517101,0.591062,5.87417,-1.76741,-0.855923,-0.00101072,-0.00140299,-0.517101,0.0461479,-0.00374366,0.00435561,-5.99946e-06,0.00112758,0.0015651,-5.99946e-06
1765976279310556,0,0.594276,5.8739,-1.7671,-0.855923,-0.000932593,-0.00129456,-0.517101,0.591062,5.87417,-1.76741,-0.855923,-0.00101072,-0.00140299,-0.517101,0.0461479,-0.00374366,0.00435561,-5.99946e-06,0.00112758,0.0015651,-5.99946e-06
1765976279320677,0,0.594699,5.87387,-1.76708,-0.855923,-0.00092288,-0.00128066,-0.517101,0.591525,5.87413,-1.76737,-0.855923,-0.000999638,-0.00138756,-0.517101,0.0457002,-0.00376909,0.00406355,0,0.00109462,0.00152451,-5.88921e-06
1765976279320677,0,0.594699,5.87387,-1.76708,-0.855923,-0.00092288,-0.00128066,-0.517101,0.591525,5.87413,-1.76737,-0.855923,-0.000999638,-0.00138756,-0.517101,0.0457002,-0.00376909,0.00406355,0,0.00109462,0.00152451,-5.88921e-06
1765976279330504,0,0.595117,5.87384,-1.76707,-0.855923,-0.000913246,-0.00126717,-0.517101,0.591969,5.87409,-1.76733,-0.855923,-0.00098885,-0.00137253,-0.517101,0.0451508,-0.00368776,0.00376055,-6.0654e-06,0.00109778,0.00152988,0
1765976279330504,0,0.595117,5.87384,-1.76707,-0.855923,-0.000913246,-0.00126717,-0.517101,0.591969,5.87409,-1.76733,-0.855923,-0.00098885,-0.00137253,-0.517101,0.0451508,-0.00368776,0.00376055,-6.0654e-06,0.00109778,0.00152988,0
1765976279340448,0,0.595531,5.8738,-1.76705,-0.855923,-0.000904235,-0.00125378,-0.517101,0.592414,5.87406,-1.76729,-0.855923,-0.000978229,-0.00135762,-0.517101,0.0447694,-0.00369232,0.00347654,0,0.00106812,0.00149902,0
1765976279340448,0,0.595531,5.8738,-1.76705,-0.855923,-0.000904235,-0.00125378,-0.517101,0.592414,5.87406,-1.76729,-0.855923,-0.000978229,-0.00135762,-0.517101,0.0447694,-0.00369232,0.00347654,0,0.00106812,0.00149902,0
1765976279350538,0,0.595941,5.87377,-1.76704,-0.855923,-0.000895244,-0.00124052,-0.517101,0.592861,5.87402,-1.76726,-0.855923,-0.000967797,-0.0013429,-0.517101,0.0443225,-0.0036389,0.00317813,0,0.00103382,0.00145892,0
1765976279350538,0,0.595941,5.87377,-1.76704,-0.855923,-0.000895244,-0.00124052,-0.517101,0.592861,5.87402,-1.76726,-0.855923,-0.000967797,-0.0013429,-0.517101,0.0443225,-0.0036389,0.00317813,0,0.00103382,0.00145892,0
1765976279360534,0,0.596346,5.87373,-1.76703,-0.855923,-0.000887391,-0.00122838,-0.517101,0.593299,5.87398,-1.76723,-0.855923,-0.000957694,-0.00132851,-0.517101,0.0437912,-0.00357771,0.00288602,-5.96285e-06,0.00101071,0.00143952,0
1765976279360534,0,0.596346,5.87373,-1.76703,-0.855923,-0.000887391,-0.00122838,-0.517101,0.593299,5.87398,-1.76723,-0.855923,-0.000957694,-0.00132851,-0.517101,0.0437912,-0.00357771,0.00288602,-5.96285e-06,0.00101071,0.00143952,0
1765976279370600,0,0.596746,5.8737,-1.76703,-0.855923,-0.00087972,-0.00121693,-0.517101,0.593735,5.87395,-1.76721,-0.855923,-0.000947887,-0.00131448,-0.517101,0.0433208,-0.00355283,0.00259357,0,0.000974305,0.00139422,0
1765976279370600,0,0.596746,5.8737,-1.76703,-0.855923,-0.00087972,-0.00121693,-0.517101,0.593735,5.87395,-1.76721,-0.855923,-0.000947887,-0.00131448,-0.517101,0.0433208,-0.00355283,0.00259357,0,0.000974305,0.00139422,0
1765976279380536,0,0.597143,5.87367,-1.76702,-0.855923,-0.000871465,-0.00120519,-0.517101,0.59416,5.87391,-1.76718,-0.855923,-0.000938291,-0.00130076,-0.517101,0.0428318,-0.00350333,0.00230356,-5.99886e-06,0.000965757,0.00138115,-5.99886e-06
1765976279380536,0,0.597143,5.87367,-1.76702,-0.855923,-0.000871465,-0.00120519,-0.517101,0.59416,5.87391,-1.76718,-0.855923,-0.000938291,-0.00130076,-0.517101,0.0428318,-0.00350333,0.00230356,-5.99886e-06,0.000965757,0.00138115,-5.99886e-06
1765976279390502,0,0.597535,5.87364,-1.76702,-0.855923,-0.000862867,-0.00119304,-0.517101,0.594583,5.87388,-1.76716,-0.855923,-0.000928811,-0.00128722,-0.517101,0.0424039,-0.00344494,0.00203347,0,0.000951227,0.00135854,0
1765976279390502,0,0.597535,5.87364,-1.76702,-0.855923,-0.000862867,-0.00119304,-0.517101,0.594583,5.87388,-1.76716,-0.855923,-0.000928811,-0.00128722,-0.517101,0.0424039,-0.00344494,0.00203347,0,0.000951227,0.00135854,0
1765976279400518,0,0.597923,5.87361,-1.76703,-0.855923,-0.000853805,-0.00118074,-0.517101,0.595003,5.87385,-1.76715,-0.855923,-0.00091937,-0.00127382,-0.517101,0.041978,-0.00342774,0.00173768,0,0.000942649,0.00133814,0
1765976279400518,0,0.597923,5.87361,-1.76703,-0.855923,-0.000853805,-0.00118074,-0.517101,0.595003,5.87385,-1.76715,-0.855923,-0.00091937,-0.00127382,-0.517101,0.041978,-0.00342774,0.00173768,0,0.000942649,0.00133814,0
1765976279410496,0,0.598307,5.87357,-1.76703,-0.855923,-0.000844736,-0.00116896,-0.517101,0.595418,5.87381,-1.76713,-0.855923,-0.000909995,-0.00126065,-0.517101,0.0415166,-0.0034408,0.00146951,0,0.000939478,0.00131992,0
1765976279410496,0,0.598307,5.87357,-1.76703,-0.855923,-0.000844736,-0.00116896,-0.517101,0.595418,5.87381,-1.76713,-0.855923,-0.000909995,-0.00126065,-0.517101,0.0415166,-0.0034408,0.00146951,0,0.000939478,0.00131992,0
1765976279420510,0,0.598687,5.87354,-1.76704,-0.855923,-0.000836336,-0.00115734,-0.517101,0.595829,5.87378,-1.76712,-0.855923,-0.000900745,-0.00124767,-0.517101,0.0410816,-0.00333319,0.00117852,-5.95213e-06,0.000923778,0.00129555,0
1765976279420510,0,0.598687,5.87354,-1.76704,-0.855923,-0.000836336,-0.00115734,-0.517101,0.595829,5.87378,-1.76712,-0.855923,-0.000900745,-0.00124767,-0.517101,0.0410816,-0.00333319,0.00117852,-5.95213e-06,0.000923778,0.00129555,0
1765976279430488,0,0.599063,5.87351,-1.76705,-0.855923,-0.000828336,-0.00114562,-0.517101,0.596235,5.87374,-1.76711,-0.855923,-0.000891647,-0.00123485,-0.517101,0.0406384,-0.00334522,0.000919935,0,0.000911821,0.00128513,-5.97361e-06
1765976279430488,0,0.599063,5.87351,-1.76705,-0.855923,-0.000828336,-0.00114562,-0.517101,0.596235,5.87374,-1.76711,-0.855923,-0.000891647,-0.00123485,-0.517101,0.0406384,-0.00334522,0.000919935,0,0.000911821,0.00128513,-5.97361e-06
1765976279440474,0,0.599434,5.87348,-1.76706,-0.855923,-0.00082003,-0.00113423,-0.517101,0.596636,5.87371,-1.7671,-0.855923,-0.000882652,-0.00122221,-0.517101,0.0402119,-0.00334254,0.00065657,0,0.00090068,0.00126547,0
1765976279440474,0,0.599434,5.87348,-1.76706,-0.855923,-0.00082003,-0.00113423,-0.517101,0.596636,5.87371,-1.7671,-0.855923,-0.000882652,-0.00122221,-0.517101,0.0402119,-0.00334254,0.00065657,0,0.00090068,0.00126547,0
1765976279450494,0,0.599802,5.87345,-1.76707,-0.855923,-0.000812262,-0.00112257,-0.517101,0.597035,5.87368,-1.7671,-0.855923,-0.000873806,-0.00120969,-0.517101,0.039784,-0.00328361,0.000380708,0,0.000882868,0.00124971,0
1765976279450494,0,0.599802,5.87345,-1.76707,-0.855923,-0.000812262,-0.00112257,-0.517101,0.597035,5.87368,-1.7671,-0.855923,-0.000873806,-0.00120969,-0.517101,0.039784,-0.00328361,0.000380708,0,0.000882868,0.00124971,0
1765976279460559,0,0.600166,5.87342,-1.76709,-0.855923,-0.000804999,-0.00111078,-0.517101,0.597431,5.87365,-1.7671,-0.855923,-0.00086508,-0.00119715,-0.517101,0.0393515,-0.00317418,0.000106595,0,0.000866979,0.00124626,0
1765976279460559,0,0.600166,5.87342,-1.76709,-0.855923,-0.000804999,-0.00111078,-0.517101,0.597431,5.87365,-1.7671,-0.855923,-0.00086508,-0.00119715,-0.517101,0.0393515,-0.00317418,0.000106595,0,0.000866979,0.00124626,0
1765976279470445,0,0.600526,5.87339,-1.76711,-0.855923,-0.000797224,-0.00109935,-0.517101,0.597815,5.87361,-1.7671,-0.855923,-0.000856636,-0.00118498,-0.517101,0.0388944,-0.00318342,-0.000132642,0,0.000854168,0.00123099,0
1765976279470445,0,0.600526,5.87339,-1.76711,-0.855923,-0.000797224,-0.00109935,-0.517101,0.597815,5.87361,-1.7671,-0.855923,-0.000856636,-0.00118498,-0.517101,0.0388944,-0.00318342,-0.000132642,0,0.000854168,0.00123099,0
1765976279480592,0,0.600882,5.87336,-1.76713,-0.855923,-0.000788457,-0.00108819,-0.517101,0.598206,5.87358,-1.76711,-0.855923,-0.000847973,-0.00117268,-0.517101,0.0385342,-0.00310153,-0.00039944,0,0.00085372,0.00121187,0
1765976279480592,0,0.600882,5.87336,-1.76713,-0.855923,-0.000788457,-0.00108819,-0.517101,0.598206,5.87358,-1.76711,-0.855923,-0.000847973,-0.00117268,-0.517101,0.0385342,-0.00310153,-0.00039944,0,0.00085372,0.00121187,0
1765976279490446,0,0.601234,5.87334,-1.76716,-0.855923,-0.000779455,-0.00107696,-0.517101,0.598581,5.87355,-1.76711,-0.855923,-0.000839453,-0.00116078,-0.517101,0.0380529,-0.00309697,-0.000653268,0,0.000864603,0.00120781,0
1765976279490446,0,0.601234,5.87334,-1.76716,-0.855923,-0.000779455,-0.00107696,-0.517101,0.598581,5.87355,-1.76711,-0.855923,-0.000839453,-0.00116078,-0.517101,0.0380529,-0.00309697,-0.000653268,0,0.000864603,0.00120781,0
1765976279500495,0,0.601583,5.87331,-1.76718,-0.855923,-0.000770237,-0.00106615,-0.517101,0.59896,5.87352,-1.76712,-0.855923,-0.000830755,-0.00114889,-0.517101,0.0377178,-0.00308433,-0.000901573,-5.9314e-06,0.00086555,0.00118327,0
1765976279500495,0,0.601583,5.87331,-1.76718,-0.855923,-0.000770237,-0.00106615,-0.517101,0.59896,5.87352,-1.76712,-0.855923,-0.000830755,-0.00114889,-0.517101,0.0377178,-0.00308433,-0.000901573,-5.9314e-06,0.00086555,0.00118327,0
1765976279510463,0,0.601928,5.87328,-1.76721,-0.855923,-0.000761254,-0.00105495,-0.517101,0.599332,5.87349,-1.76713,-0.855923,-0.000822024,-0.00113709,-0.517101,0.0372888,-0.00306155,-0.00113612,0,0.000875924,0.00118384,0
1765976279510463,0,0.601928,5.87328,-1.76721,-0.855923,-0.000761254,-0.00105495,-0.517101,0.599332,5.87349,-1.76713,-0.855923,-0.000822024,-0.00113709,-0.517101,0.0372888,-0.00306155,-0.00113612,0,0.000875924,0.00118384,0
1765976279520468,0,0.602269,5.87325,-1.76724,-0.855923,-0.00075315,-0.00104407,-0.517101,0.599701,5.87346,-1.76715,-0.855923,-0.000813362,-0.00112539,-0.517101,0.0369007,-0.00300257,-0.00138214,0,0.000865749,0.00116928,0
1765976279520468,0,0.602269,5.87325,-1.76724,-0.855923,-0.00075315,-0.00104407,-0.517101,0.599701,5.87346,-1.76715,-0.855923,-0.000813362,-0.00112539,-0.517101,0.0369007,-0.00300257,-0.00138214,0,0.000865749,0.00116928,0
1765976279530536,0,0.602606,5.87322,-1.76727,-0.855923,-0.000745335,-0.00103317,-0.517101,0.600069,5.87343,-1.76716,-0.855923,-0.000804755,-0.00111372,-0.517101,0.036504,-0.00303115,-0.0016103,0,0.000854932,0.00115896,0
1765976279530536,0,0.602606,5.87322,-1.76727,-0.855923,-0.000745335,-0.00103317,-0.517101,0.600069,5.87343,-1.76716,-0.855923,-0.000804755,-0.00111372,-0.517101,0.036504,-0.00303115,-0.0016103,0,0.000854932,0.00115896,0
1765976279540569,0,0.60294,5.8732,-1.76731,-0.855923,-0.000737779,-0.00102237,-0.517101,0.600431,5.8734,-1.76718,-0.855923,-0.000796404,-0.00110233,-0.517101,0.0360848,-0.00289914,-0.00184167,-5.94086e-06,0.00083233,0.00113518,-5.94086e-06
1765976279540569,0,0.60294,5.8732,-1.76731,-0.855923,-0.000737779,-0.00102237,-0.517101,0.600431,5.8734,-1.76718,-0.855923,-0.000796404,-0.00110233,-0.517101,0.0360848,-0.00289914,-0.00184167,-5.94086e-06,0.00083233,0.00113518,-5.94086e-06
1765976279550649,0,0.60327,5.87317,-1.76734,-0.855923,-0.00073034,-0.00101143,-0.517101,0.60079,5.87337,-1.7672,-0.855923,-0.000788042,-0.00109082,-0.517101,0.03568,-0.00293293,-0.00204595,-5.91316e-06,0.000829523,0.00114141,0
1765976279550649,0,0.60327,5.87317,-1.76734,-0.855923,-0.00073034,-0.00101143,-0.517101,0.60079,5.87337,-1.7672,-0.855923,-0.000788042,-0.00109082,-0.517101,0.03568,-0.00293293,-0.00204595,-5.91316e-06,0.000829523,0.00114141,0
1765976279560473,0,0.603597,5.87314,-1.76738,-0.855923,-0.000722006,-0.00100049,-0.517101,0.601137,5.87334,-1.76722,-0.855923,-0.000779803,-0.00107955,-0.517101,0.0352689,-0.00286374,-0.00228129,-6.06725e-06,0.000838708,0.00114736,0
1765976279560473,0,0.603597,5.87314,-1.76738,-0.855923,-0.000722006,-0.00100049,-0.517101,0.601137,5.87334,-1.76722,-0.855923,-0.000779803,-0.00107955,-0.517101,0.0352689,-0.00286374,-0.00228129,-6.06725e-06,0.000838708,0.00114736,0
1765976279570500,0,0.60392,5.87312,-1.76742,-0.855923,-0.000713603,-0.000988972,-0.517101,0.601488,5.87331,-1.76725,-0.855923,-0.000771441,-0.00106811,-0.517101,0.0349769,-0.00285332,-0.00248477,5.94441e-06,0.000833884,0.00114099,0
1765976279570500,0,0.60392,5.87312,-1.76742,-0.855923,-0.000713603,-0.000988972,-0.517101,0.601488,5.87331,-1.76725,-0.855923,-0.000771441,-0.00106811,-0.517101,0.0349769,-0.00285332,-0.00248477,5.94441e-06,0.000833884,0.00114099,0
1765976279580485,0,0.60424,5.87309,-1.76746,-0.855923,-0.000705087,-0.000977651,-0.517101,0.601833,5.87329,-1.76728,-0.855923,-0.000763137,-0.00105679,-0.517101,0.0345808,-0.00286532,-0.00269818,-5.96942e-06,0.000831661,0.0011338,-5.96942e-06
1765976279580485,0,0.60424,5.87309,-1.76746,-0.855923,-0.000705087,-0.000977651,-0.517101,0.601833,5.87329,-1.76728,-0.855923,-0.000763137,-0.00105679,-0.517101,0.0345808,-0.00286532,-0.00269818,-5.96942e-06,0.000831661,0.0011338,-5.96942e-06
1765976279590463,0,0.604556,5.87306,-1.76751,-0.855923,-0.000697562,-0.000967075,-0.517101,0.602174,5.87326,-1.7673,-0.855923,-0.000754902,-0.00104552,-0.517101,0.0342228,-0.00281954,-0.00291512,-5.97361e-06,0.000825367,0.00112921,0
1765976279590463,0,0.604556,5.87306,-1.76751,-0.855923,-0.000697562,-0.000967075,-0.517101,0.602174,5.87326,-1.7673,-0.855923,-0.000754902,-0.00104552,-0.517101,0.0342228,-0.00281954,-0.00291512,-5.97361e-06,0.000825367,0.00112921,0
1765976279600484,0,0.604869,5.87304,-1.76755,-0.855923,-0.000690811,-0.00095652,-0.517101,0.602514,5.87323,-1.76734,-0.855923,-0.000746845,-0.00103433,-0.517101,0.0338618,-0.00275986,-0.00310484,-5.94797e-06,0.000804022,0.00111656,0
1765976279600484,0,0.604869,5.87304,-1.76755,-0.855923,-0.000690811,-0.00095652,-0.517101,0.602514,5.87323,-1.76734,-0.855923,-0.000746845,-0.00103433,-0.517101,0.0338618,-0.00275986,-0.00310484,-5.94797e-06,0.000804022,0.00111656,0
1765976279610483,0,0.605179,5.87301,-1.7676,-0.855923,-0.000684156,-0.000946387,-0.517101,0.602849,5.8732,-1.76737,-0.855923,-0.000738966,-0.00102328,-0.517101,0.0334892,-0.00271824,-0.00330243,0,0.000787925,0.0011054,0
1765976279610483,0,0.605179,5.87301,-1.7676,-0.855923,-0.000684156,-0.000946387,-0.517101,0.602849,5.8732,-1.76737,-0.855923,-0.000738966,-0.00102328,-0.517101,0.0334892,-0.00271824,-0.00330243,0,0.000787925,0.0011054,0
1765976279620544,0,0.605485,5.87299,-1.76765,-0.855923,-0.000677128,-0.000936727,-0.517101,0.603182,5.87318,-1.7674,-0.855923,-0.000731161,-0.00101236,-0.517101,0.0331288,-0.00274889,-0.00349535,0,0.000775774,0.00108584,0
1765976279620544,0,0.605485,5.87299,-1.76765,-0.855923,-0.000677128,-0.000936727,-0.517101,0.603182,5.87318,-1.7674,-0.855923,-0.000731161,-0.00101236,-0.517101,0.0331288,-0.00274889,-0.00349535,0,0.000775774,0.00108584,0
1765976279630437,0,0.605788,5.87296,-1.7677,-0.855923,-0.000670064,-0.000927054,-0.517101,0.603506,5.87315,-1.76744,-0.855923,-0.000723529,-0.0010017,-0.517101,0.0327576,-0.00265097,-0.00367521,-6.02493e-06,0.000771485,0.00107714,-6.02493e-06
1765976279630437,0,0.605788,5.87296,-1.7677,-0.855923,-0.000670064,-0.000927054,-0.517101,0.603506,5.87315,-1.76744,-0.855923,-0.000723529,-0.0010017,-0.517101,0.0327576,-0.00265097,-0.00367521,-6.02493e-06,0.000771485,0.00107714,-6.02493e-06
1765976279640503,0,0.606088,5.87294,-1.76775,-0.855923,-0.000663208,-0.000917118,-0.517101,0.603833,5.87312,-1.76748,-0.855923,-0.000715941,-0.000991061,-0.517101,0.0324492,-0.00265278,-0.0038489,0,0.000753803,0.00105699,0
1765976279640503,0,0.606088,5.87294,-1.76775,-0.855923,-0.000663208,-0.000917118,-0.517101,0.603833,5.87312,-1.76748,-0.855923,-0.000715941,-0.000991061,-0.517101,0.0324492,-0.00265278,-0.0038489,0,0.000753803,0.00105699,0
1765976279650658,0,0.606385,5.87291,-1.7678,-0.855923,-0.000655922,-0.000907508,-0.517101,0.604158,5.8731,-1.76752,-0.855923,-0.00070833,-0.000980465,-0.517101,0.032065,-0.00262953,-0.00402647,0,0.00074954,0.00104344,-5.86949e-06
1765976279650658,0,0.606385,5.87291,-1.7678,-0.855923,-0.000655922,-0.000907508,-0.517101,0.604158,5.8731,-1.76752,-0.855923,-0.00070833,-0.000980465,-0.517101,0.032065,-0.00262953,-0.00402647,0,0.00074954,0.00104344,-5.86949e-06
1765976279660531,0,0.606678,5.87289,-1.76785,-0.855923,-0.000648991,-0.000898126,-0.517101,0.604471,5.87307,-1.76756,-0.855923,-0.000700941,-0.000970213,-0.517101,0.0316648,-0.00255975,-0.00418977,0,0.000748316,0.00103838,0
1765976279660531,0,0.606678,5.87289,-1.76785,-0.855923,-0.000648991,-0.000898126,-0.517101,0.604471,5.87307,-1.76756,-0.855923,-0.000700941,-0.000970213,-0.517101,0.0316648,-0.00255975,-0.00418977,0,0.000748316,0.00103838,0
1765976279670509,0,0.606968,5.87287,-1.76791,-0.855923,-0.000641663,-0.000888265,-0.517101,0.604784,5.87304,-1.7676,-0.855923,-0.000693497,-0.000959923,-0.517101,0.0313853,-0.0025806,-0.00436073,5.97361e-06,0.000746036,0.00103134,0
1765976279670509,0,0.606968,5.87287,-1.76791,-0.855923,-0.000641663,-0.000888265,-0.517101,0.604784,5.87304,-1.7676,-0.855923,-0.000693497,-0.000959923,-0.517101,0.0313853,-0.0025806,-0.00436073,5.97361e-06,0.000746036,0.00103134,0
1765976279680565,0,0.607255,5.87284,-1.76796,-0.855923,-0.00063386,-0.000878077,-0.517102,0.605096,5.87302,-1.76765,-0.855923,-0.000685993,-0.000949624,-0.517101,0.031053,-0.00256058,-0.00451658,0,0.000746223,0.00102411,0
1765976279680565,0,0.607255,5.87284,-1.76796,-0.855923,-0.00063386,-0.000878077,-0.517102,0.605096,5.87302,-1.76765,-0.855923,-0.000685993,-0.000949624,-0.517101,0.031053,-0.00256058,-0.00451658,0,0.000746223,0.00102411,0
1765976279690519,0,0.607539,5.87282,-1.76802,-0.855923,-0.000626908,-0.000868172,-0.517102,0.605402,5.87299,-1.7677,-0.855923,-0.000678578,-0.000939401,-0.517101,0.0307065,-0.00249101,-0.00465867,0,0.000745016,0.00102705,0
1765976279690519,0,0.607539,5.87282,-1.76802,-0.855923,-0.000626908,-0.000868172,-0.517102,0.605402,5.87299,-1.7677,-0.855923,-0.000678578,-0.000939401,-0.517101,0.0307065,-0.00249101,-0.00465867,0,0.000745016,0.00102705,0
1765976279700678,0,0.60782,5.8728,-1.76808,-0.855923,-0.000620244,-0.00085855,-0.517102,0.605711,5.87297,-1.76775,-0.855923,-0.000671174,-0.000929139,-0.517101,0.030392,-0.00248768,-0.00481108,0,0.000728779,0.0010101,0
1765976279700678,0,0.60782,5.8728,-1.76808,-0.855923,-0.000620244,-0.00085855,-0.517102,0.605711,5.87297,-1.76775,-0.855923,-0.000671174,-0.000929139,-0.517101,0.030392,-0.00248768,-0.00481108,0,0.000728779,0.0010101,0
1765976279710542,0,0.608099,5.87277,-1.76814,-0.855923,-0.000613359,-0.000849256,-0.517102,0.606007,5.87294,-1.76779,-0.855923,-0.000663978,-0.000919197,-0.517101,0.0300078,-0.0024654,-0.00494288,0,0.000729466,0.00100791,0
1765976279710542,0,0.608099,5.87277,-1.76814,-0.855923,-0.000613359,-0.000849256,-0.517102,0.606007,5.87294,-1.76779,-0.855923,-0.000663978,-0.000919197,-0.517101,0.0300078,-0.0024654,-0.00494288,0,0.000729466,0.00100791,0
1765976279720557,0,0.608374,5.87275,-1.7682,-0.855923,-0.000606592,-0.000839831,-0.517102,0.606304,5.87292,-1.76785,-0.855923,-0.000656761,-0.000909215,-0.517101,0.0297398,-0.00247584,-0.00507071,5.95154e-06,0.000720706,0.000996743,0
1765976279720557,0,0.608374,5.87275,-1.7682,-0.855923,-0.000606592,-0.000839831,-0.517102,0.606304,5.87292,-1.76785,-0.855923,-0.000656761,-0.000909215,-0.517101,0.0297398,-0.00247584,-0.00507071,5.95154e-06,0.000720706,0.000996743,0
1765976279730655,0,0.608646,5.87273,-1.76826,-0.855924,-0.000599981,-0.000829927,-0.517102,0.606602,5.8729,-1.7679,-0.855923,-0.000649565,-0.000899167,-0.517101,0.0294187,-0.00240827,-0.00521791,0,0.000712591,0.000995081,0
1765976279730655,0,0.608646,5.87273,-1.76826,-0.855924,-0.000599981,-0.000829927,-0.517102,0.606602,5.8729,-1.7679,-0.855923,-0.000649565,-0.000899167,-0.517101,0.0294187,-0.00240827,-0.00521791,0,0.000712591,0.000995081,0
1765976279740523,0,0.608915,5.87271,-1.76832,-0.855924,-0.000593988,-0.000820379,-0.517102,0.606888,5.87287,-1.76795,-0.855923,-0.00064265,-0.000889364,-0.517101,0.0290715,-0.00236776,-0.00532745,-6.0402e-06,0.000700728,0.000993376,-6.0402e-06
1765976279740523,0,0.608915,5.87271,-1.76832,-0.855924,-0.000593988,-0.000820379,-0.517102,0.606888,5.87287,-1.76795,-0.855923,-0.00064265,-0.000889364,-0.517101,0.0290715,-0.00236776,-0.00532745,-6.0402e-06,0.000700728,0.000993376,-6.0402e-06
1765976279750548,0,0.609181,5.87269,-1.76838,-0.855924,-0.000587633,-0.000811217,-0.517102,0.607177,5.87285,-1.76801,-0.855923,-0.000635691,-0.000879479,-0.517101,0.0288124,-0.00233068,-0.00545806,0,0.000694195,0.000986041,0
1765976279750548,0,0.609181,5.87269,-1.76838,-0.855924,-0.000587633,-0.000811217,-0.517102,0.607177,5.87285,-1.76801,-0.855923,-0.000635691,-0.000879479,-0.517101,0.0288124,-0.00233068,-0.00545806,0,0.000694195,0.000986041,0
1765976279760632,0,0.609445,5.87266,-1.76845,-0.855924,-0.000580869,-0.000802383,-0.517102,0.607465,5.87283,-1.76806,-0.855923,-0.000628791,-0.000869776,-0.517101,0.028496,-0.00231704,-0.00556799,0,0.000684194,0.000962187,0
1765976279760632,0,0.609445,5.87266,-1.76845,-0.855924,-0.000580869,-0.000802383,-0.517102,0.607465,5.87283,-1.76806,-0.855923,-0.000628791,-0.000869776,-0.517101,0.028496,-0.00231704,-0.00556799,0,0.000684194,0.000962187,0
1765976279770568,0,0.609705,5.87264,-1.76851,-0.855924,-0.000574239,-0.000794307,-0.517102,0.607744,5.8728,-1.76812,-0.855923,-0.000621984,-0.000860359,-0.517101,0.0281646,-0.00230356,-0.00567492,-5.99886e-06,0.000685112,0.000947808,0
1765976279770568,0,0.609705,5.87264,-1.76851,-0.855924,-0.000574239,-0.000794307,-0.517102,0.607744,5.8728,-1.76812,-0.855923,-0.000621984,-0.000860359,-0.517101,0.0281646,-0.00230356,-0.00567492,-5.99886e-06,0.000685112,0.000947808,0
1765976279780573,0,0.609963,5.87262,-1.76858,-0.855924,-0.00056779,-0.000786237,-0.517102,0.608023,5.87278,-1.76818,-0.855923,-0.000615121,-0.000850972,-0.517101,0.027887,-0.00224001,-0.00579068,0,0.000685995,0.000938234,0
1765976279780573,0,0.609963,5.87262,-1.76858,-0.855924,-0.00056779,-0.000786237,-0.517102,0.608023,5.87278,-1.76818,-0.855923,-0.000615121,-0.000850972,-0.517101,0.027887,-0.00224001,-0.00579068,0,0.000685995,0.000938234,0
1765976279790556,0,0.610219,5.8726,-1.76864,-0.855923,-0.000561299,-0.000778066,-0.517102,0.608299,5.87276,-1.76823,-0.855923,-0.000608415,-0.000841889,-0.517101,0.0275842,-0.00224495,-0.00587508,0,0.000671671,0.000909831,0
1765976279790556,0,0.610219,5.8726,-1.76864,-0.855923,-0.000561299,-0.000778066,-0.517102,0.608299,5.87276,-1.76823,-0.855923,-0.000608415,-0.000841889,-0.517101,0.0275842,-0.00224495,-0.00587508,0,0.000671671,0.000909831,0
1765976279800638,0,0.610471,5.87258,-1.76871,-0.855923,-0.000554735,-0.000770255,-0.517102,0.608574,5.87274,-1.76829,-0.855923,-0.000601612,-0.000832811,-0.517101,0.0272956,-0.00217561,-0.00597111,0,0.000674775,0.000900446,0
1765976279800638,0,0.610471,5.87258,-1.76871,-0.855923,-0.000554735,-0.000770255,-0.517102,0.608574,5.87274,-1.76829,-0.855923,-0.000601612,-0.000832811,-0.517101,0.0272956,-0.00217561,-0.00597111,0,0.000674775,0.000900446,0
1765976279810554,0,0.610721,5.87256,-1.76878,-0.855923,-0.000548273,-0.000762565,-0.517102,0.608842,5.87271,-1.76835,-0.855923,-0.00059491,-0.000823984,-0.517102,0.0269772,-0.00221203,-0.006035,0,0.000675886,0.000890121,-6.01096e-06
1765976279810554,0,0.610721,5.87256,-1.76878,-0.855923,-0.000548273,-0.000762565,-0.517102,0.608842,5.87271,-1.76835,-0.855923,-0.00059491,-0.000823984,-0.517102,0.0269772,-0.00221203,-0.006035,0,0.000675886,0.000890121,-6.01096e-06
1765976279820480,0,0.610968,5.87254,-1.76884,-0.855923,-0.000541731,-0.00075494,-0.517102,0.609107,5.87269,-1.76842,-0.855923,-0.000588281,-0.000815377,-0.517102,0.0267218,-0.00216176,-0.00613701,0,0.000667863,0.000867116,0
1765976279820480,0,0.610968,5.87254,-1.76884,-0.855923,-0.000541731,-0.00075494,-0.517102,0.609107,5.87269,-1.76842,-0.855923,-0.000588281,-0.000815377,-0.517102,0.0267218,-0.00216176,-0.00613701,0,0.000667863,0.000867116,0
1765976279830625,0,0.611212,5.87252,-1.76891,-0.855923,-0.00053567,-0.000746941,-0.517102,0.609375,5.87267,-1.76848,-0.855923,-0.000581616,-0.000806708,-0.517102,0.0264564,-0.0022091,-0.00621604,0,0.000656958,0.000854565,-5.87527e-06
1765976279830625,0,0.611212,5.87252,-1.76891,-0.855923,-0.00053567,-0.000746941,-0.517102,0.609375,5.87267,-1.76848,-0.855923,-0.000581616,-0.000806708,-0.517102,0.0264564,-0.0022091,-0.00621604,0,0.000656958,0.000854565,-5.87527e-06
1765976279840476,0,0.611454,5.8725,-1.76898,-0.855923,-0.000530279,-0.000739208,-0.517102,0.609633,5.87265,-1.76854,-0.855923,-0.000575218,-0.000798295,-0.517102,0.0261266,-0.00212982,-0.00628054,0,0.000649514,0.000853994,0
1765976279840476,0,0.611454,5.8725,-1.76898,-0.855923,-0.000530279,-0.000739208,-0.517102,0.609633,5.87265,-1.76854,-0.855923,-0.000575218,-0.000798295,-0.517102,0.0261266,-0.00212982,-0.00628054,0,0.000649514,0.000853994,0
1765976279850578,0,0.611693,5.87248,-1.76905,-0.855923,-0.000525616,-0.000731314,-0.517102,0.609894,5.87263,-1.7686,-0.855923,-0.000568924,-0.000789795,-0.517102,0.0258963,-0.0021241,-0.0063605,-5.90028e-06,0.000623062,0.000841372,-5.90028e-06
1765976279850578,0,0.611693,5.87248,-1.76905,-0.855923,-0.000525616,-0.000731314,-0.517102,0.609894,5.87263,-1.7686,-0.855923,-0.000568924,-0.000789795,-0.517102,0.0258963,-0.0021241,-0.0063605,-5.90028e-06,0.000623062,0.000841372,-5.90028e-06
1765976279860527,0,0.61193,5.87246,-1.76911,-0.855923,-0.000520579,-0.000723455,-0.517102,0.610149,5.87261,-1.76867,-0.855924,-0.000562871,-0.00078149,-0.517102,0.0255876,-0.00206091,-0.00639841,-5.99102e-06,0.000608375,0.000834834,0
1765976279860527,0,0.61193,5.87246,-1.76911,-0.855923,-0.000520579,-0.000723455,-0.517102,0.610149,5.87261,-1.76867,-0.855924,-0.000562871,-0.00078149,-0.517102,0.0255876,-0.00206091,-0.00639841,-5.99102e-06,0.000608375,0.000834834,0
1765976279870433,0,0.612164,5.87244,-1.76918,-0.855923,-0.000515505,-0.000716037,-0.517102,0.6104,5.87259,-1.76873,-0.855924,-0.00055696,-0.000773322,-0.517102,0.0253257,-0.00206986,-0.00647432,0,0.000596667,0.000824497,0
1765976279870433,0,0.612164,5.87244,-1.76918,-0.855923,-0.000515505,-0.000716037,-0.517102,0.6104,5.87259,-1.76873,-0.855924,-0.00055696,-0.000773322,-0.517102,0.0253257,-0.00206986,-0.00647432,0,0.000596667,0.000824497,0
1765976279880562,0,0.612396,5.87242,-1.76925,-0.855923,-0.000509975,-0.000708722,-0.517102,0.610654,5.87257,-1.7688,-0.855924,-0.000550993,-0.000765117,-0.517102,0.0250859,-0.00202429,-0.00652009,0,0.000589156,0.000810028,0
1765976279880562,0,0.612396,5.87242,-1.76925,-0.855923,-0.000509975,-0.000708722,-0.517102,0.610654,5.87257,-1.7688,-0.855924,-0.000550993,-0.000765117,-0.517102,0.0250859,-0.00202429,-0.00652009,0,0.000589156,0.000810028,0
1765976279890470,0,0.612625,5.87241,-1.76932,-0.855923,-0.000504647,-0.000701627,-0.517102,0.610899,5.87255,-1.76886,-0.855924,-0.000545227,-0.000757218,-0.517102,0.0247731,-0.00202131,-0.00655723,0,0.000581983,0.000797277,-6.01581e-06
1765976279890470,0,0.612625,5.87241,-1.76932,-0.855923,-0.000504647,-0.000701627,-0.517102,0.610899,5.87255,-1.76886,-0.855924,-0.000545227,-0.000757218,-0.517102,0.0247731,-0.00202131,-0.00655723,0,0.000581983,0.000797277,-6.01581e-06
1765976279900618,0,0.612852,5.87239,-1.76939,-0.855923,-0.000499341,-0.000694811,-0.517102,0.611148,5.87253,-1.76893,-0.855924,-0.000539384,-0.000749271,-0.517102,0.0245338,-0.0020205,-0.0066136,0,0.000575767,0.000783073,0
1765976279900618,0,0.612852,5.87239,-1.76939,-0.855923,-0.000499341,-0.000694811,-0.517102,0.611148,5.87253,-1.76893,-0.855924,-0.000539384,-0.000749271,-0.517102,0.0245338,-0.0020205,-0.0066136,0,0.000575767,0.000783073,0
1765976279910511,0,0.613076,5.87237,-1.76946,-0.855923,-0.000494169,-0.000687575,-0.517102,0.611388,5.87251,-1.769,-0.855924,-0.000533738,-0.000741568,-0.517102,0.0242323,-0.00192798,-0.00662742,-6.02493e-06,0.00057065,0.000778669,0
1765976279910511,0,0.613076,5.87237,-1.76946,-0.855923,-0.000494169,-0.000687575,-0.517102,0.611388,5.87251,-1.769,-0.855924,-0.000533738,-0.000741568,-0.517102,0.0242323,-0.00192798,-0.00662742,-6.02493e-06,0.00057065,0.000778669,0
1765976279920550,0,0.613298,5.87235,-1.76953,-0.855923,-0.000488946,-0.000680318,-0.517102,0.611629,5.87249,-1.76906,-0.855924,-0.000528145,-0.000733919,-0.517102,0.0240105,-0.00194744,-0.00666166,0,0.000557156,0.000761872,-5.93731e-06
1765976279920550,0,0.613298,5.87235,-1.76953,-0.855923,-0.000488946,-0.000680318,-0.517102,0.611629,5.87249,-1.76906,-0.855924,-0.000528145,-0.000733919,-0.517102,0.0240105,-0.00194744,-0.00666166,0,0.000557156,0.000761872,-5.93731e-06
1765976279930639,0,0.613518,5.87233,-1.7696,-0.855923,-0.000483051,-0.000673198,-0.517102,0.611868,5.87247,-1.76913,-0.855924,-0.000522443,-0.000726241,-0.517102,0.0237379,-0.00193779,-0.00669954,5.90788e-06,0.000565207,0.000761084,0
1765976279930639,0,0.613518,5.87233,-1.7696,-0.855923,-0.000483051,-0.000673198,-0.517102,0.611868,5.87247,-1.76913,-0.855924,-0.000522443,-0.000726241,-0.517102,0.0237379,-0.00193779,-0.00669954,5.90788e-06,0.000565207,0.000761084,0
1765976279940493,0,0.613735,5.87231,-1.76966,-0.855923,-0.000477608,-0.000666184,-0.517102,0.6121,5.87245,-1.7692,-0.855924,-0.000516849,-0.000718748,-0.517102,0.0234572,-0.00193561,-0.00671414,0,0.000567646,0.000760362,0
1765976279940493,0,0.613735,5.87231,-1.76966,-0.855923,-0.000477608,-0.000666184,-0.517102,0.6121,5.87245,-1.7692,-0.855924,-0.000516849,-0.000718748,-0.517102,0.0234572,-0.00193561,-0.00671414,0,0.000567646,0.000760362,0
1765976279950583,0,0.61395,5.8723,-1.76973,-0.855924,-0.000472467,-0.000658788,-0.517102,0.612334,5.87243,-1.76926,-0.855924,-0.0005112,-0.000711116,-0.517102,0.0232511,-0.00193759,-0.00673432,0,0.000559872,0.000756394,0
1765976279950583,0,0.61395,5.8723,-1.76973,-0.855924,-0.000472467,-0.000658788,-0.517102,0.612334,5.87243,-1.76926,-0.855924,-0.0005112,-0.000711116,-0.517102,0.0232511,-0.00193759,-0.00673432,0,0.000559872,0.000756394,0
1765976279960574,0,0.614163,5.87228,-1.7698,-0.855924,-0.000467788,-0.000651032,-0.517102,0.612564,5.87241,-1.76933,-0.855924,-0.000505747,-0.00070357,-0.517102,0.0229804,-0.00186134,-0.00674139,0,0.00054574,0.000755336,0
1765976279960574,0,0.614163,5.87228,-1.7698,-0.855924,-0.000467788,-0.000651032,-0.517102,0.612564,5.87241,-1.76933,-0.855924,-0.000505747,-0.00070357,-0.517102,0.0229804,-0.00186134,-0.00674139,0,0.00054574,0.000755336,0
1765976279970478,0,0.614373,5.87226,-1.76987,-0.855924,-0.000463465,-0.000643613,-0.517102,0.612789,5.87239,-1.7694,-0.855924,-0.000500499,-0.000696128,-0.517102,0.0227369,-0.00187769,-0.00674043,0,0.000529881,0.000751387,0
1765976279970478,0,0.614373,5.87226,-1.76987,-0.855924,-0.000463465,-0.000643613,-0.517102,0.612789,5.87239,-1.7694,-0.855924,-0.000500499,-0.000696128,-0.517102,0.0227369,-0.00187769,-0.00674043,0,0.000529881,0.000751387,0
1765976279980629,0,0.614581,5.87225,-1.76994,-0.855924,-0.000458735,-0.000636445,-0.517102,0.613017,5.87237,-1.76947,-0.855924,-0.000495172,-0.000688515,-0.517102,0.0225184,-0.001832,-0.00676431,0,0.000524769,0.000749922,0
1765976279980629,0,0.614581,5.87225,-1.76994,-0.855924,-0.000458735,-0.000636445,-0.517102,0.613017,5.87237,-1.76947,-0.855924,-0.000495172,-0.000688515,-0.517102,0.0225184,-0.001832,-0.00676431,0,0.000524769,0.000749922,0
1765976279990483,0,0.614787,5.87223,-1.77,-0.855924,-0.00045416,-0.000629458,-0.517102,0.613237,5.87236,-1.76953,-0.855924,-0.000490094,-0.000681203,-0.517102,0.0222293,-0.00179044,-0.00675043,0,0.000515327,0.000742068,0
1765976279990483,0,0.614787,5.87223,-1.77,-0.855924,-0.00045416,-0.000629458,-0.517102,0.613237,5.87236,-1.76953,-0.855924,-0.000490094,-0.000681203,-0.517102,0.0222293,-0.00179044,-0.00675043,0,0.000515327,0.000742068,0
1765976280000558,0,0.61499,5.87221,-1.77007,-0.855924,-0.000449263,-0.000622837,-0.517102,0.613459,5.87234,-1.7696,-0.855923,-0.000484928,-0.000673819,-0.517102,0.0220374,-0.00184582,-0.00675618,5.91609e-06,0.000512753,0.000732949,0
1765976280000558,0,0.61499,5.87221,-1.77007,-0.855924,-0.000449263,-0.000622837,-0.517102,0.613459,5.87234,-1.7696,-0.855923,-0.000484928,-0.000673819,-0.517102,0.0220374,-0.00184582,-0.00675618,5.91609e-06,0.000512753,0.000732949,0
1765976280010585,0,0.615192,5.8722,-1.77014,-0.855924,-0.000444252,-0.000616038,-0.517102,0.613677,5.87232,-1.76967,-0.855923,-0.000479783,-0.00066651,-0.517102,0.0217803,-0.00175955,-0.00674097,5.94441e-06,0.000513144,0.000728916,0
1765976280010585,0,0.615192,5.8722,-1.77014,-0.855924,-0.000444252,-0.000616038,-0.517102,0.613677,5.87232,-1.76967,-0.855923,-0.000479783,-0.00066651,-0.517102,0.0217803,-0.00175955,-0.00674097,5.94441e-06,0.000513144,0.000728916,0
1765976280020534,0,0.615391,5.87218,-1.7702,-0.855924,-0.000439896,-0.000609308,-0.517102,0.613891,5.8723,-1.76974,-0.855923,-0.000474812,-0.000659381,-0.517102,0.0215377,-0.00172541,-0.00672192,-5.99102e-06,0.00049963,0.000716506,-5.99102e-06
1765976280020534,0,0.615391,5.87218,-1.7702,-0.855924,-0.000439896,-0.000609308,-0.517102,0.613891,5.8723,-1.76974,-0.855923,-0.000474812,-0.000659381,-0.517102,0.0215377,-0.00172541,-0.00672192,-5.99102e-06,0.00049963,0.000716506,-5.99102e-06
1765976280030475,0,0.615588,5.87216,-1.77027,-0.855924,-0.000434864,-0.000602857,-0.517102,0.614103,5.87228,-1.7698,-0.855923,-0.000469816,-0.000652312,-0.517102,0.0213272,-0.00177477,-0.00672733,0,0.000502611,0.000711163,0
1765976280030475,0,0.615588,5.87216,-1.77027,-0.855924,-0.000434864,-0.000602857,-0.517102,0.614103,5.87228,-1.7698,-0.855923,-0.000469816,-0.000652312,-0.517102,0.0213272,-0.00177477,-0.00672733,0,0.000502611,0.000711163,0
1765976280040468,0,0.615784,5.87215,-1.77034,-0.855924,-0.000429771,-0.000596438,-0.517102,0.614314,5.87227,-1.76987,-0.855924,-0.000464788,-0.000645296,-0.517102,0.0211148,-0.00176553,-0.00670426,-5.96464e-06,0.000503167,0.000702063,-5.96464e-06
1765976280040468,0,0.615784,5.87215,-1.77034,-0.855924,-0.000429771,-0.000596438,-0.517102,0.614314,5.87227,-1.76987,-0.855924,-0.000464788,-0.000645296,-0.517102,0.0211148,-0.00176553,-0.00670426,-5.96464e-06,0.000503167,0.000702063,-5.96464e-06
1765976280050603,0,0.615977,5.87213,-1.7704,-0.855924,-0.000425683,-0.000589886,-0.517102,0.614526,5.87225,-1.76994,-0.855924,-0.000459821,-0.000638258,-0.517102,0.0208896,-0.00169375,-0.0066809,0,0.000490047,0.00069438,0
1765976280050603,0,0.615977,5.87213,-1.7704,-0.855924,-0.000425683,-0.000589886,-0.517102,0.614526,5.87225,-1.76994,-0.855924,-0.000459821,-0.000638258,-0.517102,0.0208896,-0.00169375,-0.0066809,0,0.000490047,0.00069438,0
1765976280060438,0,0.616168,5.87212,-1.77047,-0.855924,-0.000421962,-0.000583599,-0.517102,0.614729,5.87223,-1.77,-0.855924,-0.000455113,-0.000631461,-0.517102,0.0206298,-0.00169693,-0.00664227,0,0.000478697,0.000691135,0
1765976280060438,0,0.616168,5.87212,-1.77047,-0.855924,-0.000421962,-0.000583599,-0.517102,0.614729,5.87223,-1.77,-0.855924,-0.000455113,-0.000631461,-0.517102,0.0206298,-0.00169693,-0.00664227,0,0.000478697,0.000691135,0
1765976280070447,0,0.616356,5.8721,-1.77053,-0.855924,-0.000417774,-0.000577544,-0.517102,0.614934,5.87222,-1.77007,-0.855924,-0.000450424,-0.00062469,-0.517102,0.0204498,-0.00166743,-0.00662208,0,0.000468464,0.000676457,0
1765976280070447,0,0.616356,5.8721,-1.77053,-0.855924,-0.000417774,-0.000577544,-0.517102,0.614934,5.87222,-1.77007,-0.855924,-0.000450424,-0.00062469,-0.517102,0.0204498,-0.00166743,-0.00662208,0,0.000468464,0.000676457,0
1765976280080470,0,0.616543,5.87209,-1.77059,-0.855924,-0.00041342,-0.000571338,-0.517102,0.615136,5.8722,-1.77014,-0.855924,-0.00044577,-0.00061798,-0.517102,0.020231,-0.00161753,-0.00658904,0,0.000464358,0.000669501,0
1765976280080470,0,0.616543,5.87209,-1.77059,-0.855924,-0.00041342,-0.000571338,-0.517102,0.615136,5.8722,-1.77014,-0.855924,-0.00044577,-0.00061798,-0.517102,0.020231,-0.00161753,-0.00658904,0,0.000464358,0.000669501,0
1765976280090432,0,0.616728,5.87207,-1.77066,-0.855924,-0.00040897,-0.000565707,-0.517102,0.615336,5.87218,-1.7702,-0.855924,-0.000441148,-0.000611415,-0.517102,0.0200018,-0.00162743,-0.00654562,0,0.000463929,0.000658993,0
1765976280090432,0,0.616728,5.87207,-1.77066,-0.855924,-0.00040897,-0.000565707,-0.517102,0.615336,5.87218,-1.7702,-0.855924,-0.000441148,-0.000611415,-0.517102,0.0200018,-0.00162743,-0.00654562,0,0.000463929,0.000658993,0
1765976280100602,0,0.616911,5.87206,-1.77072,-0.855924,-0.000404262,-0.000560377,-0.517102,0.615537,5.87217,-1.77027,-0.855924,-0.000436464,-0.000604934,-0.517102,0.0198037,-0.00159415,-0.00650552,0,0.000460559,0.000637268,0
1765976280100602,0,0.616911,5.87206,-1.77072,-0.855924,-0.000404262,-0.000560377,-0.517102,0.615537,5.87217,-1.77027,-0.855924,-0.000436464,-0.000604934,-0.517102,0.0198037,-0.00159415,-0.00650552,0,0.000460559,0.000637268,0
1765976280110623,0,0.617092,5.87204,-1.77078,-0.855924,-0.000399662,-0.000554967,-0.517102,0.615733,5.87215,-1.77033,-0.855924,-0.000431859,-0.000598682,-0.517102,0.019545,-0.00161785,-0.00643571,-5.94797e-06,0.000459568,0.000623951,0
1765976280110623,0,0.617092,5.87204,-1.77078,-0.855924,-0.000399662,-0.000554967,-0.517102,0.615733,5.87215,-1.77033,-0.855924,-0.000431859,-0.000598682,-0.517102,0.019545,-0.00161785,-0.00643571,-5.94797e-06,0.000459568,0.000623951,0
1765976280120544,0,0.617271,5.87203,-1.77084,-0.855924,-0.000395157,-0.000549371,-0.517102,0.615925,5.87214,-1.77039,-0.855924,-0.000427275,-0.000592523,-0.517102,0.0193275,-0.00158609,-0.00639243,0,0.000462044,0.000620776,0
1765976280120544,0,0.617271,5.87203,-1.77084,-0.855924,-0.000395157,-0.000549371,-0.517102,0.615925,5.87214,-1.77039,-0.855924,-0.000427275,-0.000592523,-0.517102,0.0193275,-0.00158609,-0.00639243,0,0.000462044,0.000620776,0
1765976280130623,0,0.617448,5.87201,-1.7709,-0.855924,-0.000390761,-0.000542916,-0.517102,0.616118,5.87212,-1.77046,-0.855924,-0.000422639,-0.000586225,-0.517102,0.0191428,-0.00156123,-0.00635136,5.91375e-06,0.000459938,0.000624859,0
1765976280130623,0,0.617448,5.87201,-1.7709,-0.855924,-0.000390761,-0.000542916,-0.517102,0.616118,5.87212,-1.77046,-0.855924,-0.000422639,-0.000586225,-0.517102,0.0191428,-0.00156123,-0.00635136,5.91375e-06,0.000459938,0.000624859,0
1765976280140451,0,0.617624,5.872,-1.77096,-0.855924,-0.000386268,-0.00053629,-0.517102,0.616304,5.8721,-1.77052,-0.855924,-0.000418114,-0.000580011,-0.517102,0.0189221,-0.00155258,-0.00630737,0,0.0004605,0.000632229,0
1765976280140451,0,0.617624,5.872,-1.77096,-0.855924,-0.000386268,-0.00053629,-0.517102,0.616304,5.8721,-1.77052,-0.855924,-0.000418114,-0.000580011,-0.517102,0.0189221,-0.00155258,-0.00630737,0,0.0004605,0.000632229,0
1765976280150522,0,0.617797,5.87198,-1.77102,-0.855924,-0.000381823,-0.000529869,-0.517102,0.616493,5.87209,-1.77058,-0.855924,-0.000413536,-0.000573686,-0.517102,0.0187674,-0.00156247,-0.00626171,-5.91844e-06,0.000454544,0.000628043,0
1765976280150522,0,0.617797,5.87198,-1.77102,-0.855924,-0.000381823,-0.000529869,-0.517102,0.616493,5.87209,-1.77058,-0.855924,-0.000413536,-0.000573686,-0.517102,0.0187674,-0.00156247,-0.00626171,-5.91844e-06,0.000454544,0.000628043,0
1765976280160490,0,0.617968,5.87197,-1.77108,-0.855924,-0.000377739,-0.000523582,-0.517102,0.616677,5.87207,-1.77065,-0.855924,-0.000409052,-0.000567409,-0.517102,0.0185487,-0.00148294,-0.00619486,0,0.00044988,0.000629697,0
1765976280160490,0,0.617968,5.87197,-1.77108,-0.855924,-0.000377739,-0.000523582,-0.517102,0.616677,5.87207,-1.77065,-0.855924,-0.000409052,-0.000567409,-0.517102,0.0185487,-0.00148294,-0.00619486,0,0.00044988,0.000629697,0
1765976280170437,0,0.618138,5.87195,-1.77113,-0.855924,-0.000374027,-0.000517884,-0.517102,0.61686,5.87206,-1.77071,-0.855924,-0.000404656,-0.000561195,-0.517102,0.0183602,-0.00148607,-0.00613604,0,0.000441853,0.0006248,0
1765976280170437,0,0.618138,5.87195,-1.77113,-0.855924,-0.000374027,-0.000517884,-0.517102,0.61686,5.87206,-1.77071,-0.855924,-0.000404656,-0.000561195,-0.517102,0.0183602,-0.00148607,-0.00613604,0,0.000441853,0.0006248,0
1765976280180450,0,0.618306,5.87194,-1.77119,-0.855924,-0.000369819,-0.000512696,-0.517102,0.617042,5.87204,-1.77077,-0.855924,-0.000400275,-0.000555095,-0.517102,0.0181677,-0.00147628,-0.00605987,5.95273e-06,0.000437563,0.000609149,0
1765976280180450,0,0.618306,5.87194,-1.77119,-0.855924,-0.000369819,-0.000512696,-0.517102,0.617042,5.87204,-1.77077,-0.855924,-0.000400275,-0.000555095,-0.517102,0.0181677,-0.00147628,-0.00605987,5.95273e-06,0.000437563,0.000609149,0
1765976280190444,0,0.618472,5.87193,-1.77125,-0.855924,-0.000365721,-0.000507711,-0.517102,0.617222,5.87203,-1.77083,-0.855924,-0.000395936,-0.000549144,-0.517102,0.0179697,-0.00147908,-0.00599983,0,0.000434216,0.000595449,0
1765976280190444,0,0.618472,5.87193,-1.77125,-0.855924,-0.000365721,-0.000507711,-0.517102,0.617222,5.87203,-1.77083,-0.855924,-0.000395936,-0.000549144,-0.517102,0.0179697,-0.00147908,-0.00599983,0,0.000434216,0.000595449,0
1765976280200473,0,0.618636,5.87191,-1.7713,-0.855924,-0.000361896,-0.000502711,-0.517102,0.6174,5.87202,-1.77089,-0.855924,-0.000391656,-0.000543306,-0.517102,0.0177762,-0.00142638,-0.00594323,0,0.000426731,0.0005821,0
1765976280200473,0,0.618636,5.87191,-1.7713,-0.855924,-0.000361896,-0.000502711,-0.517102,0.6174,5.87202,-1.77089,-0.855924,-0.000391656,-0.000543306,-0.517102,0.0177762,-0.00142638,-0.00594323,0,0.000426731,0.0005821,0
1765976280210479,0,0.618799,5.8719,-1.77135,-0.855924,-0.000358169,-0.000497642,-0.517102,0.617576,5.872,-1.77095,-0.855924,-0.000387449,-0.000537569,-0.517102,0.0175847,-0.00142965,-0.00586158,0,0.000420478,0.00057338,0
1765976280210479,0,0.618799,5.8719,-1.77135,-0.855924,-0.000358169,-0.000497642,-0.517102,0.617576,5.872,-1.77095,-0.855924,-0.000387449,-0.000537569,-0.517102,0.0175847,-0.00142965,-0.00586158,0,0.000420478,0.00057338,0
1765976280220439,0,0.61896,5.87189,-1.77141,-0.855924,-0.000354178,-0.000492692,-0.517102,0.617749,5.87199,-1.771,-0.855924,-0.00038327,-0.000531933,-0.517102,0.0173907,-0.00143626,-0.0057929,-5.9844e-06,0.00041956,0.000565918,0
1765976280220439,0,0.61896,5.87189,-1.77141,-0.855924,-0.000354178,-0.000492692,-0.517102,0.617749,5.87199,-1.771,-0.855924,-0.00038327,-0.000531933,-0.517102,0.0173907,-0.00143626,-0.0057929,-5.9844e-06,0.00041956,0.000565918,0
1765976280230501,0,0.619119,5.87187,-1.77146,-0.855924,-0.000350385,-0.000487546,-0.517102,0.617922,5.87197,-1.77106,-0.855924,-0.000379132,-0.000526347,-0.517102,0.0172144,-0.00137431,-0.00572233,0,0.000411266,0.000555119,0
1765976280230501,0,0.619119,5.87187,-1.77146,-0.855924,-0.000350385,-0.000487546,-0.517102,0.617922,5.87197,-1.77106,-0.855924,-0.000379132,-0.000526347,-0.517102,0.0172144,-0.00137431,-0.00572233,0,0.000411266,0.000555119,0
1765976280240447,0,0.619276,5.87186,-1.77151,-0.855924,-0.000346679,-0.000482316,-0.517102,0.618091,5.87196,-1.77112,-0.855924,-0.00037506,-0.000520823,-0.517102,0.0170196,-0.00139034,-0.00564524,5.99283e-06,0.00040937,0.000555431,0
1765976280240447,0,0.619276,5.87186,-1.77151,-0.855924,-0.000346679,-0.000482316,-0.517102,0.618091,5.87196,-1.77112,-0.855924,-0.00037506,-0.000520823,-0.517102,0.0170196,-0.00139034,-0.00564524,5.99283e-06,0.00040937,0.000555431,0
1765976280250674,0,0.619432,5.87185,-1.77156,-0.855924,-0.000342715,-0.000477319,-0.517102,0.618264,5.87194,-1.77117,-0.855924,-0.000370936,-0.000515275,-0.517102,0.0168434,-0.00139876,-0.00556007,0,0.000403273,0.000542406,0
1765976280250674,0,0.619432,5.87185,-1.77156,-0.855924,-0.000342715,-0.000477319,-0.517102,0.618264,5.87194,-1.77117,-0.855924,-0.000370936,-0.000515275,-0.517102,0.0168434,-0.00139876,-0.00556007,0,0.000403273,0.000542406,0
1765976280260545,0,0.619586,5.87184,-1.77161,-0.855924,-0.000339077,-0.000472078,-0.517102,0.618428,5.87193,-1.77123,-0.855924,-0.000366988,-0.000509923,-0.517102,0.0166176,-0.00135259,-0.00545868,0,0.000399897,0.000542232,0
1765976280260545,0,0.619586,5.87184,-1.77161,-0.855924,-0.000339077,-0.000472078,-0.517102,0.618428,5.87193,-1.77123,-0.855924,-0.000366988,-0.000509923,-0.517102,0.0166176,-0.00135259,-0.00545868,0,0.000399897,0.000542232,0
1765976280270448,0,0.619738,5.87182,-1.77166,-0.855924,-0.000335572,-0.000466513,-0.517102,0.618591,5.87192,-1.77128,-0.855924,-0.000363045,-0.000504474,-0.517102,0.0164736,-0.00134822,-0.00539289,0,0.000398214,0.000550243,0
1765976280270448,0,0.619738,5.87182,-1.77166,-0.855924,-0.000335572,-0.000466513,-0.517102,0.618591,5.87192,-1.77128,-0.855924,-0.000363045,-0.000504474,-0.517102,0.0164736,-0.00134822,-0.00539289,0,0.000398214,0.000550243,0
1765976280280590,0,0.619889,5.87181,-1.7717,-0.855924,-0.00033166,-0.000460732,-0.517102,0.618756,5.8719,-1.77133,-0.855924,-0.000359057,-0.000498916,-0.517102,0.0163087,-0.00131645,-0.00530106,0,0.000393192,0.000548003,0
1765976280280590,0,0.619889,5.87181,-1.7717,-0.855924,-0.00033166,-0.000460732,-0.517102,0.618756,5.8719,-1.77133,-0.855924,-0.000359057,-0.000498916,-0.517102,0.0163087,-0.00131645,-0.00530106,0,0.000393192,0.000548003,0
1765976280290624,0,0.620038,5.8718,-1.77175,-0.855924,-0.000327866,-0.000455361,-0.517102,0.618918,5.87189,-1.77139,-0.855924,-0.00035515,-0.00049346,-0.517102,0.01611,-0.00133062,-0.00522744,0,0.000389415,0.000543784,0
1765976280290624,0,0.620038,5.8718,-1.77175,-0.855924,-0.000327866,-0.000455361,-0.517102,0.618918,5.87189,-1.77139,-0.855924,-0.00035515,-0.00049346,-0.517102,0.01611,-0.00133062,-0.00522744,0,0.000389415,0.000543784,0
1765976280300641,0,0.620186,5.87179,-1.7718,-0.855924,-0.000324135,-0.00045025,-0.517102,0.619078,5.87188,-1.77144,-0.855924,-0.000351248,-0.000488024,-0.517102,0.015935,-0.00133288,-0.0051292,-5.95035e-06,0.000389507,0.000542661,0
1765976280300641,0,0.620186,5.87179,-1.7718,-0.855924,-0.000324135,-0.00045025,-0.517102,0.619078,5.87188,-1.77144,-0.855924,-0.000351248,-0.000488024,-0.517102,0.015935,-0.00133288,-0.0051292,-5.95035e-06,0.000389507,0.000542661,0
1765976280310530,0,0.620332,5.87178,-1.77184,-0.855924,-0.000320693,-0.000444777,-0.517102,0.619233,5.87187,-1.77149,-0.855924,-0.000347438,-0.000482631,-0.517102,0.0157616,-0.00130191,-0.00503888,-6.02737e-06,0.000385319,0.000545389,0
1765976280310530,0,0.620332,5.87178,-1.77184,-0.855924,-0.000320693,-0.000444777,-0.517102,0.619233,5.87187,-1.77149,-0.855924,-0.000347438,-0.000482631,-0.517102,0.0157616,-0.00130191,-0.00503888,-6.02737e-06,0.000385319,0.000545389,0
1765976280320557,0,0.620476,5.87176,-1.77188,-0.855924,-0.000317453,-0.000439109,-0.517102,0.61939,5.87185,-1.77154,-0.855924,-0.000343672,-0.000477165,-0.517102,0.015616,-0.00133155,-0.00494575,0,0.000375529,0.000545058,0
1765976280320557,0,0.620476,5.87176,-1.77188,-0.855924,-0.000317453,-0.000439109,-0.517102,0.61939,5.87185,-1.77154,-0.855924,-0.000343672,-0.000477165,-0.517102,0.015616,-0.00133155,-0.00494575,0,0.000375529,0.000545058,0
1765976280330638,0,0.620619,5.87175,-1.77193,-0.855924,-0.000314414,-0.000433512,-0.517102,0.619546,5.87184,-1.77159,-0.855924,-0.000339991,-0.000471673,-0.517102,0.0154496,-0.00127712,-0.00486013,0,0.000365153,0.000544811,0
1765976280330638,0,0.620619,5.87175,-1.77193,-0.855924,-0.000314414,-0.000433512,-0.517102,0.619546,5.87184,-1.77159,-0.855924,-0.000339991,-0.000471673,-0.517102,0.0154496,-0.00127712,-0.00486013,0,0.000365153,0.000544811,0
1765976280340624,0,0.620761,5.87174,-1.77197,-0.855924,-0.000311849,-0.000428148,-0.517102,0.619698,5.87183,-1.77163,-0.855924,-0.000336442,-0.000466184,-0.517102,0.0152682,-0.00124151,-0.00476312,0,0.000355384,0.000549639,0
1765976280340624,0,0.620761,5.87174,-1.77197,-0.855924,-0.000311849,-0.000428148,-0.517102,0.619698,5.87183,-1.77163,-0.855924,-0.000336442,-0.000466184,-0.517102,0.0152682,-0.00124151,-0.00476312,0,0.000355384,0.000549639,0
1765976280350558,0,0.620901,5.87173,-1.77201,-0.855924,-0.000308841,-0.000423224,-0.517102,0.619848,5.87181,-1.77168,-0.855924,-0.000332992,-0.000460814,-0.517102,0.0151082,-0.00124801,-0.00468005,0,0.000347339,0.000540612,0
1765976280350558,0,0.620901,5.87173,-1.77201,-0.855924,-0.000308841,-0.000423224,-0.517102,0.619848,5.87181,-1.77168,-0.855924,-0.000332992,-0.000460814,-0.517102,0.0151082,-0.00124801,-0.00468005,0,0.000347339,0.000540612,0
1765976280360557,0,0.621039,5.87172,-1.77205,-0.855924,-0.000305378,-0.000418471,-0.517102,0.619998,5.8718,-1.77173,-0.855924,-0.00032952,-0.00045549,-0.517102,0.0149682,-0.0012399,-0.00460194,-5.96106e-06,0.000347246,0.000532464,0
1765976280360557,0,0.621039,5.87172,-1.77205,-0.855924,-0.000305378,-0.000418471,-0.517102,0.619998,5.8718,-1.77173,-0.855924,-0.00032952,-0.00045549,-0.517102,0.0149682,-0.0012399,-0.00460194,-5.96106e-06,0.000347246,0.000532464,0
1765976280370537,0,0.621176,5.87171,-1.77209,-0.855924,-0.000302073,-0.000413835,-0.517102,0.620146,5.87179,-1.77177,-0.855924,-0.000326071,-0.000450255,-0.517102,0.0148056,-0.00119448,-0.0045032,0,0.000345592,0.000524502,0
1765976280370537,0,0.621176,5.87171,-1.77209,-0.855924,-0.000302073,-0.000413835,-0.517102,0.620146,5.87179,-1.77177,-0.855924,-0.000326071,-0.000450255,-0.517102,0.0148056,-0.00119448,-0.0045032,0,0.000345592,0.000524502,0
1765976280380751,0,0.621311,5.87169,-1.77212,-0.855924,-0.000298877,-0.000409571,-0.517102,0.620295,5.87178,-1.77182,-0.855924,-0.000322605,-0.000445071,-0.517102,0.0146531,-0.00116712,-0.0044117,-5.83558e-06,0.00033925,0.000507545,0
1765976280380751,0,0.621311,5.87169,-1.77212,-0.855924,-0.000298877,-0.000409571,-0.517102,0.620295,5.87178,-1.77182,-0.855924,-0.000322605,-0.000445071,-0.517102,0.0146531,-0.00116712,-0.0044117,-5.83558e-06,0.00033925,0.000507545,0
1765976280390623,0,0.621445,5.87168,-1.77216,-0.855924,-0.000295313,-0.000405745,-0.517102,0.620438,5.87177,-1.77186,-0.855924,-0.000319206,-0.000440172,-0.517102,0.0144544,-0.00115925,-0.00429888,0,0.000344393,0.000496239,0
1765976280390623,0,0.621445,5.87168,-1.77216,-0.855924,-0.000295313,-0.000405745,-0.517102,0.620438,5.87177,-1.77186,-0.855924,-0.000319206,-0.000440172,-0.517102,0.0144544,-0.00115925,-0.00429888,0,0.000344393,0.000496239,0
1765976280400703,0,0.621578,5.87167,-1.77219,-0.855924,-0.000291389,-0.000401991,-0.517102,0.620582,5.87175,-1.7719,-0.855924,-0.000315713,-0.000435378,-0.517102,0.0143217,-0.00118263,-0.00419834,0,0.000346535,0.000475657,0
1765976280400703,0,0.621578,5.87167,-1.77219,-0.855924,-0.000291389,-0.000401991,-0.517102,0.620582,5.87175,-1.7719,-0.855924,-0.000315713,-0.000435378,-0.517102,0.0143217,-0.00118263,-0.00419834,0,0.000346535,0.000475657,0
1765976280410761,0,0.621709,5.87166,-1.77223,-0.855924,-0.000287428,-0.000397747,-0.517102,0.620725,5.87174,-1.77194,-0.855924,-0.000312128,-0.000430609,-0.517102,0.0141634,-0.00113781,-0.00411271,0,0.000356358,0.000474111,0
1765976280410761,0,0.621709,5.87166,-1.77223,-0.855924,-0.000287428,-0.000397747,-0.517102,0.620725,5.87174,-1.77194,-0.855924,-0.000312128,-0.000430609,-0.517102,0.0141634,-0.00113781,-0.00411271,0,0.000356358,0.000474111,0
1765976280420593,0,0.621839,5.87165,-1.77226,-0.855924,-0.000283872,-0.000393365,-0.517102,0.620863,5.87173,-1.77198,-0.855924,-0.000308622,-0.000425987,-0.517102,0.0140039,-0.00116396,-0.00401325,0,0.000356637,0.000470072,0
1765976280420593,0,0.621839,5.87165,-1.77226,-0.855924,-0.000283872,-0.000393365,-0.517102,0.620863,5.87173,-1.77198,-0.855924,-0.000308622,-0.000425987,-0.517102,0.0140039,-0.00116396,-0.00401325,0,0.000356637,0.000470072,0
1765976280430683,0,0.621968,5.87164,-1.77229,-0.855924,-0.000280366,-0.000388936,-0.517102,0.621003,5.87172,-1.77202,-0.855924,-0.000305069,-0.000421328,-0.517102,0.0138881,-0.0011342,-0.00391063,0,0.000352148,0.000461773,0
1765976280430683,0,0.621968,5.87164,-1.77229,-0.855924,-0.000280366,-0.000388936,-0.517102,0.621003,5.87172,-1.77202,-0.855924,-0.000305069,-0.000421328,-0.517102,0.0138881,-0.0011342,-0.00391063,0,0.000352148,0.000461773,0
1765976280440548,0,0.622095,5.87163,-1.77233,-0.855924,-0.000277308,-0.000384432,-0.517102,0.621138,5.87171,-1.77206,-0.855924,-0.000301584,-0.000416697,-0.517102,0.0137215,-0.00111173,-0.00381856,0,0.000353235,0.000469485,0
1765976280440548,0,0.622095,5.87163,-1.77233,-0.855924,-0.000277308,-0.000384432,-0.517102,0.621138,5.87171,-1.77206,-0.855924,-0.000301584,-0.000416697,-0.517102,0.0137215,-0.00111173,-0.00381856,0,0.000353235,0.000469485,0
1765976280450641,0,0.62222,5.87162,-1.77236,-0.855924,-0.000274391,-0.00038035,-0.517102,0.621275,5.8717,-1.7721,-0.855924,-0.000298144,-0.000412098,-0.517102,0.0136005,-0.00108662,-0.0037323,0,0.000340869,0.000455615,0
1765976280450641,0,0.62222,5.87162,-1.77236,-0.855924,-0.000274391,-0.00038035,-0.517102,0.621275,5.8717,-1.7721,-0.855924,-0.000298144,-0.000412098,-0.517102,0.0136005,-0.00108662,-0.0037323,0,0.000340869,0.000455615,0
1765976280460558,0,0.622345,5.87161,-1.77239,-0.855924,-0.000271322,-0.000376538,-0.517102,0.621409,5.87169,-1.77213,-0.855924,-0.000294794,-0.000407657,-0.517102,0.0134452,-0.0011059,-0.00364227,6.01035e-06,0.000337798,0.000447847,0
1765976280460558,0,0.622345,5.87161,-1.77239,-0.855924,-0.000271322,-0.000376538,-0.517102,0.621409,5.87169,-1.77213,-0.855924,-0.000294794,-0.000407657,-0.517102,0.0134452,-0.0011059,-0.00364227,6.01035e-06,0.000337798,0.000447847,0
1765976280470520,0,0.622468,5.8716,-1.77241,-0.855924,-0.000268364,-0.000373044,-0.517102,0.621541,5.87168,-1.77217,-0.855924,-0.000291475,-0.000403311,-0.517102,0.0133066,-0.00114877,-0.00353009,0,0.00033309,0.00043623,0
1765976280470520,0,0.622468,5.8716,-1.77241,-0.855924,-0.000268364,-0.000373044,-0.517102,0.621541,5.87168,-1.77217,-0.855924,-0.000291475,-0.000403311,-0.517102,0.0133066,-0.00114877,-0.00353009,0,0.00033309,0.00043623,0
1765976280480589,0,0.62259,5.87159,-1.77244,-0.855924,-0.000266068,-0.000369197,-0.517102,0.621674,5.87167,-1.7722,-0.855924,-0.000288279,-0.000399019,-0.517102,0.0131771,-0.00104185,-0.00344522,0,0.000317474,0.000426259,0
1765976280480589,0,0.62259,5.87159,-1.77244,-0.855924,-0.000266068,-0.000369197,-0.517102,0.621674,5.87167,-1.7722,-0.855924,-0.000288279,-0.000399019,-0.517102,0.0131771,-0.00104185,-0.00344522,0,0.000317474,0.000426259,0
1765976280490594,0,0.62271,5.87158,-1.77247,-0.855924,-0.000264182,-0.000365269,-0.517102,0.621804,5.87165,-1.77224,-0.855924,-0.00028525,-0.000394777,-0.517102,0.0130231,-0.00104852,-0.00333619,5.95749e-06,0.00030275,0.000424032,0
1765976280490594,0,0.62271,5.87158,-1.77247,-0.855924,-0.000264182,-0.000365269,-0.517102,0.621804,5.87165,-1.77224,-0.855924,-0.00028525,-0.000394777,-0.517102,0.0130231,-0.00104852,-0.00333619,5.95749e-06,0.00030275,0.000424032,0
1765976280500627,0,0.622829,5.87157,-1.77249,-0.855924,-0.000261518,-0.000361943,-0.517102,0.621933,5.87164,-1.77227,-0.855924,-0.000282268,-0.000390651,-0.517102,0.0128798,-0.00104559,-0.00324371,0,0.00029724,0.000411239,0
1765976280500627,0,0.622829,5.87157,-1.77249,-0.855924,-0.000261518,-0.000361943,-0.517102,0.621933,5.87164,-1.77227,-0.855924,-0.000282268,-0.000390651,-0.517102,0.0128798,-0.00104559,-0.00324371,0,0.00029724,0.000411239,0
1765976280510556,0,0.622947,5.87156,-1.77252,-0.855924,-0.000258616,-0.000358556,-0.517102,0.62206,5.87163,-1.7723,-0.855924,-0.000279299,-0.000386623,-0.517102,0.0127385,-0.00100852,-0.00314562,0,0.000298944,0.000405669,0
1765976280510556,0,0.622947,5.87156,-1.77252,-0.855924,-0.000258616,-0.000358556,-0.517102,0.62206,5.87163,-1.7723,-0.855924,-0.000279299,-0.000386623,-0.517102,0.0127385,-0.00100852,-0.00314562,0,0.000298944,0.000405669,0
1765976280520543,0,0.623064,5.87155,-1.77254,-0.855924,-0.000255547,-0.000355069,-0.517102,0.622186,5.87162,-1.77233,-0.855924,-0.000276316,-0.000382659,-0.517102,0.0126168,-0.00105041,-0.00305573,0,0.000298749,0.000396875,0
1765976280520543,0,0.623064,5.87155,-1.77254,-0.855924,-0.000255547,-0.000355069,-0.517102,0.622186,5.87162,-1.77233,-0.855924,-0.000276316,-0.000382659,-0.517102,0.0126168,-0.00105041,-0.00305573,0,0.000298749,0.000396875,0
1765976280530552,0,0.623179,5.87154,-1.77257,-0.855924,-0.000252477,-0.000351555,-0.517102,0.622311,5.87161,-1.77236,-0.855924,-0.00027332,-0.00037875,-0.517102,0.0124879,-0.0010481,-0.00295373,0,0.000299328,0.000390551,0
1765976280530552,0,0.623179,5.87154,-1.77257,-0.855924,-0.000252477,-0.000351555,-0.517102,0.622311,5.87161,-1.77236,-0.855924,-0.00027332,-0.00037875,-0.517102,0.0124879,-0.0010481,-0.00295373,0,0.000299328,0.000390551,0
1765976280540576,0,0.623294,5.87153,-1.77259,-0.855924,-0.000250181,-0.000347836,-0.517102,0.622435,5.8716,-1.77239,-0.855924,-0.000270409,-0.000374862,-0.517102,0.0123502,-0.00104653,-0.00284228,0,0.000290336,0.000387902,0
1765976280540576,0,0.623294,5.87153,-1.77259,-0.855924,-0.000250181,-0.000347836,-0.517102,0.622435,5.8716,-1.77239,-0.855924,-0.000270409,-0.000374862,-0.517102,0.0123502,-0.00104653,-0.00284228,0,0.000290336,0.000387902,0
1765976280550592,0,0.623407,5.87152,-1.77261,-0.855924,-0.000248395,-0.000343982,-0.517102,0.622557,5.87159,-1.77242,-0.855924,-0.000267636,-0.000370971,-0.517102,0.0122113,-0.000999758,-0.00276124,0,0.000276916,0.000388441,0
1765976280550592,0,0.623407,5.87152,-1.77261,-0.855924,-0.000248395,-0.000343982,-0.517102,0.622557,5.87159,-1.77242,-0.855924,-0.000267636,-0.000370971,-0.517102,0.0122113,-0.000999758,-0.00276124,0,0.000276916,0.000388441,0
1765976280560619,0,0.623519,5.87151,-1.77263,-0.855924,-0.000246621,-0.000340068,-0.517102,0.622678,5.87158,-1.77244,-0.855924,-0.000265004,-0.000367101,-0.517102,0.0120791,-0.000998662,-0.0026631,0,0.000262506,0.000386015,0
1765976280560619,0,0.623519,5.87151,-1.77263,-0.855924,-0.000246621,-0.000340068,-0.517102,0.622678,5.87158,-1.77244,-0.855924,-0.000265004,-0.000367101,-0.517102,0.0120791,-0.000998662,-0.0026631,0,0.000262506,0.000386015,0
1765976280570566,0,0.623629,5.87151,-1.77265,-0.855924,-0.000244396,-0.000336278,-0.517102,0.622797,5.87157,-1.77247,-0.855924,-0.000262415,-0.000363228,-0.517102,0.0119545,-0.00100669,-0.00257666,0,0.000260293,0.000389319,0
1765976280570566,0,0.623629,5.87151,-1.77265,-0.855924,-0.000244396,-0.000336278,-0.517102,0.622797,5.87157,-1.77247,-0.855924,-0.000262415,-0.000363228,-0.517102,0.0119545,-0.00100669,-0.00257666,0,0.000260293,0.000389319,0
1765976280580593,0,0.623739,5.8715,-1.77267,-0.855924,-0.000242144,-0.000332455,-0.517102,0.622916,5.87156,-1.77249,-0.855924,-0.000259867,-0.000359361,-0.517102,0.0118234,-0.000951106,-0.00247288,0,0.000254034,0.00038567,0
1765976280580593,0,0.623739,5.8715,-1.77267,-0.855924,-0.000242144,-0.000332455,-0.517102,0.622916,5.87156,-1.77249,-0.855924,-0.000259867,-0.000359361,-0.517102,0.0118234,-0.000951106,-0.00247288,0,0.000254034,0.00038567,0
1765976280590514,0,0.623847,5.87149,-1.77268,-0.855924,-0.00023984,-0.000328705,-0.517102,0.623032,5.87155,-1.77252,-0.855924,-0.000257352,-0.000355511,-0.517102,0.0117034,-0.000961268,-0.00237914,0,0.000253527,0.000388066,0
1765976280590514,0,0.623847,5.87149,-1.77268,-0.855924,-0.00023984,-0.000328705,-0.517102,0.623032,5.87155,-1.77252,-0.855924,-0.000257352,-0.000355511,-0.517102,0.0117034,-0.000961268,-0.00237914,0,0.000253527,0.000388066,0
1765976280600577,0,0.623954,5.87148,-1.7727,-0.855924,-0.000237124,-0.000325246,-0.517102,0.623148,5.87154,-1.77254,-0.855924,-0.00025481,-0.000351708,-0.517102,0.0115916,-0.000947704,-0.00228634,0,0.000252633,0.000377974,0
1765976280600577,0,0.623954,5.87148,-1.7727,-0.855924,-0.000237124,-0.000325246,-0.517102,0.623148,5.87154,-1.77254,-0.855924,-0.00025481,-0.000351708,-0.517102,0.0115916,-0.000947704,-0.00228634,0,0.000252633,0.000377974,0
1765976280610579,0,0.62406,5.87147,-1.77272,-0.855924,-0.000234522,-0.000321953,-0.517102,0.623263,5.87154,-1.77256,-0.855924,-0.00025226,-0.000347968,-0.517102,0.0114537,-0.000905809,-0.00220493,0,0.000254922,0.000373872,0
1765976280610579,0,0.62406,5.87147,-1.77272,-0.855924,-0.000234522,-0.000321953,-0.517102,0.623263,5.87154,-1.77256,-0.855924,-0.00025226,-0.000347968,-0.517102,0.0114537,-0.000905809,-0.00220493,0,0.000254922,0.000373872,0
1765976280620426,0,0.624165,5.87146,-1.77273,-0.855924,-0.000231826,-0.000318921,-0.517102,0.623375,5.87153,-1.77258,-0.855924,-0.000249693,-0.000344318,-0.517102,0.0113314,-0.000871643,-0.00210647,0,0.000260749,0.000370653,0
1765976280620426,0,0.624165,5.87146,-1.77273,-0.855924,-0.000231826,-0.000318921,-0.517102,0.623375,5.87153,-1.77258,-0.855924,-0.000249693,-0.000344318,-0.517102,0.0113314,-0.000871643,-0.00210647,0,0.000260749,0.000370653,0
1765976280630620,0,0.624268,5.87145,-1.77274,-0.855924,-0.000228546,-0.00031612,-0.517102,0.623489,5.87152,-1.7726,-0.855924,-0.000247032,-0.00034077,-0.517102,0.0112321,-0.000935525,-0.00203477,0,0.000260995,0.00034803,0
1765976280630620,0,0.624268,5.87145,-1.77274,-0.855924,-0.000228546,-0.00031612,-0.517102,0.623489,5.87152,-1.7726,-0.855924,-0.000247032,-0.00034077,-0.517102,0.0112321,-0.000935525,-0.00203477,0,0.000260995,0.00034803,0
1765976280640565,0,0.624371,5.87144,-1.77276,-0.855924,-0.000225286,-0.000313418,-0.517102,0.623599,5.87151,-1.77262,-0.855924,-0.000244302,-0.000337336,-0.517102,0.0110878,-0.000911001,-0.00192988,0,0.000274536,0.000345307,0
1765976280640565,0,0.624371,5.87144,-1.77276,-0.855924,-0.000225286,-0.000313418,-0.517102,0.623599,5.87151,-1.77262,-0.855924,-0.000244302,-0.000337336,-0.517102,0.0110878,-0.000911001,-0.00192988,0,0.000274536,0.000345307,0
1765976280650622,0,0.624473,5.87144,-1.77277,-0.855924,-0.000222894,-0.000310387,-0.517102,0.62371,5.8715,-1.77264,-0.855924,-0.000241609,-0.000333947,-0.517102,0.0109762,-0.000900856,-0.00184912,0,0.000267731,0.000337042,0
1765976280650622,0,0.624473,5.87144,-1.77277,-0.855924,-0.000222894,-0.000310387,-0.517102,0.62371,5.8715,-1.77264,-0.855924,-0.000241609,-0.000333947,-0.517102,0.0109762,-0.000900856,-0.00184912,0,0.000267731,0.000337042,0
1765976280660621,0,0.624573,5.87143,-1.77278,-0.855924,-0.000220623,-0.000307056,-0.517102,0.623818,5.87149,-1.77266,-0.855924,-0.000238972,-0.000330568,-0.517102,0.0108551,-0.000906081,-0.00175255,0,0.000263741,0.000337953,0
1765976280660621,0,0.624573,5.87143,-1.77278,-0.855924,-0.000220623,-0.000307056,-0.517102,0.623818,5.87149,-1.77266,-0.855924,-0.000238972,-0.000330568,-0.517102,0.0108551,-0.000906081,-0.00175255,0,0.000263741,0.000337953,0
1765976280670514,0,0.624672,5.87142,-1.77279,-0.855924,-0.000218499,-0.000303612,-0.517102,0.623924,5.87148,-1.77268,-0.855924,-0.000236402,-0.000327184,-0.517102,0.0107364,-0.000819391,-0.00167493,0,0.000259763,0.000342024,0
1765976280670514,0,0.624672,5.87142,-1.77279,-0.855924,-0.000218499,-0.000303612,-0.517102,0.623924,5.87148,-1.77268,-0.855924,-0.000236402,-0.000327184,-0.517102,0.0107364,-0.000819391,-0.00167493,0,0.000259763,0.000342024,0
1765976280680635,0,0.624771,5.87141,-1.7728,-0.855924,-0.00021613,-0.000300251,-0.517102,0.624032,5.87147,-1.77269,-0.855924,-0.000233852,-0.000323796,-0.517102,0.01063,-0.000895159,-0.00159009,0,0.000251952,0.000334739,0
1765976280680635,0,0.624771,5.87141,-1.7728,-0.855924,-0.00021613,-0.000300251,-0.517102,0.624032,5.87147,-1.77269,-0.855924,-0.000233852,-0.000323796,-0.517102,0.01063,-0.000895159,-0.00159009,0,0.000251952,0.000334739,0
1765976280690559,0,0.624868,5.8714,-1.77281,-0.855924,-0.000213303,-0.000297189,-0.517102,0.624136,5.87146,-1.77271,-0.855924,-0.00023127,-0.000320453,-0.517102,0.0105047,-0.00086488,-0.00150153,0,0.000260154,0.000336844,0
1765976280690559,0,0.624868,5.8714,-1.77281,-0.855924,-0.000213303,-0.000297189,-0.517102,0.624136,5.87146,-1.77271,-0.855924,-0.00023127,-0.000320453,-0.517102,0.0105047,-0.00086488,-0.00150153,0,0.000260154,0.000336844,0
1765976280700628,0,0.624964,5.8714,-1.77282,-0.855924,-0.000211134,-0.000293807,-0.517102,0.624241,5.87146,-1.77272,-0.855924,-0.000228739,-0.000317104,-0.517102,0.0104067,-0.000852425,-0.00143255,5.91962e-06,0.000251383,0.000332649,0
1765976280700628,0,0.624964,5.8714,-1.77282,-0.855924,-0.000211134,-0.000293807,-0.517102,0.624241,5.87146,-1.77272,-0.855924,-0.000228739,-0.000317104,-0.517102,0.0104067,-0.000852425,-0.00143255,5.91962e-06,0.000251383,0.000332649,0
1765976280710629,0,0.625059,5.87139,-1.77283,-0.855924,-0.00020901,-0.000290397,-0.517102,0.624344,5.87145,-1.77273,-0.855924,-0.00022626,-0.000313748,-0.517102,0.0102867,-0.000858221,-0.00133501,-5.95987e-06,0.00024788,0.000335534,0
1765976280710629,0,0.625059,5.87139,-1.77283,-0.855924,-0.00020901,-0.000290397,-0.517102,0.624344,5.87145,-1.77273,-0.855924,-0.00022626,-0.000313748,-0.517102,0.0102867,-0.000858221,-0.00133501,-5.95987e-06,0.00024788,0.000335534,0
1765976280720486,0,0.625154,5.87138,-1.77284,-0.855924,-0.000207001,-0.000287093,-0.517102,0.624444,5.87144,-1.77275,-0.855924,-0.00022384,-0.000310398,-0.517102,0.010177,-0.000822383,-0.00125776,0,0.000245549,0.000339854,0
1765976280720486,0,0.625154,5.87138,-1.77284,-0.855924,-0.000207001,-0.000287093,-0.517102,0.624444,5.87144,-1.77275,-0.855924,-0.00022384,-0.000310398,-0.517102,0.010177,-0.000822383,-0.00125776,0,0.000245549,0.000339854,0
1765976280730477,0,0.625247,5.87137,-1.77284,-0.855924,-0.000204995,-0.000283763,-0.517102,0.624545,5.87143,-1.77276,-0.855924,-0.000221472,-0.000307052,-0.517102,0.0100882,-0.00085908,-0.00119317,0,0.000236977,0.000334943,0
1765976280730477,0,0.625247,5.87137,-1.77284,-0.855924,-0.000204995,-0.000283763,-0.517102,0.624545,5.87143,-1.77276,-0.855924,-0.000221472,-0.000307052,-0.517102,0.0100882,-0.00085908,-0.00119317,0,0.000236977,0.000334943,0
1765976280740550,0,0.625339,5.87137,-1.77285,-0.855924,-0.000203008,-0.000280588,-0.517102,0.624645,5.87142,-1.77277,-0.855924,-0.000219152,-0.000303727,-0.517102,0.0099706,-0.000804749,-0.00110061,0,0.000230303,0.000330076,0
1765976280740550,0,0.625339,5.87137,-1.77285,-0.855924,-0.000203008,-0.000280588,-0.517102,0.624645,5.87142,-1.77277,-0.855924,-0.000219152,-0.000303727,-0.517102,0.0099706,-0.000804749,-0.00110061,0,0.000230303,0.000330076,0
1765976280750459,0,0.62543,5.87136,-1.77285,-0.855924,-0.000201356,-0.000277527,-0.517102,0.624743,5.87141,-1.77278,-0.855924,-0.000216919,-0.000300438,-0.517102,0.00986493,-0.000818068,-0.00103461,-6.0152e-06,0.000225419,0.000331858,0
1765976280750459,0,0.62543,5.87136,-1.77285,-0.855924,-0.000201356,-0.000277527,-0.517102,0.624743,5.87141,-1.77278,-0.855924,-0.000216919,-0.000300438,-0.517102,0.00986493,-0.000818068,-0.00103461,-6.0152e-06,0.000225419,0.000331858,0
1765976280760669,0,0.625521,5.87135,-1.77286,-0.855924,-0.000199392,-0.000274654,-0.517102,0.624843,5.87141,-1.77279,-0.855924,-0.000214694,-0.000297165,-0.517102,0.00976676,-0.00079395,-0.000957411,0,0.000217937,0.000320621,0
1765976280760669,0,0.625521,5.87135,-1.77286,-0.855924,-0.000199392,-0.000274654,-0.517102,0.624843,5.87141,-1.77279,-0.855924,-0.000214694,-0.000297165,-0.517102,0.00976676,-0.00079395,-0.000957411,0,0.000217937,0.000320621,0
1765976280770511,0,0.62561,5.87134,-1.77286,-0.855924,-0.00019745,-0.000271827,-0.517102,0.624938,5.8714,-1.7728,-0.855924,-0.000212548,-0.000294012,-0.517102,0.00963534,-0.000775187,-0.000884198,0,0.000218038,0.000320382,0
1765976280770511,0,0.62561,5.87134,-1.77286,-0.855924,-0.00019745,-0.000271827,-0.517102,0.624938,5.8714,-1.7728,-0.855924,-0.000212548,-0.000294012,-0.517102,0.00963534,-0.000775187,-0.000884198,0,0.000218038,0.000320382,0
1765976280780566,0,0.625698,5.87134,-1.77286,-0.855924,-0.000195248,-0.000269082,-0.517102,0.625034,5.87139,-1.77281,-0.855924,-0.000210373,-0.000290879,-0.517102,0.00955571,-0.000806189,-0.000818045,0,0.000216229,0.000311592,0
1765976280780566,0,0.625698,5.87134,-1.77286,-0.855924,-0.000195248,-0.000269082,-0.517102,0.625034,5.87139,-1.77281,-0.855924,-0.000210373,-0.000290879,-0.517102,0.00955571,-0.000806189,-0.000818045,0,0.000216229,0.000311592,0
1765976280790539,0,0.625786,5.87133,-1.77287,-0.855924,-0.000192951,-0.000266143,-0.517102,0.625128,5.87138,-1.77281,-0.855924,-0.000208185,-0.000287772,-0.517102,0.00944303,-0.000765005,-0.000741099,0,0.000219418,0.00031153,0
1765976280790539,0,0.625786,5.87133,-1.77287,-0.855924,-0.000192951,-0.000266143,-0.517102,0.625128,5.87138,-1.77281,-0.855924,-0.000208185,-0.000287772,-0.517102,0.00944303,-0.000765005,-0.000741099,0,0.000219418,0.00031153,0
1765976280800637,0,0.625872,5.87132,-1.77287,-0.855924,-0.000191,-0.000263173,-0.517102,0.625222,5.87138,-1.77282,-0.855924,-0.000206023,-0.000284677,-0.517102,0.00934975,-0.000755535,-0.000684704,0,0.000214097,0.000306455,0
1765976280800637,0,0.625872,5.87132,-1.77287,-0.855924,-0.000191,-0.000263173,-0.517102,0.625222,5.87138,-1.77282,-0.855924,-0.000206023,-0.000284677,-0.517102,0.00934975,-0.000755535,-0.000684704,0,0.000214097,0.000306455,0
1765976280810645,0,0.625957,5.87132,-1.77287,-0.855924,-0.000188806,-0.000260358,-0.517102,0.625315,5.87137,-1.77283,-0.855924,-0.000203858,-0.000281618,-0.517102,0.00923729,-0.00076233,-0.00059557,0,0.000216383,0.000305631,0
1765976280810645,0,0.625957,5.87132,-1.77287,-0.855924,-0.000188806,-0.000260358,-0.517102,0.625315,5.87137,-1.77283,-0.855924,-0.000203858,-0.000281618,-0.517102,0.00923729,-0.00076233,-0.00059557,0,0.000216383,0.000305631,0
1765976280820530,0,0.626042,5.87131,-1.77287,-0.855924,-0.000186585,-0.0002576,-0.517102,0.625405,5.87136,-1.77283,-0.855924,-0.000201689,-0.000278603,-0.517102,0.00914119,-0.000771815,-0.000554742,6.02981e-06,0.000219356,0.000305026,0
1765976280820530,0,0.626042,5.87131,-1.77287,-0.855924,-0.000186585,-0.0002576,-0.517102,0.625405,5.87136,-1.77283,-0.855924,-0.000201689,-0.000278603,-0.517102,0.00914119,-0.000771815,-0.000554742,6.02981e-06,0.000219356,0.000305026,0
1765976280830542,0,0.626126,5.8713,-1.77287,-0.855924,-0.000184569,-0.000254595,-0.517102,0.625496,5.87135,-1.77284,-0.855924,-0.000199539,-0.000275587,-0.517102,0.009055,-0.000762025,-0.000476266,0,0.000214817,0.000301239,0
1765976280830542,0,0.626126,5.8713,-1.77287,-0.855924,-0.000184569,-0.000254595,-0.517102,0.625496,5.87135,-1.77284,-0.855924,-0.000199539,-0.000275587,-0.517102,0.009055,-0.000762025,-0.000476266,0,0.000214817,0.000301239,0
1765976280840531,0,0.626209,5.87129,-1.77287,-0.855924,-0.000182896,-0.000251486,-0.517102,0.625585,5.87135,-1.77284,-0.855924,-0.000197448,-0.00027256,-0.517102,0.00895651,-0.000716043,-0.000417692,0,0.000209305,0.000303101,0
1765976280840531,0,0.626209,5.87129,-1.77287,-0.855924,-0.000182896,-0.000251486,-0.517102,0.625585,5.87135,-1.77284,-0.855924,-0.000197448,-0.00027256,-0.517102,0.00895651,-0.000716043,-0.000417692,0,0.000209305,0.000303101,0
1765976280850548,0,0.626291,5.87129,-1.77287,-0.855924,-0.000181201,-0.000248629,-0.517102,0.625674,5.87134,-1.77285,-0.855924,-0.000195404,-0.000269549,-0.517102,0.00886007,-0.000666439,-0.000357021,0,0.000204039,0.000300545,0
1765976280850548,0,0.626291,5.87129,-1.77287,-0.855924,-0.000181201,-0.000248629,-0.517102,0.625674,5.87134,-1.77285,-0.855924,-0.000195404,-0.000269549,-0.517102,0.00886007,-0.000666439,-0.000357021,0,0.000204039,0.000300545,0
1765976280860483,0,0.626372,5.87128,-1.77287,-0.855924,-0.000178821,-0.000246278,-0.517102,0.625761,5.87133,-1.77285,-0.855924,-0.000193321,-0.000266626,-0.517102,0.00877121,-0.000719935,-0.000299973,0,0.000209671,0.000294223,0
1765976280860483,0,0.626372,5.87128,-1.77287,-0.855924,-0.000178821,-0.000246278,-0.517102,0.625761,5.87133,-1.77285,-0.855924,-0.000193321,-0.000266626,-0.517102,0.00877121,-0.000719935,-0.000299973,0,0.000209671,0.000294223,0
1765976280870430,0,0.626452,5.87128,-1.77287,-0.855924,-0.000176063,-0.000244238,-0.517102,0.625848,5.87132,-1.77285,-0.855924,-0.000191154,-0.000263815,-0.517102,0.00868273,-0.000719067,-0.000239689,0,0.000217878,0.000282635,0
1765976280870430,0,0.626452,5.87128,-1.77287,-0.855924,-0.000176063,-0.000244238,-0.517102,0.625848,5.87132,-1.77285,-0.855924,-0.000191154,-0.000263815,-0.517102,0.00868273,-0.000719067,-0.000239689,0,0.000217878,0.000282635,0
1765976280880453,0,0.626531,5.87127,-1.77287,-0.855924,-0.000173967,-0.000241966,-0.517102,0.625934,5.87132,-1.77285,-0.855924,-0.000188994,-0.000261069,-0.517102,0.00859311,-0.00066604,-0.000190297,0,0.000215501,0.000273959,0
1765976280880453,0,0.626531,5.87127,-1.77287,-0.855924,-0.000173967,-0.000241966,-0.517102,0.625934,5.87132,-1.77285,-0.855924,-0.000188994,-0.000261069,-0.517102,0.00859311,-0.00066604,-0.000190297,0,0.000215501,0.000273959,0
1765976280890447,0,0.62661,5.87126,-1.77286,-0.855924,-0.000172078,-0.000239741,-0.517102,0.626019,5.87131,-1.77285,-0.855924,-0.000186868,-0.000258389,-0.517102,0.00849876,-0.000667973,-0.000131209,0,0.000212673,0.000268143,0
1765976280890447,0,0.62661,5.87126,-1.77286,-0.855924,-0.000172078,-0.000239741,-0.517102,0.626019,5.87131,-1.77285,-0.855924,-0.000186868,-0.000258389,-0.517102,0.00849876,-0.000667973,-0.000131209,0,0.000212673,0.000268143,0
1765976280900431,0,0.626687,5.87126,-1.77286,-0.855924,-0.000169857,-0.000237804,-0.517102,0.626103,5.8713,-1.77285,-0.855924,-0.000184731,-0.000255802,-0.517102,0.00839981,-0.000716402,-7.16402e-05,0,0.000214085,0.000259066,0
1765976280900431,0,0.626687,5.87126,-1.77286,-0.855924,-0.000169857,-0.000237804,-0.517102,0.626103,5.8713,-1.77285,-0.855924,-0.000184731,-0.000255802,-0.517102,0.00839981,-0.000716402,-7.16402e-05,0,0.000214085,0.000259066,0
1765976280910483,0,0.626764,5.87125,-1.77286,-0.855924,-0.000167878,-0.000235638,-0.517102,0.626186,5.8713,-1.77285,-0.855924,-0.000182611,-0.000253266,-0.517102,0.00831334,-0.000664119,-2.37185e-05,0,0.000210912,0.000252363,0
1765976280910483,0,0.626764,5.87125,-1.77286,-0.855924,-0.000167878,-0.000235638,-0.517102,0.626186,5.8713,-1.77285,-0.855924,-0.000182611,-0.000253266,-0.517102,0.00831334,-0.000664119,-2.37185e-05,0,0.000210912,0.000252363,0
1765976280920458,0,0.62684,5.87124,-1.77285,-0.855924,-0.000166352,-0.000233051,-0.517102,0.626268,5.87129,-1.77285,-0.855924,-0.000180568,-0.000250726,-0.517102,0.00822215,-0.000669245,2.39016e-05,0,0.000204739,0.000254561,0
1765976280920458,0,0.62684,5.87124,-1.77285,-0.855924,-0.000166352,-0.000233051,-0.517102,0.626268,5.87129,-1.77285,-0.855924,-0.000180568,-0.000250726,-0.517102,0.00822215,-0.000669245,2.39016e-05,0,0.000204739,0.000254561,0
1765976280930542,0,0.626916,5.87124,-1.77285,-0.855924,-0.000164616,-0.000230558,-0.517102,0.62635,5.87128,-1.77285,-0.855924,-0.000178552,-0.000248177,-0.517102,0.00813328,-0.000662011,8.27514e-05,-5.91081e-06,0.00019993,0.000252762,-5.91081e-06
1765976280930542,0,0.626916,5.87124,-1.77285,-0.855924,-0.000164616,-0.000230558,-0.517102,0.62635,5.87128,-1.77285,-0.855924,-0.000178552,-0.000248177,-0.517102,0.00813328,-0.000662011,8.27514e-05,-5.91081e-06,0.00019993,0.000252762,-5.91081e-06
1765976280940456,0,0.62699,5.87123,-1.77284,-0.855924,-0.000162887,-0.000228015,-0.517102,0.62643,5.87128,-1.77285,-0.855924,-0.000176595,-0.000245658,-0.517102,0.00803827,-0.000625266,0.000132268,0,0.000197415,0.000254088,0
1765976280940456,0,0.62699,5.87123,-1.77284,-0.855924,-0.000162887,-0.000228015,-0.517102,0.62643,5.87128,-1.77285,-0.855924,-0.000176595,-0.000245658,-0.517102,0.00803827,-0.000625266,0.000132268,0,0.000197415,0.000254088,0
1765976280950679,0,0.627064,5.87123,-1.77284,-0.855924,-0.000160969,-0.000225505,-0.517102,0.626511,5.87127,-1.77285,-0.855924,-0.000174613,-0.000243103,-0.517102,0.00795856,-0.00065301,0.000163252,-5.83045e-06,0.000193847,0.000250007,0
1765976280950679,0,0.627064,5.87123,-1.77284,-0.855924,-0.000160969,-0.000225505,-0.517102,0.626511,5.87127,-1.77285,-0.855924,-0.000174613,-0.000243103,-0.517102,0.00795856,-0.00065301,0.000163252,-5.83045e-06,0.000193847,0.000250007,0
1765976280960630,0,0.627136,5.87122,-1.77283,-0.855924,-0.00015882,-0.000223055,-0.517102,0.626589,5.87126,-1.77285,-0.855924,-0.000172646,-0.000240605,-0.517102,0.00785864,-0.000622941,0.000203654,0,0.000197727,0.000250992,0
1765976280960630,0,0.627136,5.87122,-1.77283,-0.855924,-0.00015882,-0.000223055,-0.517102,0.626589,5.87126,-1.77285,-0.855924,-0.000172646,-0.000240605,-0.517102,0.00785864,-0.000622941,0.000203654,0,0.000197727,0.000250992,0
1765976280970541,0,0.627208,5.87121,-1.77283,-0.855924,-0.000156845,-0.00022048,-0.517102,0.626667,5.87126,-1.77285,-0.855924,-0.000170661,-0.000238077,-0.517102,0.0077821,-0.000625455,0.00024056,0,0.000200228,0.000255019,0
1765976280970541,0,0.627208,5.87121,-1.77283,-0.855924,-0.000156845,-0.00022048,-0.517102,0.626667,5.87126,-1.77285,-0.855924,-0.000170661,-0.000238077,-0.517102,0.0077821,-0.000625455,0.00024056,0,0.000200228,0.000255019,0
1765976280980609,0,0.62728,5.87121,-1.77282,-0.855924,-0.000154713,-0.000217871,-0.517102,0.626744,5.87125,-1.77284,-0.855924,-0.000168657,-0.000235538,-0.517102,0.00770811,-0.000663063,0.00029601,0,0.000199097,0.000252255,0
1765976280980609,0,0.62728,5.87121,-1.77282,-0.855924,-0.000154713,-0.000217871,-0.517102,0.626744,5.87125,-1.77284,-0.855924,-0.000168657,-0.000235538,-0.517102,0.00770811,-0.000663063,0.00029601,0,0.000199097,0.000252255,0
1765976280990577,0,0.62735,5.8712,-1.77282,-0.855924,-0.000152976,-0.000215201,-0.517102,0.62682,5.87125,-1.77284,-0.855924,-0.000166687,-0.000232983,-0.517102,0.00761203,-0.000621878,0.000346817,0,0.000197622,0.000256301,0
1765976280990577,0,0.62735,5.8712,-1.77282,-0.855924,-0.000152976,-0.000215201,-0.517102,0.62682,5.87125,-1.77284,-0.855924,-0.000166687,-0.000232983,-0.517102,0.00761203,-0.000621878,0.000346817,0,0.000197622,0.000256301,0
1765976281000621,0,0.62742,5.8712,-1.77281,-0.855924,-0.000151741,-0.00021239,-0.517102,0.626896,5.87124,-1.77284,-0.855924,-0.000164806,-0.000230392,-0.517102,0.00753663,-0.000617173,0.00036793,0,0.000187257,0.000258008,0
1765976281000621,0,0.62742,5.8712,-1.77281,-0.855924,-0.000151741,-0.00021239,-0.517102,0.626896,5.87124,-1.77284,-0.855924,-0.000164806,-0.000230392,-0.517102,0.00753663,-0.000617173,0.00036793,0,0.000187257,0.000258008,0
1765976281010654,0,0.627489,5.87119,-1.7728,-0.855924,-0.000150277,-0.000209667,-0.517102,0.626971,5.87123,-1.77283,-0.855924,-0.000162981,-0.000227789,-0.517102,0.00746172,-0.000617849,0.000403978,0,0.00018189,0.000259444,0
1765976281010654,0,0.627489,5.87119,-1.7728,-0.855924,-0.000150277,-0.000209667,-0.517102,0.626971,5.87123,-1.77283,-0.855924,-0.000162981,-0.000227789,-0.517102,0.00746172,-0.000617849,0.000403978,0,0.00018189,0.000259444,0
1765976281020589,0,0.627557,5.87119,-1.7728,-0.855924,-0.000148807,-0.000207094,-0.517102,0.627044,5.87123,-1.77283,-0.855924,-0.0001612,-0.000225188,-0.517102,0.00737334,-0.000575948,0.000431961,5.99946e-06,0.000179301,0.000261784,0
1765976281020589,0,0.627557,5.87119,-1.7728,-0.855924,-0.000148807,-0.000207094,-0.517102,0.627044,5.87123,-1.77283,-0.855924,-0.0001612,-0.000225188,-0.517102,0.00737334,-0.000575948,0.000431961,5.99946e-06,0.000179301,0.000261784,0
1765976281030675,0,0.627625,5.87118,-1.77279,-0.855924,-0.000147223,-0.00020471,-0.517102,0.627118,5.87122,-1.77282,-0.855924,-0.000159442,-0.000222612,-0.517102,0.00730432,-0.000567326,0.000472771,5.90964e-06,0.000174323,0.000255399,0
1765976281030675,0,0.627625,5.87118,-1.77279,-0.855924,-0.000147223,-0.00020471,-0.517102,0.627118,5.87122,-1.77282,-0.855924,-0.000159442,-0.000222612,-0.517102,0.00730432,-0.000567326,0.000472771,5.90964e-06,0.000174323,0.000255399,0
1765976281040557,0,0.627692,5.87117,-1.77278,-0.855924,-0.000145169,-0.000202634,-0.517102,0.627189,5.87122,-1.77282,-0.855924,-0.000157651,-0.000220106,-0.517102,0.00721384,-0.000579037,0.000518721,0,0.000181185,0.000253619,0
1765976281040557,0,0.627692,5.87117,-1.77278,-0.855924,-0.000145169,-0.000202634,-0.517102,0.627189,5.87122,-1.77282,-0.855924,-0.000157651,-0.000220106,-0.517102,0.00721384,-0.000579037,0.000518721,0,0.000181185,0.000253619,0
1765976281050515,0,0.627758,5.87117,-1.77278,-0.855924,-0.000143041,-0.000200689,-0.517102,0.62726,5.87121,-1.77281,-0.855924,-0.000155807,-0.000217655,-0.517102,0.00715878,-0.000574618,0.000538704,0,0.000185206,0.000246133,0
1765976281050515,0,0.627758,5.87117,-1.77278,-0.855924,-0.000143041,-0.000200689,-0.517102,0.62726,5.87121,-1.77281,-0.855924,-0.000155807,-0.000217655,-0.517102,0.00715878,-0.000574618,0.000538704,0,0.000185206,0.000246133,0
1765976281060475,0,0.627823,5.87116,-1.77277,-0.855924,-0.000141134,-0.000198653,-0.517102,0.627331,5.8712,-1.77281,-0.855924,-0.000153968,-0.000215273,-0.517102,0.00707955,-0.000622378,0.000562534,0,0.000184611,0.000239071,0
1765976281060475,0,0.627823,5.87116,-1.77277,-0.855924,-0.000141134,-0.000198653,-0.517102,0.627331,5.8712,-1.77281,-0.855924,-0.000153968,-0.000215273,-0.517102,0.00707955,-0.000622378,0.000562534,0,0.000184611,0.000239071,0
1765976281070421,0,0.627888,5.87116,-1.77276,-0.855924,-0.000139824,-0.000196599,-0.517102,0.6274,5.8712,-1.7728,-0.855924,-0.000152195,-0.000212933,-0.517102,0.00700561,-0.000527369,0.000587297,-5.99283e-06,0.000178253,0.000235349,0
1765976281070421,0,0.627888,5.87116,-1.77276,-0.855924,-0.000139824,-0.000196599,-0.517102,0.6274,5.8712,-1.7728,-0.855924,-0.000152195,-0.000212933,-0.517102,0.00700561,-0.000527369,0.000587297,-5.99283e-06,0.000178253,0.000235349,0
1765976281080522,0,0.627952,5.87115,-1.77275,-0.855924,-0.000138858,-0.000194465,-0.517102,0.62747,5.87119,-1.77279,-0.855924,-0.000150509,-0.000210597,-0.517102,0.00693352,-0.000566483,0.000625492,0,0.000166956,0.000231175,0
1765976281080522,0,0.627952,5.87115,-1.77275,-0.855924,-0.000138858,-0.000194465,-0.517102,0.62747,5.87119,-1.77279,-0.855924,-0.000150509,-0.000210597,-0.517102,0.00693352,-0.000566483,0.000625492,0,0.000166956,0.000231175,0
1765976281090461,0,0.628016,5.87115,-1.77274,-0.855924,-0.000137314,-0.000192762,-0.517102,0.627538,5.87119,-1.77279,-0.855924,-0.00014886,-0.000208368,-0.517102,0.00685462,-0.000575716,0.000647681,-5.99705e-06,0.00016593,0.000224286,0
1765976281090461,0,0.628016,5.87115,-1.77274,-0.855924,-0.000137314,-0.000192762,-0.517102,0.627538,5.87119,-1.77279,-0.855924,-0.00014886,-0.000208368,-0.517102,0.00685462,-0.000575716,0.000647681,-5.99705e-06,0.00016593,0.000224286,0
1765976281100449,0,0.628078,5.87114,-1.77274,-0.855924,-0.000136073,-0.000190897,-0.517102,0.627606,5.87118,-1.77278,-0.855924,-0.000147252,-0.000206171,-0.517102,0.00679116,-0.000572892,0.000668374,0,0.000161006,0.000219994,0
1765976281100449,0,0.628078,5.87114,-1.77274,-0.855924,-0.000136073,-0.000190897,-0.517102,0.627606,5.87118,-1.77278,-0.855924,-0.000147252,-0.000206171,-0.517102,0.00679116,-0.000572892,0.000668374,0,0.000161006,0.000219994,0
1765976281110588,0,0.62814,5.87114,-1.77273,-0.855924,-0.000135154,-0.000188829,-0.517102,0.627674,5.87118,-1.77277,-0.855924,-0.000145718,-0.000203973,-0.517102,0.00671353,-0.00056436,0.000681935,0,0.000151243,0.000216806,0
1765976281110588,0,0.62814,5.87114,-1.77273,-0.855924,-0.000135154,-0.000188829,-0.517102,0.627674,5.87118,-1.77277,-0.855924,-0.000145718,-0.000203973,-0.517102,0.00671353,-0.00056436,0.000681935,0,0.000151243,0.000216806,0
1765976281120480,0,0.628202,5.87113,-1.77272,-0.855924,-0.000134409,-0.000186742,-0.517102,0.62774,5.87117,-1.77277,-0.855924,-0.00014431,-0.000201828,-0.517102,0.00662809,-0.000530248,0.000711014,0,0.000142312,0.000216837,0
1765976281120480,0,0.628202,5.87113,-1.77272,-0.855924,-0.000134409,-0.000186742,-0.517102,0.62774,5.87117,-1.77277,-0.855924,-0.00014431,-0.000201828,-0.517102,0.00662809,-0.000530248,0.000711014,0,0.000142312,0.000216837,0
1765976281130512,0,0.628263,5.87113,-1.77271,-0.855924,-0.000133424,-0.000184641,-0.517102,0.627806,5.87116,-1.77276,-0.855924,-0.000142941,-0.000199666,-0.517102,0.00657125,-0.000570379,0.000724857,0,0.000136516,0.000215527,0
1765976281130512,0,0.628263,5.87113,-1.77271,-0.855924,-0.000133424,-0.000184641,-0.517102,0.627806,5.87116,-1.77276,-0.855924,-0.000142941,-0.000199666,-0.517102,0.00657125,-0.000570379,0.000724857,0,0.000136516,0.000215527,0
1765976281140476,0,0.628323,5.87112,-1.7727,-0.855924,-0.000132195,-0.00018251,-0.517102,0.627871,5.87116,-1.77275,-0.855924,-0.000141591,-0.000197511,-0.517102,0.00649645,-0.000526416,0.000741768,0,0.000135444,0.000216237,0
1765976281140476,0,0.628323,5.87112,-1.7727,-0.855924,-0.000132195,-0.00018251,-0.517102,0.627871,5.87116,-1.77275,-0.855924,-0.000141591,-0.000197511,-0.517102,0.00649645,-0.000526416,0.000741768,0,0.000135444,0.000216237,0
1765976281150475,0,0.628382,5.87112,-1.77269,-0.855924,-0.000131206,-0.000180338,-0.517102,0.627935,5.87115,-1.77275,-0.855924,-0.000140283,-0.000195347,-0.517102,0.00642602,-0.000476885,0.000751094,0,0.00013086,0.000216388,0
1765976281150475,0,0.628382,5.87112,-1.77269,-0.855924,-0.000131206,-0.000180338,-0.517102,0.627935,5.87115,-1.77275,-0.855924,-0.000140283,-0.000195347,-0.517102,0.00642602,-0.000476885,0.000751094,0,0.00013086,0.000216388,0
1765976281160607,0,0.628441,5.87111,-1.77268,-0.855924,-0.000129615,-0.000178513,-0.517102,0.627999,5.87115,-1.77274,-0.855924,-0.000138944,-0.000193235,-0.517102,0.00635932,-0.000470625,0.000764765,5.88281e-06,0.000132106,0.000208476,0
1765976281160607,0,0.628441,5.87111,-1.77268,-0.855924,-0.000129615,-0.000178513,-0.517102,0.627999,5.87115,-1.77274,-0.855924,-0.000138944,-0.000193235,-0.517102,0.00635932,-0.000470625,0.000764765,5.88281e-06,0.000132106,0.000208476,0
1765976281170555,0,0.628499,5.87111,-1.77268,-0.855924,-0.00012728,-0.000177139,-0.517102,0.628062,5.87114,-1.77273,-0.855924,-0.000137481,-0.000191216,-0.517102,0.00628521,-0.000527263,0.000790894,5.99162e-06,0.000147061,0.000202947,5.99162e-06
1765976281170555,0,0.628499,5.87111,-1.77268,-0.855924,-0.00012728,-0.000177139,-0.517102,0.628062,5.87114,-1.77273,-0.855924,-0.000137481,-0.000191216,-0.517102,0.00628521,-0.000527263,0.000790894,5.99162e-06,0.000147061,0.000202947,5.99162e-06
1765976281180476,0,0.628557,5.8711,-1.77267,-0.855924,-0.000125016,-0.000175717,-0.517102,0.628123,5.87114,-1.77272,-0.855924,-0.000135915,-0.000189269,-0.517102,0.0062182,-0.000528698,0.000805062,0,0.00015784,0.000196265,0
1765976281180476,0,0.628557,5.8711,-1.77267,-0.855924,-0.000125016,-0.000175717,-0.517102,0.628123,5.87114,-1.77272,-0.855924,-0.000135915,-0.000189269,-0.517102,0.0062182,-0.000528698,0.000805062,0,0.00015784,0.000196265,0
1765976281190432,0,0.628614,5.8711,-1.77266,-0.855924,-0.000123547,-0.000173739,-0.517102,0.628185,5.87113,-1.77271,-0.855924,-0.000134362,-0.000187318,-0.517102,0.00616042,-0.000526839,0.000814206,0,0.000156065,0.000195964,0
1765976281190432,0,0.628614,5.8711,-1.77266,-0.855924,-0.000123547,-0.000173739,-0.517102,0.628185,5.87113,-1.77271,-0.855924,-0.000134362,-0.000187318,-0.517102,0.00616042,-0.000526839,0.000814206,0,0.000156065,0.000195964,0
1765976281200455,0,0.62867,5.87109,-1.77265,-0.855924,-0.000122592,-0.000171508,-0.517102,0.628246,5.87113,-1.77271,-0.855924,-0.000132882,-0.00018533,-0.517102,0.0061014,-0.000475743,0.000820657,-5.94679e-06,0.000147623,0.000198303,0
1765976281200455,0,0.62867,5.87109,-1.77265,-0.855924,-0.000122592,-0.000171508,-0.517102,0.628246,5.87113,-1.77271,-0.855924,-0.000132882,-0.00018533,-0.517102,0.0061014,-0.000475743,0.000820657,-5.94679e-06,0.000147623,0.000198303,0
1765976281210567,0,0.628726,5.87109,-1.77264,-0.855924,-0.000121706,-0.000169464,-0.517102,0.628307,5.87112,-1.7727,-0.855924,-0.000131475,-0.000183333,-0.517102,0.00603002,-0.000518711,0.000825223,0,0.000139131,0.000197532,0
1765976281210567,0,0.628726,5.87109,-1.77264,-0.855924,-0.000121706,-0.000169464,-0.517102,0.628307,5.87112,-1.7727,-0.855924,-0.000131475,-0.000183333,-0.517102,0.00603002,-0.000518711,0.000825223,0,0.000139131,0.000197532,0
1765976281220542,0,0.628781,5.87108,-1.77263,-0.855924,-0.000120612,-0.000167712,-0.517102,0.628366,5.87112,-1.77269,-0.855924,-0.000130113,-0.000181374,-0.517102,0.00595748,-0.000478032,0.000836556,0,0.000136604,0.000196443,0
1765976281220542,0,0.628781,5.87108,-1.77263,-0.855924,-0.000120612,-0.000167712,-0.517102,0.628366,5.87112,-1.77269,-0.855924,-0.000130113,-0.000181374,-0.517102,0.00595748,-0.000478032,0.000836556,0,0.000136604,0.000196443,0
1765976281230592,0,0.628836,5.87108,-1.77262,-0.855924,-0.00011966,-0.000165788,-0.517102,0.628426,5.87111,-1.77268,-0.855924,-0.000128793,-0.000179406,-0.517102,0.00590116,-0.000474465,0.000830313,0,0.000131274,0.000195743,0
1765976281230592,0,0.628836,5.87108,-1.77262,-0.855924,-0.00011966,-0.000165788,-0.517102,0.628426,5.87111,-1.77268,-0.855924,-0.000128793,-0.000179406,-0.517102,0.00590116,-0.000474465,0.000830313,0,0.000131274,0.000195743,0
1765976281240601,0,0.62889,5.87108,-1.77261,-0.855924,-0.000118356,-0.000163971,-0.517102,0.628484,5.87111,-1.77267,-0.855924,-0.000127485,-0.000177471,-0.517102,0.00583005,-0.000476408,0.000845625,-5.9551e-06,0.000130736,0.000193345,0
1765976281240601,0,0.62889,5.87108,-1.77261,-0.855924,-0.000118356,-0.000163971,-0.517102,0.628484,5.87111,-1.77267,-0.855924,-0.000127485,-0.000177471,-0.517102,0.00583005,-0.000476408,0.000845625,-5.9551e-06,0.000130736,0.000193345,0
1765976281250605,0,0.628943,5.87107,-1.77261,-0.855924,-0.000116969,-0.000162219,-0.517102,0.628542,5.87111,-1.77266,-0.855924,-0.000126165,-0.000175557,-0.517102,0.00577338,-0.000476646,0.000834131,5.95808e-06,0.000131898,0.000191294,0
1765976281250605,0,0.628943,5.87107,-1.77261,-0.855924,-0.000116969,-0.000162219,-0.517102,0.628542,5.87111,-1.77266,-0.855924,-0.000126165,-0.000175557,-0.517102,0.00577338,-0.000476646,0.000834131,5.95808e-06,0.000131898,0.000191294,0
1765976281260540,0,0.628996,5.87107,-1.7726,-0.855924,-0.000115638,-0.000160381,-0.517102,0.628598,5.8711,-1.77266,-0.855924,-0.000124843,-0.000173651,-0.517102,0.00570549,-0.000479957,0.000851923,0,0.000133079,0.000191845,0
1765976281260540,0,0.628996,5.87107,-1.7726,-0.855924,-0.000115638,-0.000160381,-0.517102,0.628598,5.8711,-1.77266,-0.855924,-0.000124843,-0.000173651,-0.517102,0.00570549,-0.000479957,0.000851923,0,0.000133079,0.000191845,0
1765976281270447,0,0.629048,5.87106,-1.77259,-0.855924,-0.000114465,-0.000158481,-0.517102,0.628654,5.8711,-1.77265,-0.855924,-0.000123539,-0.000171746,-0.517102,0.00564942,-0.000481313,0.000854331,0,0.000131584,0.000192351,0
1765976281270447,0,0.629048,5.87106,-1.77259,-0.855924,-0.000114465,-0.000158481,-0.517102,0.628654,5.8711,-1.77265,-0.855924,-0.000123539,-0.000171746,-0.517102,0.00564942,-0.000481313,0.000854331,0,0.000131584,0.000192351,0
1765976281280530,0,0.6291,5.87106,-1.77258,-0.855924,-0.000113466,-0.00015646,-0.517102,0.628711,5.87109,-1.77264,-0.855924,-0.000122264,-0.000169811,-0.517102,0.0055981,-0.000472912,0.000851242,5.9114e-06,0.000126488,0.000191934,0
1765976281280530,0,0.6291,5.87106,-1.77258,-0.855924,-0.000113466,-0.00015646,-0.517102,0.628711,5.87109,-1.77264,-0.855924,-0.000122264,-0.000169811,-0.517102,0.0055981,-0.000472912,0.000851242,5.9114e-06,0.000126488,0.000191934,0
1765976281290510,0,0.629151,5.87105,-1.77257,-0.855924,-0.000112643,-0.00015449,-0.517102,0.628766,5.87109,-1.77263,-0.855924,-0.000121058,-0.00016789,-0.517102,0.00553045,-0.000430013,0.000848082,0,0.000120813,0.000192394,0
1765976281290510,0,0.629151,5.87105,-1.77257,-0.855924,-0.000112643,-0.00015449,-0.517102,0.628766,5.87109,-1.77263,-0.855924,-0.000121058,-0.00016789,-0.517102,0.00553045,-0.000430013,0.000848082,0,0.000120813,0.000192394,0
1765976281300503,0,0.629202,5.87105,-1.77256,-0.855924,-0.000111661,-0.000152777,-0.517102,0.628821,5.87108,-1.77262,-0.855924,-0.000119881,-0.000165996,-0.517102,0.00547554,-0.000477171,0.000858908,0,0.000117858,0.000189537,0
1765976281300503,0,0.629202,5.87105,-1.77256,-0.855924,-0.000111661,-0.000152777,-0.517102,0.628821,5.87108,-1.77262,-0.855924,-0.000119881,-0.000165996,-0.517102,0.00547554,-0.000477171,0.000858908,0,0.000117858,0.000189537,0
1765976281310518,0,0.629252,5.87105,-1.77255,-0.855924,-0.000110428,-0.000151207,-0.517102,0.628875,5.87108,-1.77261,-0.855924,-0.000118689,-0.000164133,-0.517102,0.0054159,-0.000476123,0.000857021,0,0.000118933,0.000186074,0
1765976281310518,0,0.629252,5.87105,-1.77255,-0.855924,-0.000110428,-0.000151207,-0.517102,0.628875,5.87108,-1.77261,-0.855924,-0.000118689,-0.000164133,-0.517102,0.0054159,-0.000476123,0.000857021,0,0.000118933,0.000186074,0
1765976281320472,0,0.629301,5.87104,-1.77255,-0.855924,-0.000109691,-0.000149387,-0.517102,0.628928,5.87107,-1.7726,-0.855924,-0.000117563,-0.000162287,-0.517102,0.00535927,-0.000431137,0.000838321,0,0.000113146,0.000185409,0
1765976281320472,0,0.629301,5.87104,-1.77255,-0.855924,-0.000109691,-0.000149387,-0.517102,0.628928,5.87107,-1.7726,-0.855924,-0.000117563,-0.000162287,-0.517102,0.00535927,-0.000431137,0.000838321,0,0.000113146,0.000185409,0
1765976281330580,0,0.629351,5.87104,-1.77254,-0.855924,-0.000108975,-0.000147575,-0.517102,0.628982,5.87107,-1.7726,-0.855924,-0.000116483,-0.000160438,-0.517102,0.0053071,-0.000471742,0.000849136,0,0.000106826,0.000182992,-5.89678e-06
1765976281330580,0,0.629351,5.87104,-1.77254,-0.855924,-0.000108975,-0.000147575,-0.517102,0.628982,5.87107,-1.7726,-0.855924,-0.000116483,-0.000160438,-0.517102,0.0053071,-0.000471742,0.000849136,0,0.000106826,0.000182992,-5.89678e-06
1765976281340598,0,0.629399,5.87103,-1.77253,-0.855924,-0.000108069,-0.000145946,-0.517102,0.629035,5.87106,-1.77259,-0.855924,-0.000115423,-0.000158611,-0.517102,0.00524173,-0.000428382,0.000832966,-5.94975e-06,0.000105864,0.000182327,0
1765976281340598,0,0.629399,5.87103,-1.77253,-0.855924,-0.000108069,-0.000145946,-0.517102,0.629035,5.87106,-1.77259,-0.855924,-0.000115423,-0.000158611,-0.517102,0.00524173,-0.000428382,0.000832966,-5.94975e-06,0.000105864,0.000182327,0
1765976281350581,0,0.629442,5.87103,-1.77252,-0.855924,-0.000107431,-0.000144414,-0.517102,0.629086,5.87106,-1.77258,-0.855924,-0.000114416,-0.000156823,-0.517102,0.00512279,-0.000429884,0.000812004,0,0.000100823,0.000179098,0
1765976281350581,0,0.629442,5.87103,-1.77252,-0.855924,-0.000107431,-0.000144414,-0.517102,0.629086,5.87106,-1.77258,-0.855924,-0.000114416,-0.000156823,-0.517102,0.00512279,-0.000429884,0.000812004,0,0.000100823,0.000179098,0
1765976281360620,0,0.629495,5.87103,-1.77251,-0.855924,-0.000105992,-0.000142305,-0.517102,0.629137,5.87106,-1.77257,-0.855924,-0.000113363,-0.000155007,-0.517102,0.00513577,-0.000427486,0.000819349,-5.93731e-06,0.000104956,0.000180876,0
1765976281360620,0,0.629495,5.87103,-1.77251,-0.855924,-0.000105992,-0.000142305,-0.517102,0.629137,5.87106,-1.77257,-0.855924,-0.000113363,-0.000155007,-0.517102,0.00513577,-0.000427486,0.000819349,-5.93731e-06,0.000104956,0.000180876,0
1765976281370589,0,0.629542,5.87102,-1.77251,-0.855924,-0.000104257,-0.000139909,-0.517102,0.629188,5.87105,-1.77256,-0.855924,-0.00011222,-0.000153113,-0.517102,0.00508215,-0.000430488,0.000825102,0,0.000114616,0.000190055,0
1765976281370589,0,0.629542,5.87102,-1.77251,-0.855924,-0.000104257,-0.000139909,-0.517102,0.629188,5.87105,-1.77256,-0.855924,-0.00011222,-0.000153113,-0.517102,0.00508215,-0.000430488,0.000825102,0,0.000114616,0.000190055,0
1765976281380572,0,0.629588,5.87102,-1.7725,-0.855924,-0.000102953,-0.000138134,-0.517102,0.629238,5.87105,-1.77256,-0.855924,-0.000111055,-0.00015123,-0.517102,0.00502726,-0.000382119,0.000788121,0,0.000116702,0.000188621,-5.97061e-06
1765976281380572,0,0.629588,5.87102,-1.7725,-0.855924,-0.000102953,-0.000138134,-0.517102,0.629238,5.87105,-1.77256,-0.855924,-0.000111055,-0.00015123,-0.517102,0.00502726,-0.000382119,0.000788121,0,0.000116702,0.000188621,-5.97061e-06
1765976281390577,0,0.629634,5.87101,-1.77249,-0.855924,-0.000101723,-0.000136795,-0.517102,0.629288,5.87104,-1.77255,-0.855924,-0.000109883,-0.000149417,-0.517102,0.0049745,-0.000381279,0.000798303,0,0.000117141,0.000181188,0
1765976281390577,0,0.629634,5.87101,-1.77249,-0.855924,-0.000101723,-0.000136795,-0.517102,0.629288,5.87104,-1.77255,-0.855924,-0.000109883,-0.000149417,-0.517102,0.0049745,-0.000381279,0.000798303,0,0.000117141,0.000181188,0
1765976281400630,0,0.62968,5.87101,-1.77249,-0.855924,-0.000100083,-0.000135914,-0.517102,0.629337,5.87104,-1.77254,-0.855924,-0.00010865,-0.000147718,-0.517102,0.00492703,-0.000379459,0.000770775,0,0.000122648,0.000168988,0
1765976281400630,0,0.62968,5.87101,-1.77249,-0.855924,-0.000100083,-0.000135914,-0.517102,0.629337,5.87104,-1.77254,-0.855924,-0.00010865,-0.000147718,-0.517102,0.00492703,-0.000379459,0.000770775,0,0.000122648,0.000168988,0
1765976281410544,0,0.629725,5.87101,-1.77248,-0.855924,-9.8377e-05,-0.000135207,-0.517102,0.629386,5.87104,-1.77253,-0.855924,-0.00010736,-0.000146147,-0.517102,0.00486986,-0.000432876,0.000769558,0,0.000130125,0.000158477,0
1765976281410544,0,0.629725,5.87101,-1.77248,-0.855924,-9.8377e-05,-0.000135207,-0.517102,0.629386,5.87104,-1.77253,-0.855924,-0.00010736,-0.000146147,-0.517102,0.00486986,-0.000432876,0.000769558,0,0.000130125,0.000158477,0
1765976281420520,0,0.629769,5.871,-1.77247,-0.855924,-9.70697e-05,-0.000134342,-0.517102,0.629434,5.87103,-1.77252,-0.855924,-0.000106068,-0.000144664,-0.517102,0.00482167,-0.000382387,0.000752825,0,0.000129546,0.000148609,0
1765976281420520,0,0.629769,5.871,-1.77247,-0.855924,-9.70697e-05,-0.000134342,-0.517102,0.629434,5.87103,-1.77252,-0.855924,-0.000106068,-0.000144664,-0.517102,0.00482167,-0.000382387,0.000752825,0,0.000129546,0.000148609,0
1765976281430497,0,0.629813,5.871,-1.77246,-0.855924,-9.63228e-05,-0.000133109,-0.517102,0.629481,5.87103,-1.77252,-0.855924,-0.000104844,-0.000143213,-0.517102,0.00476742,-0.000430143,0.000740801,0,0.000122691,0.000145484,0
1765976281430497,0,0.629813,5.871,-1.77246,-0.855924,-9.63228e-05,-0.000133109,-0.517102,0.629481,5.87103,-1.77252,-0.855924,-0.000104844,-0.000143213,-0.517102,0.00476742,-0.000430143,0.000740801,0,0.000122691,0.000145484,0
1765976281440630,0,0.629857,5.871,-1.77246,-0.855924,-9.56208e-05,-0.000131844,-0.517102,0.629529,5.87102,-1.77251,-0.855924,-0.000103679,-0.000141777,-0.517102,0.00471755,-0.000423521,0.000741161,-5.88223e-06,0.000114971,0.000141728,0
1765976281440630,0,0.629857,5.871,-1.77246,-0.855924,-9.56208e-05,-0.000131844,-0.517102,0.629529,5.87102,-1.77251,-0.855924,-0.000103679,-0.000141777,-0.517102,0.00471755,-0.000423521,0.000741161,-5.88223e-06,0.000114971,0.000141728,0
1765976281450562,0,0.6299,5.87099,-1.77245,-0.855924,-9.54381e-05,-0.000130207,-0.517102,0.629575,5.87102,-1.7725,-0.855924,-0.000102646,-0.000140327,-0.517102,0.00466299,-0.000384081,0.000720153,0,0.000103929,0.000145918,0
1765976281450562,0,0.6299,5.87099,-1.77245,-0.855924,-9.54381e-05,-0.000130207,-0.517102,0.629575,5.87102,-1.7725,-0.855924,-0.000102646,-0.000140327,-0.517102,0.00466299,-0.000384081,0.000720153,0,0.000103929,0.000145918,0
1765976281460665,0,0.629943,5.87099,-1.77245,-0.855924,-9.5203e-05,-0.000128543,-0.517102,0.629622,5.87102,-1.7725,-0.855924,-0.000101707,-0.00013884,-0.517102,0.00461356,-0.000377581,0.000707964,0,9.30095e-05,0.000147255,0
1765976281460665,0,0.629943,5.87099,-1.77245,-0.855924,-9.5203e-05,-0.000128543,-0.517102,0.629622,5.87102,-1.7725,-0.855924,-0.000101707,-0.00013884,-0.517102,0.00461356,-0.000377581,0.000707964,0,9.30095e-05,0.000147255,0
1765976281470550,0,0.629985,5.87099,-1.77244,-0.855924,-9.44538e-05,-0.000127095,-0.517102,0.629667,5.87101,-1.77249,-0.855924,-0.000100801,-0.000137372,-0.517102,0.00456456,-0.000337669,0.000699458,0,9.1669e-05,0.000148446,0
1765976281470550,0,0.629985,5.87099,-1.77244,-0.855924,-9.44538e-05,-0.000127095,-0.517102,0.629667,5.87101,-1.77249,-0.855924,-0.000100801,-0.000137372,-0.517102,0.00456456,-0.000337669,0.000699458,0,9.1669e-05,0.000148446,0
1765976281480738,0,0.630027,5.87098,-1.77243,-0.855924,-9.32289e-05,-0.000125898,-0.517102,0.629713,5.87101,-1.77248,-0.855924,-9.98394e-05,-0.000135916,-0.517102,0.00451657,-0.00037443,0.000678655,5.85048e-06,9.43453e-05,0.000142971,0
1765976281480738,0,0.630027,5.87098,-1.77243,-0.855924,-9.32289e-05,-0.000125898,-0.517102,0.629713,5.87101,-1.77248,-0.855924,-9.98394e-05,-0.000135916,-0.517102,0.00451657,-0.00037443,0.000678655,5.85048e-06,9.43453e-05,0.000142971,0
1765976281490572,0,0.630068,5.87098,-1.77243,-0.855924,-9.16531e-05,-0.000124914,-0.517102,0.629757,5.871,-1.77247,-0.855924,-9.8817e-05,-0.000134542,-0.517102,0.00446095,-0.000387909,0.000666719,0,0.000103959,0.000139717,0
1765976281490572,0,0.630068,5.87098,-1.77243,-0.855924,-9.16531e-05,-0.000124914,-0.517102,0.629757,5.871,-1.77247,-0.855924,-9.8817e-05,-0.000134542,-0.517102,0.00446095,-0.000387909,0.000666719,0,0.000103959,0.000139717,0
1765976281500625,0,0.630109,5.87098,-1.77242,-0.855924,-9.04867e-05,-0.000123646,-0.517102,0.629802,5.871,-1.77247,-0.855924,-9.77735e-05,-0.000133177,-0.517102,0.00442899,-0.000379459,0.000640336,0,0.000103807,0.000135783,0
1765976281500625,0,0.630109,5.87098,-1.77242,-0.855924,-9.04867e-05,-0.000123646,-0.517102,0.629802,5.871,-1.77247,-0.855924,-9.77735e-05,-0.000133177,-0.517102,0.00442899,-0.000379459,0.000640336,0,0.000103807,0.000135783,0
1765976281510627,0,0.63015,5.87097,-1.77242,-0.855924,-8.97064e-05,-0.000122149,-0.517102,0.629845,5.871,-1.77246,-0.855924,-9.67471e-05,-0.000131774,-0.517102,0.00438007,-0.000333719,0.000631683,0,0.00010262,0.00014029,0
1765976281510627,0,0.63015,5.87097,-1.77242,-0.855924,-8.97064e-05,-0.000122149,-0.517102,0.629845,5.871,-1.77246,-0.855924,-9.67471e-05,-0.000131774,-0.517102,0.00438007,-0.000333719,0.000631683,0,0.00010262,0.00014029,0
1765976281520440,0,0.63019,5.87097,-1.77241,-0.855924,-8.89077e-05,-0.000120897,-0.517102,0.629888,5.87099,-1.77246,-0.855924,-9.5775e-05,-0.000130425,-0.517102,0.0043308,-0.000340147,0.000607405,0,9.9054e-05,0.000137433,0
1765976281520440,0,0.63019,5.87097,-1.77241,-0.855924,-8.89077e-05,-0.000120897,-0.517102,0.629888,5.87099,-1.77246,-0.855924,-9.5775e-05,-0.000130425,-0.517102,0.0043308,-0.000340147,0.000607405,0,9.9054e-05,0.000137433,0
1765976281530453,0,0.63023,5.87097,-1.77241,-0.855924,-8.76698e-05,-0.000119973,-0.517102,0.629931,5.87099,-1.77245,-0.855924,-9.47557e-05,-0.00012911,-0.517102,0.00429192,-0.000333353,0.000595273,0,0.000101802,0.00013128,0
1765976281530453,0,0.63023,5.87097,-1.77241,-0.855924,-8.76698e-05,-0.000119973,-0.517102,0.629931,5.87099,-1.77245,-0.855924,-9.47557e-05,-0.00012911,-0.517102,0.00429192,-0.000333353,0.000595273,0,0.000101802,0.00013128,0
1765976281540455,0,0.630269,5.87096,-1.7724,-0.855924,-8.63515e-05,-0.000119133,-0.517102,0.629973,5.87099,-1.77244,-0.855924,-9.37007e-05,-0.000127858,-0.517102,0.004243,-0.000333719,0.000584009,0,0.000105473,0.000125219,0
1765976281540455,0,0.630269,5.87096,-1.7724,-0.855924,-8.63515e-05,-0.000119133,-0.517102,0.629973,5.87099,-1.77244,-0.855924,-9.37007e-05,-0.000127858,-0.517102,0.004243,-0.000333719,0.000584009,0,0.000105473,0.000125219,0
1765976281550485,0,0.630307,5.87096,-1.7724,-0.855924,-8.50681e-05,-0.000118362,-0.517102,0.630015,5.87098,-1.77244,-0.855924,-9.26119e-05,-0.00012666,-0.517102,0.00420144,-0.000332788,0.000558608,0,0.000108557,0.000119417,0
1765976281550485,0,0.630307,5.87096,-1.7724,-0.855924,-8.50681e-05,-0.000118362,-0.517102,0.630015,5.87098,-1.77244,-0.855924,-9.26119e-05,-0.00012666,-0.517102,0.00420144,-0.000332788,0.000558608,0,0.000108557,0.000119417,0
1765976281560555,0,0.630346,5.87096,-1.7724,-0.855924,-8.38875e-05,-0.000117536,-0.517102,0.630057,5.87098,-1.77243,-0.855924,-9.15102e-05,-0.000125508,-0.517102,0.00415516,-0.000331466,0.000532713,0,0.000109407,0.000114424,0
1765976281560555,0,0.630346,5.87096,-1.7724,-0.855924,-8.38875e-05,-0.000117536,-0.517102,0.630057,5.87098,-1.77243,-0.855924,-9.15102e-05,-0.000125508,-0.517102,0.00415516,-0.000331466,0.000532713,0,0.000109407,0.000114424,0
1765976281570463,0,0.630384,5.87095,-1.77239,-0.855924,-8.28398e-05,-0.000116658,-0.517102,0.630098,5.87098,-1.77243,-0.855924,-9.04299e-05,-0.000124405,-0.517102,0.00410278,-0.000336885,0.00051736,0,0.000109032,0.000111297,0
1765976281570463,0,0.630384,5.87095,-1.77239,-0.855924,-8.28398e-05,-0.000116658,-0.517102,0.630098,5.87098,-1.77243,-0.855924,-9.04299e-05,-0.000124405,-0.517102,0.00410278,-0.000336885,0.00051736,0,0.000109032,0.000111297,0
1765976281580548,0,0.630421,5.87095,-1.77239,-0.855924,-8.19086e-05,-0.000115624,-0.517102,0.630139,5.87097,-1.77242,-0.855924,-8.93586e-05,-0.000123301,-0.517102,0.00406624,-0.000378255,0.00050828,0,0.000106233,0.000109471,0
1765976281580548,0,0.630421,5.87095,-1.77239,-0.855924,-8.19086e-05,-0.000115624,-0.517102,0.630139,5.87097,-1.77242,-0.855924,-8.93586e-05,-0.000123301,-0.517102,0.00406624,-0.000378255,0.00050828,0,0.000106233,0.000109471,0
1765976281590653,0,0.630459,5.87095,-1.77238,-0.855924,-8.1353e-05,-0.000114253,-0.517102,0.63018,5.87097,-1.77242,-0.855924,-8.8346e-05,-0.000122157,-0.517102,0.0040169,-0.000330318,0.000483679,0,0.000100202,0.000113257,0
1765976281590653,0,0.630459,5.87095,-1.77238,-0.855924,-8.1353e-05,-0.000114253,-0.517102,0.63018,5.87097,-1.77242,-0.855924,-8.8346e-05,-0.000122157,-0.517102,0.0040169,-0.000330318,0.000483679,0,0.000100202,0.000113257,0
1765976281600715,0,0.630495,5.87094,-1.77238,-0.855924,-8.12177e-05,-0.000112642,-0.517102,0.63022,5.87097,-1.77241,-0.855924,-8.74509e-05,-0.000120962,-0.517102,0.00397483,-0.000331729,0.000462052,0,8.89624e-05,0.000118749,0
1765976281600715,0,0.630495,5.87094,-1.77238,-0.855924,-8.12177e-05,-0.000112642,-0.517102,0.63022,5.87097,-1.77241,-0.855924,-8.74509e-05,-0.000120962,-0.517102,0.00397483,-0.000331729,0.000462052,0,8.89624e-05,0.000118749,0
1765976281610631,0,0.630532,5.87094,-1.77238,-0.855924,-8.07275e-05,-0.000111175,-0.517102,0.630258,5.87096,-1.77241,-0.855924,-8.661e-05,-0.000119738,-0.517102,0.00392515,-0.000336614,0.000444811,0,8.48035e-05,0.000123444,0
1765976281610631,0,0.630532,5.87094,-1.77238,-0.855924,-8.07275e-05,-0.000111175,-0.517102,0.630258,5.87096,-1.77241,-0.855924,-8.661e-05,-0.000119738,-0.517102,0.00392515,-0.000336614,0.000444811,0,8.48035e-05,0.000123444,0
1765976281620545,0,0.630568,5.87094,-1.77238,-0.855924,-8.01129e-05,-0.000109719,-0.517102,0.630297,5.87096,-1.7724,-0.855924,-8.57947e-05,-0.000118481,-0.517102,0.00388987,-0.000336681,0.000432876,6.01217e-06,8.22299e-05,0.000126804,0
1765976281620545,0,0.630568,5.87094,-1.77238,-0.855924,-8.01129e-05,-0.000109719,-0.517102,0.630297,5.87096,-1.7724,-0.855924,-8.57947e-05,-0.000118481,-0.517102,0.00388987,-0.000336681,0.000432876,6.01217e-06,8.22299e-05,0.000126804,0
1765976281630516,0,0.630603,5.87094,-1.77237,-0.855924,-7.95124e-05,-0.000108188,-0.517102,0.630335,5.87096,-1.7724,-0.855924,-8.50057e-05,-0.000117188,-0.517102,0.00385568,-0.000286934,0.00040649,0,7.91351e-05,0.000129659,0
1765976281630516,0,0.630603,5.87094,-1.77237,-0.855924,-7.95124e-05,-0.000108188,-0.517102,0.630335,5.87096,-1.7724,-0.855924,-8.50057e-05,-0.000117188,-0.517102,0.00385568,-0.000286934,0.00040649,0,7.91351e-05,0.000129659,0
1765976281640731,0,0.630639,5.87093,-1.77237,-0.855924,-7.87533e-05,-0.0001069,-0.517102,0.630374,5.87095,-1.7724,-0.855924,-8.42113e-05,-0.000115881,-0.517102,0.00380443,-0.000280081,0.000385111,-5.83501e-06,7.77698e-05,0.000127966,0
1765976281640731,0,0.630639,5.87093,-1.77237,-0.855924,-7.87533e-05,-0.0001069,-0.517102,0.630374,5.87095,-1.7724,-0.855924,-8.42113e-05,-0.000115881,-0.517102,0.00380443,-0.000280081,0.000385111,-5.83501e-06,7.77698e-05,0.000127966,0
1765976281650634,0,0.630673,5.87093,-1.77237,-0.855924,-7.74114e-05,-0.000106081,-0.517102,0.630412,5.87095,-1.77239,-0.855924,-8.33607e-05,-0.000114655,-0.517102,0.00375576,-0.000288905,0.000361131,0,8.58898e-05,0.000123788,0
1765976281650634,0,0.630673,5.87093,-1.77237,-0.855924,-7.74114e-05,-0.000106081,-0.517102,0.630412,5.87095,-1.77239,-0.855924,-8.33607e-05,-0.000114655,-0.517102,0.00375576,-0.000288905,0.000361131,0,8.58898e-05,0.000123788,0
1765976281660660,0,0.630708,5.87093,-1.77237,-0.855924,-7.57797e-05,-0.000105285,-0.517102,0.630449,5.87095,-1.77239,-0.855924,-8.24073e-05,-0.000113477,-0.517102,0.00372752,-0.00028536,0.00034481,0,9.50947e-05,0.000117536,0
1765976281660660,0,0.630708,5.87093,-1.77237,-0.855924,-7.57797e-05,-0.000105285,-0.517102,0.630449,5.87095,-1.77239,-0.855924,-8.24073e-05,-0.000113477,-0.517102,0.00372752,-0.00028536,0.00034481,0,9.50947e-05,0.000117536,0
1765976281670616,0,0.630742,5.87092,-1.77236,-0.855924,-7.42106e-05,-0.00010437,-0.517102,0.630486,5.87095,-1.77239,-0.855924,-8.13817e-05,-0.000112337,-0.517102,0.00368189,-0.000287367,0.000323288,0,0.000103013,0.000114445,0
1765976281670616,0,0.630742,5.87092,-1.77236,-0.855924,-7.42106e-05,-0.00010437,-0.517102,0.630486,5.87095,-1.77239,-0.855924,-8.13817e-05,-0.000112337,-0.517102,0.00368189,-0.000287367,0.000323288,0,0.000103013,0.000114445,0
1765976281680780,0,0.630776,5.87092,-1.77236,-0.855924,-7.28272e-05,-0.000103467,-0.517102,0.630523,5.87094,-1.77238,-0.855924,-8.02942e-05,-0.00011121,-0.517102,0.00364759,-0.000281486,0.000293215,-5.86429e-06,0.00010699,0.000110935,0
1765976281680780,0,0.630776,5.87092,-1.77236,-0.855924,-7.28272e-05,-0.000103467,-0.517102,0.630523,5.87094,-1.77238,-0.855924,-8.02942e-05,-0.00011121,-0.517102,0.00364759,-0.000281486,0.000293215,-5.86429e-06,0.00010699,0.000110935,0
1765976281690619,0,0.630809,5.87092,-1.77236,-0.855924,-7.16044e-05,-0.000102498,-0.517102,0.630558,5.87094,-1.77238,-0.855924,-7.92068e-05,-0.000110119,-0.517102,0.00359845,-0.000290784,0.000266552,0,0.000110521,0.000110793,0
1765976281690619,0,0.630809,5.87092,-1.77236,-0.855924,-7.16044e-05,-0.000102498,-0.517102,0.630558,5.87094,-1.77238,-0.855924,-7.92068e-05,-0.000110119,-0.517102,0.00359845,-0.000290784,0.000266552,0,0.000110521,0.000110793,0
1765976281700708,0,0.630842,5.87092,-1.77236,-0.855924,-7.05311e-05,-0.000101466,-0.517102,0.630594,5.87094,-1.77238,-0.855924,-7.81145e-05,-0.00010903,-0.517102,0.00356836,-0.000330842,0.000259947,0,0.000108265,0.000107982,0
1765976281700708,0,0.630842,5.87092,-1.77236,-0.855924,-7.05311e-05,-0.000101466,-0.517102,0.630594,5.87094,-1.77238,-0.855924,-7.81145e-05,-0.00010903,-0.517102,0.00356836,-0.000330842,0.000259947,0,0.000108265,0.000107982,0
1765976281710660,0,0.630875,5.87091,-1.77236,-0.855924,-6.98854e-05,-0.00010012,-0.517102,0.630629,5.87093,-1.77238,-0.855924,-7.7085e-05,-0.000107915,-0.517102,0.00352765,-0.000287482,0.000239569,5.98921e-06,0.000103452,0.000112013,0
1765976281710660,0,0.630875,5.87091,-1.77236,-0.855924,-6.98854e-05,-0.00010012,-0.517102,0.630629,5.87093,-1.77238,-0.855924,-7.7085e-05,-0.000107915,-0.517102,0.00352765,-0.000287482,0.000239569,5.98921e-06,0.000103452,0.000112013,0
1765976281720462,0,0.630907,5.87091,-1.77236,-0.855924,-6.97209e-05,-9.8583e-05,-0.517102,0.630663,5.87093,-1.77237,-0.855924,-7.61667e-05,-0.000106752,-0.517102,0.0034965,-0.000291882,0.000206749,0,9.36819e-05,0.000118721,0
1765976281720462,0,0.630907,5.87091,-1.77236,-0.855924,-6.97209e-05,-9.8583e-05,-0.517102,0.630663,5.87093,-1.77237,-0.855924,-7.61667e-05,-0.000106752,-0.517102,0.0034965,-0.000291882,0.000206749,0,9.36819e-05,0.000118721,0
1765976281730652,0,0.630939,5.87091,-1.77236,-0.855924,-6.9341e-05,-9.7251e-05,-0.517102,0.630699,5.87093,-1.77237,-0.855924,-7.53078e-05,-0.000105556,-0.517102,0.00346865,-0.000233973,0.000187178,0,8.42847e-05,0.000117314,0
1765976281730652,0,0.630939,5.87091,-1.77236,-0.855924,-6.9341e-05,-9.7251e-05,-0.517102,0.630699,5.87093,-1.77237,-0.855924,-7.53078e-05,-0.000105556,-0.517102,0.00346865,-0.000233973,0.000187178,0,8.42847e-05,0.000117314,0
1765976281740550,0,0.630971,5.87091,-1.77236,-0.855924,-6.8676e-05,-9.6303e-05,-0.517102,0.630733,5.87093,-1.77237,-0.855924,-7.44752e-05,-0.000104394,-0.517102,0.00342043,-0.000289051,0.000180657,0,8.41212e-05,0.000117371,0
1765976281740550,0,0.630971,5.87091,-1.77236,-0.855924,-6.8676e-05,-9.6303e-05,-0.517102,0.630733,5.87093,-1.77237,-0.855924,-7.44752e-05,-0.000104394,-0.517102,0.00342043,-0.000289051,0.000180657,0,8.41212e-05,0.000117371,0
1765976281750509,0,0.631002,5.8709,-1.77236,-0.855924,-6.76296e-05,-9.57334e-05,-0.517102,0.630766,5.87092,-1.77237,-0.855924,-7.36156e-05,-0.000103307,-0.517102,0.00338751,-0.0002394,0.00014364,0,8.63179e-05,0.000109208,0
1765976281750509,0,0.631002,5.8709,-1.77236,-0.855924,-6.76296e-05,-9.57334e-05,-0.517102,0.630766,5.87092,-1.77237,-0.855924,-7.36156e-05,-0.000103307,-0.517102,0.00338751,-0.0002394,0.00014364,0,8.63179e-05,0.000109208,0
1765976281760551,0,0.631033,5.8709,-1.77236,-0.855924,-6.67444e-05,-9.4977e-05,-0.517102,0.6308,5.87092,-1.77237,-0.855924,-7.27516e-05,-0.000102259,-0.517102,0.00335358,-0.000284906,0.000130582,0,8.6037e-05,0.000104299,0
1765976281760551,0,0.631033,5.8709,-1.77236,-0.855924,-6.67444e-05,-9.4977e-05,-0.517102,0.6308,5.87092,-1.77237,-0.855924,-7.27516e-05,-0.000102259,-0.517102,0.00335358,-0.000284906,0.000130582,0,8.6037e-05,0.000104299,0
1765976281770497,0,0.631064,5.8709,-1.77236,-0.855924,-6.57509e-05,-9.43023e-05,-0.517102,0.630833,5.87092,-1.77237,-0.855924,-7.18719e-05,-0.00010126,-0.517102,0.00331403,-0.000239713,0.000107871,-5.99283e-06,8.8441e-05,0.000100525,0
1765976281770497,0,0.631064,5.8709,-1.77236,-0.855924,-6.57509e-05,-9.43023e-05,-0.517102,0.630833,5.87092,-1.77237,-0.855924,-7.18719e-05,-0.00010126,-0.517102,0.00331403,-0.000239713,0.000107871,-5.99283e-06,8.8441e-05,0.000100525,0
1765976281780606,0,0.631094,5.8709,-1.77236,-0.855924,-6.50166e-05,-9.34759e-05,-0.517102,0.630866,5.87091,-1.77237,-0.855924,-7.101e-05,-0.000100281,-0.517102,0.00327829,-0.000283017,0.000106132,0,8.52688e-05,9.68158e-05,0
1765976281780606,0,0.631094,5.8709,-1.77236,-0.855924,-6.50166e-05,-9.34759e-05,-0.517102,0.630866,5.87091,-1.77237,-0.855924,-7.101e-05,-0.000100281,-0.517102,0.00327829,-0.000283017,0.000106132,0,8.52688e-05,9.68158e-05,0
1765976281790605,0,0.631124,5.87089,-1.77236,-0.855924,-6.41858e-05,-9.26445e-05,-0.517102,0.630899,5.87091,-1.77236,-0.855924,-7.01529e-05,-9.93218e-05,-0.517102,0.00324282,-0.000238442,7.15327e-05,0,8.57121e-05,9.5914e-05,0
1765976281790605,0,0.631124,5.87089,-1.77236,-0.855924,-6.41858e-05,-9.26445e-05,-0.517102,0.630899,5.87091,-1.77236,-0.855924,-7.01529e-05,-9.93218e-05,-0.517102,0.00324282,-0.000238442,7.15327e-05,0,8.57121e-05,9.5914e-05,0
1765976281800598,0,0.631154,5.87089,-1.77236,-0.855924,-6.35841e-05,-9.16348e-05,-0.517102,0.630931,5.87091,-1.77236,-0.855924,-6.93267e-05,-9.8355e-05,-0.517102,0.00320301,-0.000286303,5.96464e-05,5.96464e-06,8.26793e-05,9.67521e-05,0
1765976281800598,0,0.631154,5.87089,-1.77236,-0.855924,-6.35841e-05,-9.16348e-05,-0.517102,0.630931,5.87091,-1.77236,-0.855924,-6.93267e-05,-9.8355e-05,-0.517102,0.00320301,-0.000286303,5.96464e-05,5.96464e-06,8.26793e-05,9.67521e-05,0
1765976281810678,0,0.631183,5.87089,-1.77236,-0.855924,-6.28957e-05,-9.06167e-05,-0.517102,0.630962,5.87091,-1.77236,-0.855924,-6.85149e-05,-9.73782e-05,-0.517102,0.00316945,-0.000236526,3.5479e-05,0,8.05336e-05,9.69045e-05,0
1765976281810678,0,0.631183,5.87089,-1.77236,-0.855924,-6.28957e-05,-9.06167e-05,-0.517102,0.630962,5.87091,-1.77236,-0.855924,-6.85149e-05,-9.73782e-05,-0.517102,0.00316945,-0.000236526,3.5479e-05,0,8.05336e-05,9.69045e-05,0
1765976281820554,0,0.631212,5.87089,-1.77236,-0.855924,-6.24196e-05,-8.93819e-05,-0.517102,0.630993,5.8709,-1.77236,-0.855924,-6.77533e-05,-9.63791e-05,-0.517102,0.00313836,-0.000241412,1.20706e-05,0,7.71166e-05,0.000101166,0
1765976281820554,0,0.631212,5.87089,-1.77236,-0.855924,-6.24196e-05,-8.93819e-05,-0.517102,0.630993,5.8709,-1.77236,-0.855924,-6.77533e-05,-9.63791e-05,-0.517102,0.00313836,-0.000241412,1.20706e-05,0,7.71166e-05,0.000101166,0
1765976281830504,0,0.631241,5.87088,-1.77236,-0.855924,-6.1581e-05,-8.83755e-05,-0.517102,0.631024,5.8709,-1.77236,-0.855924,-6.69771e-05,-9.53725e-05,-0.517102,0.00310903,-0.000239617,0,0,7.80166e-05,0.000101163,0
1765976281830504,0,0.631241,5.87088,-1.77236,-0.855924,-6.1581e-05,-8.83755e-05,-0.517102,0.631024,5.8709,-1.77236,-0.855924,-6.69771e-05,-9.53725e-05,-0.517102,0.00310903,-0.000239617,0,0,7.80166e-05,0.000101163,0
1765976281840599,0,0.631269,5.87088,-1.77237,-0.855924,-6.07036e-05,-8.74891e-05,-0.517102,0.631056,5.8709,-1.77236,-0.855924,-6.61891e-05,-9.43824e-05,-0.517102,0.00308208,-0.000236175,-2.36175e-05,0,7.80535e-05,9.80845e-05,0
1765976281840599,0,0.631269,5.87088,-1.77237,-0.855924,-6.07036e-05,-8.74891e-05,-0.517102,0.631056,5.8709,-1.77236,-0.855924,-6.61891e-05,-9.43824e-05,-0.517102,0.00308208,-0.000236175,-2.36175e-05,0,7.80535e-05,9.80845e-05,0
1765976281850598,0,0.631297,5.87088,-1.77237,-0.855924,-5.98887e-05,-8.67305e-05,-0.517102,0.631086,5.8709,-1.77236,-0.855924,-6.53964e-05,-9.34196e-05,-0.517102,0.00304014,-0.000238442,-4.76885e-05,0,7.92773e-05,9.62807e-05,0
1765976281850598,0,0.631297,5.87088,-1.77237,-0.855924,-5.98887e-05,-8.67305e-05,-0.517102,0.631086,5.8709,-1.77236,-0.855924,-6.53964e-05,-9.34196e-05,-0.517102,0.00304014,-0.000238442,-4.76885e-05,0,7.92773e-05,9.62807e-05,0
1765976281860595,0,0.631325,5.87088,-1.77237,-0.855924,-5.91469e-05,-8.60265e-05,-0.517102,0.631116,5.8709,-1.77236,-0.855924,-6.46109e-05,-9.24904e-05,-0.517102,0.00301094,-0.00023849,-5.96225e-05,0,7.85726e-05,9.29521e-05,0
1765976281860595,0,0.631325,5.87088,-1.77237,-0.855924,-5.91469e-05,-8.60265e-05,-0.517102,0.631116,5.8709,-1.77236,-0.855924,-6.46109e-05,-9.24904e-05,-0.517102,0.00301094,-0.00023849,-5.96225e-05,0,7.85726e-05,9.29521e-05,0
1765976281870455,0,0.631353,5.87088,-1.77237,-0.855924,-5.84644e-05,-8.52129e-05,-0.517102,0.631145,5.87089,-1.77237,-0.855924,-6.38399e-05,-9.15775e-05,-0.517102,0.00297419,-0.000241804,-8.46313e-05,0,7.81951e-05,9.25825e-05,0
1765976281870455,0,0.631353,5.87088,-1.77237,-0.855924,-5.84644e-05,-8.52129e-05,-0.517102,0.631145,5.87089,-1.77237,-0.855924,-6.38399e-05,-9.15775e-05,-0.517102,0.00297419,-0.000241804,-8.46313e-05,0,7.81951e-05,9.25825e-05,0
1765976281880587,0,0.63138,5.87087,-1.77237,-0.855924,-5.78831e-05,-8.43147e-05,-0.517102,0.631175,5.87089,-1.77237,-0.855924,-6.30911e-05,-9.06646e-05,-0.517102,0.00294729,-0.000235312,-0.000117656,5.88281e-06,7.39028e-05,9.01064e-05,0
1765976281880587,0,0.63138,5.87087,-1.77237,-0.855924,-5.78831e-05,-8.43147e-05,-0.517102,0.631175,5.87089,-1.77237,-0.855924,-6.30911e-05,-9.06646e-05,-0.517102,0.00294729,-0.000235312,-0.000117656,5.88281e-06,7.39028e-05,9.01064e-05,0
1765976281890521,0,0.631407,5.87087,-1.77238,-0.855924,-5.73774e-05,-8.33324e-05,-0.517102,0.631204,5.87089,-1.77237,-0.855924,-6.23726e-05,-8.97425e-05,-0.517102,0.00291003,-0.000240003,-0.000120001,0,7.23355e-05,9.28252e-05,0
1765976281890521,0,0.631407,5.87087,-1.77238,-0.855924,-5.73774e-05,-8.33324e-05,-0.517102,0.631204,5.87089,-1.77237,-0.855924,-6.23726e-05,-8.97425e-05,-0.517102,0.00291003,-0.000240003,-0.000120001,0,7.23355e-05,9.28252e-05,0
1765976281900479,0,0.631434,5.87087,-1.77238,-0.855924,-5.69079e-05,-8.23449e-05,-0.517102,0.631233,5.87089,-1.77237,-0.855924,-6.16861e-05,-8.88132e-05,-0.517102,0.00288506,-0.000191539,-0.000143654,0,6.89331e-05,9.33154e-05,0
1765976281900479,0,0.631434,5.87087,-1.77238,-0.855924,-5.69079e-05,-8.23449e-05,-0.517102,0.631233,5.87089,-1.77237,-0.855924,-6.16861e-05,-8.88132e-05,-0.517102,0.00288506,-0.000191539,-0.000143654,0,6.89331e-05,9.33154e-05,0
1765976281910469,0,0.63146,5.87087,-1.77238,-0.855924,-5.62487e-05,-8.14477e-05,-0.517102,0.631261,5.87088,-1.77237,-0.855924,-6.10028e-05,-8.78876e-05,-0.517102,0.00285792,-0.000238657,-0.000155127,-5.96643e-06,6.84035e-05,9.26588e-05,0
1765976281910469,0,0.63146,5.87087,-1.77238,-0.855924,-5.62487e-05,-8.14477e-05,-0.517102,0.631261,5.87088,-1.77237,-0.855924,-6.10028e-05,-8.78876e-05,-0.517102,0.00285792,-0.000238657,-0.000155127,-5.96643e-06,6.84035e-05,9.26588e-05,0
1765976281920474,0,0.631486,5.87086,-1.77238,-0.855924,-5.53399e-05,-8.08168e-05,-0.517102,0.63129,5.87088,-1.77237,-0.855924,-6.02902e-05,-8.69978e-05,-0.517102,0.00282385,-0.000238299,-0.000178725,0,7.12255e-05,8.89339e-05,0
1765976281920474,0,0.631486,5.87086,-1.77238,-0.855924,-5.53399e-05,-8.08168e-05,-0.517102,0.63129,5.87088,-1.77237,-0.855924,-6.02902e-05,-8.69978e-05,-0.517102,0.00282385,-0.000238299,-0.000178725,0,7.12255e-05,8.89339e-05,0
1765976281930672,0,0.631512,5.87086,-1.77239,-0.855924,-5.49014e-05,-7.9983e-05,-0.517102,0.631318,5.87088,-1.77237,-0.855924,-5.9611e-05,-8.61137e-05,-0.517102,0.00279963,-0.00023379,-0.000198721,0,6.65945e-05,8.66886e-05,0
1765976281930672,0,0.631512,5.87086,-1.77239,-0.855924,-5.49014e-05,-7.9983e-05,-0.517102,0.631318,5.87088,-1.77237,-0.855924,-5.9611e-05,-8.61137e-05,-0.517102,0.00279963,-0.00023379,-0.000198721,0,6.65945e-05,8.66886e-05,0
1765976281940466,0,0.631538,5.87086,-1.77239,-0.855924,-5.46843e-05,-7.90384e-05,-0.517102,0.631345,5.87088,-1.77238,-0.855924,-5.89945e-05,-8.52283e-05,-0.517102,0.00275688,-0.000243433,-0.000206918,0,6.2947e-05,9.03997e-05,0
1765976281940466,0,0.631538,5.87086,-1.77239,-0.855924,-5.46843e-05,-7.90384e-05,-0.517102,0.631345,5.87088,-1.77238,-0.855924,-5.89945e-05,-8.52283e-05,-0.517102,0.00275688,-0.000243433,-0.000206918,0,6.2947e-05,9.03997e-05,0
1765976281950437,0,0.631563,5.87086,-1.77239,-0.855924,-5.45757e-05,-7.80212e-05,-0.517102,0.631372,5.87087,-1.77238,-0.855924,-5.84398e-05,-8.43236e-05,-0.517102,0.00273185,-0.000239112,-0.000227156,0,5.5634e-05,9.07397e-05,0
1765976281950437,0,0.631563,5.87086,-1.77239,-0.855924,-5.45757e-05,-7.80212e-05,-0.517102,0.631372,5.87087,-1.77238,-0.855924,-5.84398e-05,-8.43236e-05,-0.517102,0.00273185,-0.000239112,-0.000227156,0,5.5634e-05,9.07397e-05,0
1765976281960545,0,0.631588,5.87086,-1.7724,-0.855924,-5.45264e-05,-7.68045e-05,-0.517102,0.6314,5.87087,-1.77238,-0.855924,-5.79438e-05,-8.33705e-05,-0.517102,0.00270073,-0.000235871,-0.000235871,0,4.90753e-05,9.42916e-05,0
1765976281960545,0,0.631588,5.87086,-1.7724,-0.855924,-5.45264e-05,-7.68045e-05,-0.517102,0.6314,5.87087,-1.77238,-0.855924,-5.79438e-05,-8.33705e-05,-0.517102,0.00270073,-0.000235871,-0.000235871,0,4.90753e-05,9.42916e-05,0
1765976281970562,0,0.631613,5.87085,-1.7724,-0.855924,-5.44598e-05,-7.55812e-05,-0.517102,0.631427,5.87087,-1.77238,-0.855924,-5.75094e-05,-8.23994e-05,-0.517102,0.00267171,-0.000238014,-0.000261815,5.95035e-06,4.33608e-05,9.69452e-05,0
1765976281970562,0,0.631613,5.87085,-1.7724,-0.855924,-5.44598e-05,-7.55812e-05,-0.517102,0.631427,5.87087,-1.77238,-0.855924,-5.75094e-05,-8.23994e-05,-0.517102,0.00267171,-0.000238014,-0.000261815,5.95035e-06,4.33608e-05,9.69452e-05,0
1765976281980588,0,0.631637,5.87085,-1.77241,-0.855924,-5.4346e-05,-7.43639e-05,-0.517102,0.631453,5.87087,-1.77239,-0.855924,-5.71119e-05,-8.13897e-05,-0.517102,0.00264553,-0.0002378,-0.00027347,-5.94501e-06,3.96455e-05,0.000100704,0
1765976281980588,0,0.631637,5.87085,-1.77241,-0.855924,-5.4346e-05,-7.43639e-05,-0.517102,0.631453,5.87087,-1.77239,-0.855924,-5.71119e-05,-8.13897e-05,-0.517102,0.00264553,-0.0002378,-0.00027347,-5.94501e-06,3.96455e-05,0.000100704,0
1765976281990667,0,0.631661,5.87085,-1.77241,-0.855924,-5.42447e-05,-7.31603e-05,-0.517102,0.631479,5.87086,-1.77239,-0.855924,-5.67481e-05,-8.03455e-05,-0.517102,0.00261388,-0.00023655,-0.00028386,0,3.6095e-05,0.000103599,0
1765976281990667,0,0.631661,5.87085,-1.77241,-0.855924,-5.42447e-05,-7.31603e-05,-0.517102,0.631479,5.87086,-1.77239,-0.855924,-5.67481e-05,-8.03455e-05,-0.517102,0.00261388,-0.00023655,-0.00028386,0,3.6095e-05,0.000103599,0
1765976282000619,0,0.631685,5.87085,-1.77241,-0.855924,-5.41451e-05,-7.19907e-05,-0.517102,0.631505,5.87086,-1.77239,-0.855924,-5.64237e-05,-7.93044e-05,-0.517102,0.00258135,-0.000239569,-0.000287482,-5.98921e-06,3.25956e-05,0.00010462,0
1765976282000619,0,0.631685,5.87085,-1.77241,-0.855924,-5.41451e-05,-7.19907e-05,-0.517102,0.631505,5.87086,-1.77239,-0.855924,-5.64237e-05,-7.93044e-05,-0.517102,0.00258135,-0.000239569,-0.000287482,-5.98921e-06,3.25956e-05,0.00010462,0
1765976282010575,0,0.631709,5.87085,-1.77242,-0.855924,-5.40116e-05,-7.07865e-05,-0.517102,0.631531,5.87086,-1.7724,-0.855924,-5.6121e-05,-7.82355e-05,-0.517102,0.00256235,-0.000239472,-0.000311314,0,3.04028e-05,0.000107361,0
1765976282010575,0,0.631709,5.87085,-1.77242,-0.855924,-5.40116e-05,-7.07865e-05,-0.517102,0.631531,5.87086,-1.7724,-0.855924,-5.6121e-05,-7.82355e-05,-0.517102,0.00256235,-0.000239472,-0.000311314,0,3.04028e-05,0.000107361,0
1765976282020535,0,0.631732,5.87084,-1.77242,-0.855924,-5.38993e-05,-6.95589e-05,-0.517102,0.631556,5.87086,-1.7724,-0.855924,-5.58419e-05,-7.71453e-05,-0.517102,0.00253739,-0.000239376,-0.000335127,-5.9844e-06,2.80289e-05,0.000109461,0
1765976282020535,0,0.631732,5.87084,-1.77242,-0.855924,-5.38993e-05,-6.95589e-05,-0.517102,0.631556,5.87086,-1.7724,-0.855924,-5.58419e-05,-7.71453e-05,-0.517102,0.00253739,-0.000239376,-0.000335127,-5.9844e-06,2.80289e-05,0.000109461,0
1765976282030485,0,0.631756,5.87084,-1.77243,-0.855924,-5.38663e-05,-6.84444e-05,-0.517102,0.631581,5.87086,-1.7724,-0.855924,-5.55936e-05,-7.60519e-05,-0.517102,0.00250998,-0.000191693,-0.000347444,0,2.49511e-05,0.000109887,0
1765976282030485,0,0.631756,5.87084,-1.77243,-0.855924,-5.38663e-05,-6.84444e-05,-0.517102,0.631581,5.87086,-1.7724,-0.855924,-5.55936e-05,-7.60519e-05,-0.517102,0.00250998,-0.000191693,-0.000347444,0,2.49511e-05,0.000109887,0
1765976282040629,0,0.631778,5.87084,-1.77243,-0.855924,-5.36171e-05,-6.75781e-05,-0.517102,0.631606,5.87085,-1.77241,-0.855924,-5.53439e-05,-7.49813e-05,-0.517102,0.00248549,-0.000188027,-0.000364303,0,2.46173e-05,0.000105539,0
1765976282040629,0,0.631778,5.87084,-1.77243,-0.855924,-5.36171e-05,-6.75781e-05,-0.517102,0.631606,5.87085,-1.77241,-0.855924,-5.53439e-05,-7.49813e-05,-0.517102,0.00248549,-0.000188027,-0.000364303,0,2.46173e-05,0.000105539,0
1765976282050549,0,0.631801,5.87084,-1.77244,-0.855924,-5.27499e-05,-6.71487e-05,-0.517102,0.63163,5.87085,-1.77241,-0.855924,-5.50196e-05,-7.4002e-05,-0.517102,0.00245148,-0.000192273,-0.000360512,0,3.26919e-05,9.87154e-05,0
1765976282050549,0,0.631801,5.87084,-1.77244,-0.855924,-5.27499e-05,-6.71487e-05,-0.517102,0.63163,5.87085,-1.77241,-0.855924,-5.50196e-05,-7.4002e-05,-0.517102,0.00245148,-0.000192273,-0.000360512,0,3.26919e-05,9.87154e-05,0
1765976282060675,0,0.631824,5.87084,-1.77244,-0.855924,-5.1634e-05,-6.68688e-05,-0.517102,0.631655,5.87085,-1.77241,-0.855924,-5.45905e-05,-7.30979e-05,-0.517102,0.00243104,-0.000235452,-0.000376723,0,4.23767e-05,8.92839e-05,0
1765976282060675,0,0.631824,5.87084,-1.77244,-0.855924,-5.1634e-05,-6.68688e-05,-0.517102,0.631655,5.87085,-1.77241,-0.855924,-5.45905e-05,-7.30979e-05,-0.517102,0.00243104,-0.000235452,-0.000376723,0,4.23767e-05,8.92839e-05,0
1765976282070487,0,0.631846,5.87083,-1.77244,-0.855924,-5.07517e-05,-6.63751e-05,-0.517102,0.631679,5.87085,-1.77242,-0.855924,-5.41127e-05,-7.22612e-05,-0.517102,0.00239949,-0.000194389,-0.000388779,0,4.86967e-05,8.52819e-05,0
1765976282070487,0,0.631846,5.87083,-1.77244,-0.855924,-5.07517e-05,-6.63751e-05,-0.517102,0.631679,5.87085,-1.77242,-0.855924,-5.41127e-05,-7.22612e-05,-0.517102,0.00239949,-0.000194389,-0.000388779,0,4.86967e-05,8.52819e-05,0
1765976282080647,0,0.631868,5.87083,-1.77245,-0.855924,-5.03058e-05,-6.5628e-05,-0.517102,0.631703,5.87085,-1.77242,-0.855924,-5.36315e-05,-7.14227e-05,-0.517102,0.00237597,-0.000187731,-0.000398929,0,4.73625e-05,8.25263e-05,0
1765976282080647,0,0.631868,5.87083,-1.77245,-0.855924,-5.03058e-05,-6.5628e-05,-0.517102,0.631703,5.87085,-1.77242,-0.855924,-5.36315e-05,-7.14227e-05,-0.517102,0.00237597,-0.000187731,-0.000398929,0,4.73625e-05,8.25263e-05,0
1765976282090514,0,0.63189,5.87083,-1.77245,-0.855924,-4.9581e-05,-6.49914e-05,-0.517102,0.631726,5.87084,-1.77243,-0.855924,-5.31229e-05,-7.06152e-05,-0.517102,0.00234383,-0.000193306,-0.000422856,0,5.15441e-05,8.18414e-05,0
1765976282090514,0,0.63189,5.87083,-1.77245,-0.855924,-4.9581e-05,-6.49914e-05,-0.517102,0.631726,5.87084,-1.77243,-0.855924,-5.31229e-05,-7.06152e-05,-0.517102,0.00234383,-0.000193306,-0.000422856,0,5.15441e-05,8.18414e-05,0
1765976282100481,0,0.631911,5.87083,-1.77246,-0.855924,-4.87228e-05,-6.43962e-05,-0.517102,0.631749,5.87084,-1.77243,-0.855924,-5.25723e-05,-6.9837e-05,-0.517102,0.00233228,-0.000191366,-0.000442535,0,5.52384e-05,7.80711e-05,0
1765976282100481,0,0.631911,5.87083,-1.77246,-0.855924,-4.87228e-05,-6.43962e-05,-0.517102,0.631749,5.87084,-1.77243,-0.855924,-5.25723e-05,-6.9837e-05,-0.517102,0.00233228,-0.000191366,-0.000442535,0,5.52384e-05,7.80711e-05,0
1765976282110484,0,0.631932,5.87083,-1.77247,-0.855924,-4.79235e-05,-6.37629e-05,-0.517102,0.631772,5.87084,-1.77243,-0.855924,-5.1988e-05,-6.90735e-05,-0.517102,0.00230601,-0.000190678,-0.000440942,5.95868e-06,5.8419e-05,7.63295e-05,0
1765976282110484,0,0.631932,5.87083,-1.77247,-0.855924,-4.79235e-05,-6.37629e-05,-0.517102,0.631772,5.87084,-1.77243,-0.855924,-5.1988e-05,-6.90735e-05,-0.517102,0.00230601,-0.000190678,-0.000440942,5.95868e-06,5.8419e-05,7.63295e-05,0
1765976282120483,0,0.631953,5.87083,-1.77247,-0.855924,-4.72728e-05,-6.32415e-05,-0.517102,0.631795,5.87084,-1.77244,-0.855924,-5.13953e-05,-6.83405e-05,-0.517102,0.00227713,-0.000190754,-0.000453041,0,5.92697e-05,7.33097e-05,0
1765976282120483,0,0.631953,5.87083,-1.77247,-0.855924,-4.72728e-05,-6.32415e-05,-0.517102,0.631795,5.87084,-1.77244,-0.855924,-5.13953e-05,-6.83405e-05,-0.517102,0.00227713,-0.000190754,-0.000453041,0,5.92697e-05,7.33097e-05,0
