1765976261163826,0,0,0,-9.81029,0,0,0,0,0,0,0.707107,0,0,0.707107,0,0,0
1765976261168928,0,0,0,-9.77962,0,0,0,0,0,0,0.707107,0,0,0.707107,0,0,0
1765976261173821,0,0,0,-9.77963,0,0,0,0,0,0,0.707107,0,0,0.707107,0,0,0
1765976261178907,0,0,0,-9.77965,0,0,0,0,0,0,0.707107,0,0,0.707107,0,0,0
1765976261183922,0,0,0,-9.77966,0,0,0,0,0,0,0.707107,0,0,0.707107,0,0,0
1765976261188918,0,0,0,-9.74879,0,0,0,0,0,0,0.707107,0,0,0.707107,0,0,0
1765976261193928,0,0,0,-9.74875,0,0,0,0,0,0,0.707107,0,0,0.707107,0,0,0
1765976261198916,0,0,0,-9.7487,0,0,0,0,0,0,0.707107,0,0,0.707107,0,0,0
1765976261203935,0,0,0,-9.74865,0,0,0,0,0,0,0.707107,0,0,0.707107,0,0,0
1765976261208908,0,0,0,-9.72347,0,0,0,0,0,0,0.707107,0,0,0.707107,0,0,0
1765976261213920,0,0,0,-9.72338,0,0,0,0,0,0,0.707107,0,0,0.707107,0,0,0
1765976261218917,0,0,0,-9.72328,0,0,0,0,0,0,0.707107,0,0,0.707107,0,0,0
1765976261223929,0,0,0,-9.72318,0,0,0,0,0,0,0.707107,0,0,0.707107,0,0,0
1765976261228820,0,0,0,-9.72349,0,0,0,0,0,0,0.707107,0,0,0.707107,0,0,0
1765976261233916,0,0,0,-9.72346,0,0,0,0,0,0,0.707107,0,0,0.707107,0,0,0
1765976261238824,0,0,0,-9.72343,0,0,0,0,0,0,0.707107,0,0,0.707107,0,0,0
1765976261243911,0,0,0,-9.7234,0,0,0,0,0,0,0.707107,0,0,0.707107,0,0,0
1765976261248823,0,0,0,-9.74439,0,0,0,0,0,0,0.707107,0,0,0.707107,0,0,0
1765976261253820,0,0,0,-9.74443,0,0,0,0,0,0,0.707107,0,0,0.707107,0,0,0
1765976261258818,0,0,0,-9.74446,0,0,0,0,0,0,0.707107,0,0,0.707107,0,0,0
1765976261263802,0,0,0,-9.7445,0,0,0,0,0,0,0.707107,0,0,0.707107,0,0,0
1765976261268801,0,0,0,-9.74454,0,0,0,0,0,0,0.707107,0,0,0.707107,0,0,0
1765976261273800,0,0,0,-9.81167,0,0,0,0,0,0,0.707107,0,0,0.707107,0,0,0
1765976261278801,0,0,0,-9.81175,0,0,0,0,0,0,0.707107,0,0,0.707107,0,0,0
1765976261283779,0,0,0,-9.81183,0,0,0,0,0,0,0.707107,0,0,0.707107,0,0,0
1765976261288797,0,0,0,-9.81191,0,0,0,0,0,0,0.707107,0,0,0.707107,0,0,0
1765976261293783,0,0,0,-9.89801,0,0,0,0,0,0,0.707107,0,0,0.707107,0,0,0
1765976261298798,0,0,0,-9.89808,0,0,0,0,0,0,0.707107,0,0,0.707107,0,0,0
1765976261303777,0,0,0,-9.89815,0,0,0,0,0,0,0.707107,0,0,0.707107,0,0,0
1765976261308799,0,0,0,-9.89822,0,0,0,0,0,0,0.707107,0,0,0.707107,0,0,0
1765976261313787,0,0,0,-9.95452,0,0,0,0,0,0,0.707107,0,0,0.707107,0,0,0
1765976261318803,0,0,0,-9.95455,0,0,0,0,0,0,0.707107,0,0,0.707107,0,0,0
1765976261323805,0,0,0,-9.95458,0,0,0,0,0,0,0.707107,0,0,0.707107,0,0,0
1765976261328800,0,0,0,-9.95557,0,0,0,0,0,0,0.707107,0,0,0.707107,0,0,0
1765976261333791,0,0,0,-9.95558,0,0,0,0,0,0,0.707107,0,0,0.707107,0,0,0
1765976261338801,0,0,0,-9.95559,0,0,0,0,0,0,0.707107,0,0,0.707107,0,0,0
1765976261343802,0,0,0,-9.9556,0,0,0,0,0,0,0.707107,0,0,0.707107,0,0,0
1765976261348798,0,0,0,-9.95561,0,0,0,0,0,0,0.707107,0,0,0.707107,0,0,0
1765976261353799,0,0,0,-9.89227,0,0,0,0,0,0,0.707107,0,0,0.707107,0,0,0
1765976261358806,0,0,0,-9.89225,0,0,0,0,0,0,0.707107,0,0,0.707107,0,0,0
1765976261363802,0,0,0,-9.89222,0,0,0,0,0,0,0.707107,0,0,0.707107,0,0,0
1765976261368798,0,0,0,-9.8922,0,0,0,0,0,0,0.707107,0,0,0.707107,0,0,0
1765976261373798,0,0,0,-9.79228,0,0,0,0,0,0,0.707107,0,0,0.707107,0,0,0
1765976261378800,0,0,0,-9.79222,0,0,0,0,0,0,0.707107,0,0,0.707107,0,0,0
1765976261383798,0,0,0,-9.79215,0,0,0,0,0,0,0.707107,0,0,0.707107,0,0,0
1765976261388806,0,0,0,-9.79208,0,0,0,0,0,0,0.707107,0,0,0.707107,0,0,0
1765976261393802,0,0,0,-9.70978,0,0,0,0,0,0,0.707107,0,0,0.707107,0,0,0
1765976261398798,0,0,0,-9.70973,0,0,0,0,0,0,0.707107,0,0,0.707107,0,0,0
1765976261403800,0,0,0,-9.70968,0,0,0,0,0,0,0.707107,0,0,0.707107,0,0,0
1765976261408802,0,0,0,-9.70963,0,0,0,0,0,0,0.707107,0,0,0.707107,0,0,0
1765976261413800,0,0,0,-9.67098,0,0,0,0,0,0,0.707107,0,0,0.707107,0,0,0
1765976261418786,0,0,0,-9.67097,0,0,0,0,0,0,0.707107,0,0,0.707107,0,0,0
1765976261423799,0,0,0,-9.67096,0,0,0,0,0,0,0.707107,0,0,0.707107,0,0,0
1765976261428799,0,0,0,-9.67095,0,0,0,0,0,0,0.707107,0,0,0.707107,0,0,0
1765976261433799,0,0,0,-9.69411,0,0,0,0,0,0,0.707107,0,0,0.707107,0,0,0
1765976261438800,0,0,0,-9.69414,0,0,0,0,0,0,0.707107,0,0,0.707107,0,0,0
1765976261443799,0,0,0,-9.69417,0,0,0,0,0,0,0.707107,0,0,0.707107,0,0,0
1765976261448809,0,0,0,-9.6942,0,0,0,0,0,0,0.707107,0,0,0.707107,0,0,0
1765976261453800,0,0,0,-9.77007,0,0,0,0,0,0,0.707107,0,0,0.707107,0,0,0
1765976261458800,0,0,0,-9.77012,0,0,0,0,0,0,0.707107,0,0,0.707107,0,0,0
1765976261463800,0,0,0,-9.77017,0,0,0,0,0,0,0.707107,0,0,0.707107,0,0,0
1765976261468799,0,0,0,-9.77023,0,0,0,0,0,0,0.707107,0,0,0.707107,0,0,0
1765976261473798,0,0,0,-9.8514,0,0,0,0,0,0,0.707107,0,0,0.707107,0,0,0
1765976261478799,0,0,0,-9.85144,0,0,0,0,0,0,0.707107,0,0,0.707107,0,0,0
1765976261483800,0,0,0,-9.85147,0,0,0,0,0,0,0.707107,0,0,0.707107,0,0,0
1765976261488797,0,0,0,-9.8515,0,0,0,0,0,0,0.707107,0,0,0.707107,0,0,0
1765976261493798,0,0,0,-9.89855,0,0,0,0,0,0,0.707107,0,0,0.707107,0,0,0
1765976261498799,0,0,0,-9.89854,0,0,0,0,0,0,0.707107,0,0,0.707107,0,0,0
1765976261503800,0,0,0,-9.89854,0,0,0,0,0,0,0.707107,0,0,0.707107,0,0,0
1765976261508801,0,0,0,-9.89853,0,0,0,0,0,0,0.707107,0,0,0.707107,0,0,0
1765976261513799,0,0,0,-9.90191,0,0,0,0,0,0,0.707107,0,0,0.707107,0,0,0
1765976261518800,0,0,0,-9.9019,0,0,0,0,0,0,0.707107,0,0,0.707107,0,0,0
1765976261523798,0,0,0,-9.9019,0,0,0,0,0,0,0.707107,0,0,0.707107,0,0,0
1765976261528798,0,0,0,-9.90189,0,0,0,0,0,0,0.707107,0,0,0.707107,0,0,0
1765976261533799,0,0,0,-9.86636,0,0,0,0,0,0,0.707107,0,0,0.707107,0,0,0
1765976261538797,0,0,0,-9.86636,0,0,0,0,0,0,0.707107,0,0,0.707107,0,0,0
1765976261543797,0,0,0,-9.86636,0,0,0,0,0,0,0.707107,0,0,0.707107,0,0,0
1765976261548799,0,0,0,-9.86637,0,0,0,0,0,0,0.707107,0,0,0.707107,0,0,0
1765976261553799,0,0,0,-9.82,0,0,0,0,0,0,0.707107,0,0,0.707107,0,0,0
1765976261558799,0,0,0,-9.82,0,0,0,0,0,0,0.707107,0,0,0.707107,0,0,0
1765976261563805,0,0,0,-9.82,0,0,0,0,0,0,0.707107,0,0,0.707107,0,0,0
1765976261568800,0,0,0,-9.82,0,0,0,0,0,0,0.707107,0,0,0.707107,0,0,0
1765976261573910,0,0,0,-9.78543,0,0,0,0,0,0,0.707107,0,0,0.707107,0,0,0
1765976261578826,0,0,0,-9.78543,0,0,0,0,0,0,0.707107,0,0,0.707107,0,0,0
1765976261583882,0,0,0,-9.78542,0,0,0,0,0,0,0.707107,0,0,0.707107,0,0,0
1765976261588925,0,0,0,-9.77322,0,0,0,0,0,0,0.707107,0,0,0.707107,0,0,0
1765976261593827,0,0,0,-9.77322,0,0,0,0,0,0,0.707107,0,0,0.707107,0,0,0
1765976261598823,0,0,0,-9.77322,0,0,0,0,0,0,0.707107,0,0,0.707107,0,0,0
1765976261603818,0,0,0,-9.77323,0,0,0,0,0,0,0.707107,0,0,0.707107,0,0,0
1765976261608829,0,0,0,-9.77323,0,0,0,0,0,0,0.707107,0,0,0.707107,0,0,0
1765976261613816,0,0,0,-9.77459,0,0,0,0,0,0,0.707107,0,0,0.707107,0,0,0
1765976261618937,0,0,0,-9.7746,0,0,0,0,0,0,0.707107,0,0,0.707107,0,0,0
1765976261623807,0,0,0,-9.7746,0,0,0,0,0,0,0.707107,0,0,0.707107,0,0,0
1765976261628923,0,0,0,-9.77461,0,0,0,0,0,0,0.707107,0,0,0.707107,0,0,0
1765976261633820,0,0,0,-9.7861,0,0,0,0,0,0,0.707107,0,0,0.707107,0,0,0
1765976261638829,0,0,0,-9.7861,0,0,0,0,0,0,0.707107,0,0,0.707107,0,0,0
1765976261643819,0,0,0,-9.7861,0,0,0,0,0,0,0.707107,0,0,0.707107,0,0,0
1765976261648929,0,0,0,-9.78611,0,0,0,0,0,0,0.707107,0,0,0.707107,0,0,0
1765976261653921,0,0,0,-9.80567,0,0,0,0,0,0,0.707107,0,0,0.707107,0,0,0
1765976261658936,0,0,0,-9.80568,0,0,0,0,0,0,0.707107,0,0,0.707107,0,0,0
1765976261663902,0,0,0,-9.80569,0,0,0,0,0,0,0.707107,0,0,0.707107,0,0,0
1765976261668917,0,0,0,-9.81824,0,0,0,0,0,0,0.707107,0,0,0.707107,0,0,0
1765976261673817,0,0,0,-9.81824,0,0,0,0,0,0,0.707107,0,0,0.707107,0,0,0
1765976261678827,0,0,0,-9.81825,0,0,0,0,0,0,0.707107,0,0,0.707107,0,0,0
1765976261683925,0,0,0,-9.81826,0,0,0,0,0,0,0.707107,0,0,0.707107,0,0,0
1765976261688820,0,0,0,-9.82359,0,0,0,0,0,0,0.707107,0,0,0.707107,0,0,0
1765976261693936,0,0,0,-9.82359,0,0,0,0,0,0,0.707107,0,0,0.707107,0,0,0
1765976261698831,0,0,0,-9.82359,0,0,0,0,0,0,0.707107,0,0,0.707107,0,0,0
1765976261703878,0,0,0,-9.82359,0,0,0,0,0,0,0.707107,0,0,0.707107,0,0,0
1765976261708910,0,0,0,-9.83809,0,0,0,0,0,0,0.707107,0,0,0.707107,0,0,0
1765976261713819,0,0,0,-9.83813,0,0,0,0,0,0,0.707107,0,0,0.707107,0,0,0
1765976261718810,0,0,0,-9.83817,0,0,0,0,0,0,0.707107,0,0,0.707107,0,0,0
1765976261723917,0,0,0,-9.83821,0,0,0,0,0,0,0.707107,0,0,0.707107,0,0,0
1765976261728806,0,0,0,-9.84034,0,0,0,0,0,0,0.707107,0,0,0.707107,0,0,0
1765976261733798,0,0,0,-9.84037,0,0,0,0,0,0,0.707107,0,0,0.707107,0,0,0
1765976261738800,0,0,0,-9.8404,0,0,0,0,0,0,0.707107,0,0,0.707107,0,0,0
1765976261743799,0,0,0,-9.84042,0,0,0,0,0,0,0.707107,0,0,0.707107,0,0,0
1765976261748800,0,0,0,-9.84045,0,0,0,0,0,0,0.707107,0,0,0.707107,0,0,0
1765976261753798,0,0,0,-9.83697,0,0,0,0,0,0,0.707107,0,0,0.707107,0,0,0
1765976261758800,0,0,0,-9.83697,0,0,0,0,0,0,0.707107,0,0,0.707107,0,0,0
1765976261763801,0,0,0,-9.83697,0,0,0,0,0,0,0.707107,0,0,0.707107,0,0,0
1765976261768798,0,0,0,-9.83696,0,0,0,0,0,0,0.707107,0,0,0.707107,0,0,0
1765976261773799,0,0,0,-9.83755,0,0,0,0,0,0,0.707107,0,0,0.707107,0,0,0
1765976261778796,0,0,0,-9.83757,0,0,0,0,0,0,0.707107,0,0,0.707107,0,0,0
1765976261783797,0,0,0,-9.83759,0,0,0,0,0,0,0.707107,0,0,0.707107,0,0,0
1765976261788798,0,0,0,-9.83761,0,0,0,0,0,0,0.707107,0,0,0.707107,0,0,0
1765976261793922,0,0,0,-9.8173,0,0,0,0,0,0,0.707107,0,0,0.707107,0,0,0
1765976261798825,0,0,0,-9.8173,0,0,0,0,0,0,0.707107,0,0,0.707107,0,0,0
1765976261803922,0,0,0,-9.8173,0,0,0,0,0,0,0.707107,0,0,0.707107,0,0,0
1765976261808919,0,0,0,-9.79075,0,0,0,0,0,0,0.707107,0,0,0.707107,0,0,0
1765976261813817,0,0,0,-9.79072,0,0,0,0,0,0,0.707107,0,0,0.707107,0,0,0
1765976261818912,0,0,0,-9.7907,0,0,0,0,0,0,0.707107,0,0,0.707107,0,0,0
1765976261823818,0,0,0,-9.79067,0,0,0,0,0,0,0.707107,0,0,0.707107,0,0,0
1765976261828802,0,0,0,-9.79064,0,0,0,0,0,0,0.707107,0,0,0.707107,0,0,0
1765976261833928,0,0,0,-9.77875,0,0,0,0,0,0,0.707107,0,0,0.707107,0,0,0
1765976261838924,0,0,0,-9.77875,0,0,0,0,0,0,0.707107,0,0,0.707107,0,0,0
1765976261843826,0,0,0,-9.77875,0,0,0,0,0,0,0.707107,0,0,0.707107,0,0,0
1765976261848922,0,0,0,-9.77874,0,0,0,0,0,0,0.707107,0,0,0.707107,0,0,0
1765976261853820,0,0,0,-9.7802,0,0,0,0,0,0,0.707107,0,0,0.707107,0,0,0
1765976261858909,0,0,0,-9.78023,0,0,0,0,0,0,0.707107,0,0,0.707107,0,0,0
1765976261863899,0,0,0,-9.78026,0,0,0,0,0,0,0.707107,0,0,0.707107,0,0,0
1765976261868814,0,0,0,-9.78668,0,0,0,0,0,0,0.707107,0,0,0.707107,0,0,0
1765976261873805,0,0,0,-9.78668,0,0,0,0,0,0,0.707107,0,0,0.707107,0,0,0
1765976261878797,0,0,0,-9.78669,0,0,0,0,0,0,0.707107,0,0,0.707107,0,0,0
1765976261883799,0,0,0,-9.78669,0,0,0,0,0,0,0.707107,0,0,0.707107,0,0,0
1765976261888806,0,0,0,-9.7867,0,0,0,0,0,0,0.707107,0,0,0.707107,0,0,0
1765976261893799,0,0,0,-9.80923,0,0,0,0,0,0,0.707107,0,0,0.707107,0,0,0
1765976261898796,0,0,0,-9.80923,0,0,0,0,0,0,0.707107,0,0,0.707107,0,0,0
1765976261903801,0,0,0,-9.80924,0,0,0,0,0,0,0.707107,0,0,0.707107,0,0,0
1765976261908812,0,0,0,-9.80924,0,0,0,0,0,0,0.707107,0,0,0.707107,0,0,0
1765976261913798,0,0,0,-9.82899,0,0,0,0,0,0,0.707107,0,0,0.707107,0,0,0
1765976261918800,0,0,0,-9.82901,0,0,0,0,0,0,0.707107,0,0,0.707107,0,0,0
1765976261923800,0,0,0,-9.82902,0,0,0,0,0,0,0.707107,0,0,0.707107,0,0,0
1765976261928797,0,0,0,-9.82904,0,0,0,0,0,0,0.707107,0,0,0.707107,0,0,0
1765976261933797,0,0,0,-9.83508,0,0,0,0,0,0,0.707107,0,0,0.707107,0,0,0
1765976261938796,0,0,0,-9.8351,0,0,0,0,0,0,0.707107,0,0,0.707107,0,0,0
1765976261943798,0,0,0,-9.83511,0,0,0,0,0,0,0.707107,0,0,0.707107,0,0,0
1765976261948797,0,0,0,-9.83513,0,0,0,0,0,0,0.707107,0,0,0.707107,0,0,0
1765976261953801,0,0,0,-9.83477,0,0,0,0,0,0,0.707107,0,0,0.707107,0,0,0
1765976261958801,0,0,0,-9.83477,0,0,0,0,0,0,0.707107,0,0,0.707107,0,0,0
1765976261963780,0,0,0,-9.83478,0,0,0,0,0,0,0.707107,0,0,0.707107,0,0,0
1765976261968798,0,0,0,-9.83479,0,0,0,0,0,0,0.707107,0,0,0.707107,0,0,0
1765976261973801,0,0,0,-9.83199,0,0,0,0,0,0,0.707107,0,0,0.707107,0,0,0
1765976261978806,0,0,0,-9.832,0,0,0,0,0,0,0.707107,0,0,0.707107,0,0,0
1765976261983904,0,0,0,-9.83202,0,0,0,0,0,0,0.707107,0,0,0.707107,0,0,0
1765976261988926,0,0,0,-9.80912,0,0,0,0,0,0,0.707107,0,0,0.707107,0,0,0
1765976261993909,0,0,0,-9.80909,0,0,0,0,0,0,0.707107,0,0,0.707107,0,0,0
1765976261998935,0,0,0,-9.80907,0,0,0,0,0,0,0.707107,0,0,0.707107,0,0,0
1765976262003933,0,0,0,-9.80904,0,0,0,0,0,0,0.707107,0,0,0.707107,0,0,0
1765976262008912,0,0,0,-9.77543,0,0,0,0,0,0,0.707107,0,0,0.707107,0,0,0
1765976262013932,0,0,0,-9.77537,0,0,0,0,0,0,0.707107,0,0,0.707107,0,0,0
1765976262018936,0,0,0,-9.77531,0,0,0,0,0,0,0.707107,0,0,0.707107,0,0,0
1765976262023869,0,0,0,-9.77526,0,0,0,0,0,0,0.707107,0,0,0.707107,0,0,0
1765976262028924,0,0,0,-9.77092,0,0,0,0,0,0,0.707107,0,0,0.707107,0,0,0
1765976262033932,0,0,0,-9.77094,0,0,0,0,0,0,0.707107,0,0,0.707107,0,0,0
1765976262038923,0,0,0,-9.77096,0,0,0,0,0,0,0.707107,0,0,0.707107,0,0,0
1765976262043919,0,0,0,-9.77098,0,0,0,0,0,0,0.707107,0,0,0.707107,0,0,0
1765976262048844,0,0,0,-9.77137,0,0,0,0,0,0,0.707107,0,0,0.707107,0,0,0
1765976262053916,0,0,0,-9.7714,0,0,0,0,0,0,0.707107,0,0,0.707107,0,0,0
1765976262058921,0,0,0,-9.77143,0,0,0,0,0,0,0.707107,0,0,0.707107,0,0,0
1765976262063811,0,0,0,-9.77146,0,0,0,0,0,0,0.707107,0,0,0.707107,0,0,0
1765976262068934,0,0,0,-9.77149,0,0,0,0,0,0,0.707107,0,0,0.707107,0,0,0
1765976262073905,0,0,0,-9.78963,0,0,0,0,0,0,0.707107,0,0,0.707107,0,0,0
1765976262078926,0,0,0,-9.78963,0,0,0,0,0,0,0.707107,0,0,0.707107,0,0,0
1765976262083927,0,0,0,-9.78962,0,0,0,0,0,0,0.707107,0,0,0.707107,0,0,0
1765976262088909,0,0,0,-9.82236,0,0,0,0,0,0,0.707107,0,0,0.707107,0,0,0
1765976262093910,0,0,0,-9.82236,0,0,0,0,0,0,0.707107,0,0,0.707107,0,0,0
1765976262098928,0,0,0,-9.82236,0,0,0,0,0,0,0.707107,0,0,0.707107,0,0,0
1765976262103911,0,0,0,-9.82235,0,0,0,0,0,0,0.707107,0,0,0.707107,0,0,0
1765976262108905,0,0,0,-9.83258,0,0,0,0,0,0,0.707107,0,0,0.707107,0,0,0
1765976262113923,0,0,0,-9.83257,0,0,0,0,0,0,0.707107,0,0,0.707107,0,0,0
1765976262118809,0,0,0,-9.83257,0,0,0,0,0,0,0.707107,0,0,0.707107,0,0,0
1765976262123814,0,0,0,-9.83256,0,0,0,0,0,0,0.707107,0,0,0.707107,0,0,0
1765976262128829,0,0,0,-9.83256,0,0,0,0,0,0,0.707107,0,0,0.707107,0,0,0
1765976262133835,0,0,0,-9.83964,0,0,0,0,0,0,0.707107,0,0,0.707107,0,0,0
1765976262138809,0,0,0,-9.83967,0,0,0,0,0,0,0.707107,0,0,0.707107,0,0,0
1765976262143799,0,0,0,-9.83969,0,0,0,0,0,0,0.707107,0,0,0.707107,0,0,0
1765976262148798,0,0,0,-9.83972,0,0,0,0,0,0,0.707107,0,0,0.707107,0,0,0
1765976262153803,0,0,0,-9.83941,0,0,0,0,0,0,0.707107,0,0,0.707107,0,0,0
1765976262158797,0,0,0,-9.83943,0,0,0,0,0,0,0.707107,0,0,0.707107,0,0,0
1765976262163812,0,0,0,-9.83945,0,0,0,0,0,0,0.707107,0,0,0.707107,0,0,0
1765976262168804,0,0,0,-9.83948,0,0,0,0,0,0,0.707107,0,0,0.707107,0,0,0
1765976262173815,0,0,0,-9.83692,0,0,0,0,0,0,0.707107,0,0,0.707107,0,0,0
1765976262178830,0,0,0,-9.83692,0,0,0,0,0,0,0.707107,0,0,0.707107,0,0,0
1765976262183814,0,0,0,-9.83693,0,0,0,0,0,0,0.707107,0,0,0.707107,0,0,0
1765976262188818,0,0,0,-9.83693,0,0,0,0,0,0,0.707107,0,0,0.707107,0,0,0
1765976262193818,0,0,0,-9.83034,0,0,0,0,0,0,0.707107,0,0,0.707107,0,0,0
1765976262198824,0,0,0,-9.83034,0,0,0,0,0,0,0.707107,0,0,0.707107,0,0,0
1765976262203917,0,0,0,-9.83033,0,0,0,0,0,0,0.707107,0,0,0.707107,0,0,0
1765976262208819,0,0,0,-9.80668,0,0,0,0,0,0,0.707107,0,0,0.707107,0,0,0
1765976262213812,0,0,0,-9.80666,0,0,0,0,0,0,0.707107,0,0,0.707107,0,0,0
1765976262218805,0,0,0,-9.80664,0,0,0,0,0,0,0.707107,0,0,0.707107,0,0,0
1765976262223807,0,0,0,-9.80661,0,0,0,0,0,0,0.707107,0,0,0.707107,0,0,0
1765976262228805,0,0,0,-9.80659,0,0,0,0,0,0,0.707107,0,0,0.707107,0,0,0
1765976262233804,0,0,0,-9.8039,0,0,0,0,0,0,0.707107,0,0,0.707107,0,0,0
1765976262238915,0,0,0,-9.80393,0,0,0,0,0,0,0.707107,0,0,0.707107,0,0,0
1765976262243881,0,0,0,-9.80396,0,0,0,0,0,0,0.707107,0,0,0.707107,0,0,0
1765976262248939,0,0,0,-9.80666,0,0,0,0,0,0,0.707107,0,0,0.707107,0,0,0
1765976262253811,0,0,0,-9.80671,0,0,0,0,0,0,0.707107,0,0,0.707107,0,0,0
1765976262258816,0,0,0,-9.80675,0,0,0,0,0,0,0.707107,0,0,0.707107,0,0,0
1765976262263810,0,0,0,-9.8068,0,0,0,0,0,0,0.707107,0,0,0.707107,0,0,0
1765976262268901,0,0,0,-9.80684,0,0,0,0,0,0,0.707107,0,0,0.707107,0,0,0
1765976262273808,0,0,0,-9.79545,0,0,0,0,0,0,0.707107,0,0,0.707107,0,0,0
1765976262278814,0,0,0,-9.7954,0,0,0,0,0,0,0.707107,0,0,0.707107,0,0,0
1765976262283818,0,0,0,-9.79536,0,0,0,0,0,0,0.707107,0,0,0.707107,0,0,0
1765976262288812,0,0,0,-9.79531,0,0,0,0,0,0,0.707107,0,0,0.707107,0,0,0
1765976262293811,0,0,0,-9.7868,0,0,0,0,0,0,0.707107,0,0,0.707107,0,0,0
1765976262298825,0,0,0,-9.78674,0,0,0,0,0,0,0.707107,0,0,0.707107,0,0,0
1765976262303811,0,0,0,-9.78668,0,0,0,0,0,0,0.707107,0,0,0.707107,0,0,0
1765976262308816,0,0,0,-9.78661,0,0,0,0,0,0,0.707107,0,0,0.707107,0,0,0
1765976262313814,0,0,0,-9.76383,0,0,0,0,0,0,0.707107,0,0,0.707107,0,0,0
1765976262318919,0,0,0,-9.7638,0,0,0,0,0,0,0.707107,0,0,0.707107,0,0,0
1765976262323814,0,0,0,-9.76377,0,0,0,0,0,0,0.707107,0,0,0.707107,0,0,0
1765976262328914,0,0,0,-9.76836,0,0,0,0,0,0,0.707107,0,0,0.707107,0,0,0
1765976262333807,0,0,0,-9.76841,0,0,0,0,0,0,0.707107,0,0,0.707107,0,0,0
1765976262338810,0,0,0,-9.76846,0,0,0,0,0,0,0.707107,0,0,0.707107,0,0,0
1765976262343883,0,0,0,-9.76851,0,0,0,0,0,0,0.707107,0,0,0.707107,0,0,0
1765976262348811,0,0,0,-9.79735,0,0,0,0,0,0,0.707107,0,0,0.707107,0,0,0
1765976262353911,0,0,0,-9.7974,0,0,0,0,0,0,0.707107,0,0,0.707107,0,0,0
1765976262358811,0,0,0,-9.79745,0,0,0,0,0,0,0.707107,0,0,0.707107,0,0,0
1765976262363887,0,0,0,-9.7975,0,0,0,0,0,0,0.707107,0,0,0.707107,0,0,0
1765976262368913,0,0,0,-9.82941,0,0,0,0,0,0,0.707107,0,0,0.707107,0,0,0
1765976262373926,0,0,0,-9.82939,0,0,0,0,0,0,0.707107,0,0,0.707107,0,0,0
1765976262378933,0,0,0,-9.82937,0,0,0,0,0,0,0.707107,0,0,0.707107,0,0,0
1765976262383916,0,0,0,-9.82934,0,0,0,0,0,0,0.707107,0,0,0.707107,0,0,0
1765976262388901,0,0,0,-9.84193,0,0,0,0,0,0,0.707107,0,0,0.707107,0,0,0
1765976262393925,0,0,0,-9.84187,0,0,0,0,0,0,0.707107,0,0,0.707107,0,0,0
1765976262398955,0,0,0,-9.84181,0,0,0,0,0,0,0.707107,0,0,0.707107,0,0,0
1765976262403918,0,0,0,-9.84175,0,0,0,0,0,0,0.707107,0,0,0.707107,0,0,0
1765976262408912,0,0,0,-9.81147,0,0,0,0,0,0,0.707107,0,0,0.707107,0,0,0
1765976262413824,0,0,0,-9.81141,0,0,0,0,0,0,0.707107,0,0,0.707107,0,0,0
1765976262418944,0,0,0,-9.81136,0,0,0,0,0,0,0.707107,0,0,0.707107,0,0,0
1765976262423814,0,0,0,-9.8113,0,0,0,0,0,0,0.707107,0,0,0.707107,0,0,0
1765976262428921,0,0,0,-9.81124,0,0,0,0,0,0,0.707107,0,0,0.707107,0,0,0
1765976262433924,0,0,0,-9.7818,0,0,0,0,0,0,0.707107,0,0,0.707107,0,0,0
1765976262438909,0,0,0,-9.78181,0,0,0,0,0,0,0.707107,0,0,0.707107,0,0,0
1765976262443946,0,0,0,-9.78181,0,0,0,0,0,0,0.707107,0,0,0.707107,0,0,0
1765976262448909,0,0,0,-9.7659,0,0,0,0,0,0,0.707107,0,0,0.707107,0,0,0
1765976262453918,0,0,0,-9.76591,0,0,0,0,0,0,0.707107,0,0,0.707107,0,0,0
1765976262458843,0,0,0,-9.76591,0,0,0,0,0,0,0.707107,0,0,0.707107,0,0,0
1765976262463923,0,0,0,-9.76592,0,0,0,0,0,0,0.707107,0,0,0.707107,0,0,0
1765976262468816,0,0,0,-9.78554,0,0,0,0,0,0,0.707107,0,0,0.707107,0,0,0
1765976262473907,0,0,0,-9.78554,0,0,0,0,0,0,0.707107,0,0,0.707107,0,0,0
1765976262478933,0,0,0,-9.78555,0,0,0,0,0,0,0.707107,0,0,0.707107,0,0,0
1765976262483941,0,0,0,-9.78555,0,0,0,0,0,0,0.707107,0,0,0.707107,0,0,0
1765976262488835,0,0,0,-9.82481,0,0,0,0,0,0,0.707107,0,0,0.707107,0,0,0
1765976262493908,0,0,0,-9.82483,0,0,0,0,0,0,0.707107,0,0,0.707107,0,0,0
1765976262498928,0,0,0,-9.82485,0,0,0,0,0,0,0.707107,0,0,0.707107,0,0,0
1765976262503909,0,0,0,-9.82487,0,0,0,0,0,0,0.707107,0,0,0.707107,0,0,0
1765976262508911,0,0,0,-9.85629,0,0,0,0,0,0,0.707107,0,0,0.707107,0,0,0
1765976262513929,0,0,0,-9.85632,0,0,0,0,0,0,0.707107,0,0,0.707107,0,0,0
1765976262518928,0,0,0,-9.85635,0,0,0,0,0,0,0.707107,0,0,0.707107,0,0,0
1765976262523911,0,0,0,-9.85637,0,0,0,0,0,0,0.707107,0,0,0.707107,0,0,0
1765976262528929,0,0,0,-9.8745,0,0,0,0,0,0,0.707107,0,0,0.707107,0,0,0
1765976262533930,0,0,0,-9.87452,0,0,0,0,0,0,0.707107,0,0,0.707107,0,0,0
1765976262538816,0,0,0,-9.87455,0,0,0,0,0,0,0.707107,0,0,0.707107,0,0,0
1765976262543793,0,0,0,-9.87457,0,0,0,0,0,0,0.707107,0,0,0.707107,0,0,0
1765976262548905,0,0,0,-9.8746,0,0,0,0,0,0,0.707107,0,0,0.707107,0,0,0
1765976262553812,0,0,0,-9.88843,0,0,0,0,0,0,0.707107,0,0,0.707107,0,0,0
1765976262558910,0,0,0,-9.88847,0,0,0,0,0,0,0.707107,0,0,0.707107,0,0,0
1765976262563945,0,0,0,-9.88853,0,0,0,0,0,0,0.707107,0,0,0.707107,0,0,0
1765976262568821,0,0,0,-9.86087,0,0,0,0,0,0,0.707107,0,0,0.707107,0,0,0
1765976262573788,0,0,0,-9.86086,0,0,0,0,0,0,0.707107,0,0,0.707107,0,0,0
1765976262578922,0,0,0,-9.86084,0,0,0,0,0,0,0.707107,0,0,0.707107,0,0,0
1765976262583813,0,0,0,-9.86082,0,0,0,0,0,0,0.707107,0,0,0.707107,0,0,0
1765976262588803,0,0,0,-9.8608,0,0,0,0,0,0,0.707107,0,0,0.707107,0,0,0
1765976262593798,0,0,0,-9.81507,0,0,0,0,0,0,0.707107,0,0,0.707107,0,0,0
1765976262598791,0,0,0,-9.81501,0,0,0,0,0,0,0.707107,0,0,0.707107,0,0,0
1765976262603799,0,0,0,-9.81495,0,0,0,0,0,0,0.707107,0,0,0.707107,0,0,0
1765976262608806,0,0,0,-9.81488,0,0,0,0,0,0,0.707107,0,0,0.707107,0,0,0
1765976262613782,0,0,0,-9.78359,0,0,0,0,0,0,0.707107,0,0,0.707107,0,0,0
1765976262618802,0,0,0,-9.7836,0,0,0,0,0,0,0.707107,0,0,0.707107,0,0,0
1765976262623798,0,0,0,-9.78361,0,0,0,0,0,0,0.707107,0,0,0.707107,0,0,0
1765976262628782,0,0,0,-9.78363,0,0,0,0,0,0,0.707107,0,0,0.707107,0,0,0
1765976262633798,0,0,0,-9.74557,0,0,0,0,0,0,0.707107,0,0,0.707107,0,0,0
1765976262638805,0,0,0,-9.74557,0,0,0,0,0,0,0.707107,0,0,0.707107,0,0,0
1765976262643782,0,0,0,-9.74557,0,0,0,0,0,0,0.707107,0,0,0.707107,0,0,0
1765976262648797,0,0,0,-9.74557,0,0,0,0,0,0,0.707107,0,0,0.707107,0,0,0
1765976262653805,0,0,0,-9.74834,0,0,0,0,0,0,0.707107,0,0,0.707107,0,0,0
1765976262658780,0,0,0,-9.74834,0,0,0,0,0,0,0.707107,0,0,0.707107,0,0,0
1765976262663821,0,0,0,-9.74834,0,0,0,0,0,0,0.707107,0,0,0.707107,0,0,0
1765976262668855,0,0,0,-9.74728,0,0,0,0,0,0,0.707107,0,0,0.707107,0,0,0
1765976262673908,0,0,0,-9.77136,0,0,0,0,0,0,0.707107,0,0,0.707107,0,0,0
1765976262678864,0,0,0,-9.77135,0,0,0,0,0,0,0.707107,0,0,0.707107,0,0,0
1765976262683939,0,0,0,-9.77134,0,0,0,0,0,0,0.707107,0,0,0.707107,0,0,0
1765976262688916,0,0,0,-9.77273,0,0,0,0,0,0,0.707107,0,0,0.707107,0,0,0
1765976262693927,0,0,0,-9.77267,0,0,0,0,0,0,0.707107,0,0,0.707107,0,0,0
1765976262698930,0,0,0,-9.77261,0,0,0,0,0,0,0.707107,0,0,0.707107,0,0,0
1765976262703852,0,0,0,-9.77255,0,0,0,0,0,0,0.707107,0,0,0.707107,0,0,0
1765976262708917,0,0,0,-9.77248,0,0,0,0,0,0,0.707107,0,0,0.707107,0,0,0
1765976262713849,0,0,0,-9.78224,0,0,0,0,0,0,0.707107,0,0,0.707107,0,0,0
1765976262718840,0,0,0,-9.78221,0,0,0,0,0,0,0.707107,0,0,0.707107,0,0,0
1765976262723885,0,0,0,-9.78219,0,0,0,0,0,0,0.707107,0,0,0.707107,0,0,0
1765976262728825,0,0,0,-9.78216,0,0,0,0,0,0,0.707107,0,0,0.707107,0,0,0
1765976262733930,0,0,0,-9.79665,0,0,0,0,0,0,0.707107,0,0,0.707107,0,0,0
1765976262738800,0,0,0,-9.79668,0,0,0,0,0,0,0.707107,0,0,0.707107,0,0,0
1765976262743876,0,0,0,-9.79671,0,0,0,0,0,0,0.707107,0,0,0.707107,0,0,0
1765976262748836,0,0,0,-9.81766,0,0,0,0,0,0,0.707107,0,0,0.707107,0,0,0
1765976262753909,0,0,0,-9.81769,0,0,0,0,0,0,0.707107,0,0,0.707107,0,0,0
1765976262758917,0,0,0,-9.81772,0,0,0,0,0,0,0.707107,0,0,0.707107,0,0,0
1765976262763823,0,0,0,-9.81775,0,0,0,0,0,0,0.707107,0,0,0.707107,0,0,0
1765976262768916,0,0,0,-9.86309,0,0,0,0,0,0,0.707107,0,0,0.707107,0,0,0
1765976262773910,0,0,0,-9.86313,0,0,0,0,0,0,0.707107,0,0,0.707107,0,0,0
1765976262778930,0,0,0,-9.86317,0,0,0,0,0,0,0.707107,0,0,0.707107,0,0,0
1765976262783923,0,0,0,-9.86322,0,0,0,0,0,0,0.707107,0,0,0.707107,0,0,0
1765976262788929,0,0,0,-9.86219,0,0,0,0,0,0,0.707107,0,0,0.707107,0,0,0
1765976262793931,0,0,0,-9.86214,0,0,0,0,0,0,0.707107,0,0,0.707107,0,0,0
1765976262798926,0,0,0,-9.86209,0,0,0,0,0,0,0.707107,0,0,0.707107,0,0,0
1765976262803920,0,0,0,-9.86205,0,0,0,0,0,0,0.707107,0,0,0.707107,0,0,0
1765976262808910,0,0,0,-9.82563,0,0,0,0,0,0,0.707107,0,0,0.707107,0,0,0
1765976262813828,0,0,0,-9.82553,0,0,0,0,0,0,0.707107,0,0,0.707107,0,0,0
1765976262818808,0,0,0,-9.82544,0,0,0,0,0,0,0.707107,0,0,0.707107,0,0,0
1765976262823789,0,0,0,-9.82534,0,0,0,0,0,0,0.707107,0,0,0.707107,0,0,0
1765976262828823,0,0,0,-9.82525,0,0,0,0,0,0,0.707107,0,0,0.707107,0,0,0
1765976262833800,0,0,0,-9.79128,0,0,0,0,0,0,0.707107,0,0,0.707107,0,0,0
1765976262838798,0,0,0,-9.79128,0,0,0,0,0,0,0.707107,0,0,0.707107,0,0,0
1765976262843821,0,0,0,-9.79128,0,0,0,0,0,0,0.707107,0,0,0.707107,0,0,0
1765976262848932,0,0,0,-9.77249,0,0,0,0,0,0,0.707107,0,0,0.707107,0,0,0
1765976262853922,0,0,0,-9.77256,0,0,0,0,0,0,0.707107,0,0,0.707107,0,0,0
1765976262858814,0,0,0,-9.77262,0,0,0,0,0,0,0.707107,0,0,0.707107,0,0,0
1765976262863811,0,0,0,-9.77268,0,0,0,0,0,0,0.707107,0,0,0.707107,0,0,0
1765976262868821,0,0,0,-9.77274,0,0,0,0,0,0,0.707107,0,0,0.707107,0,0,0
1765976262873818,0,0,0,-9.77467,0,0,0,0,0,0,0.707107,0,0,0.707107,0,0,0
1765976262878933,0,0,0,-9.77467,0,0,0,0,0,0,0.707107,0,0,0.707107,0,0,0
1765976262883933,0,0,0,-9.77466,0,0,0,0,0,0,0.707107,0,0,0.707107,0,0,0
1765976262888811,0,0,0,-9.79094,0,0,0,0,0,0,0.707107,0,0,0.707107,0,0,0
1765976262893828,0,0,0,-9.79087,0,0,0,0,0,0,0.707107,0,0,0.707107,0,0,0
1765976262898916,0,0,0,-9.7908,0,0,0,0,0,0,0.707107,0,0,0.707107,0,0,0
1765976262903912,0,0,0,-9.79072,0,0,0,0,0,0,0.707107,0,0,0.707107,0,0,0
1765976262908907,0,0,0,-9.80357,0,0,0,0,0,0,0.707107,0,0,0.707107,0,0,0
1765976262913820,0,0,0,-9.80353,0,0,0,0,0,0,0.707107,0,0,0.707107,0,0,0
1765976262918941,0,0,0,-9.80351,0,0,0,0,0,0,0.707107,0,0,0.707107,0,0,0
1765976262923813,0,0,0,-9.80347,0,0,0,0,0,0,0.707107,0,0,0.707107,0,0,0
1765976262928909,0,0,0,-9.80344,0,0,0,0,0,0,0.707107,0,0,0.707107,0,0,0
1765976262933956,0,0,0,-9.80509,0,0,0,0,0,0,0.707107,0,0,0.707107,0,0,0
1765976262938915,0,0,0,-9.80513,0,0,0,0,0,0,0.707107,0,0,0.707107,0,0,0
1765976262943818,0,0,0,-9.80516,0,0,0,0,0,0,0.707107,0,0,0.707107,0,0,0
1765976262948932,0,0,0,-9.80519,0,0,0,0,0,0,0.707107,0,0,0.707107,0,0,0
1765976262953912,0,0,0,-9.81594,0,0,0,0,0,0,0.707107,0,0,0.707107,0,0,0
1765976262958921,0,0,0,-9.81597,0,0,0,0,0,0,0.707107,0,0,0.707107,0,0,0
1765976262963808,0,0,0,-9.81601,0,0,0,0,0,0,0.707107,0,0,0.707107,0,0,0
1765976262968916,0,0,0,-9.8547,0,0,0,0,0,0,0.707107,0,0,0.707107,0,0,0
1765976262973819,0,0,0,-9.85474,0,0,0,0,0,0,0.707107,0,0,0.707107,0,0,0
1765976262978912,0,0,0,-9.85478,0,0,0,0,0,0,0.707107,0,0,0.707107,0,0,0
1765976262983917,0,0,0,-9.85482,0,0,0,0,0,0,0.707107,0,0,0.707107,0,0,0
1765976262988903,0,0,0,-9.8669,0,0,0,0,0,0,0.707107,0,0,0.707107,0,0,0
1765976262993824,0,0,0,-9.86688,0,0,0,0,0,0,0.707107,0,0,0.707107,0,0,0
1765976262998928,0,0,0,-9.86686,0,0,0,0,0,0,0.707107,0,0,0.707107,0,0,0
1765976263003922,0,0,0,-9.86684,0,0,0,0,0,0,0.707107,0,0,0.707107,0,0,0
1765976263008811,0,0,0,-9.83266,0,0,0,0,0,0,0.707107,0,0,0.707107,0,0,0
1765976263013932,0,0,0,-9.83258,0,0,0,0,0,0,0.707107,0,0,0.707107,0,0,0
1765976263018926,0,0,0,-9.83249,0,0,0,0,0,0,0.707107,0,0,0.707107,0,0,0
1765976263023815,0,0,0,-9.8324,0,0,0,0,0,0,0.707107,0,0,0.707107,0,0,0
1765976263028925,0,0,0,-9.83232,0,0,0,0,0,0,0.707107,0,0,0.707107,0,0,0
1765976263033927,0,0,0,-9.79379,0,0,0,0,0,0,0.707107,0,0,0.707107,0,0,0
1765976263038912,0,0,0,-9.79376,0,0,0,0,0,0,0.707107,0,0,0.707107,0,0,0
1765976263043925,0,0,0,-9.79373,0,0,0,0,0,0,0.707107,0,0,0.707107,0,0,0
1765976263048932,0,0,0,-9.74777,0,0,0,0,0,0,0.707107,0,0,0.707107,0,0,0
1765976263053861,0,0,0,-9.74776,0,0,0,0,0,0,0.707107,0,0,0.707107,0,0,0
1765976263058914,0,0,0,-9.74776,0,0,0,0,0,0,0.707107,0,0,0.707107,0,0,0
1765976263063815,0,0,0,-9.74776,0,0,0,0,0,0,0.707107,0,0,0.707107,0,0,0
1765976263068953,0,0,0,-9.74776,0,0,0,0,0,0,0.707107,0,0,0.707107,0,0,0
1765976263073821,0,0,0,-9.74559,0,0,0,0,0,0,0.707107,0,0,0.707107,0,0,0
1765976263078927,0,0,0,-9.7456,0,0,0,0,0,0,0.707107,0,0,0.707107,0,0,0
1765976263083926,0,0,0,-9.74561,0,0,0,0,0,0,0.707107,0,0,0.707107,0,0,0
1765976263088819,0,0,0,-9.78079,0,0,0,0,0,0,0.707107,0,0,0.707107,0,0,0
1765976263093827,0,0,0,-9.7808,0,0,0,0,0,0,0.707107,0,0,0.707107,0,0,0
1765976263098927,0,0,0,-9.78082,0,0,0,0,0,0,0.707107,0,0,0.707107,0,0,0
1765976263103929,0,0,0,-9.78084,0,0,0,0,0,0,0.707107,0,0,0.707107,0,0,0
1765976263108925,0,0,0,-9.81366,0,0,0,0,0,0,0.707107,0,0,0.707107,0,0,0
1765976263113824,0,0,0,-9.81365,0,0,0,0,0,0,0.707107,0,0,0.707107,0,0,0
1765976263118816,0,0,0,-9.81363,0,0,0,0,0,0,0.707107,0,0,0.707107,0,0,0
1765976263123818,0,0,0,-9.81361,0,0,0,0,0,0,0.707107,0,0,0.707107,0,0,0
1765976263128926,0,0,0,-9.8136,0,0,0,0,0,0,0.707107,0,0,0.707107,0,0,0
1765976263133932,0,0,0,-9.8478,0,0,0,0,0,0,0.707107,0,0,0.707107,0,0,0
1765976263138813,0,0,0,-9.84782,0,0,0,0,0,0,0.707107,0,0,0.707107,0,0,0
1765976263143812,0,0,0,-9.84783,0,0,0,0,0,0,0.707107,0,0,0.707107,0,0,0
1765976263148903,0,0,0,-9.84785,0,0,0,0,0,0,0.707107,0,0,0.707107,0,0,0
1765976263153907,0,0,0,-9.86527,0,0,0,0,0,0,0.707107,0,0,0.707107,0,0,0
1765976263158936,0,0,0,-9.86531,0,0,0,0,0,0,0.707107,0,0,0.707107,0,0,0
1765976263163824,0,0,0,-9.86535,0,0,0,0,0,0,0.707107,0,0,0.707107,0,0,0
1765976263168927,0,0,0,-9.86315,0,0,0,0,0,0,0.707107,0,0,0.707107,0,0,0
1765976263173828,0,0,0,-9.86316,0,0,0,0,0,0,0.707107,0,0,0.707107,0,0,0
1765976263178818,0,0,0,-9.86317,0,0,0,0,0,0,0.707107,0,0,0.707107,0,0,0
1765976263183924,0,0,0,-9.86319,0,0,0,0,0,0,0.707107,0,0,0.707107,0,0,0
1765976263188815,0,0,0,-9.83763,0,0,0,0,0,0,0.707107,0,0,0.707107,0,0,0
1765976263193937,0,0,0,-9.83758,0,0,0,0,0,0,0.707107,0,0,0.707107,0,0,0
1765976263198930,0,0,0,-9.83753,0,0,0,0,0,0,0.707107,0,0,0.707107,0,0,0
1765976263203923,0,0,0,-9.83748,0,0,0,0,0,0,0.707107,0,0,0.707107,0,0,0
1765976263208918,0,0,0,-9.79594,0,0,0,0,0,0,0.707107,0,0,0.707107,0,0,0
1765976263213827,0,0,0,-9.79588,0,0,0,0,0,0,0.707107,0,0,0.707107,0,0,0
1765976263218812,0,0,0,-9.79582,0,0,0,0,0,0,0.707107,0,0,0.707107,0,0,0
1765976263223932,0,0,0,-9.79576,0,0,0,0,0,0,0.707107,0,0,0.707107,0,0,0
1765976263228828,0,0,0,-9.75179,0,0,0,0,0,0,0.707107,0,0,0.707107,0,0,0
1765976263233929,0,0,0,-9.75176,0,0,0,0,0,0,0.707107,0,0,0.707107,0,0,0
1765976263238816,0,0,0,-9.75173,0,0,0,0,0,0,0.707107,0,0,0.707107,0,0,0
1765976263243801,0,0,0,-9.7517,0,0,0,0,0,0,0.707107,0,0,0.707107,0,0,0
1765976263248797,0,0,0,-9.75168,0,0,0,0,0,0,0.707107,0,0,0.707107,0,0,0
1765976263253798,0,0,0,-9.74291,0,0,0,0,0,0,0.707107,0,0,0.707107,0,0,0
1765976263258804,0,0,0,-9.74294,0,0,0,0,0,0,0.707107,0,0,0.707107,0,0,0
1765976263263915,0,0,0,-9.74297,0,0,0,0,0,0,0.707107,0,0,0.707107,0,0,0
1765976263268824,0,0,0,-9.77061,0,0,0,0,0,0,0.707107,0,0,0.707107,0,0,0
1765976263273925,0,0,0,-9.77065,0,0,0,0,0,0,0.707107,0,0,0.707107,0,0,0
1765976263278931,0,0,0,-9.77069,0,0,0,0,0,0,0.707107,0,0,0.707107,0,0,0
1765976263283809,0,0,0,-9.77073,0,0,0,0,0,0,0.707107,0,0,0.707107,0,0,0
1765976263288812,0,0,0,-9.77076,0,0,0,0,0,0,0.707107,0,0,0.707107,0,0,0
1765976263293796,0,0,0,-9.8102,0,0,0,0,0,0,0.707107,0,0,0.707107,0,0,0
1765976263298934,0,0,0,-9.81019,0,0,0,0,0,0,0.707107,0,0,0.707107,0,0,0
1765976263303903,0,0,0,-9.81018,0,0,0,0,0,0,0.707107,0,0,0.707107,0,0,0
1765976263308911,0,0,0,-9.84923,0,0,0,0,0,0,0.707107,0,0,0.707107,0,0,0
1765976263313828,0,0,0,-9.84922,0,0,0,0,0,0,0.707107,0,0,0.707107,0,0,0
1765976263318808,0,0,0,-9.84922,0,0,0,0,0,0,0.707107,0,0,0.707107,0,0,0
1765976263323804,0,0,0,-9.84922,0,0,0,0,0,0,0.707107,0,0,0.707107,0,0,0
1765976263328803,0,0,0,-9.84921,0,0,0,0,0,0,0.707107,0,0,0.707107,0,0,0
1765976263333814,0,0,0,-9.86105,0,0,0,0,0,0,0.707107,0,0,0.707107,0,0,0
1765976263338808,0,0,0,-9.86107,0,0,0,0,0,0,0.707107,0,0,0.707107,0,0,0
1765976263343809,0,0,0,-9.86109,0,0,0,0,0,0,0.707107,0,0,0.707107,0,0,0
1765976263348879,0,0,0,-9.86742,0,0,0,0,0,0,0.707107,0,0,0.707107,0,0,0
1765976263353908,0,0,0,-9.86748,0,0,0,0,0,0,0.707107,0,0,0.707107,0,0,0
1765976263358829,0,0,0,-9.86753,0,0,0,0,0,0,0.707107,0,0,0.707107,0,0,0
1765976263363830,0,0,0,-9.86759,0,0,0,0,0,0,0.707107,0,0,0.707107,0,0,0
1765976263368929,0,0,0,-9.86764,0,0,0,0,0,0,0.707107,0,0,0.707107,0,0,0
1765976263373921,0,0,0,-9.84676,0,0,0,0,0,0,0.707107,0,0,0.707107,0,0,0
1765976263378890,0,0,0,-9.84675,0,0,0,0,0,0,0.707107,0,0,0.707107,0,0,0
1765976263383908,0,0,0,-9.84673,0,0,0,0,0,0,0.707107,0,0,0.707107,0,0,0
1765976263388788,0,0,0,-9.80574,0,0,0,0,0,0,0.707107,0,0,0.707107,0,0,0
1765976263393826,0,0,0,-9.80566,0,0,0,0,0,0,0.707107,0,0,0.707107,0,0,0
1765976263398852,0,0,0,-9.80557,0,0,0,0,0,0,0.707107,0,0,0.707107,0,0,0
1765976263403924,0,0,0,-9.80549,0,0,0,0,0,0,0.707107,0,0,0.707107,0,0,0
1765976263408923,0,0,0,-9.761,0,0,0,0,0,0,0.707107,0,0,0.707107,0,0,0
1765976263413829,0,0,0,-9.76095,0,0,0,0,0,0,0.707107,0,0,0.707107,0,0,0
1765976263418806,0,0,0,-9.76089,0,0,0,0,0,0,0.707107,0,0,0.707107,0,0,0
1765976263423833,0,0,0,-9.76084,0,0,0,0,0,0,0.707107,0,0,0.707107,0,0,0
1765976263428829,0,0,0,-9.79059,0,0,0,0,0,0,0.707107,0,0,0.707107,0,0,0
1765976263433867,0,0,0,-9.74292,0,0,0,0,0,0,0.707107,0,0,0.707107,0,0,0
1765976263438819,0,0,0,-9.74297,0,0,0,0,0,0,0.707107,0,0,0.707107,0,0,0
1765976263443817,0,0,0,-9.74301,0,0,0,0,0,0,0.707107,0,0,0.707107,0,0,0
1765976263448928,0,0,0,-9.74306,0,0,0,0,0,0,0.707107,0,0,0.707107,0,0,0
1765976263453929,0,0,0,-9.75686,0,0,0,0,0,0,0.707107,0,0,0.707107,0,0,0
1765976263458822,0,0,0,-9.75691,0,0,0,0,0,0,0.707107,0,0,0.707107,0,0,0
1765976263463905,0,0,0,-9.75696,0,0,0,0,0,0,0.707107,0,0,0.707107,0,0,0
1765976263468927,0,0,0,-9.78905,0,0,0,0,0,0,0.707107,0,0,0.707107,0,0,0
1765976263473925,0,0,0,-9.78901,0,0,0,0,0,0,0.707107,0,0,0.707107,0,0,0
1765976263478912,0,0,0,-9.78898,0,0,0,0,0,0,0.707107,0,0,0.707107,0,0,0
1765976263483933,0,0,0,-9.78895,0,0,0,0,0,0,0.707107,0,0,0.707107,0,0,0
1765976263488817,0,0,0,-9.82406,0,0,0,0,0,0,0.707107,0,0,0.707107,0,0,0
1765976263493820,0,0,0,-9.82402,0,0,0,0,0,0,0.707107,0,0,0.707107,0,0,0
1765976263498928,0,0,0,-9.82398,0,0,0,0,0,0,0.707107,0,0,0.707107,0,0,0
1765976263503917,0,0,0,-9.82393,0,0,0,0,0,0,0.707107,0,0,0.707107,0,0,0
1765976263508815,0,0,0,-9.82372,0,0,0,0,0,0,0.707107,0,0,0.707107,0,0,0
1765976263513825,0,0,0,-9.8237,0,0,0,0,0,0,0.707107,0,0,0.707107,0,0,0
1765976263518812,0,0,0,-9.82368,0,0,0,0,0,0,0.707107,0,0,0.707107,0,0,0
1765976263523834,0,0,0,-9.82366,0,0,0,0,0,0,0.707107,0,0,0.707107,0,0,0
1765976263528823,0,0,0,-9.82365,0,0,0,0,0,0,0.707107,0,0,0.707107,0,0,0
1765976263533928,0,0,0,-9.81788,0,0,0,0,0,0,0.707107,0,0,0.707107,0,0,0
1765976263538824,0,0,0,-9.81791,0,0,0,0,0,0,0.707107,0,0,0.707107,0,0,0
1765976263543920,0,0,0,-9.81793,0,0,0,0,0,0,0.707107,0,0,0.707107,0,0,0
1765976263548819,0,0,0,-9.82012,0,0,0,0,0,0,0.707107,0,0,0.707107,0,0,0
1765976263553918,0,0,0,-9.82015,0,0,0,0,0,0,0.707107,0,0,0.707107,0,0,0
1765976263558791,0,0,0,-9.82017,0,0,0,0,0,0,0.707107,0,0,0.707107,0,0,0
1765976263563934,0,0,0,-9.8202,0,0,0,0,0,0,0.707107,0,0,0.707107,0,0,0
1765976263568865,0,0,0,-9.83163,0,0,0,0,0,0,0.707107,0,0,0.707107,0,0,0
1765976263573926,0,0,0,-9.83163,0,0,0,0,0,0,0.707107,0,0,0.707107,0,0,0
1765976263578927,0,0,0,-9.83163,0,0,0,0,0,0,0.707107,0,0,0.707107,0,0,0
1765976263583921,0,0,0,-9.83163,0,0,0,0,0,0,0.707107,0,0,0.707107,0,0,0
1765976263588906,0,0,0,-9.84341,0,0,0,0,0,0,0.707107,0,0,0.707107,0,0,0
1765976263593930,0,0,0,-9.84342,0,0,0,0,0,0,0.707107,0,0,0.707107,0,0,0
1765976263598926,0,0,0,-9.84342,0,0,0,0,0,0,0.707107,0,0,0.707107,0,0,0
1765976263603921,0,0,0,-9.84342,0,0,0,0,0,0,0.707107,0,0,0.707107,0,0,0
1765976263608920,0,0,0,-9.84199,0,0,0,0,0,0,0.707107,0,0,0.707107,0,0,0
1765976263613926,0,0,0,-9.842,0,0,0,0,0,0,0.707107,0,0,0.707107,0,0,0
1765976263618820,0,0,0,-9.84202,0,0,0,0,0,0,0.707107,0,0,0.707107,0,0,0
1765976263623826,0,0,0,-9.84204,0,0,0,0,0,0,0.707107,0,0,0.707107,0,0,0
1765976263628812,0,0,0,-9.85599,0,0,0,0,0,0,0.707107,0,0,0.707107,0,0,0
1765976263633903,0,0,0,-9.85607,0,0,0,0,0,0,0.707107,0,0,0.707107,0,0,0
1765976263638788,0,0,0,-9.85615,0,0,0,0,0,0,0.707107,0,0,0.707107,0,0,0
1765976263643930,0,0,0,-9.85622,0,0,0,0,0,0,0.707107,0,0,0.707107,0,0,0
1765976263648803,0,0,0,-9.84696,0,0,0,0,0,0,0.707107,0,0,0.707107,0,0,0
1765976263653921,0,0,0,-9.84698,0,0,0,0,0,0,0.707107,0,0,0.707107,0,0,0
1765976263658789,0,0,0,-9.84699,0,0,0,0,0,0,0.707107,0,0,0.707107,0,0,0
1765976263663909,0,0,0,-9.847,0,0,0,0,0,0,0.707107,0,0,0.707107,0,0,0
1765976263668923,0,0,0,-9.81724,0,0,0,0,0,0,0.707107,0,0,0.707107,0,0,0
1765976263673913,0,0,0,-9.81716,0,0,0,0,0,0,0.707107,0,0,0.707107,0,0,0
1765976263678923,0,0,0,-9.81709,0,0,0,0,0,0,0.707107,0,0,0.707107,0,0,0
1765976263683933,0,0,0,-9.81702,0,0,0,0,0,0,0.707107,0,0,0.707107,0,0,0
1765976263688818,0,0,0,-9.78438,0,0,0,0,0,0,0.707107,0,0,0.707107,0,0,0
1765976263693931,0,0,0,-9.78434,0,0,0,0,0,0,0.707107,0,0,0.707107,0,0,0
1765976263698928,0,0,0,-9.7843,0,0,0,0,0,0,0.707107,0,0,0.707107,0,0,0
1765976263703911,0,0,0,-9.78426,0,0,0,0,0,0,0.707107,0,0,0.707107,0,0,0
1765976263708928,0,0,0,-9.74045,0,0,0,0,0,0,0.707107,0,0,0.707107,0,0,0
1765976263713929,0,0,0,-9.74045,0,0,0,0,0,0,0.707107,0,0,0.707107,0,0,0
1765976263718925,0,0,0,-9.74044,0,0,0,0,0,0,0.707107,0,0,0.707107,0,0,0
1765976263723819,0,0,0,-9.74044,0,0,0,0,0,0,0.707107,0,0,0.707107,0,0,0
1765976263728920,0,0,0,-9.74043,0,0,0,0,0,0,0.707107,0,0,0.707107,0,0,0
1765976263733823,0,0,0,-9.74331,0,0,0,0,0,0,0.707107,0,0,0.707107,0,0,0
1765976263738911,0,0,0,-9.74336,0,0,0,0,0,0,0.707107,0,0,0.707107,0,0,0
1765976263743914,0,0,0,-9.7434,0,0,0,0,0,0,0.707107,0,0,0.707107,0,0,0
1765976263748821,0,0,0,-9.7794,0,0,0,0,0,0,0.707107,0,0,0.707107,0,0,0
1765976263753911,0,0,0,-9.77943,0,0,0,0,0,0,0.707107,0,0,0.707107,0,0,0
1765976263758795,0,0,0,-9.77946,0,0,0,0,0,0,0.707107,0,0,0.707107,0,0,0
1765976263763931,0,0,0,-9.77949,0,0,0,0,0,0,0.707107,0,0,0.707107,0,0,0
1765976263768796,0,0,0,-9.82218,0,0,0,0,0,0,0.707107,0,0,0.707107,0,0,0
1765976263773797,0,0,0,-9.82217,0,0,0,0,0,0,0.707107,0,0,0.707107,0,0,0
1765976263778936,0,0,0,-9.82216,0,0,0,0,0,0,0.707107,0,0,0.707107,0,0,0
1765976263783915,0,0,0,-9.82215,0,0,0,0,0,0,0.707107,0,0,0.707107,0,0,0
1765976263788904,0,0,0,-9.85209,0,0,0,0,0,0,0.707107,0,0,0.707107,0,0,0
1765976263793919,0,0,0,-9.85209,0,0,0,0,0,0,0.707107,0,0,0.707107,0,0,0
1765976263798925,0,0,0,-9.85208,0,0,0,0,0,0,0.707107,0,0,0.707107,0,0,0
1765976263803908,0,0,0,-9.85208,0,0,0,0,0,0,0.707107,0,0,0.707107,0,0,0
1765976263808927,0,0,0,-9.85153,0,0,0,0,0,0,0.707107,0,0,0.707107,0,0,0
1765976263813926,0,0,0,-9.85154,0,0,0,0,0,0,0.707107,0,0,0.707107,0,0,0
1765976263818909,0,0,0,-9.85155,0,0,0,0,0,0,0.707107,0,0,0.707107,0,0,0
1765976263823922,0,0,0,-9.85157,0,0,0,0,0,0,0.707107,0,0,0.707107,0,0,0
1765976263828927,0,0,0,-9.83287,0,0,0,0,0,0,0.707107,0,0,0.707107,0,0,0
1765976263833928,0,0,0,-9.83287,0,0,0,0,0,0,0.707107,0,0,0.707107,0,0,0
1765976263838918,0,0,0,-9.83288,0,0,0,0,0,0,0.707107,0,0,0.707107,0,0,0
1765976263843924,0,0,0,-9.83288,0,0,0,0,0,0,0.707107,0,0,0.707107,0,0,0
1765976263848932,0,0,0,-9.8181,0,0,0,0,0,0,0.707107,0,0,0.707107,0,0,0
1765976263853833,0,0,0,-9.8181,0,0,0,0,0,0,0.707107,0,0,0.707107,0,0,0
1765976263858938,0,0,0,-9.81811,0,0,0,0,0,0,0.707107,0,0,0.707107,0,0,0
1765976263863788,0,0,0,-9.81811,0,0,0,0,0,0,0.707107,0,0,0.707107,0,0,0
1765976263868925,0,0,0,-9.81811,0,0,0,0,0,0,0.707107,0,0,0.707107,0,0,0
1765976263873905,0,0,0,-9.82172,0,0,0,0,0,0,0.707107,0,0,0.707107,0,0,0
1765976263878912,0,0,0,-9.82176,0,0,0,0,0,0,0.707107,0,0,0.707107,0,0,0
1765976263883928,0,0,0,-9.8218,0,0,0,0,0,0,0.707107,0,0,0.707107,0,0,0
1765976263888794,0,0,0,-9.81657,0,0,0,0,0,0,0.707107,0,0,0.707107,0,0,0
1765976263893914,0,0,0,-9.81658,0,0,0,0,0,0,0.707107,0,0,0.707107,0,0,0
1765976263898933,0,0,0,-9.81659,0,0,0,0,0,0,0.707107,0,0,0.707107,0,0,0
1765976263903917,0,0,0,-9.8166,0,0,0,0,0,0,0.707107,0,0,0.707107,0,0,0
1765976263908922,0,0,0,-9.80555,0,0,0,0,0,0,0.707107,0,0,0.707107,0,0,0
1765976263913930,0,0,0,-9.80551,0,0,0,0,0,0,0.707107,0,0,0.707107,0,0,0
1765976263918917,0,0,0,-9.80548,0,0,0,0,0,0,0.707107,0,0,0.707107,0,0,0
1765976263923925,0,0,0,-9.80545,0,0,0,0,0,0,0.707107,0,0,0.707107,0,0,0
1765976263928824,0,0,0,-9.79741,0,0,0,0,0,0,0.707107,0,0,0.707107,0,0,0
1765976263933818,0,0,0,-9.79739,0,0,0,0,0,0,0.707107,0,0,0.707107,0,0,0
1765976263938907,0,0,0,-9.79738,0,0,0,0,0,0,0.707107,0,0,0.707107,0,0,0
1765976263943910,0,0,0,-9.79737,0,0,0,0,0,0,0.707107,0,0,0.707107,0,0,0
1765976263948806,0,0,0,-9.78457,0,0,0,0,0,0,0.707107,0,0,0.707107,0,0,0
1765976263953813,0,0,0,-9.78458,0,0,0,0,0,0,0.707107,0,0,0.707107,0,0,0
1765976263958914,0,0,0,-9.78459,0,0,0,0,0,0,0.707107,0,0,0.707107,0,0,0
1765976263963927,0,0,0,-9.7846,0,0,0,0,0,0,0.707107,0,0,0.707107,0,0,0
1765976263968813,0,0,0,-9.78367,0,0,0,0,0,0,0.707107,0,0,0.707107,0,0,0
1765976263973866,0,0,0,-9.78368,0,0,0,0,0,0,0.707107,0,0,0.707107,0,0,0
1765976263978921,0,0,0,-9.7837,0,0,0,0,0,0,0.707107,0,0,0.707107,0,0,0
1765976263983813,0,0,0,-9.78371,0,0,0,0,0,0,0.707107,0,0,0.707107,0,0,0
1765976263988826,0,0,0,-9.78373,0,0,0,0,0,0,0.707107,0,0,0.707107,0,0,0
1765976263993935,0,0,0,-9.80582,0,0,0,0,0,0,0.707107,0,0,0.707107,0,0,0
1765976263998927,0,0,0,-9.80585,0,0,0,0,0,0,0.707107,0,0,0.707107,0,0,0
1765976264003815,0,0,0,-9.80587,0,0,0,0,0,0,0.707107,0,0,0.707107,0,0,0
1765976264008918,0,0,0,-9.85081,0,0,0,0,0,0,0.707107,0,0,0.707107,0,0,0
1765976264013929,0,0,0,-9.85089,0,0,0,0,0,0,0.707107,0,0,0.707107,0,0,0
1765976264018811,0,0,0,-9.85097,0,0,0,0,0,0,0.707107,0,0,0.707107,0,0,0
1765976264023821,0,0,0,-9.85104,0,0,0,0,0,0,0.707107,0,0,0.707107,0,0,0
1765976264028820,0,0,0,-9.85111,0,0,0,0,0,0,0.707107,0,0,0.707107,0,0,0
1765976264033802,0,0,0,-9.86941,0,0,0,0,0,0,0.707107,0,0,0.707107,0,0,0
1765976264038802,0,0,0,-9.86944,0,0,0,0,0,0,0.707107,0,0,0.707107,0,0,0
1765976264043927,0,0,0,-9.86947,0,0,0,0,0,0,0.707107,0,0,0.707107,0,0,0
1765976264048940,0,0,0,-9.84398,0,0,0,0,0,0,0.707107,0,0,0.707107,0,0,0
1765976264053921,0,0,0,-9.8439,0,0,0,0,0,0,0.707107,0,0,0.707107,0,0,0
1765976264058930,0,0,0,-9.84382,0,0,0,0,0,0,0.707107,0,0,0.707107,0,0,0
1765976264063810,0,0,0,-9.84374,0,0,0,0,0,0,0.707107,0,0,0.707107,0,0,0
1765976264068814,0,0,0,-9.84367,0,0,0,0,0,0,0.707107,0,0,0.707107,0,0,0
1765976264073783,0,0,0,-9.80397,0,0,0,0,0,0,0.707107,0,0,0.707107,0,0,0
1765976264078825,0,0,0,-9.80392,0,0,0,0,0,0,0.707107,0,0,0.707107,0,0,0
1765976264083801,0,0,0,-9.80387,0,0,0,0,0,0,0.707107,0,0,0.707107,0,0,0
1765976264088780,0,0,0,-9.80382,0,0,0,0,0,0,0.707107,0,0,0.707107,0,0,0
1765976264093798,0,0,0,-9.75691,0,0,0,0,0,0,0.707107,0,0,0.707107,0,0,0
1765976264098778,0,0,0,-9.75693,0,0,0,0,0,0,0.707107,0,0,0.707107,0,0,0
1765976264103797,0,0,0,-9.75694,0,0,0,0,0,0,0.707107,0,0,0.707107,0,0,0
1765976264108798,0,0,0,-9.75695,0,0,0,0,0,0,0.707107,0,0,0.707107,0,0,0
1765976264113799,0,0,0,-9.73972,0,0,0,0,0,0,0.707107,0,0,0.707107,0,0,0
1765976264118782,0,0,0,-9.73976,0,0,0,0,0,0,0.707107,0,0,0.707107,0,0,0
1765976264123799,0,0,0,-9.73979,0,0,0,0,0,0,0.707107,0,0,0.707107,0,0,0
1765976264128797,0,0,0,-9.73982,0,0,0,0,0,0,0.707107,0,0,0.707107,0,0,0
1765976264133798,0,0,0,-9.77283,0,0,0,0,0,0,0.707107,0,0,0.707107,0,0,0
1765976264138799,0,0,0,-9.77285,0,0,0,0,0,0,0.707107,0,0,0.707107,0,0,0
1765976264143804,0,0,0,-9.77288,0,0,0,0,0,0,0.707107,0,0,0.707107,0,0,0
1765976264148796,0,0,0,-9.77291,0,0,0,0,0,0,0.707107,0,0,0.707107,0,0,0
1765976264153903,0,0,0,-9.82324,0,0,0,0,0,0,0.707107,0,0,0.707107,0,0,0
1765976264158922,0,0,0,-9.82326,0,0,0,0,0,0,0.707107,0,0,0.707107,0,0,0
1765976264163827,0,0,0,-9.82328,0,0,0,0,0,0,0.707107,0,0,0.707107,0,0,0
1765976264168819,0,0,0,-9.8233,0,0,0,0,0,0,0.707107,0,0,0.707107,0,0,0
1765976264173809,0,0,0,-9.84685,0,0,0,0,0,0,0.707107,0,0,0.707107,0,0,0
1765976264178828,0,0,0,-9.84683,0,0,0,0,0,0,0.707107,0,0,0.707107,0,0,0
1765976264183825,0,0,0,-9.84682,0,0,0,0,0,0,0.707107,0,0,0.707107,0,0,0
1765976264188914,0,0,0,-9.83699,0,0,0,0,0,0,0.707107,0,0,0.707107,0,0,0
1765976264193824,0,0,0,-9.83695,0,0,0,0,0,0,0.707107,0,0,0.707107,0,0,0
1765976264198926,0,0,0,-9.83692,0,0,0,0,0,0,0.707107,0,0,0.707107,0,0,0
1765976264203816,0,0,0,-9.83688,0,0,0,0,0,0,0.707107,0,0,0.707107,0,0,0
1765976264208930,0,0,0,-9.83685,0,0,0,0,0,0,0.707107,0,0,0.707107,0,0,0
1765976264213804,0,0,0,-9.80977,0,0,0,0,0,0,0.707107,0,0,0.707107,0,0,0
1765976264218804,0,0,0,-9.80975,0,0,0,0,0,0,0.707107,0,0,0.707107,0,0,0
1765976264223816,0,0,0,-9.80974,0,0,0,0,0,0,0.707107,0,0,0.707107,0,0,0
1765976264228814,0,0,0,-9.80972,0,0,0,0,0,0,0.707107,0,0,0.707107,0,0,0
1765976264233829,0,0,0,-9.7848,0,0,0,0,0,0,0.707107,0,0,0.707107,0,0,0
1765976264238923,0,0,0,-9.78481,0,0,0,0,0,0,0.707107,0,0,0.707107,0,0,0
1765976264243941,0,0,0,-9.78481,0,0,0,0,0,0,0.707107,0,0,0.707107,0,0,0
1765976264248932,0,0,0,-9.76755,0,0,0,0,0,0,0.707107,0,0,0.707107,0,0,0
1765976264253911,0,0,0,-9.76753,0,0,0,0,0,0,0.707107,0,0,0.707107,0,0,0
1765976264258820,0,0,0,-9.76751,0,0,0,0,0,0,0.707107,0,0,0.707107,0,0,0
1765976264263907,0,0,0,-9.76749,0,0,0,0,0,0,0.707107,0,0,0.707107,0,0,0
1765976264268917,0,0,0,-9.77472,0,0,0,0,0,0,0.707107,0,0,0.707107,0,0,0
1765976264273931,0,0,0,-9.7747,0,0,0,0,0,0,0.707107,0,0,0.707107,0,0,0
1765976264278929,0,0,0,-9.77469,0,0,0,0,0,0,0.707107,0,0,0.707107,0,0,0
1765976264283939,0,0,0,-9.77467,0,0,0,0,0,0,0.707107,0,0,0.707107,0,0,0
1765976264288933,0,0,0,-9.79403,0,0,0,0,0,0,0.707107,0,0,0.707107,0,0,0
1765976264293879,0,0,0,-9.79404,0,0,0,0,0,0,0.707107,0,0,0.707107,0,0,0
1765976264298936,0,0,0,-9.79405,0,0,0,0,0,0,0.707107,0,0,0.707107,0,0,0
1765976264303852,0,0,0,-9.79406,0,0,0,0,0,0,0.707107,0,0,0.707107,0,0,0
1765976264308916,0,0,0,-9.79408,0,0,0,0,0,0,0.707107,0,0,0.707107,0,0,0
1765976264313940,0,0,0,-9.82328,0,0,0,0,0,0,0.707107,0,0,0.707107,0,0,0
1765976264318928,0,0,0,-9.82332,0,0,0,0,0,0,0.707107,0,0,0.707107,0,0,0
1765976264323918,0,0,0,-9.82336,0,0,0,0,0,0,0.707107,0,0,0.707107,0,0,0
1765976264328817,0,0,0,-9.85479,0,0,0,0,0,0,0.707107,0,0,0.707107,0,0,0
1765976264333947,0,0,0,-9.85483,0,0,0,0,0,0,0.707107,0,0,0.707107,0,0,0
1765976264338823,0,0,0,-9.85487,0,0,0,0,0,0,0.707107,0,0,0.707107,0,0,0
1765976264343907,0,0,0,-9.85491,0,0,0,0,0,0,0.707107,0,0,0.707107,0,0,0
1765976264348908,0,0,0,-9.86942,0,0,0,0,0,0,0.707107,0,0,0.707107,0,0,0
1765976264353901,0,0,0,-9.86943,0,0,0,0,0,0,0.707107,0,0,0.707107,0,0,0
1765976264358905,0,0,0,-9.86943,0,0,0,0,0,0,0.707107,0,0,0.707107,0,0,0
1765976264363931,0,0,0,-9.86943,0,0,0,0,0,0,0.707107,0,0,0.707107,0,0,0
1765976264368910,0,0,0,-9.866,0,0,0,0,0,0,0.707107,0,0,0.707107,0,0,0
1765976264373823,0,0,0,-9.86599,0,0,0,0,0,0,0.707107,0,0,0.707107,0,0,0
1765976264378811,0,0,0,-9.86599,0,0,0,0,0,0,0.707107,0,0,0.707107,0,0,0
1765976264383823,0,0,0,-9.86599,0,0,0,0,0,0,0.707107,0,0,0.707107,0,0,0
1765976264388781,0,0,0,-9.86599,0,0,0,0,0,0,0.707107,0,0,0.707107,0,0,0
1765976264393804,0,0,0,-9.84431,0,0,0,0,0,0,0.707107,0,0,0.707107,0,0,0
1765976264398801,0,0,0,-9.84432,0,0,0,0,0,0,0.707107,0,0,0.707107,0,0,0
1765976264403779,0,0,0,-9.84433,0,0,0,0,0,0,0.707107,0,0,0.707107,0,0,0
1765976264408799,0,0,0,-9.84434,0,0,0,0,0,0,0.707107,0,0,0.707107,0,0,0
1765976264413799,0,0,0,-9.82847,0,0,0,0,0,0,0.707107,0,0,0.707107,0,0,0
1765976264418783,0,0,0,-9.82852,0,0,0,0,0,0,0.707107,0,0,0.707107,0,0,0
1765976264423799,0,0,0,-9.82857,0,0,0,0,0,0,0.707107,0,0,0.707107,0,0,0
1765976264428805,0,0,0,-9.82861,0,0,0,0,0,0,0.707107,0,0,0.707107,0,0,0
1765976264433781,0,0,0,-9.80778,0,0,0,0,0,0,0.707107,0,0,0.707107,0,0,0
1765976264438800,0,0,0,-9.80778,0,0,0,0,0,0,0.707107,0,0,0.707107,0,0,0
1765976264443782,0,0,0,-9.80779,0,0,0,0,0,0,0.707107,0,0,0.707107,0,0,0
1765976264448800,0,0,0,-9.81117,0,0,0,0,0,0,0.707107,0,0,0.707107,0,0,0
1765976264453871,0,0,0,-9.81119,0,0,0,0,0,0,0.707107,0,0,0.707107,0,0,0
1765976264458919,0,0,0,-9.8112,0,0,0,0,0,0,0.707107,0,0,0.707107,0,0,0
1765976264463817,0,0,0,-9.81122,0,0,0,0,0,0,0.707107,0,0,0.707107,0,0,0
1765976264468788,0,0,0,-9.81123,0,0,0,0,0,0,0.707107,0,0,0.707107,0,0,0
1765976264473923,0,0,0,-9.80134,0,0,0,0,0,0,0.707107,0,0,0.707107,0,0,0
1765976264478850,0,0,0,-9.80134,0,0,0,0,0,0,0.707107,0,0,0.707107,0,0,0
1765976264483878,0,0,0,-9.80134,0,0,0,0,0,0,0.707107,0,0,0.707107,0,0,0
1765976264488845,0,0,0,-9.77579,0,0,0,0,0,0,0.707107,0,0,0.707107,0,0,0
1765976264493932,0,0,0,-9.77574,0,0,0,0,0,0,0.707107,0,0,0.707107,0,0,0
1765976264498859,0,0,0,-9.7757,0,0,0,0,0,0,0.707107,0,0,0.707107,0,0,0
1765976264503870,0,0,0,-9.77565,0,0,0,0,0,0,0.707107,0,0,0.707107,0,0,0
1765976264508834,0,0,0,-9.76336,0,0,0,0,0,0,0.707107,0,0,0.707107,0,0,0
1765976264513987,0,0,0,-9.76334,0,0,0,0,0,0,0.707107,0,0,0.707107,0,0,0
1765976264518811,0,0,0,-9.76332,0,0,0,0,0,0,0.707107,0,0,0.707107,0,0,0
1765976264523908,0,0,0,-9.76331,0,0,0,0,0,0,0.707107,0,0,0.707107,0,0,0
1765976264528814,0,0,0,-9.73994,0,0,0,0,0,0,0.707107,0,0,0.707107,0,0,0
1765976264533851,0,0,0,-9.73991,0,0,0,0,0,0,0.707107,0,0,0.707107,0,0,0
1765976264538822,0,0,0,-9.73987,0,0,0,0,0,0,0.707107,0,0,0.707107,0,0,0
1765976264543906,0,0,0,-9.73983,0,0,0,0,0,0,0.707107,0,0,0.707107,0,0,0
1765976264548824,0,0,0,-9.73548,0,0,0,0,0,0,0.707107,0,0,0.707107,0,0,0
1765976264553912,0,0,0,-9.73544,0,0,0,0,0,0,0.707107,0,0,0.707107,0,0,0
1765976264558820,0,0,0,-9.7354,0,0,0,0,0,0,0.707107,0,0,0.707107,0,0,0
1765976264563944,0,0,0,-9.73536,0,0,0,0,0,0,0.707107,0,0,0.707107,0,0,0
1765976264568808,0,0,0,-9.74776,0,0,0,0,0,0,0.707107,0,0,0.707107,0,0,0
1765976264573934,0,0,0,-9.74774,0,0,0,0,0,0,0.707107,0,0,0.707107,0,0,0
1765976264578803,0,0,0,-9.74771,0,0,0,0,0,0,0.707107,0,0,0.707107,0,0,0
1765976264583819,0,0,0,-9.74769,0,0,0,0,0,0,0.707107,0,0,0.707107,0,0,0
1765976264588924,0,0,0,-9.74766,0,0,0,0,0,0,0.707107,0,0,0.707107,0,0,0
1765976264593920,0,0,0,-9.78778,0,0,0,0,0,0,0.707107,0,0,0.707107,0,0,0
1765976264598934,0,0,0,-9.78781,0,0,0,0,0,0,0.707107,0,0,0.707107,0,0,0
1765976264603908,0,0,0,-9.78784,0,0,0,0,0,0,0.707107,0,0,0.707107,0,0,0
1765976264608915,0,0,0,-9.84452,0,0,0,0,0,0,0.707107,0,0,0.707107,0,0,0
1765976264613928,0,0,0,-9.84458,0,0,0,0,0,0,0.707107,0,0,0.707107,0,0,0
1765976264618858,0,0,0,-9.84465,0,0,0,0,0,0,0.707107,0,0,0.707107,0,0,0
1765976264623882,0,0,0,-9.84471,0,0,0,0,0,0,0.707107,0,0,0.707107,0,0,0
1765976264628909,0,0,0,-9.89782,0,0,0,0,0,0,0.707107,0,0,0.707107,0,0,0
1765976264633916,0,0,0,-9.89786,0,0,0,0,0,0,0.707107,0,0,0.707107,0,0,0
1765976264638923,0,0,0,-9.89791,0,0,0,0,0,0,0.707107,0,0,0.707107,0,0,0
1765976264643935,0,0,0,-9.89796,0,0,0,0,0,0,0.707107,0,0,0.707107,0,0,0
1765976264648931,0,0,0,-9.91551,0,0,0,0,0,0,0.707107,0,0,0.707107,0,0,0
1765976264653910,0,0,0,-9.91549,0,0,0,0,0,0,0.707107,0,0,0.707107,0,0,0
1765976264658889,0,0,0,-9.91549,0,0,0,0,0,0,0.707107,0,0,0.707107,0,0,0
1765976264663922,0,0,0,-9.91547,0,0,0,0,0,0,0.707107,0,0,0.707107,0,0,0
1765976264668908,0,0,0,-9.87994,0,0,0,0,0,0,0.707107,0,0,0.707107,0,0,0
1765976264673915,0,0,0,-9.87988,0,0,0,0,0,0,0.707107,0,0,0.707107,0,0,0
1765976264678815,0,0,0,-9.87982,0,0,0,0,0,0,0.707107,0,0,0.707107,0,0,0
1765976264683823,0,0,0,-9.87977,0,0,0,0,0,0,0.707107,0,0,0.707107,0,0,0
1765976264688837,0,0,0,-9.87971,0,0,0,0,0,0,0.707107,0,0,0.707107,0,0,0
1765976264693822,0,0,0,-9.82851,0,0,0,0,0,0,0.707107,0,0,0.707107,0,0,0
1765976264698929,0,0,0,-9.82851,0,0,0,0,0,0,0.707107,0,0,0.707107,0,0,0
1765976264703921,0,0,0,-9.8285,0,0,0,0,0,0,0.707107,0,0,0.707107,0,0,0
1765976264708930,0,0,0,-9.76968,0,0,0,0,0,0,0.707107,0,0,0.707107,0,0,0
1765976264713925,0,0,0,-9.76968,0,0,0,0,0,0,0.707107,0,0,0.707107,0,0,0
1765976264718830,0,0,0,-9.76969,0,0,0,0,0,0,0.707107,0,0,0.707107,0,0,0
1765976264723919,0,0,0,-9.76969,0,0,0,0,0,0,0.707107,0,0,0.707107,0,0,0
1765976264728803,0,0,0,-9.74771,0,0,0,0,0,0,0.707107,0,0,0.707107,0,0,0
1765976264733926,0,0,0,-9.7477,0,0,0,0,0,0,0.707107,0,0,0.707107,0,0,0
1765976264738892,0,0,0,-9.7477,0,0,0,0,0,0,0.707107,0,0,0.707107,0,0,0
1765976264743921,0,0,0,-9.7477,0,0,0,0,0,0,0.707107,0,0,0.707107,0,0,0
1765976264748912,0,0,0,-9.7638,0,0,0,0,0,0,0.707107,0,0,0.707107,0,0,0
1765976264753816,0,0,0,-9.76381,0,0,0,0,0,0,0.707107,0,0,0.707107,0,0,0
1765976264758814,0,0,0,-9.76382,0,0,0,0,0,0,0.707107,0,0,0.707107,0,0,0
1765976264763927,0,0,0,-9.76383,0,0,0,0,0,0,0.707107,0,0,0.707107,0,0,0
1765976264768925,0,0,0,-9.78728,0,0,0,0,0,0,0.707107,0,0,0.707107,0,0,0
1765976264773923,0,0,0,-9.78728,0,0,0,0,0,0,0.707107,0,0,0.707107,0,0,0
1765976264778816,0,0,0,-9.78728,0,0,0,0,0,0,0.707107,0,0,0.707107,0,0,0
1765976264783918,0,0,0,-9.78728,0,0,0,0,0,0,0.707107,0,0,0.707107,0,0,0
1765976264788913,0,0,0,-9.80626,0,0,0,0,0,0,0.707107,0,0,0.707107,0,0,0
1765976264793824,0,0,0,-9.80625,0,0,0,0,0,0,0.707107,0,0,0.707107,0,0,0
1765976264798931,0,0,0,-9.80624,0,0,0,0,0,0,0.707107,0,0,0.707107,0,0,0
1765976264803913,0,0,0,-9.80624,0,0,0,0,0,0,0.707107,0,0,0.707107,0,0,0
1765976264808915,0,0,0,-9.82487,0,0,0,0,0,0,0.707107,0,0,0.707107,0,0,0
1765976264813933,0,0,0,-9.82489,0,0,0,0,0,0,0.707107,0,0,0.707107,0,0,0
1765976264818924,0,0,0,-9.8249,0,0,0,0,0,0,0.707107,0,0,0.707107,0,0,0
1765976264823826,0,0,0,-9.82491,0,0,0,0,0,0,0.707107,0,0,0.707107,0,0,0
1765976264828913,0,0,0,-9.85171,0,0,0,0,0,0,0.707107,0,0,0.707107,0,0,0
1765976264833926,0,0,0,-9.85178,0,0,0,0,0,0,0.707107,0,0,0.707107,0,0,0
1765976264838912,0,0,0,-9.85184,0,0,0,0,0,0,0.707107,0,0,0.707107,0,0,0
1765976264843926,0,0,0,-9.85191,0,0,0,0,0,0,0.707107,0,0,0.707107,0,0,0
1765976264848931,0,0,0,-9.85251,0,0,0,0,0,0,0.707107,0,0,0.707107,0,0,0
1765976264853900,0,0,0,-9.85251,0,0,0,0,0,0,0.707107,0,0,0.707107,0,0,0
1765976264858840,0,0,0,-9.85252,0,0,0,0,0,0,0.707107,0,0,0.707107,0,0,0
1765976264863915,0,0,0,-9.85253,0,0,0,0,0,0,0.707107,0,0,0.707107,0,0,0
1765976264868814,0,0,0,-9.83578,0,0,0,0,0,0,0.707107,0,0,0.707107,0,0,0
1765976264873900,0,0,0,-9.83573,0,0,0,0,0,0,0.707107,0,0,0.707107,0,0,0
1765976264878826,0,0,0,-9.83567,0,0,0,0,0,0,0.707107,0,0,0.707107,0,0,0
1765976264883819,0,0,0,-9.83561,0,0,0,0,0,0,0.707107,0,0,0.707107,0,0,0
1765976264888914,0,0,0,-9.85011,0,0,0,0,0,0,0.707107,0,0,0.707107,0,0,0
1765976264893821,0,0,0,-9.81751,0,0,0,0,0,0,0.707107,0,0,0.707107,0,0,0
1765976264898925,0,0,0,-9.8175,0,0,0,0,0,0,0.707107,0,0,0.707107,0,0,0
1765976264903795,0,0,0,-9.81749,0,0,0,0,0,0,0.707107,0,0,0.707107,0,0,0
1765976264908920,0,0,0,-9.81749,0,0,0,0,0,0,0.707107,0,0,0.707107,0,0,0
1765976264913803,0,0,0,-9.7833,0,0,0,0,0,0,0.707107,0,0,0.707107,0,0,0
1765976264918843,0,0,0,-9.78331,0,0,0,0,0,0,0.707107,0,0,0.707107,0,0,0
1765976264923820,0,0,0,-9.78332,0,0,0,0,0,0,0.707107,0,0,0.707107,0,0,0
1765976264928929,0,0,0,-9.78334,0,0,0,0,0,0,0.707107,0,0,0.707107,0,0,0
1765976264933899,0,0,0,-9.76624,0,0,0,0,0,0,0.707107,0,0,0.707107,0,0,0
1765976264938790,0,0,0,-9.76624,0,0,0,0,0,0,0.707107,0,0,0.707107,0,0,0
1765976264943907,0,0,0,-9.76623,0,0,0,0,0,0,0.707107,0,0,0.707107,0,0,0
1765976264948809,0,0,0,-9.77181,0,0,0,0,0,0,0.707107,0,0,0.707107,0,0,0
1765976264953911,0,0,0,-9.7718,0,0,0,0,0,0,0.707107,0,0,0.707107,0,0,0
1765976264958818,0,0,0,-9.77178,0,0,0,0,0,0,0.707107,0,0,0.707107,0,0,0
1765976264963874,0,0,0,-9.77176,0,0,0,0,0,0,0.707107,0,0,0.707107,0,0,0
1765976264968818,0,0,0,-9.7933,0,0,0,0,0,0,0.707107,0,0,0.707107,0,0,0
1765976264973929,0,0,0,-9.79331,0,0,0,0,0,0,0.707107,0,0,0.707107,0,0,0
1765976264978932,0,0,0,-9.79332,0,0,0,0,0,0,0.707107,0,0,0.707107,0,0,0
1765976264983920,0,0,0,-9.79333,0,0,0,0,0,0,0.707107,0,0,0.707107,0,0,0
1765976264988915,0,0,0,-9.80156,0,0,0,0,0,0,0.707107,0,0,0.707107,0,0,0
1765976264993921,0,0,0,-9.80155,0,0,0,0,0,0,0.707107,0,0,0.707107,0,0,0
1765976264998935,0,0,0,-9.80155,0,0,0,0,0,0,0.707107,0,0,0.707107,0,0,0
1765976265003798,0,0,0,-9.80154,0,0,0,0,0,0,0.707107,0,0,0.707107,0,0,0
1765976265008926,0,0,0,-9.82307,0,0,0,0,0,0,0.707107,0,0,0.707107,0,0,0
1765976265013924,0,0,0,-9.82309,0,0,0,0,0,0,0.707107,0,0,0.707107,0,0,0
1765976265018841,0,0,0,-9.82311,0,0,0,0,0,0,0.707107,0,0,0.707107,0,0,0
1765976265023871,0,0,0,-9.82313,0,0,0,0,0,0,0.707107,0,0,0.707107,0,0,0
1765976265028918,0,0,0,-9.84697,0,0,0,0,0,0,0.707107,0,0,0.707107,0,0,0
1765976265033926,0,0,0,-9.84702,0,0,0,0,0,0,0.707107,0,0,0.707107,0,0,0
1765976265038911,0,0,0,-9.84706,0,0,0,0,0,0,0.707107,0,0,0.707107,0,0,0
1765976265043939,0,0,0,-9.84711,0,0,0,0,0,0,0.707107,0,0,0.707107,0,0,0
1765976265048925,0,0,0,-9.8193,0,0,0,0,0,0,0.707107,0,0,0.707107,0,0,0
1765976265053933,0,0,0,-9.81923,0,0,0,0,0,0,0.707107,0,0,0.707107,0,0,0
1765976265058851,0,0,0,-9.81915,0,0,0,0,0,0,0.707107,0,0,0.707107,0,0,0
1765976265063913,0,0,0,-9.81908,0,0,0,0,0,0,0.707107,0,0,0.707107,0,0,0
1765976265068909,0,0,0,-9.79134,0,0,0,0,0,0,0.707107,0,0,0.707107,0,0,0
1765976265073946,0,0,0,-9.79126,0,0,0,0,0,0,0.707107,0,0,0.707107,0,0,0
1765976265078934,0,0,0,-9.79117,0,0,0,0,0,0,0.707107,0,0,0.707107,0,0,0
1765976265083917,0,0,0,-9.79109,0,0,0,0,0,0,0.707107,0,0,0.707107,0,0,0
1765976265088911,0,0,0,-9.76079,0,0,0,0,0,0,0.707107,0,0,0.707107,0,0,0
1765976265093929,0,0,0,-9.76078,0,0,0,0,0,0,0.707107,0,0,0.707107,0,0,0
1765976265098929,0,0,0,-9.76078,0,0,0,0,0,0,0.707107,0,0,0.707107,0,0,0
1765976265103914,0,0,0,-9.76077,0,0,0,0,0,0,0.707107,0,0,0.707107,0,0,0
1765976265108926,0,0,0,-9.74336,0,0,0,0,0,0,0.707107,0,0,0.707107,0,0,0
1765976265113930,0,0,0,-9.74338,0,0,0,0,0,0,0.707107,0,0,0.707107,0,0,0
1765976265118834,0,0,0,-9.7434,0,0,0,0,0,0,0.707107,0,0,0.707107,0,0,0
1765976265123918,0,0,0,-9.74342,0,0,0,0,0,0,0.707107,0,0,0.707107,0,0,0
1765976265128927,0,0,0,-9.77434,0,0,0,0,0,0,0.707107,0,0,0.707107,0,0,0
1765976265133919,0,0,0,-9.77437,0,0,0,0,0,0,0.707107,0,0,0.707107,0,0,0
1765976265138911,0,0,0,-9.77439,0,0,0,0,0,0,0.707107,0,0,0.707107,0,0,0
1765976265143941,0,0,0,-9.77442,0,0,0,0,0,0,0.707107,0,0,0.707107,0,0,0
1765976265148810,0,0,0,-9.82004,0,0,0,0,0,0,0.707107,0,0,0.707107,0,0,0
1765976265153909,0,0,0,-9.82004,0,0,0,0,0,0,0.707107,0,0,0.707107,0,0,0
1765976265158931,0,0,0,-9.82004,0,0,0,0,0,0,0.707107,0,0,0.707107,0,0,0
1765976265163805,0,0,0,-9.82004,0,0,0,0,0,0,0.707107,0,0,0.707107,0,0,0
1765976265168814,0,0,0,-9.88343,0,0,0,0,0,0,0.707107,0,0,0.707107,0,0,0
1765976265173812,0,-2.07545e-06,2.07825e-06,-5.7528,-0.256227,-0.255184,0.108487,0,0,0,0.706992,-6.14647e-07,-0.000542434,0.707222,-0.256227,-0.255184,0.108487
1765976265178815,0,-2.07257e-05,2.1182e-05,-9.77196,-0.183486,-0.1557,0.092341,0,0,0,0.706816,-3.11213e-05,-0.00126385,0.707396,-0.183486,-0.1557,0.092341
1765976265183814,0,-5.32418e-05,5.66673e-05,-9.77196,-0.14854,-0.0817496,0.0785764,0,0,0,0.706667,-0.000121832,-0.00174802,0.707544,-0.14854,-0.0817496,0.0785764
1765976265188908,0,-9.25343e-05,0.000104558,-9.77967,-0.139641,-0.0263139,0.0654564,0,0,0,0.706542,-0.000289444,-0.00208699,0.707668,-0.139641,-0.0263139,0.0654564
1765976265193909,0,-0.000134014,0.00016401,-9.77968,-0.148914,0.0156259,0.0542615,0,0,0,0.706438,-0.00054424,-0.00234589,0.707771,-0.148914,0.0156259,0.0542615
1765976265198922,0,-0.000174236,0.000235714,-9.78728,-0.169382,0.0475497,0.0436335,0,0,0,0.706353,-0.000890769,-0.00256963,0.707855,-0.169382,0.0475497,0.0436335
1765976265203935,0,-0.000210585,0.000321243,-9.78729,-0.197067,0.0719259,0.0345548,0,0,0,0.706285,-0.00132949,-0.0027889,0.707921,-0.197067,0.0719259,0.0345548
1765976265208917,0,-0.000241052,0.000422835,-9.79418,-0.228374,0.0906321,0.0260694,0,0,0,0.706233,-0.001858,-0.00302399,0.707971,-0.228374,0.0906321,0.0260694
1765976265213929,0,-0.000264114,0.000542939,-9.7942,-0.261586,0.10501,0.0188102,0,0,0,0.706194,-0.00247224,-0.0032881,0.708007,-0.261586,0.10501,0.0188102
1765976265218858,0,-0.000278599,0.000684269,-9.80057,-0.294814,0.11634,0.0121502,0,0,0,0.706167,-0.0031673,-0.00358889,0.708029,-0.294814,0.11634,0.0121502
1765976265223813,0,-0.000283599,0.000849441,-9.80058,-0.326873,0.124904,0.00644233,0,0,0,0.70615,-0.00393684,-0.00393023,0.708041,-0.326873,0.124904,0.00644233
1765976265228844,0,-0.000278421,0.00104113,-9.80647,-0.357047,0.13164,0.0013269,0,0,0,0.706141,-0.00477414,-0.00431318,0.708042,-0.357047,0.13164,0.0013269
1765976265233810,0,-0.000262551,0.00126164,-9.8065,-0.385969,0.136814,-0.00307009,0,0,0,0.70614,-0.0056736,-0.00473803,0.708033,-0.385969,0.136814,-0.00307009
1765976265238855,0,-0.000235554,0.00151336,-9.81196,-0.412135,0.140923,-0.00689183,0,0,0,0.706145,-0.00662916,-0.00520319,0.708017,-0.412135,0.140923,-0.00689183
1765976265243928,0,-0.000197176,0.00179836,-9.81198,-0.436817,0.144031,-0.0101895,0,0,0,0.706155,-0.0076355,-0.00570695,0.707993,-0.436817,0.144031,-0.0101895
1765976265248960,0,-0.000147138,0.00211862,-9.81676,-0.458827,0.146488,-0.0129357,0,0,0,0.706169,-0.00868735,-0.00624681,0.707962,-0.458827,0.146488,-0.0129357
1765976265253906,0,-8.53017e-05,0.00247584,-9.81679,-0.479546,0.148324,-0.0153194,0,0,0,0.706186,-0.00978032,-0.00682062,0.707926,-0.479546,0.148324,-0.0153194
1765976265258825,0,-1.15223e-05,0.00287169,-9.82136,-0.496467,0.149562,-0.0171773,0,0,0,0.706205,-0.0109084,-0.00742451,0.707884,-0.496467,0.149562,-0.0171773
1765976265263815,0,7.42525e-05,0.00330746,-9.82139,-0.512288,0.150363,-0.0188039,0,0,0,0.706226,-0.0120669,-0.00805548,0.707838,-0.512288,0.150363,-0.0188039
1765976265268779,0,0.000172034,0.00378442,-9.82559,-0.524618,0.150726,-0.0199336,0,0,0,0.706247,-0.0132505,-0.00870982,0.707788,-0.524618,0.150726,-0.0199336
1765976265273811,0,0.000281878,0.0043034,-9.82561,-0.536626,0.150891,-0.0209398,0,0,0,0.706268,-0.0144559,-0.00938523,0.707734,-0.536626,0.150891,-0.0209398
1765976265278804,0,0.000403717,0.00486538,-9.82938,-0.545398,0.150683,-0.0214794,0,0,0,0.706289,-0.0156789,-0.0100786,0.707678,-0.545398,0.150683,-0.0214794
1765976265283800,0,0.000537477,0.00547099,-9.82939,-0.554514,0.150451,-0.0219818,0,0,0,0.706309,-0.0169174,-0.0107882,0.707619,-0.554514,0.150451,-0.0219818
1765976265288800,0,0.000683181,0.00612083,-9.83296,-0.559753,0.149661,-0.0220456,0,0,0,0.706328,-0.0181668,-0.0115108,0.707558,-0.559753,0.149661,-0.0220456
1765976265293783,0,0.000840656,0.00681525,-9.83298,-0.566045,0.149022,-0.0221404,0,0,0,0.706345,-0.0194253,-0.012245,0.707495,-0.566045,0.149022,-0.0221404
1765976265298800,0,0.00100989,0.00755471,-9.83622,-0.568141,0.147765,-0.0218247,0,0,0,0.70636,-0.0206886,-0.0129876,0.707431,-0.568141,0.147765,-0.0218247
1765976265303798,0,0.00119071,0.00833917,-9.83623,-0.572093,0.14683,-0.0215928,0,0,0,0.706373,-0.0219557,-0.0137378,0.707366,-0.572093,0.14683,-0.0215928
1765976265308784,0,0.00138301,0.00916898,-9.83928,-0.571568,0.145081,-0.0209763,0,0,0,0.706383,-0.0232225,-0.0144927,0.7073,-0.571568,0.145081,-0.0209763
1765976265313799,0,0.00158668,0.0100437,-9.83927,-0.573413,0.143797,-0.0204833,0,0,0,0.706391,-0.0244882,-0.0152516,0.707234,-0.573413,0.143797,-0.0204833
1765976265318803,0,0.00180149,0.0109637,-9.84201,-0.570457,0.1417,-0.0196324,0,0,0,0.706396,-0.0257489,-0.0160118,0.707167,-0.570457,0.1417,-0.0196324
1765976265323781,0,0.0020273,0.0119285,-9.842,-0.570709,0.140234,-0.0189343,0,0,0,0.706398,-0.0270048,-0.0167732,0.707101,-0.570709,0.140234,-0.0189343
1765976265328799,0,0.00226399,0.012938,-9.84446,-0.565596,0.137706,-0.0179018,0,0,0,0.706397,-0.0282516,-0.0175329,0.707034,-0.565596,0.137706,-0.0179018
1765976265333799,0,0.00251126,0.0139915,-9.84443,-0.564387,0.135983,-0.0170422,0,0,0,0.706393,-0.02949,-0.0182912,0.706968,-0.564387,0.135983,-0.0170422
1765976265338782,0,0.00276905,0.0150892,-9.84691,-0.557227,0.133051,-0.0158701,0,0,0,0.706386,-0.0307155,-0.0190452,0.706903,-0.557227,0.133051,-0.0158701
1765976265343799,0,0.00303712,0.0162299,-9.84687,-0.554709,0.131104,-0.0148837,0,0,0,0.706376,-0.0319292,-0.0197956,0.706839,-0.554709,0.131104,-0.0148837
1765976265348799,0,0.0033152,0.0174136,-9.84896,-0.545855,0.127856,-0.0136086,0,0,0,0.706363,-0.0331269,-0.0205395,0.706776,-0.545855,0.127856,-0.0136086
1765976265353777,0,0.00360309,0.0186393,-9.8489,-0.542377,0.125759,-0.0125258,0,0,0,0.706347,-0.0343101,-0.0212778,0.706714,-0.542377,0.125759,-0.0125258
1765976265358799,0,0.0039006,0.0199067,-9.85105,-0.531675,0.122111,-0.011174,0,0,0,0.706327,-0.0354742,-0.0220075,0.706654,-0.531675,0.122111,-0.011174
1765976265363800,0,0.00420745,0.0212148,-9.85098,-0.527357,0.119849,-0.0100161,0,0,0,0.706305,-0.0366212,-0.0227299,0.706595,-0.527357,0.119849,-0.0100161
1765976265368781,0,0.00452338,0.0225631,-9.85299,-0.515268,0.115956,-0.00861066,0,0,0,0.706279,-0.0377466,-0.023442,0.706538,-0.515268,0.115956,-0.00861066
1765976265373799,0,0.00484817,0.0239506,-9.85291,-0.510095,0.113567,-0.00739648,0,0,0,0.706251,-0.0388527,-0.0241451,0.706482,-0.510095,0.113567,-0.00739648
1765976265378800,0,0.0051816,0.0253766,-9.85472,-0.496787,0.109232,-0.00595244,0,0,0,0.70622,-0.0399348,-0.0248367,0.706429,-0.496787,0.109232,-0.00595244
1765976265383779,0,0.00552329,0.02684,-9.85463,-0.491258,0.106664,-0.00469353,0,0,0,0.706186,-0.0409959,-0.0255185,0.706378,-0.491258,0.106664,-0.00469353
1765976265388802,0,0.00587313,0.0283405,-9.85645,-0.476582,0.102077,-0.00322688,0,0,0,0.706149,-0.0420309,-0.0261875,0.706329,-0.476582,0.102077,-0.00322688
1765976265393800,0,0.00623071,0.0298765,-9.85634,-0.470635,0.0994621,-0.00193587,0,0,0,0.70611,-0.0430432,-0.0268455,0.706283,-0.470635,0.0994621,-0.00193587
1765976265398796,0,0.00659579,0.0314475,-9.85803,-0.455016,0.094698,-0.000458079,0,0,0,0.706068,-0.0440279,-0.0274895,0.706239,-0.455016,0.094698,-0.000458079
1765976265403809,0,0.00696822,0.0330521,-9.8579,-0.448852,0.0920677,0.000855935,0,0,0,0.706024,-0.044989,-0.028122,0.706198,-0.448852,0.0920677,0.000855935
1765976265408801,0,0.00734746,0.03469,-9.85962,-0.432197,0.0871105,0.00233699,0,0,0,0.705977,-0.0459209,-0.0287393,0.70616,-0.432197,0.0871105,0.00233699
1765976265413782,0,0.00773335,0.0363595,-9.85948,-0.42571,0.0844458,0.00366779,0,0,0,0.705928,-0.046828,-0.0293441,0.706124,-0.42571,0.0844458,0.00366779
1765976265418799,0,0.00812578,0.0380602,-9.8611,-0.408125,0.0791834,0.00514618,0,0,0,0.705877,-0.0477045,-0.029933,0.706092,-0.408125,0.0791834,0.00514618
1765976265423782,0,0.00852428,0.0397904,-9.86095,-0.401621,0.0764539,0.00649048,0,0,0,0.705824,-0.0485551,-0.030509,0.706063,-0.401621,0.0764539,0.00649048
1765976265428798,0,0.00892837,0.0415498,-9.86254,-0.383413,0.0710693,0.00795801,0,0,0,0.705768,-0.0493743,-0.0310685,0.706037,-0.383413,0.0710693,0.00795801
1765976265433800,0,0.00933814,0.0433366,-9.86238,-0.377062,0.0683931,0.00930948,0,0,0,0.705711,-0.0501674,-0.0316149,0.706014,-0.377062,0.0683931,0.00930948
1765976265438781,0,0.00975332,0.0451508,-9.86407,-0.35806,0.0628888,0.0107636,0,0,0,0.705652,-0.0509282,-0.0321442,0.705994,-0.35806,0.0628888,0.0107636
1765976265443781,0,0.0101733,0.04699,-9.8639,-0.351563,0.0602326,0.0121194,0,0,0,0.705591,-0.051662,-0.0326597,0.705978,-0.351563,0.0602326,0.0121194
1765976265448799,0,0.0105979,0.0488544,-9.86548,-0.332043,0.0545713,0.0135561,0,0,0,0.705529,-0.0523629,-0.0331575,0.705966,-0.332043,0.0545713,0.0135561
1765976265453778,0,0.0110268,0.0507419,-9.8653,-0.325877,0.0519617,0.0149158,0,0,0,0.705465,-0.0530367,-0.0336417,0.705957,-0.325877,0.0519617,0.0149158
1765976265458797,0,0.0114599,0.0526521,-9.86707,-0.305343,0.0461044,0.0163337,0,0,0,0.705399,-0.0536765,-0.0341075,0.705952,-0.305343,0.0461044,0.0163337
1765976265463783,0,0.0118967,0.0545839,-9.86689,-0.299212,0.0435191,0.0176973,0,0,0,0.705332,-0.0542886,-0.034559,0.70595,-0.299212,0.0435191,0.0176973
1765976265468777,0,0.0123371,0.0565358,-9.8686,-0.27828,0.0375976,0.0190939,0,0,0,0.705263,-0.0548662,-0.0349919,0.705952,-0.27828,0.0375976,0.0190939
1765976265473840,0,0.0127807,0.058507,-9.86842,-0.272244,0.0350687,0.020456,0,0,0,0.705194,-0.0554159,-0.0354103,0.705958,-0.272244,0.0350687,0.020456
1765976265478871,0,0.0132272,0.0604967,-9.87018,-0.251173,0.029091,0.0218314,0,0,0,0.705123,-0.055931,-0.03581,0.705968,-0.251173,0.029091,0.0218314
1765976265483920,0,0.0136763,0.0625029,-9.87,-0.245855,0.0266956,0.0231983,0,0,0,0.705051,-0.0564189,-0.0361958,0.705982,-0.245855,0.0266956,0.0231983
1765976265488910,0,0.0141278,0.0645256,-9.87176,-0.224942,0.0208431,0.0245473,0,0,0,0.704977,-0.0568733,-0.0365633,0.706,-0.224942,0.0208431,0.0245473
1765976265493821,0,0.0145814,0.0665628,-9.87158,-0.220161,0.0186398,0.0259108,0,0,0,0.704903,-0.0573014,-0.0369172,0.706021,-0.220161,0.0186398,0.0259108
1765976265498934,0,0.0150368,0.0686147,-9.87332,-0.198781,0.0127005,0.0272288,0,0,0,0.704827,-0.0576958,-0.0372528,0.706047,-0.198781,0.0127005,0.0272288
1765976265503922,0,0.0154937,0.0706787,-9.87314,-0.194504,0.0106034,0.0285911,0,0,0,0.70475,-0.0580644,-0.0375749,0.706076,-0.194504,0.0106034,0.0285911
1765976265508932,0,0.015952,0.0727555,-9.87502,-0.172873,0.00456011,0.0298872,0,0,0,0.704673,-0.0583993,-0.0378788,0.70611,-0.172873,0.00456011,0.0298872
1765976265513930,0,0.0164111,0.0748426,-9.87484,-0.168774,0.00249023,0.0312495,0,0,0,0.704594,-0.0587082,-0.0381693,0.706147,-0.168774,0.00249023,0.0312495
1765976265518928,0,0.0168712,0.0769403,-9.87678,-0.146845,-0.00354027,0.0325195,0,0,0,0.704514,-0.0589834,-0.0384413,0.706189,-0.146845,-0.00354027,0.0325195
1765976265523815,0,0.0173315,0.0790464,-9.87661,-0.143003,-0.00549192,0.0338802,0,0,0,0.704434,-0.0592329,-0.0386998,0.706235,-0.143003,-0.00549192,0.0338802
1765976265528821,0,0.0177922,0.0811609,-9.87854,-0.120858,-0.0114628,0.035112,0,0,0,0.704352,-0.0594486,-0.0389397,0.706284,-0.120858,-0.0114628,0.035112
1765976265533920,0,0.0182527,0.0832814,-9.87838,-0.117674,-0.0132169,0.0364679,0,0,0,0.70427,-0.0596395,-0.0391664,0.706338,-0.117674,-0.0132169,0.0364679
1765976265538819,0,0.0187131,0.0854092,-9.88038,-0.0957363,-0.019108,0.0376815,0,0,0,0.704187,-0.0597975,-0.0393749,0.706396,-0.0957363,-0.019108,0.0376815
1765976265543928,0,0.0191728,0.0875409,-9.88022,-0.0926815,-0.0207695,0.0390336,0,0,0,0.704103,-0.0599311,-0.0395704,0.706457,-0.0926815,-0.0207695,0.0390336
1765976265548911,0,0.0196318,0.0896771,-9.88207,-0.0718951,-0.0264802,0.0402147,0,0,0,0.704018,-0.0600335,-0.0397486,0.706523,-0.0718951,-0.0264802,0.0402147
1765976265553813,0,0.0200896,0.0918162,-9.88193,-0.0703237,-0.0278784,0.041568,0,0,0,0.703932,-0.0601142,-0.0399159,0.706592,-0.0703237,-0.0278784,0.041568
1765976265558912,0,0.0205463,0.0939578,-9.88416,-0.0474765,-0.0338784,0.0427245,0,0,0,0.703846,-0.0601625,-0.0400649,0.706665,-0.0474765,-0.0338784,0.0427245
1765976265563876,0,0.0210014,0.0961006,-9.88405,-0.0454696,-0.0353078,0.0440921,0,0,0,0.703759,-0.0601869,-0.0402012,0.706743,-0.0454696,-0.0353078,0.0440921
1765976265568925,0,0.0214549,0.0982442,-9.88616,-0.023447,-0.0410873,0.0452348,0,0,0,0.703671,-0.0601796,-0.0403197,0.706824,-0.023447,-0.0410873,0.0452348
1765976265573909,0,0.0219063,0.100387,-9.88605,-0.022147,-0.042309,0.0466064,0,0,0,0.703582,-0.0601503,-0.0404264,0.706909,-0.022147,-0.042309,0.0466064
1765976265578929,0,0.0223555,0.102528,-9.88815,-0.000685711,-0.0479598,0.0477206,0,0,0,0.703492,-0.0600906,-0.040516,0.706998,-0.000685711,-0.0479598,0.0477206
1765976265583944,0,0.0228023,0.104667,-9.88807,-0.000491072,-0.0489639,0.0491015,0,0,0,0.703402,-0.0600107,-0.0405952,0.707091,-0.000491072,-0.0489639,0.0491015
1765976265588928,0,0.0232464,0.106803,-9.89022,0.0209968,-0.0544287,0.0501932,0,0,0,0.70331,-0.0599016,-0.0406576,0.707187,0.0209968,-0.0544287,0.0501932
1765976265593926,0,0.0236876,0.108935,-9.89015,0.0210626,-0.0552587,0.0515713,0,0,0,0.703217,-0.0597726,-0.0407094,0.707287,0.0210626,-0.0552587,0.0515713
1765976265598927,0,0.0241258,0.111062,-9.89225,0.041663,-0.0607052,0.0526419,0,0,0,0.703124,-0.0596157,-0.0407453,0.707391,0.041663,-0.0607052,0.0526419
1765976265603917,0,0.0245607,0.113183,-9.8922,0.0406521,-0.0614289,0.0540305,0,0,0,0.703029,-0.0594409,-0.0407722,0.707498,0.0406521,-0.0614289,0.0540305
1765976265608911,0,0.0249922,0.115299,-9.89437,0.0616366,-0.0667903,0.0550811,0,0,0,0.702934,-0.0592385,-0.0407835,0.70761,0.0616366,-0.0667903,0.0550811
1765976265613928,0,0.0254199,0.117406,-9.89435,0.0604445,-0.067375,0.0564806,0,0,0,0.702837,-0.0590184,-0.0407855,0.707724,0.0604445,-0.067375,0.0564806
1765976265618914,0,0.0258438,0.119507,-9.8966,0.0816441,-0.0726124,0.0575203,0,0,0,0.70274,-0.0587709,-0.0407715,0.707842,0.0816441,-0.0726124,0.0575203
1765976265623881,0,0.0262636,0.121598,-9.8966,0.0802927,-0.0730563,0.0589336,0,0,0,0.702641,-0.0585059,-0.0407479,0.707964,0.0802927,-0.0730563,0.0589336
1765976265628849,0,0.0266791,0.12368,-9.89863,0.0997112,-0.0778783,0.059943,0,0,0,0.702541,-0.058216,-0.0407099,0.708089,0.0997112,-0.0778783,0.059943
1765976265633912,0,0.0270901,0.125752,-9.89865,0.0967852,-0.0779751,0.0613593,0,0,0,0.70244,-0.0579122,-0.0406645,0.708217,0.0967852,-0.0779751,0.0613593
1765976265638910,0,0.0274966,0.127813,-9.90079,0.116417,-0.0827642,0.0623723,0,0,0,0.702338,-0.0575847,-0.0406052,0.708348,0.116417,-0.0827642,0.0623723
1765976265643827,0,0.0278984,0.129862,-9.90085,0.113454,-0.0828069,0.0638133,0,0,0,0.702234,-0.0572432,-0.0405385,0.708483,0.113454,-0.0828069,0.0638133
1765976265648925,0,0.0282953,0.1319,-9.90289,0.13289,-0.0875233,0.0648025,0,0,0,0.702129,-0.0568784,-0.040458,0.708621,0.13289,-0.0875233,0.0648025
1765976265653820,0,0.0286869,0.133924,-9.90297,0.129138,-0.0874363,0.0662674,0,0,0,0.702022,-0.0565008,-0.0403708,0.708762,0.129138,-0.0874363,0.0662674
1765976265658922,0,0.0290734,0.135936,-9.90511,0.149122,-0.0922108,0.0672515,0,0,0,0.701914,-0.0560998,-0.0402697,0.708906,0.149122,-0.0922108,0.0672515
1765976265663816,0,0.0294545,0.137933,-9.90522,0.145346,-0.0921153,0.0687451,0,0,0,0.701805,-0.0556856,-0.0401616,0.709053,0.145346,-0.0921153,0.0687451
1765976265668936,0,0.0298302,0.139916,-9.90707,0.163235,-0.0963248,0.0697143,0,0,0,0.701694,-0.055251,-0.0400413,0.709203,0.163235,-0.0963248,0.0697143
1765976265673824,0,0.0302001,0.141883,-9.90722,0.157731,-0.0958089,0.0712296,0,0,0,0.701581,-0.0548073,-0.0399164,0.709357,0.157731,-0.0958089,0.0712296
1765976265678828,0,0.0305643,0.143834,-9.90917,0.176279,-0.100121,0.0722022,0,0,0,0.701467,-0.0543438,-0.0397797,0.709513,0.176279,-0.100121,0.0722022
1765976265683933,0,0.0309225,0.14577,-9.90934,0.171296,-0.0996809,0.0737329,0,0,0,0.701351,-0.05387,-0.0396375,0.709672,0.171296,-0.0996809,0.0737329
1765976265688801,0,0.0312746,0.147689,-9.91115,0.188055,-0.103505,0.0747184,0,0,0,0.701233,-0.0533785,-0.0394845,0.709834,0.188055,-0.103505,0.0747184
1765976265693952,0,0.0316207,0.149589,-9.91133,0.182117,-0.102757,0.0762652,0,0,0,0.701113,-0.0528796,-0.0393276,0.709998,0.182117,-0.102757,0.0762652
1765976265698928,0,0.0319604,0.151473,-9.91308,0.19822,-0.106486,0.0772618,0,0,0,0.700992,-0.0523647,-0.0391611,0.710165,0.19822,-0.106486,0.0772618
1765976265703822,0,0.0322938,0.153338,-9.9133,0.191483,-0.105654,0.0788602,0,0,0,0.700868,-0.0518439,-0.0389918,0.710335,0.191483,-0.105654,0.0788602
1765976265708931,0,0.0326208,0.155185,-9.91501,0.208541,-0.10939,0.0798384,0,0,0,0.700742,-0.0513066,-0.0388123,0.710508,0.208541,-0.10939,0.0798384
1765976265713829,0,0.0329413,0.157012,-9.91526,0.201844,-0.10854,0.0814787,0,0,0,0.700614,-0.0507627,-0.0386294,0.710683,0.201844,-0.10854,0.0814787
1765976265718912,0,0.033255,0.158821,-9.91684,0.218392,-0.112185,0.0824727,0,0,0,0.700484,-0.050203,-0.0384367,0.710861,0.218392,-0.112185,0.0824727
1765976265723819,0,0.0335622,0.160609,-9.91711,0.211532,-0.1113,0.0841361,0,0,0,0.700352,-0.0496373,-0.0382409,0.711042,0.211532,-0.1113,0.0841361
1765976265728934,0,0.0338626,0.162377,-9.91861,0.227295,-0.114619,0.0851263,0,0,0,0.700218,-0.0490571,-0.0380359,0.711225,0.227295,-0.114619,0.0851263
1765976265733796,0,0.0341561,0.164125,-9.91892,0.219521,-0.113512,0.0868366,0,0,0,0.700081,-0.0484729,-0.0378289,0.711411,0.219521,-0.113512,0.0868366
1765976265738913,0,0.0344427,0.165852,-9.92032,0.235696,-0.116746,0.087832,0,0,0,0.699942,-0.0478747,-0.0376127,0.7116,0.235696,-0.116746,0.087832
1765976265743819,0,0.0347224,0.167558,-9.92066,0.228172,-0.115615,0.0895721,0,0,0,0.699801,-0.047272,-0.0373939,0.711791,0.228172,-0.115615,0.0895721
1765976265748943,0,0.0349949,0.169242,-9.92184,0.242423,-0.118487,0.0905827,0,0,0,0.699657,-0.0466575,-0.0371672,0.711984,0.242423,-0.118487,0.0905827
1765976265753906,0,0.0352605,0.170904,-9.92219,0.233605,-0.117141,0.0923644,0,0,0,0.699511,-0.0460417,-0.0369403,0.71218,0.233605,-0.117141,0.0923644
1765976265758917,0,0.0355188,0.172545,-9.92346,0.249314,-0.120322,0.0934037,0,0,0,0.699362,-0.0454134,-0.036705,0.712379,0.249314,-0.120322,0.0934037
1765976265763926,0,0.0357701,0.174162,-9.92383,0.241607,-0.119232,0.0952242,0,0,0,0.69921,-0.0447811,-0.0364678,0.71258,0.241607,-0.119232,0.0952242
1765976265768911,0,0.0360141,0.175758,-9.9249,0.256837,-0.12226,0.0962805,0,0,0,0.699056,-0.0441359,-0.0362219,0.712784,0.256837,-0.12226,0.0962805
1765976265773910,0,0.0362509,0.177329,-9.9253,0.248781,-0.121099,0.0981425,0,0,0,0.698899,-0.0434876,-0.0359745,0.71299,0.248781,-0.121099,0.0981425
1765976265778931,0,0.0364803,0.178878,-9.92611,0.260768,-0.123274,0.0992006,0,0,0,0.69874,-0.0428311,-0.0357214,0.713199,0.260768,-0.123274,0.0992006
1765976265783804,0,0.0367022,0.180404,-9.92654,0.250454,-0.121573,0.101107,0,0,0,0.698577,-0.0421773,-0.0354703,0.71341,0.250454,-0.121573,0.101107
1765976265788914,0,0.0369168,0.181906,-9.92739,0.264941,-0.124206,0.102155,0,0,0,0.698412,-0.0415141,-0.0352124,0.713623,0.264941,-0.124206,0.102155
1765976265793935,0,0.0371241,0.183383,-9.92784,0.25619,-0.122881,0.104093,0,0,0,0.698243,-0.0408496,-0.0349538,0.713839,0.25619,-0.122881,0.104093
1765976265798935,0,0.037324,0.184838,-9.92851,0.270068,-0.125483,0.105192,0,0,0,0.698072,-0.040175,-0.0346883,0.714057,0.270068,-0.125483,0.105192
1765976265803915,0,0.0375166,0.186268,-9.92898,0.261012,-0.124186,0.107195,0,0,0,0.697898,-0.0394997,-0.0344228,0.714278,0.261012,-0.124186,0.107195
1765976265808939,0,0.0377015,0.187673,-9.92946,0.27323,-0.126341,0.108297,0,0,0,0.697721,-0.0388167,-0.0341519,0.714502,0.27323,-0.126341,0.108297
1765976265813933,0,0.0378792,0.189054,-9.92995,0.263119,-0.124794,0.110334,0,0,0,0.69754,-0.038136,-0.0338828,0.714727,0.263119,-0.124794,0.110334
1765976265818908,0,0.0380492,0.190411,-9.93025,0.273842,-0.1264,0.111447,0,0,0,0.697357,-0.0374507,-0.0336098,0.714956,0.273842,-0.1264,0.111447
1765976265823916,0,0.0382119,0.191743,-9.93075,0.263098,-0.124559,0.113499,0,0,0,0.69717,-0.03677,-0.0333398,0.715186,0.263098,-0.124559,0.113499
1765976265828942,0,0.038367,0.19305,-9.93091,0.272607,-0.125781,0.114616,0,0,0,0.696979,-0.036087,-0.033067,0.715419,0.272607,-0.125781,0.114616
1765976265833924,0,0.0385148,0.194332,-9.93143,0.260993,-0.123772,0.116726,0,0,0,0.696786,-0.0354109,-0.0327985,0.715654,0.260993,-0.123772,0.116726
1765976265838912,0,0.0386552,0.19559,-9.93157,0.273254,-0.125739,0.117864,0,0,0,0.696589,-0.0347295,-0.0325256,0.715891,0.273254,-0.125739,0.117864
1765976265843947,0,0.0387883,0.196824,-9.9321,0.263703,-0.124329,0.120006,0,0,0,0.696388,-0.0340498,-0.032254,0.716131,0.263703,-0.124329,0.120006
1765976265848927,0,0.0389141,0.198033,-9.93191,0.273169,-0.125605,0.121167,0,0,0,0.696185,-0.0333665,-0.0319792,0.716373,0.273169,-0.125605,0.121167
1765976265853907,0,0.0390327,0.199218,-9.93246,0.261949,-0.123798,0.123354,0,0,0,0.695978,-0.0326896,-0.0317085,0.716618,0.261949,-0.123798,0.123354
1765976265858931,0,0.039144,0.200378,-9.9323,0.273075,-0.125299,0.124511,0,0,0,0.695767,-0.0320086,-0.0314341,0.716865,0.273075,-0.125299,0.124511
1765976265863818,0,0.0392481,0.201514,-9.93287,0.262953,-0.123751,0.126741,0,0,0,0.695553,-0.0313312,-0.0311618,0.717115,0.262953,-0.123751,0.126741
1765976265868926,0,0.039345,0.202625,-9.93246,0.273507,-0.125018,0.127889,0,0,0,0.695336,-0.0306496,-0.0308855,0.717367,0.273507,-0.125018,0.127889
1765976265873914,0,0.0394348,0.203711,-9.93304,0.263011,-0.123404,0.130156,0,0,0,0.695115,-0.0299726,-0.030612,0.717621,0.263011,-0.123404,0.130156
1765976265878980,0,0.0395174,0.204774,-9.93253,0.273735,-0.12489,0.131348,0,0,0,0.69489,-0.0292914,-0.0303348,0.717878,0.273735,-0.12489,0.131348
1765976265883918,0,0.039593,0.205812,-9.93312,0.263473,-0.123514,0.133684,0,0,0,0.694662,-0.028614,-0.0300604,0.718138,0.263473,-0.123514,0.133684
1765976265888911,0,0.0396614,0.206826,-9.93242,0.273016,-0.124498,0.134879,0,0,0,0.69443,-0.0279338,-0.029783,0.7184,0.273016,-0.124498,0.134879
1765976265893826,0,0.039723,0.207815,-9.93302,0.2623,-0.122862,0.137226,0,0,0,0.694195,-0.0272592,-0.0295091,0.718665,0.2623,-0.122862,0.137226
1765976265898826,0,0.0397774,0.20878,-9.93214,0.269513,-0.123356,0.138409,0,0,0,0.693956,-0.0265854,-0.0292344,0.718932,0.269513,-0.123356,0.138409
1765976265903815,0,0.0398248,0.209721,-9.93274,0.257465,-0.121486,0.140777,0,0,0,0.693713,-0.0259209,-0.0289657,0.719202,0.257465,-0.121486,0.140777
1765976265908798,0,0.0398654,0.210638,-9.93182,0.267433,-0.122468,0.14197,0,0,0,0.693466,-0.0252547,-0.0286946,0.719474,0.267433,-0.122468,0.14197
1765976265913931,0,0.0398991,0.211531,-9.93243,0.257452,-0.121052,0.144367,0,0,0,0.693216,-0.024593,-0.0284261,0.719749,0.257452,-0.121052,0.144367
1765976265918931,0,0.039926,0.2124,-9.93132,0.264015,-0.121309,0.14562,0,0,0,0.692962,-0.0239322,-0.0281569,0.720026,0.264015,-0.121309,0.14562
1765976265923812,0,0.0399464,0.213246,-9.93193,0.252056,-0.119489,0.148093,0,0,0,0.692704,-0.0232812,-0.027894,0.720306,0.252056,-0.119489,0.148093
1765976265928830,0,0.0399599,0.214069,-9.93067,0.259846,-0.119934,0.1493,0,0,0,0.692442,-0.0226314,-0.0276304,0.720589,0.259846,-0.119934,0.1493
1765976265933819,0,0.039967,0.214868,-9.93129,0.248789,-0.118382,0.151785,0,0,0,0.692177,-0.021989,-0.0273717,0.720874,0.248789,-0.118382,0.151785
1765976265938909,0,0.0399674,0.215645,-9.92988,0.255419,-0.118488,0.153003,0,0,0,0.691907,-0.0213486,-0.0271127,0.721161,0.255419,-0.118488,0.153003
1765976265943825,0,0.0399615,0.216399,-9.93051,0.243718,-0.116835,0.155548,0,0,0,0.691634,-0.0207176,-0.0268599,0.721451,0.243718,-0.116835,0.155548
1765976265948878,0,0.0399491,0.21713,-9.92904,0.25178,-0.117233,0.156777,0,0,0,0.691357,-0.0200871,-0.0266059,0.721744,0.25178,-0.117233,0.156777
1765976265953814,0,0.0399306,0.217839,-9.92967,0.241381,-0.115894,0.159341,0,0,0,0.691075,-0.0194632,-0.0263561,0.72204,0.241381,-0.115894,0.159341
1765976265958929,0,0.0399057,0.218527,-9.92803,0.249617,-0.116207,0.160577,0,0,0,0.690791,-0.0188386,-0.0261042,0.722338,0.249617,-0.116207,0.160577
1765976265963926,0,0.0398747,0.219192,-9.92867,0.239402,-0.114945,0.163197,0,0,0,0.690501,-0.0182202,-0.0258563,0.722639,0.239402,-0.114945,0.163197
1765976265968818,0,0.0398375,0.219835,-9.92692,0.247216,-0.115337,0.164474,0,0,0,0.690209,-0.0176014,-0.0256066,0.722943,0.247216,-0.115337,0.164474
1765976265973813,0,0.0397943,0.220457,-9.92754,0.237348,-0.114173,0.167084,0,0,0,0.689912,-0.0169884,-0.025361,0.72325,0.237348,-0.114173,0.167084
1765976265978821,0,0.0397449,0.221057,-9.92564,0.24257,-0.113874,0.168315,0,0,0,0.689611,-0.0163782,-0.0251157,0.723559,0.24257,-0.113874,0.168315
1765976265983917,0,0.0396897,0.221635,-9.92628,0.230953,-0.112386,0.170969,0,0,0,0.689306,-0.0157783,-0.0248773,0.723871,0.230953,-0.112386,0.170969
1765976265988829,0,0.0396283,0.222193,-9.92432,0.236263,-0.112003,0.172226,0,0,0,0.688997,-0.0151825,-0.0246401,0.724186,0.236263,-0.112003,0.172226
1765976265993825,0,0.0395612,0.22273,-9.92494,0.225171,-0.110567,0.174899,0,0,0,0.688684,-0.0145965,-0.0244092,0.724503,0.225171,-0.110567,0.174899
1765976265998965,0,0.0394883,0.223247,-9.92284,0.229764,-0.109965,0.176132,0,0,0,0.688367,-0.0140152,-0.0241797,0.724824,0.229764,-0.109965,0.176132
1765976266003817,0,0.0394099,0.223743,-9.92348,0.21805,-0.108596,0.178902,0,0,0,0.688046,-0.0134448,-0.0239577,0.725147,0.21805,-0.108596,0.178902
1765976266008827,0,0.0393258,0.22422,-9.92125,0.226587,-0.108758,0.18012,0,0,0,0.687721,-0.0128747,-0.023734,0.725472,0.226587,-0.108758,0.18012
1765976266013832,0,0.0392363,0.224677,-9.92188,0.21798,-0.108009,0.182849,0,0,0,0.687392,-0.0123083,-0.0235128,0.725801,0.21798,-0.108009,0.182849
1765976266018915,0,0.0391411,0.225115,-9.91962,0.226006,-0.108078,0.184068,0,0,0,0.687059,-0.0117402,-0.0232885,0.726133,0.226006,-0.108078,0.184068
1765976266023920,0,0.0390407,0.225533,-9.92025,0.217119,-0.107388,0.186846,0,0,0,0.686722,-0.0111765,-0.0230674,0.726468,0.217119,-0.107388,0.186846
1765976266028816,0,0.0389346,0.225932,-9.91787,0.223354,-0.107137,0.188088,0,0,0,0.686381,-0.0106134,-0.0228452,0.726805,0.223354,-0.107137,0.188088
1765976266033921,0,0.0388233,0.226311,-9.91848,0.213771,-0.106262,0.190855,0,0,0,0.686036,-0.0100571,-0.0226277,0.727146,0.213771,-0.106262,0.190855
1765976266038906,0,0.0387064,0.226672,-9.91604,0.221128,-0.106206,0.192082,0,0,0,0.685687,-0.00950062,-0.0224084,0.727489,0.221128,-0.106206,0.192082
1765976266043826,0,0.0385844,0.227014,-9.91666,0.212268,-0.105637,0.194911,0,0,0,0.685334,-0.00894897,-0.0221928,0.727836,0.212268,-0.105637,0.194911
1765976266048965,0,0.0384569,0.227337,-9.91411,0.216263,-0.104707,0.196103,0,0,0,0.684976,-0.00840084,-0.0219778,0.728185,0.216263,-0.104707,0.196103
1765976266053818,0,0.0383244,0.227641,-9.91473,0.205266,-0.103688,0.198972,0,0,0,0.684615,-0.00786314,-0.0217702,0.728537,0.205266,-0.103688,0.198972
1765976266058827,0,0.0381864,0.227928,-9.9121,0.208912,-0.102622,0.200148,0,0,0,0.684249,-0.00733127,-0.0215648,0.728892,0.208912,-0.102622,0.200148
1765976266063925,0,0.0380436,0.228196,-9.91271,0.198192,-0.101603,0.202991,0,0,0,0.68388,-0.00680988,-0.0213667,0.72925,0.198192,-0.101603,0.202991
1765976266068913,0,0.0378956,0.228448,-9.91,0.202321,-0.100684,0.204196,0,0,0,0.683506,-0.00629346,-0.0211701,0.729611,0.202321,-0.100684,0.204196
1765976266073912,0,0.0377428,0.228682,-9.9106,0.19228,-0.0998953,0.207079,0,0,0,0.683128,-0.00578612,-0.0209801,0.729974,0.19228,-0.0998953,0.207079
1765976266078933,0,0.037585,0.228899,-9.90784,0.197162,-0.09903,0.208265,0,0,0,0.682746,-0.0052823,-0.0207905,0.730341,0.197162,-0.09903,0.208265
1765976266083914,0,0.0374225,0.2291,-9.90844,0.187805,-0.0984452,0.211181,0,0,0,0.68236,-0.00478607,-0.0206064,0.73071,0.187805,-0.0984452,0.211181
1765976266088917,0,0.0372552,0.229284,-9.9056,0.193644,-0.0977205,0.212342,0,0,0,0.68197,-0.00429161,-0.0204216,0.731083,0.193644,-0.0977205,0.212342
1765976266093935,0,0.0370832,0.229452,-9.90618,0.185185,-0.0973544,0.215253,0,0,0,0.681575,-0.00380282,-0.0202409,0.731458,0.185185,-0.0973544,0.215253
1765976266098918,0,0.0369065,0.229605,-9.90329,0.188866,-0.0961231,0.216417,0,0,0,0.681177,-0.00331778,-0.0200608,0.731836,0.188866,-0.0961231,0.216417
1765976266103820,0,0.0367252,0.229741,-9.90387,0.179269,-0.0955127,0.219352,0,0,0,0.680775,-0.00284168,-0.019887,0.732217,0.179269,-0.0955127,0.219352
1765976266108917,0,0.0365392,0.229863,-9.90093,0.183654,-0.0942899,0.220457,0,0,0,0.680368,-0.00236956,-0.0197138,0.732601,0.183654,-0.0942899,0.220457
1765976266113827,0,0.0363489,0.229969,-9.90151,0.174641,-0.0938883,0.223411,0,0,0,0.679957,-0.00190505,-0.019546,0.732989,0.174641,-0.0938883,0.223411
1765976266118904,0,0.0361539,0.23006,-9.89851,0.180077,-0.092937,0.224501,0,0,0,0.679543,-0.0014426,-0.0193775,0.733378,0.180077,-0.092937,0.224501
1765976266123824,0,0.0359548,0.230137,-9.89908,0.172024,-0.0928461,0.22746,0,0,0,0.679124,-0.000985533,-0.0192132,0.733771,0.172024,-0.0928461,0.22746
1765976266128933,0,0.035751,0.230199,-9.89604,0.175614,-0.091527,0.228535,0,0,0,0.678701,-0.000531916,-0.0190494,0.734167,0.175614,-0.091527,0.228535
1765976266133917,0,0.0355431,0.230247,-9.89661,0.166498,-0.0913327,0.231538,0,0,0,0.678274,-8.63939e-05,-0.0188919,0.734566,0.166498,-0.0913327,0.231538
1765976266138811,0,0.0353307,0.230281,-9.89354,0.172815,-0.0905585,0.232623,0,0,0,0.677843,0.000358246,-0.0187332,0.734968,0.172815,-0.0905585,0.232623
1765976266143919,0,0.0351142,0.230301,-9.89408,0.165992,-0.0907685,0.235574,0,0,0,0.677408,0.000799828,-0.0185771,0.735372,0.165992,-0.0907685,0.235574
1765976266148820,0,0.0348932,0.230307,-9.89103,0.16883,-0.0892626,0.236654,0,0,0,0.676969,0.00123805,-0.0184215,0.73578,0.16883,-0.0892626,0.236654
1765976266153814,0,0.0346682,0.2303,-9.89156,0.159958,-0.0890526,0.239626,0,0,0,0.676526,0.00166778,-0.0182723,0.73619,0.159958,-0.0890526,0.239626
1765976266158925,0,0.0344389,0.23028,-9.88844,0.165326,-0.0879079,0.240636,0,0,0,0.676079,0.0020954,-0.0181224,0.736604,0.165326,-0.0879079,0.240636
1765976266163801,0,0.0342056,0.230246,-9.88897,0.158028,-0.0882563,0.243677,0,0,0,0.675627,0.00251874,-0.0179762,0.73702,0.158028,-0.0882563,0.243677
1765976266168798,0,0.0339678,0.2302,-9.88579,0.164913,-0.0874263,0.244659,0,0,0,0.675172,0.00294333,-0.0178272,0.737439,0.164913,-0.0874263,0.244659
1765976266173801,0,0.0337261,0.23014,-9.88631,0.158953,-0.0880228,0.247636,0,0,0,0.674712,0.00336653,-0.0176797,0.737861,0.158953,-0.0880228,0.247636
1765976266178797,0,0.0334802,0.230068,-9.88316,0.162436,-0.0866215,0.248613,0,0,0,0.674249,0.003788,-0.0175318,0.738286,0.162436,-0.0866215,0.248613
1765976266183798,0,0.0332301,0.229983,-9.88368,0.154381,-0.0869243,0.25163,0,0,0,0.673782,0.00420292,-0.0173896,0.738714,0.154381,-0.0869243,0.25163
1765976266188799,0,0.0329759,0.229886,-9.88053,0.158692,-0.0855328,0.252594,0,0,0,0.67331,0.00461533,-0.0172474,0.739145,0.158692,-0.0855328,0.252594
1765976266193804,0,0.0327176,0.229776,-9.88103,0.151433,-0.0859707,0.25562,0,0,0,0.672834,0.00502271,-0.0171095,0.739578,0.151433,-0.0859707,0.25562
1765976266198808,0,0.0324551,0.229655,-9.87786,0.154979,-0.0844185,0.256587,0,0,0,0.672355,0.00542727,-0.0169719,0.740015,0.154979,-0.0844185,0.256587
1765976266203803,0,0.0321889,0.229521,-9.87835,0.147454,-0.0848571,0.25964,0,0,0,0.671871,0.00582591,-0.0168394,0.740454,0.147454,-0.0848571,0.25964
1765976266208798,0,0.0319183,0.229376,-9.87523,0.149664,-0.082873,0.260584,0,0,0,0.671383,0.00621972,-0.0167083,0.740896,0.149664,-0.082873,0.260584
1765976266213798,0,0.0316442,0.22922,-9.87571,0.141524,-0.0831423,0.263645,0,0,0,0.670891,0.00660559,-0.0165835,0.741341,0.141524,-0.0831423,0.263645
1765976266218806,0,0.0313658,0.229053,-9.87256,0.143189,-0.0810566,0.264575,0,0,0,0.670396,0.00698543,-0.0164611,0.741788,0.143189,-0.0810566,0.264575
1765976266223803,0,0.0310838,0.228875,-9.87302,0.135019,-0.081374,0.26764,0,0,0,0.669896,0.00735693,-0.0163455,0.742239,0.135019,-0.081374,0.26764
1765976266228798,0,0.0307977,0.228686,-9.86982,0.139807,-0.0798687,0.268539,0,0,0,0.669392,0.0077262,-0.0162293,0.742692,0.139807,-0.0798687,0.268539
1765976266233910,0,0.0305081,0.228487,-9.87028,0.133855,-0.0807954,0.271625,0,0,0,0.668884,0.00809257,-0.0161162,0.743148,0.133855,-0.0807954,0.271625
1765976266238907,0,0.0302145,0.228279,-9.86715,0.137568,-0.0792174,0.272583,0,0,0,0.668372,0.00845748,-0.0160024,0.743607,0.137568,-0.0792174,0.272583
1765976266243929,0,0.0299174,0.22806,-9.8676,0.131142,-0.0801625,0.275726,0,0,0,0.667855,0.00881827,-0.0158929,0.744069,0.131142,-0.0801625,0.275726
1765976266248910,0,0.0296165,0.227831,-9.8645,0.132695,-0.0780446,0.276655,0,0,0,0.667335,0.00917454,-0.015785,0.744534,0.132695,-0.0780446,0.276655
1765976266253914,0,0.029312,0.227593,-9.86494,0.125023,-0.0787805,0.279835,0,0,0,0.66681,0.00952336,-0.015684,0.745002,0.125023,-0.0787805,0.279835
1765976266258936,0,0.0290037,0.227345,-9.8618,0.128173,-0.0767095,0.280704,0,0,0,0.666282,0.00986833,-0.0155835,0.745472,0.128173,-0.0767095,0.280704
1765976266263819,0,0.0286919,0.227088,-9.86222,0.121765,-0.0776746,0.283875,0,0,0,0.665749,0.0102085,-0.0154875,0.745945,0.121765,-0.0776746,0.283875
1765976266268914,0,0.0283763,0.226823,-9.85911,0.125471,-0.0756674,0.284658,0,0,0,0.665212,0.0105464,-0.0153908,0.746421,0.125471,-0.0756674,0.284658
1765976266273803,0,0.0280572,0.226548,-9.85952,0.119586,-0.0768511,0.2878,0,0,0,0.664671,0.0108807,-0.0152978,0.7469,0.119586,-0.0768511,0.2878
1765976266278934,0,0.0277343,0.226266,-9.85647,0.122771,-0.074746,0.288561,0,0,0,0.664127,0.0112127,-0.0152044,0.747381,0.122771,-0.074746,0.288561
1765976266283821,0,0.0274079,0.225974,-9.85688,0.11668,-0.0760383,0.291742,0,0,0,0.663577,0.0115406,-0.0151154,0.747866,0.11668,-0.0760383,0.291742
1765976266288908,0,0.0270778,0.225675,-9.85381,0.12027,-0.0739776,0.292478,0,0,0,0.663025,0.0118665,-0.0150257,0.748353,0.12027,-0.0739776,0.292478
1765976266293825,0,0.0267442,0.225367,-9.8542,0.114723,-0.0753627,0.295623,0,0,0,0.662467,0.0121892,-0.0149397,0.748843,0.114723,-0.0753627,0.295623
1765976266298930,0,0.0264068,0.225051,-9.85116,0.119143,-0.0735877,0.296332,0,0,0,0.661907,0.0125117,-0.014852,0.749335,0.119143,-0.0735877,0.296332
1765976266303807,0,0.0260659,0.224728,-9.85155,0.114271,-0.0753211,0.299493,0,0,0,0.661341,0.0128327,-0.0147671,0.74983,0.114271,-0.0753211,0.299493
1765976266308827,0,0.0257211,0.224396,-9.84854,0.117763,-0.0731857,0.300164,0,0,0,0.660772,0.0131528,-0.014681,0.750328,0.117763,-0.0731857,0.300164
1765976266313801,0,0.0253728,0.224057,-9.84892,0.112507,-0.074722,0.303288,0,0,0,0.660199,0.0134701,-0.0145983,0.750828,0.112507,-0.074722,0.303288
1765976266318781,0,0.0250205,0.22371,-9.84596,0.116887,-0.0727856,0.303921,0,0,0,0.659622,0.0137871,-0.0145138,0.751331,0.116887,-0.0727856,0.303921
1765976266323800,0,0.0246648,0.223356,-9.84632,0.11241,-0.0745416,0.30701,0,0,0,0.659041,0.014103,-0.0144316,0.751836,0.11241,-0.0745416,0.30701
1765976266328798,0,0.024305,0.222994,-9.84336,0.117277,-0.0727578,0.307628,0,0,0,0.658457,0.01442,-0.0143467,0.752344,0.117277,-0.0727578,0.307628
1765976266333800,0,0.0239417,0.222624,-9.84371,0.113225,-0.0747428,0.310731,0,0,0,0.657867,0.0147371,-0.0142636,0.752855,0.113225,-0.0747428,0.310731
1765976266338798,0,0.0235743,0.222247,-9.84085,0.117537,-0.0728518,0.31133,0,0,0,0.657275,0.015055,-0.0141781,0.753367,0.117537,-0.0728518,0.31133
1765976266343798,0,0.0232032,0.221863,-9.8412,0.113231,-0.0748672,0.314444,0,0,0,0.656678,0.0153722,-0.0140951,0.753883,0.113231,-0.0748672,0.314444
1765976266348798,0,0.0228281,0.221471,-9.83837,0.116002,-0.0726853,0.315032,0,0,0,0.656077,0.0156884,-0.0140114,0.754401,0.116002,-0.0726853,0.315032
1765976266353798,0,0.0224494,0.221072,-9.8387,0.110843,-0.0745911,0.318163,0,0,0,0.655472,0.0160017,-0.013932,0.754921,0.110843,-0.0745911,0.318163
1765976266358799,0,0.0220664,0.220666,-9.83598,0.112713,-0.0719754,0.318733,0,0,0,0.654864,0.0163119,-0.0138531,0.755444,0.112713,-0.0719754,0.318733
1765976266363798,0,0.0216798,0.220252,-9.83631,0.107162,-0.0737181,0.321881,0,0,0,0.654251,0.0166178,-0.0137791,0.755969,0.107162,-0.0737181,0.321881
1765976266368799,0,0.0212891,0.219833,-9.8336,0.109592,-0.0711892,0.322438,0,0,0,0.653635,0.0169208,-0.0137053,0.756497,0.109592,-0.0711892,0.322438
1765976266373797,0,0.0208947,0.219406,-9.83391,0.104629,-0.0731131,0.325587,0,0,0,0.653014,0.0172207,-0.0136356,0.757027,0.104629,-0.0731131,0.325587
1765976266378820,0,0.0204962,0.218973,-9.83112,0.10957,-0.0709344,0.326106,0,0,0,0.65239,0.0175211,-0.0135632,0.757559,0.10957,-0.0709344,0.326106
1765976266383914,0,0.0200941,0.218534,-9.83143,0.106344,-0.0733186,0.329272,0,0,0,0.651762,0.0178226,-0.0134918,0.758094,0.106344,-0.0733186,0.329272
1765976266388818,0,0.0196878,0.218088,-9.8288,0.109617,-0.0711713,0.329839,0,0,0,0.65113,0.0181245,-0.0134185,0.758632,0.109617,-0.0711713,0.329839
1765976266393935,0,0.0192778,0.217636,-9.82909,0.105518,-0.0734862,0.332992,0,0,0,0.650493,0.0184254,-0.0133484,0.759172,0.105518,-0.0734862,0.332992
1765976266398814,0,0.0188636,0.217178,-9.82678,0.102854,-0.0701885,0.333584,0,0,0,0.649853,0.018719,-0.0132829,0.759714,0.102854,-0.0701885,0.333584
1765976266403804,0,0.0184457,0.216713,-9.82705,0.0951715,-0.0717023,0.336766,0,0,0,0.649208,0.0190025,-0.0132275,0.760258,0.0951715,-0.0717023,0.336766
1765976266408800,0,0.0180236,0.216244,-9.82433,0.100646,-0.0693845,0.337208,0,0,0,0.64856,0.0192848,-0.0131705,0.760805,0.100646,-0.0693845,0.337208
1765976266413799,0,0.0175978,0.215769,-9.8246,0.0984191,-0.0719959,0.340341,0,0,0,0.647908,0.0195696,-0.013113,0.761354,0.0984191,-0.0719959,0.340341
1765976266418783,0,0.0171677,0.215288,-9.82208,0.103846,-0.0696963,0.340732,0,0,0,0.647252,0.0198575,-0.0130505,0.761905,0.103846,-0.0696963,0.340732
1765976266423808,0,0.0167337,0.214802,-9.82234,0.101611,-0.0724422,0.343849,0,0,0,0.646592,0.0201481,-0.0129877,0.762459,0.101611,-0.0724422,0.343849
1765976266428798,0,0.0162954,0.21431,-9.82005,0.103073,-0.0695696,0.344248,0,0,0,0.645929,0.0204374,-0.0129239,0.763015,0.103073,-0.0695696,0.344248
1765976266433794,0,0.0158532,0.213813,-9.8203,0.0983557,-0.0719754,0.347402,0,0,0,0.645261,0.0207235,-0.0128651,0.763573,0.0983557,-0.0719754,0.347402
1765976266438798,0,0.0154065,0.21331,-9.81788,0.10315,-0.0695644,0.347751,0,0,0,0.644589,0.0210103,-0.0128036,0.764133,0.10315,-0.0695644,0.347751
1765976266443799,0,0.014956,0.212801,-9.81812,0.100726,-0.0725013,0.350895,0,0,0,0.643913,0.0212992,-0.0127426,0.764696,0.100726,-0.0725013,0.350895
1765976266448789,0,0.014501,0.212288,-9.81597,0.101354,-0.0694734,0.351253,0,0,0,0.643234,0.0215859,-0.0126818,0.76526,0.101354,-0.0694734,0.351253
1765976266453797,0,0.014042,0.211769,-9.8162,0.0963706,-0.0719808,0.354411,0,0,0,0.642551,0.0218687,-0.0126268,0.765827,0.0963706,-0.0719808,0.354411
1765976266458798,0,0.0135784,0.211245,-9.81383,0.101463,-0.0695458,0.354706,0,0,0,0.641864,0.0221522,-0.0125691,0.766395,0.101463,-0.0695458,0.354706
1765976266463780,0,0.0131108,0.210716,-9.81405,0.0995013,-0.0727294,0.357855,0,0,0,0.641173,0.0224388,-0.0125114,0.766966,0.0995013,-0.0727294,0.357855
1765976266468797,0,0.0126387,0.210182,-9.81196,0.102678,-0.069936,0.35812,0,0,0,0.640478,0.0227264,-0.0124509,0.767539,0.102678,-0.069936,0.35812
1765976266473778,0,0.0121622,0.209642,-9.81217,0.0995449,-0.0729362,0.36126,0,0,0,0.639779,0.0230142,-0.0123928,0.768114,0.0995449,-0.0729362,0.36126
1765976266478801,0,0.0116811,0.209098,-9.81014,0.101364,-0.0698264,0.361503,0,0,0,0.639077,0.0233005,-0.012334,0.768691,0.101364,-0.0698264,0.361503
1765976266483779,0,0.0111958,0.208549,-9.81034,0.0974487,-0.0727932,0.364685,0,0,0,0.63837,0.0235851,-0.0122793,0.76927,0.0974487,-0.0727932,0.364685
1765976266488797,0,0.0107058,0.207995,-9.80828,0.10053,-0.0696809,0.364896,0,0,0,0.63766,0.0238687,-0.012223,0.769851,0.10053,-0.0696809,0.364896
1765976266493781,0,0.0102115,0.207436,-9.80847,0.097608,-0.0727472,0.368046,0,0,0,0.636946,0.0241526,-0.0121688,0.770434,0.097608,-0.0727472,0.368046
1765976266498798,0,0.00971246,0.206872,-9.80659,0.0994196,-0.0695539,0.368255,0,0,0,0.636229,0.024435,-0.0121137,0.771018,0.0994196,-0.0695539,0.368255
1765976266503781,0,0.00920904,0.206304,-9.80677,0.0957995,-0.0726613,0.371423,0,0,0,0.635507,0.0247161,-0.0120625,0.771605,0.0957995,-0.0726613,0.371423
1765976266508798,0,0.00870085,0.205731,-9.80492,0.0967487,-0.0692163,0.371612,0,0,0,0.634782,0.0249942,-0.0120117,0.772194,0.0967487,-0.0692163,0.371612
1765976266513787,0,0.00818831,0.205154,-9.80509,0.092746,-0.0722611,0.374781,0,0,0,0.634052,0.0252699,-0.0119656,0.772785,0.092746,-0.0722611,0.374781
1765976266518798,0,0.00767094,0.204573,-9.80322,0.0963578,-0.0689653,0.374901,0,0,0,0.63332,0.0255448,-0.0119174,0.773377,0.0963578,-0.0689653,0.374901
1765976266523800,0,0.00714916,0.203988,-9.80337,0.0942237,-0.0723317,0.37804,0,0,0,0.632583,0.0258214,-0.01187,0.773971,0.0942237,-0.0723317,0.37804
1765976266528782,0,0.00662231,0.203399,-9.80176,0.0946959,-0.0687664,0.378185,0,0,0,0.631843,0.0260954,-0.0118225,0.774567,0.0946959,-0.0687664,0.378185
1765976266533799,0,0.00609124,0.202805,-9.8019,0.0906626,-0.0719434,0.381342,0,0,0,0.631098,0.0263668,-0.0117803,0.775165,0.0906626,-0.0719434,0.381342
1765976266538779,0,0.00555509,0.202208,-9.80016,0.0946611,-0.0688166,0.381438,0,0,0,0.630351,0.0266382,-0.0117356,0.775765,0.0946611,-0.0688166,0.381438
1765976266543804,0,0.00501436,0.201607,-9.80029,0.0930683,-0.072464,0.384556,0,0,0,0.629599,0.0269123,-0.0116913,0.776366,0.0930683,-0.072464,0.384556
1765976266548803,0,0.00446874,0.201002,-9.79875,0.0949014,-0.0690596,0.384639,0,0,0,0.628843,0.0271859,-0.0116452,0.776969,0.0949014,-0.0690596,0.384639
1765976266553798,0,0.00391859,0.200394,-9.79887,0.0919686,-0.0726289,0.387783,0,0,0,0.628084,0.0274594,-0.0116025,0.777574,0.0919686,-0.0726289,0.387783
1765976266558787,0,0.00336319,0.199781,-9.79741,0.0930438,-0.0688778,0.387832,0,0,0,0.627321,0.0277304,-0.0115596,0.778181,0.0930438,-0.0688778,0.387832
1765976266563785,0,0.00280321,0.199165,-9.79753,0.0897875,-0.072271,0.390945,0,0,0,0.626554,0.0279999,-0.0115206,0.778789,0.0897875,-0.072271,0.390945
1765976266568808,0,0.00223798,0.198546,-9.79599,0.0931037,-0.0688869,0.390955,0,0,0,0.625785,0.0282691,-0.0114793,0.779399,0.0931037,-0.0688869,0.390955
1765976266573781,0,0.0016681,0.197923,-9.79609,0.0913972,-0.0727957,0.394084,0,0,0,0.62501,0.0285407,-0.0114391,0.780011,0.0913972,-0.0727957,0.394084
1765976266578801,0,0.00109303,0.197297,-9.79484,0.0922661,-0.0688988,0.394078,0,0,0,0.624233,0.0288104,-0.011398,0.780624,0.0922661,-0.0688988,0.394078
1765976266583780,0,0.000513256,0.196667,-9.79493,0.0890795,-0.0725244,0.39721,0,0,0,0.623451,0.0290789,-0.0113611,0.781238,0.0890795,-0.0725244,0.39721
1765976266588806,0,-7.19428e-05,0.196034,-9.79359,0.0917556,-0.0688352,0.39715,0,0,0,0.622667,0.0293462,-0.0113225,0.781855,0.0917556,-0.0688352,0.39715
1765976266593800,0,-0.00066185,0.195399,-9.79368,0.0898624,-0.0728213,0.40027,0,0,0,0.621878,0.0296152,-0.0112855,0.782473,0.0898624,-0.0728213,0.40027
1765976266598798,0,-0.00125712,0.194759,-9.7925,0.0916547,-0.0689686,0.400209,0,0,0,0.621086,0.0298832,-0.0112468,0.783092,0.0916547,-0.0689686,0.400209
1765976266603809,0,-0.00185728,0.194117,-9.79257,0.0892997,-0.0728778,0.40332,0,0,0,0.62029,0.0301516,-0.0112109,0.783713,0.0892997,-0.0728778,0.40332
1765976266608787,0,-0.0024628,0.193472,-9.79149,0.0893696,-0.0687706,0.403241,0,0,0,0.619491,0.0304168,-0.0111755,0.784335,0.0893696,-0.0687706,0.403241
1765976266613801,0,-0.00307328,0.192824,-9.79156,0.0860443,-0.0725769,0.406347,0,0,0,0.618687,0.0306802,-0.011145,0.784959,0.0860443,-0.0725769,0.406347
1765976266618780,0,-0.00368929,0.192174,-9.79037,0.0892226,-0.0686088,0.406209,0,0,0,0.617881,0.0309426,-0.0111121,0.785584,0.0892226,-0.0686088,0.406209
1765976266623807,0,-0.00431007,0.19152,-9.79043,0.088053,-0.0727117,0.409274,0,0,0,0.61707,0.0312076,-0.0110796,0.786211,0.088053,-0.0727117,0.409274
1765976266628780,0,-0.00493658,0.190864,-9.78944,0.0904262,-0.0687043,0.409113,0,0,0,0.616257,0.0314724,-0.0110441,0.786839,0.0904262,-0.0687043,0.409113
1765976266633799,0,-0.00556791,0.190205,-9.78949,0.0887809,-0.0729279,0.412188,0,0,0,0.615439,0.031739,-0.0110102,0.787468,0.0887809,-0.0729279,0.412188
1765976266638781,0,-0.00620502,0.189544,-9.78858,0.0913094,-0.0689383,0.411994,0,0,0,0.614618,0.0320054,-0.0109737,0.788099,0.0913094,-0.0689383,0.411994
1765976266643806,0,-0.00684714,0.18888,-9.78862,0.0898391,-0.0732915,0.415053,0,0,0,0.613794,0.032274,-0.0109386,0.788731,0.0898391,-0.0732915,0.415053
1765976266648797,0,-0.00749511,0.188213,-9.78773,0.0918027,-0.0692123,0.414833,0,0,0,0.612966,0.0325419,-0.0109013,0.789364,0.0918027,-0.0692123,0.414833
1765976266653797,0,-0.00814813,0.187543,-9.78777,0.0900365,-0.0736367,0.417894,0,0,0,0.612134,0.0328115,-0.0108662,0.789998,0.0900365,-0.0736367,0.417894
1765976266658798,0,-0.00880694,0.186871,-9.78697,0.0913459,-0.0692929,0.417652,0,0,0,0.611299,0.0330793,-0.0108298,0.790634,0.0913459,-0.0692929,0.417652
1765976266663797,0,-0.00947106,0.186197,-9.787,0.0892595,-0.0736439,0.420706,0,0,0,0.61046,0.0333478,-0.0107963,0.791271,0.0892595,-0.0736439,0.420706
1765976266668800,0,-0.010141,0.18552,-9.78632,0.0908023,-0.069375,0.420447,0,0,0,0.609619,0.0336147,-0.0107614,0.791909,0.0908023,-0.069375,0.420447
1765976266673798,0,-0.0108159,0.18484,-9.78633,0.0889776,-0.0738725,0.423487,0,0,0,0.608773,0.0338827,-0.0107291,0.792548,0.0889776,-0.0738725,0.423487
1765976266678781,0,-0.0114972,0.184159,-9.78573,0.0897175,-0.0691627,0.42318,0,0,0,0.607924,0.0341482,-0.010696,0.793188,0.0897175,-0.0691627,0.42318
1765976266683806,0,-0.0121834,0.183475,-9.78574,0.0874839,-0.0735377,0.426213,0,0,0,0.607072,0.0344135,-0.0106661,0.79383,0.0874839,-0.0735377,0.426213
1765976266688782,0,-0.0128759,0.182789,-9.78515,0.0897779,-0.0690038,0.425872,0,0,0,0.606216,0.0346775,-0.0106339,0.794472,0.0897779,-0.0690038,0.425872
1765976266693798,0,-0.0135736,0.1821,-9.78514,0.0886562,-0.0736442,0.428878,0,0,0,0.605357,0.0349437,-0.0106027,0.795116,0.0886562,-0.0736442,0.428878
1765976266698781,0,-0.0142773,0.18141,-9.78481,0.0862944,-0.0686297,0.42855,0,0,0,0.604495,0.0352048,-0.0105737,0.795761,0.0862944,-0.0686297,0.42855
1765976266703797,0,-0.0149864,0.180718,-9.78479,0.0822809,-0.0729826,0.431593,0,0,0,0.603629,0.0354619,-0.0105523,0.796406,0.0822809,-0.0729826,0.431593
1765976266708781,0,-0.0157014,0.180025,-9.78421,0.0855611,-0.0682454,0.431194,0,0,0,0.602761,0.0357173,-0.0105287,0.797053,0.0855611,-0.0682454,0.431194
1765976266713796,0,-0.0164218,0.17933,-9.78418,0.0853721,-0.0731161,0.434194,0,0,0,0.601888,0.0359765,-0.0105043,0.797701,0.0853721,-0.0731161,0.434194
1765976266718783,0,-0.0171484,0.178633,-9.78384,0.0874626,-0.0683618,0.433767,0,0,0,0.601013,0.0362355,-0.0104763,0.798349,0.0874626,-0.0683618,0.433767
1765976266723798,0,-0.0178803,0.177935,-9.78381,0.0865172,-0.073345,0.436767,0,0,0,0.600133,0.036497,-0.0104495,0.798999,0.0865172,-0.073345,0.436767
1765976266728800,0,-0.0186185,0.177235,-9.78355,0.0881465,-0.0684808,0.436312,0,0,0,0.599251,0.0367575,-0.0104202,0.799649,0.0881465,-0.0684808,0.436312
1765976266733796,0,-0.019362,0.176534,-9.78352,0.0869607,-0.0735326,0.439307,0,0,0,0.598365,0.0370201,-0.0103928,0.800301,0.0869607,-0.0735326,0.439307
1765976266738797,0,-0.0201119,0.17583,-9.78331,0.0879585,-0.0685467,0.43883,0,0,0,0.597476,0.0372807,-0.0103638,0.800953,0.0879585,-0.0685467,0.43883
1765976266743797,0,-0.0208672,0.175126,-9.78327,0.0864466,-0.0735924,0.441806,0,0,0,0.596584,0.0375427,-0.0103374,0.801606,0.0864466,-0.0735924,0.441806
1765976266748804,0,-0.0216288,0.17442,-9.78316,0.0864881,-0.0684048,0.441302,0,0,0,0.595688,0.0378014,-0.0103107,0.802259,0.0864881,-0.0684048,0.441302
1765976266753778,0,-0.022396,0.173712,-9.78311,0.0844661,-0.0734331,0.444268,0,0,0,0.59479,0.0380603,-0.0102879,0.802914,0.0844661,-0.0734331,0.444268
1765976266758798,0,-0.0231695,0.173004,-9.78299,0.0848825,-0.0681178,0.443718,0,0,0,0.593888,0.0383158,-0.0102646,0.803569,0.0848825,-0.0681178,0.443718
1765976266763799,0,-0.0239486,0.172294,-9.78292,0.0832177,-0.073401,0.446716,0,0,0,0.592983,0.0385721,-0.0102445,0.804225,0.0832177,-0.073401,0.446716
1765976266768783,0,-0.024734,0.171583,-9.78292,0.0851285,-0.0680791,0.446155,0,0,0,0.592075,0.0388268,-0.0102221,0.804882,0.0851285,-0.0680791,0.446155
1765976266773796,0,-0.0255252,0.170872,-9.78285,0.0845383,-0.0732856,0.449074,0,0,0,0.591164,0.0390842,-0.0102003,0.80554,0.0845383,-0.0732856,0.449074
1765976266778798,0,-0.0263226,0.170159,-9.78297,0.0843756,-0.0677752,0.448483,0,0,0,0.590249,0.0393384,-0.0101776,0.806198,0.0843756,-0.0677752,0.448483
1765976266783798,0,-0.0271257,0.169446,-9.78289,0.0825063,-0.0730425,0.451421,0,0,0,0.589332,0.0395928,-0.0101587,0.806857,0.0825063,-0.0730425,0.451421
1765976266788798,0,-0.0279352,0.168731,-9.78299,0.0831416,-0.0674547,0.450807,0,0,0,0.588412,0.039844,-0.0101388,0.807516,0.0831416,-0.0674547,0.450807
1765976266793799,0,-0.0287504,0.168017,-9.78291,0.0819078,-0.0728212,0.45373,0,0,0,0.587488,0.0400964,-0.0101215,0.808176,0.0819078,-0.0728212,0.45373
1765976266798796,0,-0.0295718,0.167301,-9.78312,0.0822126,-0.0670801,0.453077,0,0,0,0.586561,0.0403456,-0.010103,0.808836,0.0822126,-0.0670801,0.453077
1765976266803801,0,-0.0303992,0.166585,-9.78302,0.0808575,-0.0725252,0.45599,0,0,0,0.585631,0.0405957,-0.0100874,0.809498,0.0808575,-0.0725252,0.45599
1765976266808807,0,-0.0312328,0.165869,-9.78328,0.0812612,-0.0668933,0.455312,0,0,0,0.584699,0.0408429,-0.0100708,0.810159,0.0812612,-0.0668933,0.455312
1765976266813838,0,-0.0320723,0.165152,-9.78317,0.0800613,-0.0725611,0.458216,0,0,0,0.583763,0.0410915,-0.010057,0.810821,0.0800613,-0.0725611,0.458216
1765976266818911,0,-0.0329181,0.164435,-9.7835,0.0803481,-0.0669185,0.457562,0,0,0,0.582824,0.0413372,-0.0100424,0.811484,0.0803481,-0.0669185,0.457562
1765976266823874,0,-0.0337697,0.163718,-9.7834,0.0791594,-0.0727926,0.46052,0,0,0,0.581882,0.0415846,-0.0100309,0.812147,0.0791594,-0.0727926,0.46052
1765976266828942,0,-0.0346276,0.163001,-9.78386,0.0774504,-0.066941,0.459844,0,0,0,0.580938,0.0418274,-0.0100209,0.812811,0.0774504,-0.066941,0.459844
1765976266833930,0,-0.0354914,0.162284,-9.78374,0.0750866,-0.0728505,0.462823,0,0,0,0.579989,0.0420695,-0.010017,0.813475,0.0750866,-0.0728505,0.462823
1765976266838909,0,-0.0363616,0.161567,-9.78416,0.0758805,-0.066739,0.462123,0,0,0,0.579039,0.0423081,-0.0100123,0.81414,0.0758805,-0.066739,0.462123
1765976266843934,0,-0.0372376,0.160851,-9.78403,0.0752927,-0.0724627,0.46502,0,0,0,0.578085,0.0425487,-0.0100092,0.814805,0.0752927,-0.0724627,0.46502
1765976266848918,0,-0.0381202,0.160135,-9.78455,0.0749604,-0.0664049,0.464313,0,0,0,0.577128,0.0427857,-0.0100052,0.815471,0.0749604,-0.0664049,0.464313
1765976266853924,0,-0.0390085,0.159419,-9.78442,0.0737144,-0.0721816,0.467186,0,0,0,0.576168,0.0430236,-0.0100045,0.816137,0.0737144,-0.0721816,0.467186
1765976266858934,0,-0.0399032,0.158705,-9.78494,0.0750643,-0.0658312,0.466369,0,0,0,0.575206,0.0432587,-0.0100011,0.816803,0.0750643,-0.0658312,0.466369
1765976266863918,0,-0.0408039,0.15799,-9.7848,0.0749938,-0.0718194,0.469212,0,0,0,0.57424,0.0434966,-0.00999834,0.81747,0.0749938,-0.0718194,0.469212
1765976266868911,0,-0.0417111,0.157277,-9.78545,0.0754601,-0.0654882,0.46835,0,0,0,0.573272,0.0437319,-0.00999316,0.818137,0.0754601,-0.0654882,0.46835
1765976266873921,0,-0.0426241,0.156564,-9.78531,0.0748543,-0.0715229,0.471139,0,0,0,0.5723,0.0439692,-0.00998994,0.818804,0.0748543,-0.0715229,0.471139
1765976266878926,0,-0.0435436,0.155852,-9.78595,0.0757852,-0.065094,0.470242,0,0,0,0.571326,0.0442038,-0.00998415,0.819471,0.0757852,-0.065094,0.470242
1765976266883926,0,-0.0444691,0.15514,-9.7858,0.0755368,-0.0713347,0.47304,0,0,0,0.570349,0.044441,-0.00997962,0.820139,0.0755368,-0.0713347,0.47304
1765976266888911,0,-0.0454009,0.154429,-9.78656,0.0755723,-0.0648683,0.472115,0,0,0,0.56937,0.0446752,-0.00997341,0.820806,0.0755723,-0.0648683,0.472115
1765976266893928,0,-0.0463388,0.153719,-9.78641,0.0747946,-0.0710949,0.474865,0,0,0,0.568387,0.0449111,-0.00996981,0.821474,0.0747946,-0.0710949,0.474865
1765976266898918,0,-0.0472831,0.15301,-9.78721,0.0746663,-0.0645505,0.473914,0,0,0,0.567402,0.0451433,-0.0099651,0.822142,0.0746663,-0.0645505,0.473914
1765976266903916,0,-0.0482335,0.152302,-9.78704,0.073859,-0.0709306,0.476668,0,0,0,0.566414,0.0453773,-0.00996324,0.82281,0.073859,-0.0709306,0.476668
1765976266908843,0,-0.0491902,0.151595,-9.78785,0.0751663,-0.0639994,0.475649,0,0,0,0.565425,0.0456084,-0.00995829,0.823478,0.0751663,-0.0639994,0.475649
1765976266913930,0,-0.050153,0.150889,-9.78768,0.0753604,-0.0701752,0.47831,0,0,0,0.564431,0.0458423,-0.00995338,0.824146,0.0753604,-0.0701752,0.47831
1765976266918908,0,-0.0511221,0.150183,-9.78859,0.0753637,-0.0636483,0.477355,0,0,0,0.563437,0.0460732,-0.00994639,0.824814,0.0753637,-0.0636483,0.477355
1765976266923928,0,-0.0520974,0.149479,-9.78842,0.0747259,-0.070058,0.480039,0,0,0,0.562438,0.0463061,-0.00994197,0.825482,0.0747259,-0.070058,0.480039
1765976266928933,0,-0.0530789,0.148776,-9.78937,0.0743274,-0.0632496,0.479004,0,0,0,0.561438,0.046535,-0.00993655,0.826149,0.0743274,-0.0632496,0.479004
1765976266933935,0,-0.0540664,0.148075,-9.78919,0.0735081,-0.0699212,0.481712,0,0,0,0.560435,0.0467656,-0.00993431,0.826817,0.0735081,-0.0699212,0.481712
1765976266938919,0,-0.0550604,0.147374,-9.79018,0.0740301,-0.0627757,0.480619,0,0,0,0.55943,0.0469927,-0.00992996,0.827485,0.0740301,-0.0627757,0.480619
1765976266943917,0,-0.0560601,0.146675,-9.79,0.0738851,-0.0694125,0.483284,0,0,0,0.558422,0.0472222,-0.00992696,0.828153,0.0738851,-0.0694125,0.483284
1765976266948903,0,-0.0570667,0.145977,-9.79112,0.0714231,-0.0625989,0.482184,0,0,0,0.557412,0.0474465,-0.00992527,0.82882,0.0714231,-0.0625989,0.482184
1765976266954012,0,-0.0580788,0.145281,-9.79093,0.0694051,-0.0694161,0.484829,0,0,0,0.556399,0.0476705,-0.00993005,0.829487,0.0694051,-0.0694161,0.484829
1765976266958936,0,-0.0590976,0.144586,-9.79198,0.0683442,-0.0624583,0.483765,0,0,0,0.555385,0.0478894,-0.00993595,0.830154,0.0683442,-0.0624583,0.483765
1765976266963938,0,-0.0601222,0.143894,-9.79179,0.0673796,-0.0693046,0.486429,0,0,0,0.554367,0.0481096,-0.00994579,0.830821,0.0673796,-0.0693046,0.486429
1765976266968912,0,-0.0611531,0.143204,-9.79288,0.0695286,-0.0615813,0.485269,0,0,0,0.553348,0.0483269,-0.00995125,0.831488,0.0695286,-0.0615813,0.485269
1765976266973919,0,-0.0621901,0.142515,-9.79268,0.0707226,-0.0681337,0.487839,0,0,0,0.552326,0.0485482,-0.00995461,0.832154,0.0707226,-0.0681337,0.487839
1765976266978931,0,-0.0632335,0.141828,-9.79388,0.0706817,-0.0607215,0.486625,0,0,0,0.551302,0.0487661,-0.00995464,0.83282,0.0706817,-0.0607215,0.486625
1765976266983815,0,-0.0642826,0.141144,-9.79368,0.0704282,-0.0678334,0.489221,0,0,0,0.550275,0.0489864,-0.00995682,0.833486,0.0704282,-0.0678334,0.489221
1765976266988911,0,-0.0653383,0.140461,-9.79489,0.0710649,-0.0598899,0.487903,0,0,0,0.549246,0.049203,-0.0099559,0.834151,0.0710649,-0.0598899,0.487903
1765976266993922,0,-0.0663995,0.13978,-9.79468,0.0713088,-0.0670837,0.490478,0,0,0,0.548215,0.0494225,-0.0099557,0.834817,0.0713088,-0.0670837,0.490478
1765976266998858,0,-0.0674674,0.139101,-9.79597,0.0710112,-0.0595301,0.489224,0,0,0,0.547182,0.0496383,-0.00995353,0.835481,0.0710112,-0.0595301,0.489224
1765976267003926,0,-0.0685409,0.138424,-9.79576,0.0706542,-0.0666542,0.491743,0,0,0,0.546146,0.0498562,-0.00995378,0.836146,0.0706542,-0.0666542,0.491743
1765976267008922,0,-0.0696206,0.137749,-9.79708,0.0701035,-0.0590517,0.490461,0,0,0,0.545109,0.0500697,-0.0099528,0.836809,0.0701035,-0.0590517,0.490461
1765976267013824,0,-0.0707061,0.137076,-9.79687,0.0696416,-0.0664984,0.493015,0,0,0,0.544069,0.0502855,-0.00995481,0.837473,0.0696416,-0.0664984,0.493015
1765976267018926,0,-0.071798,0.136406,-9.79819,0.0693434,-0.0584255,0.491648,0,0,0,0.543028,0.0504967,-0.00995517,0.838136,0.0693434,-0.0584255,0.491648
1765976267023925,0,-0.0728955,0.135737,-9.79797,0.06912,-0.0659437,0.494186,0,0,0,0.541984,0.0507103,-0.00995779,0.838798,0.06912,-0.0659437,0.494186
1765976267028920,0,-0.073999,0.135071,-9.79938,0.0680376,-0.0581907,0.492869,0,0,0,0.540939,0.0509192,-0.00995986,0.83946,0.0680376,-0.0581907,0.492869
1765976267033916,0,-0.0751086,0.134408,-9.79916,0.0673444,-0.0657954,0.495392,0,0,0,0.539891,0.0511301,-0.00996568,0.840122,0.0673444,-0.0657954,0.495392
1765976267038928,0,-0.0762241,0.133747,-9.80055,0.0669278,-0.0577297,0.494042,0,0,0,0.538841,0.0513363,-0.00997031,0.840782,0.0669278,-0.0577297,0.494042
1765976267043956,0,-0.0773454,0.133088,-9.80033,0.0667448,-0.0653754,0.496558,0,0,0,0.537789,0.0515449,-0.00997735,0.841443,0.0667448,-0.0653754,0.496558
1765976267048914,0,-0.078473,0.132433,-9.80178,0.0654232,-0.057669,0.495246,0,0,0,0.536736,0.051749,-0.00998423,0.842103,0.0654232,-0.057669,0.495246
1765976267053845,0,-0.079606,0.13178,-9.80156,0.0646893,-0.0653718,0.497727,0,0,0,0.53568,0.0519549,-0.00999521,0.842762,0.0646893,-0.0653718,0.497727
1765976267058918,0,-0.0807453,0.13113,-9.80304,0.063361,-0.0570099,0.496264,0,0,0,0.534623,0.0521551,-0.010006,0.843421,0.063361,-0.0570099,0.496264
1765976267063910,0,-0.0818901,0.130483,-9.8028,0.0627341,-0.0649312,0.498737,0,0,0,0.533563,0.0523571,-0.0100206,0.844079,0.0627341,-0.0649312,0.498737
1765976267068915,0,-0.0830411,0.129839,-9.80435,0.0625016,-0.0563671,0.497298,0,0,0,0.532502,0.0525542,-0.0100335,0.844736,0.0625016,-0.0563671,0.497298
1765976267073908,0,-0.0841978,0.129198,-9.80412,0.0626457,-0.0640374,0.499718,0,0,0,0.531439,0.0527538,-0.0100479,0.845393,0.0626457,-0.0640374,0.499718
1765976267078928,0,-0.0853606,0.12856,-9.80569,0.0602795,-0.056306,0.49829,0,0,0,0.530375,0.0529481,-0.0100633,0.846049,0.0602795,-0.056306,0.49829
1765976267083911,0,-0.0865286,0.127926,-9.80544,0.0590647,-0.0647071,0.50075,0,0,0,0.529308,0.0531442,-0.0100848,0.846704,0.0590647,-0.0647071,0.50075
1765976267088910,0,-0.0877031,0.127295,-9.80701,0.0586743,-0.0559836,0.499264,0,0,0,0.52824,0.0533353,-0.0101054,0.847358,0.0586743,-0.0559836,0.499264
1765976267093922,0,-0.0888829,0.126668,-9.80677,0.05886,-0.0638062,0.501642,0,0,0,0.527169,0.0535288,-0.0101277,0.848012,0.05886,-0.0638062,0.501642
1765976267098929,0,-0.0900687,0.126045,-9.80836,0.0589312,-0.054955,0.500142,0,0,0,0.526098,0.0537176,-0.010147,0.848665,0.0589312,-0.054955,0.500142
1765976267103931,0,-0.09126,0.125425,-9.80812,0.05944,-0.0629778,0.502532,0,0,0,0.525024,0.0539096,-0.0101672,0.849318,0.05944,-0.0629778,0.502532
1765976267108922,0,-0.0924574,0.124808,-9.80974,0.0587624,-0.054315,0.500995,0,0,0,0.523949,0.054097,-0.0101854,0.849969,0.0587624,-0.054315,0.500995
1765976267113955,0,-0.0936599,0.124196,-9.80949,0.0587892,-0.0625447,0.503344,0,0,0,0.522872,0.0542871,-0.010206,0.85062,0.0587892,-0.0625447,0.503344
1765976267118913,0,-0.0948684,0.123587,-9.81118,0.0586703,-0.053728,0.501823,0,0,0,0.521793,0.0544727,-0.0102242,0.85127,0.0586703,-0.053728,0.501823
1765976267123821,0,-0.0960823,0.122982,-9.81093,0.0590839,-0.0617731,0.504126,0,0,0,0.520713,0.0546613,-0.0102436,0.851919,0.0590839,-0.0617731,0.504126
1765976267128910,0,-0.0973023,0.12238,-9.8126,0.0582849,-0.0526258,0.502454,0,0,0,0.519631,0.0548445,-0.0102609,0.852567,0.0582849,-0.0526258,0.502454
1765976267133907,0,-0.0985273,0.121783,-9.81235,0.0582958,-0.0611953,0.504765,0,0,0,0.518548,0.0550304,-0.0102807,0.853214,0.0582958,-0.0611953,0.504765
1765976267138909,0,-0.099758,0.121189,-9.81406,0.0576087,-0.0521987,0.503131,0,0,0,0.517463,0.0552114,-0.010299,0.85386,0.0576087,-0.0521987,0.503131
1765976267143907,0,-0.100994,0.120599,-9.81381,0.0577101,-0.0607172,0.505406,0,0,0,0.516377,0.0553954,-0.0103196,0.854506,0.0577101,-0.0607172,0.505406
1765976267148816,0,-0.102236,0.120013,-9.81551,0.0567227,-0.0516892,0.503742,0,0,0,0.515289,0.0555741,-0.0103388,0.85515,0.0567227,-0.0516892,0.503742
1765976267153912,0,-0.103483,0.119431,-9.81526,0.0566544,-0.0600833,0.505936,0,0,0,0.5142,0.0557554,-0.0103608,0.855794,0.0566544,-0.0600833,0.505936
1765976267158923,0,-0.104735,0.118853,-9.81699,0.056891,-0.0505273,0.504256,0,0,0,0.51311,0.0559315,-0.0103796,0.856436,0.056891,-0.0505273,0.504256
1765976267163979,0,-0.105993,0.118279,-9.81673,0.0576598,-0.0590733,0.5065,0,0,0,0.512017,0.0561111,-0.0103989,0.857077,0.0576598,-0.0590733,0.5065
1765976267168926,0,-0.107256,0.117709,-9.8185,0.0559896,-0.050658,0.504875,0,0,0,0.510925,0.0562862,-0.0104176,0.857718,0.0559896,-0.050658,0.504875
1765976267173928,0,-0.108524,0.117144,-9.81825,0.055479,-0.0596715,0.507088,0,0,0,0.509829,0.0564643,-0.010441,0.858357,0.055479,-0.0596715,0.507088
1765976267178927,0,-0.109798,0.116582,-9.81999,0.0538637,-0.0507258,0.50538,0,0,0,0.508734,0.056637,-0.0104647,0.858995,0.0538637,-0.0507258,0.50538
1765976267183815,0,-0.111077,0.116026,-9.81966,0.053477,-0.0598423,0.507586,0,0,0,0.507636,0.0568127,-0.0104927,0.859632,0.053477,-0.0598423,0.507586
1765976267188914,0,-0.112361,0.115473,-9.82136,0.0509037,-0.0508425,0.505767,0,0,0,0.506539,0.0569822,-0.0105222,0.860268,0.0509037,-0.0508425,0.505767
1765976267193926,0,-0.11365,0.114925,-9.82092,0.0499763,-0.0604483,0.507967,0,0,0,0.505439,0.0571544,-0.0105577,0.860903,0.0499763,-0.0604483,0.507967
1765976267198946,0,-0.114945,0.114381,-9.82249,0.0495155,-0.0506717,0.5062,0,0,0,0.504339,0.0573212,-0.0105922,0.861536,0.0495155,-0.0506717,0.5062
1765976267203813,0,-0.116245,0.113843,-9.82196,0.0500486,-0.0596989,0.508379,0,0,0,0.503237,0.0574914,-0.0106283,0.862168,0.0500486,-0.0596989,0.508379
1765976267208814,0,-0.11755,0.11331,-9.82344,0.0490893,-0.0497198,0.506486,0,0,0,0.502135,0.0576558,-0.0106622,0.862799,0.0490893,-0.0497198,0.506486
1765976267213808,0,-0.11886,0.112781,-9.82281,0.049313,-0.058629,0.508525,0,0,0,0.501031,0.0578229,-0.0106982,0.863429,0.049313,-0.058629,0.508525
1765976267218797,0,-0.120176,0.112257,-9.82424,0.0487878,-0.0485621,0.50661,0,0,0,0.499927,0.0579841,-0.0107318,0.864058,0.0487878,-0.0485621,0.50661
1765976267223799,0,-0.121496,0.111738,-9.82351,0.0493115,-0.0576023,0.508625,0,0,0,0.498821,0.0581484,-0.0107667,0.864685,0.0493115,-0.0576023,0.508625
1765976267228793,0,-0.122821,0.111224,-9.82483,0.0496337,-0.0470859,0.506683,0,0,0,0.497715,0.0583073,-0.0107975,0.865312,0.0496337,-0.0470859,0.506683
1765976267233802,0,-0.124151,0.110715,-9.824,0.0507135,-0.05611,0.508685,0,0,0,0.496607,0.0584697,-0.010828,0.865936,0.0507135,-0.05611,0.508685
1765976267238794,0,-0.125487,0.11021,-9.82525,0.0505241,-0.0460029,0.506743,0,0,0,0.495499,0.058627,-0.0108548,0.86656,0.0505241,-0.0460029,0.506743
1765976267243797,0,-0.126826,0.109711,-9.82432,0.0512266,-0.0554427,0.508737,0,0,0,0.494389,0.0587883,-0.0108828,0.867182,0.0512266,-0.0554427,0.508737
1765976267248796,0,-0.128171,0.109217,-9.82547,0.0505738,-0.0458802,0.506844,0,0,0,0.49328,0.058945,-0.0109087,0.867803,0.0505738,-0.0458802,0.506844
1765976267253798,0,-0.129519,0.108727,-9.82444,0.0509433,-0.0556254,0.508837,0,0,0,0.492168,0.059106,-0.0109371,0.868422,0.0509433,-0.0556254,0.508837
1765976267258795,0,-0.130873,0.108242,-9.82547,0.0484568,-0.0469354,0.506893,0,0,0,0.491057,0.0592623,-0.0109668,0.86904,0.0484568,-0.0469354,0.506893
1765976267263779,0,-0.132231,0.107763,-9.82434,0.0476346,-0.0574405,0.508864,0,0,0,0.489944,0.0594229,-0.0110032,0.869657,0.0476346,-0.0574405,0.508864
1765976267268799,0,-0.133594,0.107288,-9.82533,0.0466276,-0.047299,0.506863,0,0,0,0.488831,0.0595782,-0.0110393,0.870271,0.0466276,-0.047299,0.506863
1765976267273796,0,-0.134962,0.106819,-9.82409,0.0468802,-0.0572205,0.508817,0,0,0,0.487717,0.0597371,-0.0110782,0.870885,0.0468802,-0.0572205,0.508817
1765976267278800,0,-0.136334,0.106354,-9.82495,0.0447764,-0.0481254,0.506836,0,0,0,0.486603,0.0598913,-0.0111179,0.871497,0.0447764,-0.0481254,0.506836
1765976267283797,0,-0.137711,0.105896,-9.8236,0.0443059,-0.0587503,0.508786,0,0,0,0.485488,0.0600501,-0.0111632,0.872107,0.0443059,-0.0587503,0.508786
1765976267288798,0,-0.139092,0.105442,-9.82444,0.0428622,-0.0489838,0.506785,0,0,0,0.484373,0.0602039,-0.011209,0.872716,0.0428622,-0.0489838,0.506785
1765976267293797,0,-0.140478,0.104995,-9.82299,0.042893,-0.0592837,0.508704,0,0,0,0.483256,0.0603619,-0.0112586,0.873323,0.042893,-0.0592837,0.508704
1765976267298797,0,-0.141869,0.104553,-9.8237,0.0418133,-0.049313,0.5067,0,0,0,0.48214,0.060515,-0.0113074,0.873929,0.0418133,-0.049313,0.5067
1765976267303797,0,-0.143264,0.104116,-9.82214,0.0421089,-0.0595713,0.508599,0,0,0,0.481022,0.0606724,-0.0113593,0.874533,0.0421089,-0.0595713,0.508599
1765976267308795,0,-0.144665,0.103686,-9.82285,0.0411039,-0.0493177,0.506541,0,0,0,0.479905,0.0608246,-0.0114098,0.875135,0.0411039,-0.0493177,0.506541
1765976267313800,0,-0.146069,0.103261,-9.82118,0.041467,-0.0596492,0.508408,0,0,0,0.478786,0.0609812,-0.0114631,0.875736,0.041467,-0.0596492,0.508408
1765976267318796,0,-0.147478,0.102842,-9.82183,0.0421234,-0.0480118,0.506332,0,0,0,0.477667,0.061132,-0.0115119,0.876336,0.0421234,-0.0480118,0.506332
1765976267323798,0,-0.148891,0.102429,-9.82006,0.0435966,-0.0575807,0.508157,0,0,0,0.476547,0.0612864,-0.0115593,0.876934,0.0435966,-0.0575807,0.508157
1765976267328795,0,-0.15031,0.102022,-9.82051,0.041713,-0.0483453,0.506078,0,0,0,0.475427,0.0614364,-0.011606,0.877531,0.041713,-0.0483453,0.506078
1765976267333804,0,-0.151732,0.10162,-9.81862,0.0414162,-0.0595973,0.507904,0,0,0,0.474306,0.0615919,-0.0116581,0.878125,0.0414162,-0.0595973,0.507904
1765976267338803,0,-0.153159,0.101224,-9.81918,0.0414311,-0.0481861,0.505764,0,0,0,0.473186,0.061742,-0.0117078,0.878718,0.0414311,-0.0481861,0.505764
1765976267343797,0,-0.15459,0.100834,-9.81719,0.0424611,-0.0583152,0.507546,0,0,0,0.472064,0.0618961,-0.0117578,0.87931,0.0424611,-0.0583152,0.507546
1765976267348798,0,-0.156025,0.100449,-9.81763,0.0411774,-0.0481259,0.505381,0,0,0,0.470943,0.0620451,-0.0118061,0.8799,0.0411774,-0.0481259,0.505381
1765976267353798,0,-0.157464,0.100071,-9.81553,0.0412945,-0.0591838,0.507136,0,0,0,0.46982,0.0621992,-0.0118583,0.880488,0.0412945,-0.0591838,0.507136
1765976267358797,0,-0.158909,0.099698,-9.81589,0.0401519,-0.0487426,0.504956,0,0,0,0.468699,0.0623483,-0.0119098,0.881075,0.0401519,-0.0487426,0.504956
1765976267363799,0,-0.160357,0.0993314,-9.81368,0.0403794,-0.0597865,0.50669,0,0,0,0.467576,0.0625024,-0.0119647,0.881659,0.0403794,-0.0597865,0.50669
1765976267368798,0,-0.161809,0.0989704,-9.81405,0.0407085,-0.0479029,0.504499,0,0,0,0.466453,0.0626506,-0.0120159,0.882243,0.0407085,-0.0479029,0.504499
1765976267373799,0,-0.163265,0.0986159,-9.81173,0.0419273,-0.0582225,0.506214,0,0,0,0.46533,0.0628031,-0.0120667,0.882824,0.0419273,-0.0582225,0.506214
1765976267378799,0,-0.164727,0.0982667,-9.81201,0.0405597,-0.0479818,0.503989,0,0,0,0.464207,0.0629505,-0.0121159,0.883404,0.0405597,-0.0479818,0.503989
1765976267383799,0,-0.166191,0.0979237,-9.80959,0.0405806,-0.059481,0.505669,0,0,0,0.463084,0.0631035,-0.0121693,0.883982,0.0405806,-0.059481,0.505669
1765976267388797,0,-0.16766,0.0975862,-9.80983,0.0397147,-0.0485167,0.503421,0,0,0,0.461961,0.0632514,-0.0122217,0.884558,0.0397147,-0.0485167,0.503421
1765976267393804,0,-0.169132,0.0972551,-9.8073,0.0400927,-0.0596582,0.505064,0,0,0,0.460837,0.0634042,-0.0122768,0.885132,0.0400927,-0.0596582,0.505064
1765976267398802,0,-0.17061,0.0969295,-9.80755,0.0387631,-0.0491223,0.502795,0,0,0,0.459714,0.0635519,-0.0123312,0.885704,0.0387631,-0.0491223,0.502795
1765976267403798,0,-0.17209,0.0966102,-9.80489,0.0388189,-0.0608188,0.504436,0,0,0,0.45859,0.0637053,-0.0123898,0.886275,0.0388189,-0.0608188,0.504436
1765976267408802,0,-0.173576,0.0962969,-9.80513,0.0386378,-0.0487071,0.502118,0,0,0,0.457467,0.0638526,-0.0124456,0.886844,0.0386378,-0.0487071,0.502118
1765976267413800,0,-0.175064,0.0959898,-9.80238,0.0394889,-0.0595193,0.503699,0,0,0,0.456344,0.0640041,-0.0125021,0.887411,0.0394889,-0.0595193,0.503699
1765976267418805,0,-0.176558,0.0956883,-9.80253,0.0388379,-0.0480531,0.501369,0,0,0,0.455221,0.0641497,-0.0125559,0.887976,0.0388379,-0.0480531,0.501369
1765976267423780,0,-0.178054,0.0953933,-9.79967,0.0393238,-0.0593977,0.50292,0,0,0,0.454098,0.0643003,-0.0126119,0.888539,0.0393238,-0.0593977,0.50292
1765976267428800,0,-0.179555,0.0951039,-9.79986,0.0381246,-0.0483844,0.500549,0,0,0,0.452975,0.0644455,-0.0126668,0.8891,0.0381246,-0.0483844,0.500549
1765976267433798,0,-0.181059,0.0948207,-9.79686,0.0382208,-0.060351,0.502087,0,0,0,0.451853,0.0645963,-0.0127255,0.88966,0.0382208,-0.060351,0.502087
1765976267438812,0,-0.182568,0.0945435,-9.79696,0.0365787,-0.049881,0.499731,0,0,0,0.450731,0.0647426,-0.0127847,0.890217,0.0365787,-0.049881,0.499731
1765976267443804,0,-0.18408,0.0942726,-9.79386,0.0363737,-0.0621733,0.501248,0,0,0,0.449609,0.0648951,-0.012849,0.890773,0.0363737,-0.0621733,0.501248
1765976267448797,0,-0.185596,0.0940073,-9.79402,0.0348101,-0.0516212,0.498896,0,0,0,0.448488,0.0650432,-0.012914,0.891326,0.0348101,-0.0516212,0.498896
1765976267453797,0,-0.187115,0.0937488,-9.79084,0.0346776,-0.0637806,0.500374,0,0,0,0.447366,0.0651973,-0.0129839,0.891877,0.0346776,-0.0637806,0.500374
1765976267458798,0,-0.188639,0.0934959,-9.79097,0.0335505,-0.0523604,0.497967,0,0,0,0.446246,0.065346,-0.0130531,0.892426,0.0335505,-0.0523604,0.497967
1765976267463798,0,-0.190166,0.0932502,-9.78764,0.0337343,-0.0643912,0.499435,0,0,0,0.445125,0.0655001,-0.0131259,0.892973,0.0337343,-0.0643912,0.499435
1765976267468822,0,-0.191698,0.0930102,-9.78785,0.0340817,-0.0509466,0.496991,0,0,0,0.444006,0.0656472,-0.0131944,0.893519,0.0340817,-0.0509466,0.496991
1765976267473927,0,-0.193233,0.0927772,-9.78442,0.0352676,-0.0618471,0.498408,0,0,0,0.442885,0.0657978,-0.0132621,0.894062,0.0352676,-0.0618471,0.498408
1765976267478939,0,-0.194773,0.0925499,-9.78449,0.0343994,-0.0507589,0.496043,0,0,0,0.441767,0.0659431,-0.0133274,0.894604,0.0343994,-0.0507589,0.496043
1765976267483916,0,-0.196315,0.0923295,-9.78093,0.0346526,-0.0634379,0.497531,0,0,0,0.440647,0.0660952,-0.0133964,0.895144,0.0346526,-0.0634379,0.497531
1765976267488924,0,-0.197862,0.092115,-9.78121,0.0345687,-0.0506667,0.495106,0,0,0,0.439529,0.0662415,-0.0134625,0.895681,0.0345687,-0.0506667,0.495106
1765976267493933,0,-0.199412,0.0919074,-9.77754,0.0353623,-0.0623729,0.496523,0,0,0,0.438411,0.0663925,-0.0135294,0.896217,0.0353623,-0.0623729,0.496523
1765976267498932,0,-0.200966,0.0917055,-9.77765,0.0337307,-0.0518093,0.494097,0,0,0,0.437293,0.0665389,-0.0135961,0.896751,0.0337307,-0.0518093,0.494097
1765976267503829,0,-0.202523,0.0915102,-9.77389,0.0334086,-0.0649775,0.495489,0,0,0,0.436176,0.0666926,-0.0136684,0.897283,0.0334086,-0.0649775,0.495489
1765976267508932,0,-0.204084,0.0913208,-9.7742,0.0322944,-0.0528253,0.492951,0,0,0,0.43506,0.0668407,-0.0137403,0.897812,0.0322944,-0.0528253,0.492951
1765976267513831,0,-0.205648,0.0911382,-9.77025,0.0323596,-0.0655439,0.494305,0,0,0,0.433944,0.0669946,-0.0138159,0.898339,0.0323596,-0.0655439,0.494305
1765976267518816,0,-0.207217,0.0909615,-9.77069,0.0326853,-0.0511789,0.491717,0,0,0,0.43283,0.0671407,-0.0138871,0.898865,0.0326853,-0.0511789,0.491717
1765976267523824,0,-0.208788,0.0907915,-9.76672,0.033745,-0.0621543,0.492932,0,0,0,0.431715,0.0672894,-0.0139573,0.899388,0.033745,-0.0621543,0.492932
1765976267528811,0,-0.210364,0.0906273,-9.76699,0.0325814,-0.0503772,0.490326,0,0,0,0.430602,0.0674317,-0.0140252,0.89991,0.0325814,-0.0503772,0.490326
1765976267533923,0,-0.211942,0.0904697,-9.76288,0.0325237,-0.0633336,0.491534,0,0,0,0.42949,0.0675803,-0.0140973,0.900429,0.0325237,-0.0633336,0.491534
1765976267538799,0,-0.213525,0.0903179,-9.76319,0.0317406,-0.0512307,0.48898,0,0,0,0.428379,0.0677236,-0.0141682,0.900946,0.0317406,-0.0512307,0.48898
1765976267543909,0,-0.21511,0.0901727,-9.75908,0.0319442,-0.063476,0.490121,0,0,0,0.427268,0.0678724,-0.014242,0.901461,0.0319442,-0.063476,0.490121
1765976267548907,0,-0.216699,0.0900335,-9.75943,0.0321057,-0.0497585,0.487534,0,0,0,0.42616,0.0680136,-0.0143118,0.901974,0.0321057,-0.0497585,0.487534
1765976267553924,0,-0.218291,0.089901,-9.75512,0.0329205,-0.0618054,0.488727,0,0,0,0.425051,0.0681593,-0.0143819,0.902485,0.0329205,-0.0618054,0.488727
1765976267558830,0,-0.219887,0.0897742,-9.75558,0.0323698,-0.0492218,0.486134,0,0,0,0.423944,0.0682988,-0.0144491,0.902994,0.0323698,-0.0492218,0.486134
1765976267563919,0,-0.221485,0.0896541,-9.75121,0.032634,-0.0618466,0.487262,0,0,0,0.422837,0.0684439,-0.0145189,0.903501,0.032634,-0.0618466,0.487262
1765976267568816,0,-0.223087,0.0895398,-9.75187,0.0341475,-0.0456395,0.484616,0,0,0,0.421732,0.0685793,-0.0145814,0.904006,0.0341475,-0.0456395,0.484616
1765976267573817,0,-0.224692,0.0894322,-9.74742,0.0358174,-0.0560861,0.485667,0,0,0,0.420627,0.068716,-0.0146398,0.904509,0.0358174,-0.0560861,0.485667
1765976267578811,0,-0.2263,0.0893298,-9.74792,0.0350582,-0.0435326,0.482967,0,0,0,0.419524,0.0688452,-0.0146942,0.90501,0.0350582,-0.0435326,0.482967
1765976267583818,0,-0.227911,0.0892338,-9.7433,0.0350176,-0.0568705,0.484008,0,0,0,0.418422,0.0689808,-0.0147521,0.905509,0.0350176,-0.0568705,0.484008
1765976267588928,0,-0.229524,0.0891429,-9.74398,0.0345214,-0.0435553,0.481292,0,0,0,0.417322,0.0691098,-0.0148079,0.906006,0.0345214,-0.0435553,0.481292
1765976267593843,0,-0.231139,0.0890584,-9.73913,0.034622,-0.0572422,0.482401,0,0,0,0.416222,0.0692453,-0.0148667,0.906501,0.034622,-0.0572422,0.482401
1765976267598922,0,-0.232758,0.0889793,-9.74,0.0340805,-0.0438066,0.479689,0,0,0,0.415124,0.0693745,-0.0149235,0.906993,0.0340805,-0.0438066,0.479689
1765976267603816,0,-0.234378,0.0889065,-9.73505,0.0341225,-0.0574239,0.480765,0,0,0,0.414027,0.0695099,-0.0149833,0.907483,0.0341225,-0.0574239,0.480765
1765976267608924,0,-0.236001,0.0888388,-9.73588,0.0321062,-0.0460915,0.478004,0,0,0,0.412932,0.0696408,-0.0150444,0.907971,0.0321062,-0.0460915,0.478004
1765976267613954,0,-0.237626,0.0887775,-9.73077,0.0310888,-0.0614204,0.479061,0,0,0,0.411838,0.0697808,-0.0151132,0.908456,0.0310888,-0.0614204,0.479061
1765976267618922,0,-0.239255,0.0887215,-9.73184,0.0320267,-0.0454767,0.476413,0,0,0,0.410746,0.069913,-0.0151781,0.908939,0.0320267,-0.0454767,0.476413
1765976267623916,0,-0.240885,0.0886723,-9.72687,0.0331258,-0.0568001,0.477378,0,0,0,0.409654,0.0700472,-0.0152407,0.90942,0.0331258,-0.0568001,0.477378
1765976267628902,0,-0.242519,0.0886283,-9.72783,0.0323397,-0.0435597,0.474617,0,0,0,0.408564,0.0701735,-0.0152999,0.909899,0.0323397,-0.0435597,0.474617
1765976267633814,0,-0.244154,0.0885906,-9.72264,0.0321236,-0.0573736,0.475548,0,0,0,0.407475,0.0703062,-0.0153629,0.910376,0.0321236,-0.0573736,0.475548
1765976267638925,0,-0.245793,0.088558,-9.72396,0.0323685,-0.0415976,0.472695,0,0,0,0.406389,0.0704298,-0.0154216,0.910851,0.0323685,-0.0415976,0.472695
1765976267643977,0,-0.247433,0.0885317,-9.71852,0.0328325,-0.0547211,0.47363,0,0,0,0.405304,0.0705574,-0.0154807,0.911324,0.0328325,-0.0547211,0.47363
1765976267648815,0,-0.249076,0.0885105,-9.71965,0.032505,-0.0411947,0.470919,0,0,0,0.40422,0.0706783,-0.015537,0.911794,0.032505,-0.0411947,0.470919
1765976267653816,0,-0.250721,0.0884956,-9.71444,0.0325369,-0.0543051,0.471738,0,0,0,0.403138,0.0708046,-0.0155956,0.912263,0.0325369,-0.0543051,0.471738
1765976267658845,0,-0.252368,0.0884856,-9.7157,0.0312992,-0.04141,0.468885,0,0,0,0.402058,0.0709245,-0.0156533,0.912729,0.0312992,-0.04141,0.468885
1765976267663794,0,-0.254017,0.0884814,-9.71019,0.0306381,-0.0560003,0.469693,0,0,0,0.400979,0.0710516,-0.0157163,0.913192,0.0306381,-0.0560003,0.469693
1765976267668838,0,-0.255668,0.0884824,-9.71159,0.0293915,-0.0429643,0.466843,0,0,0,0.399904,0.0711731,-0.0157796,0.913653,0.0293915,-0.0429643,0.466843
1765976267673823,0,-0.25732,0.0884894,-9.70598,0.0287247,-0.0575297,0.467629,0,0,0,0.398829,0.0713018,-0.0158481,0.914112,0.0287247,-0.0575297,0.467629
1765976267678841,0,-0.258976,0.0885017,-9.70761,0.0289449,-0.0416971,0.464765,0,0,0,0.397757,0.0714218,-0.0159132,0.914568,0.0289449,-0.0416971,0.464765
1765976267683817,0,-0.260633,0.0885201,-9.70187,0.0292903,-0.0547778,0.465537,0,0,0,0.396685,0.0715455,-0.0159788,0.915023,0.0292903,-0.0547778,0.465537
1765976267688837,0,-0.262293,0.0885436,-9.70351,0.0287622,-0.0407346,0.462678,0,0,0,0.395617,0.0716617,-0.0160415,0.915475,0.0287622,-0.0407346,0.462678
1765976267693902,0,-0.263954,0.0885731,-9.69771,0.0285076,-0.0550158,0.46342,0,0,0,0.39455,0.0717842,-0.0161077,0.915925,0.0285076,-0.0550158,0.46342
1765976267698869,0,-0.265617,0.0886076,-9.6994,0.027514,-0.0417792,0.460577,0,0,0,0.393485,0.0719009,-0.0161731,0.916372,0.027514,-0.0417792,0.460577
1765976267703879,0,-0.267281,0.0886483,-9.69348,0.0268973,-0.0567234,0.461319,0,0,0,0.392422,0.0720252,-0.0162436,0.916817,0.0268973,-0.0567234,0.461319
1765976267708873,0,-0.268949,0.0886941,-9.69534,0.0260813,-0.042851,0.458447,0,0,0,0.391361,0.0721433,-0.0163134,0.91726,0.0260813,-0.042851,0.458447
1765976267713924,0,-0.270617,0.0887459,-9.68927,0.0255697,-0.0576975,0.459171,0,0,0,0.390302,0.0722685,-0.0163876,0.9177,0.0255697,-0.0576975,0.459171
1765976267718784,0,-0.272288,0.0888029,-9.69161,0.0273125,-0.0386817,0.456295,0,0,0,0.389246,0.0723818,-0.0164545,0.918138,0.0273125,-0.0386817,0.456295
1765976267723885,0,-0.273961,0.0888664,-9.68562,0.0286168,-0.0497499,0.456906,0,0,0,0.38819,0.0724944,-0.0165167,0.918575,0.0286168,-0.0497499,0.456906
1765976267728808,0,-0.275637,0.0889347,-9.68758,0.0284247,-0.0351917,0.454015,0,0,0,0.387138,0.0725973,-0.0165736,0.91901,0.0284247,-0.0351917,0.454015
1765976267733810,0,-0.277312,0.0890089,-9.68136,0.028179,-0.0499552,0.454664,0,0,0,0.386087,0.0727071,-0.0166336,0.919442,0.028179,-0.0499552,0.454664
1765976267738822,0,-0.278991,0.0890877,-9.68379,0.0286289,-0.0335945,0.45174,0,0,0,0.385038,0.0728078,-0.0166894,0.919873,0.0286289,-0.0335945,0.45174
1765976267743960,0,-0.280669,0.0891726,-9.67737,0.0287729,-0.0478065,0.452394,0,0,0,0.383991,0.0729135,-0.0167461,0.920301,0.0287729,-0.0478065,0.452394
1765976267748913,0,-0.28235,0.0892621,-9.67973,0.0284896,-0.0334199,0.449549,0,0,0,0.382948,0.0730121,-0.0168001,0.920727,0.0284896,-0.0334199,0.449549
1765976267753922,0,-0.284031,0.0893573,-9.67332,0.0280533,-0.0486331,0.450198,0,0,0,0.381905,0.0731182,-0.0168579,0.921151,0.0280533,-0.0486331,0.450198
1765976267758924,0,-0.285713,0.0894572,-9.67581,0.0267282,-0.0358796,0.447322,0,0,0,0.380865,0.0732196,-0.0169163,0.921572,0.0267282,-0.0358796,0.447322
1765976267763935,0,-0.287395,0.0895625,-9.66922,0.0255141,-0.0524939,0.447958,0,0,0,0.379826,0.0733311,-0.0169819,0.92199,0.0255141,-0.0524939,0.447958
1765976267768917,0,-0.28908,0.0896727,-9.67217,0.0259802,-0.0354359,0.445056,0,0,0,0.378791,0.073434,-0.0170445,0.922407,0.0259802,-0.0354359,0.445056
1765976267773934,0,-0.290765,0.0897889,-9.66553,0.0260591,-0.0492224,0.445627,0,0,0,0.377757,0.0735404,-0.0171075,0.922821,0.0260591,-0.0492224,0.445627
1765976267778939,0,-0.292453,0.0899092,-9.66821,0.0249188,-0.0359153,0.442707,0,0,0,0.376727,0.0736405,-0.0171696,0.923233,0.0249188,-0.0359153,0.442707
1765976267783810,0,-0.29414,0.0900353,-9.66136,0.0237457,-0.0527122,0.443295,0,0,0,0.375697,0.0737504,-0.0172385,0.923642,0.0237457,-0.0527122,0.443295
1765976267788920,0,-0.29583,0.090166,-9.66486,0.0241394,-0.0348489,0.440255,0,0,0,0.374671,0.0738508,-0.0173041,0.92405,0.0241394,-0.0348489,0.440255
1765976267793926,0,-0.29752,0.0903023,-9.65784,0.0240535,-0.0492202,0.440762,0,0,0,0.373647,0.0739547,-0.0173704,0.924455,0.0240535,-0.0492202,0.440762
1765976267798933,0,-0.299212,0.0904434,-9.66094,0.0235084,-0.0346286,0.43781,0,0,0,0.372626,0.0740513,-0.0174346,0.924858,0.0235084,-0.0346286,0.43781
1765976267803917,0,-0.300904,0.0905897,-9.65393,0.0226817,-0.050828,0.438319,0,0,0,0.371607,0.0741562,-0.0175037,0.925258,0.0226817,-0.050828,0.438319
1765976267808934,0,-0.302599,0.0907406,-9.65759,0.0233393,-0.0330654,0.435317,0,0,0,0.370591,0.0742513,-0.0175687,0.925657,0.0233393,-0.0330654,0.435317
1765976267813943,0,-0.304293,0.0908972,-9.65047,0.0233406,-0.0474622,0.43577,0,0,0,0.369576,0.0743503,-0.017634,0.926053,0.0233406,-0.0474622,0.43577
1765976267818933,0,-0.30599,0.0910582,-9.65397,0.023752,-0.0307335,0.432798,0,0,0,0.368565,0.0744395,-0.0176948,0.926448,0.023752,-0.0307335,0.432798
1765976267823789,0,-0.307686,0.091225,-9.6469,0.023525,-0.0454544,0.433195,0,0,0,0.367556,0.0745338,-0.017757,0.92684,0.023525,-0.0454544,0.433195
1765976267828938,0,-0.309385,0.0913955,-9.65055,0.0221187,-0.0319095,0.430092,0,0,0,0.366551,0.0746219,-0.0178192,0.92723,0.0221187,-0.0319095,0.430092
1765976267833905,0,-0.311082,0.0915712,-9.643,0.0204379,-0.0503293,0.430526,0,0,0,0.365547,0.0747216,-0.0178898,0.927616,0.0204379,-0.0503293,0.430526
1765976267838917,0,-0.312782,0.0917512,-9.64737,0.0215679,-0.0310299,0.427469,0,0,0,0.364547,0.0748115,-0.0179565,0.928001,0.0215679,-0.0310299,0.427469
1765976267843914,0,-0.314481,0.0919369,-9.64,0.0217773,-0.0448045,0.427801,0,0,0,0.363549,0.0749033,-0.0180218,0.928384,0.0217773,-0.0448045,0.427801
1765976267848925,0,-0.316184,0.0921267,-9.64387,0.0218012,-0.0287572,0.424765,0,0,0,0.362554,0.0749854,-0.0180831,0.928765,0.0218012,-0.0287572,0.424765
1765976267853921,0,-0.317884,0.0923215,-9.63642,0.0211074,-0.0448086,0.42509,0,0,0,0.361561,0.0750748,-0.0181478,0.929144,0.0211074,-0.0448086,0.42509
1765976267858935,0,-0.319588,0.0925207,-9.64081,0.021617,-0.0274061,0.42203,0,0,0,0.360573,0.0751546,-0.0182086,0.92952,0.021617,-0.0274061,0.42203
1765976267863920,0,-0.32129,0.092725,-9.63317,0.0211827,-0.0431959,0.42236,0,0,0,0.359585,0.0752404,-0.0182715,0.929894,0.0211827,-0.0431959,0.42236
1765976267868915,0,-0.322995,0.0929333,-9.63785,0.0222199,-0.0242909,0.41927,0,0,0,0.358602,0.0753147,-0.0183286,0.930267,0.0222199,-0.0242909,0.41927
1765976267873912,0,-0.324699,0.0931468,-9.63024,0.0221349,-0.0388715,0.419505,0,0,0,0.357621,0.0753922,-0.0183856,0.930637,0.0221349,-0.0388715,0.419505
1765976267878951,0,-0.326404,0.093364,-9.63454,0.0217038,-0.0240516,0.416433,0,0,0,0.356643,0.0754623,-0.0184403,0.931005,0.0217038,-0.0240516,0.416433
1765976267883877,0,-0.328107,0.0935858,-9.62672,0.0204286,-0.0418527,0.416705,0,0,0,0.355668,0.0755426,-0.018501,0.931371,0.0204286,-0.0418527,0.416705
1765976267888915,0,-0.329813,0.0938114,-9.63183,0.0208143,-0.0239703,0.413578,0,0,0,0.354697,0.0756141,-0.018559,0.931734,0.0208143,-0.0239703,0.413578
1765976267893971,0,-0.331517,0.094042,-9.62396,0.0201338,-0.0397935,0.41377,0,0,0,0.353727,0.075691,-0.0186192,0.932095,0.0201338,-0.0397935,0.41377
1765976267898914,0,-0.333223,0.0942759,-9.6287,0.0199331,-0.0242194,0.410718,0,0,0,0.352762,0.0757604,-0.0186776,0.932454,0.0199331,-0.0242194,0.410718
1765976267903930,0,-0.334927,0.0945148,-9.6209,0.0188022,-0.0410901,0.410893,0,0,0,0.351799,0.0758383,-0.0187407,0.93281,0.0188022,-0.0410901,0.410893
1765976267908937,0,-0.336633,0.0947573,-9.62621,0.0198976,-0.0220022,0.40779,0,0,0,0.35084,0.0759052,-0.018799,0.933165,0.0198976,-0.0220022,0.40779
1765976267913817,0,-0.338338,0.0950047,-9.61818,0.0196032,-0.0373496,0.407956,0,0,0,0.349883,0.0759762,-0.0188577,0.933517,0.0196032,-0.0373496,0.407956
1765976267918924,0,-0.340045,0.0952554,-9.6236,0.0198426,-0.0199603,0.404779,0,0,0,0.34893,0.0760371,-0.0189124,0.933868,0.0198426,-0.0199603,0.404779
1765976267923830,0,-0.34175,0.0955105,-9.61536,0.0188151,-0.0370717,0.404906,0,0,0,0.34798,0.0761053,-0.0189707,0.934215,0.0188151,-0.0370717,0.404906
1765976267928944,0,-0.343457,0.095769,-9.6209,0.0186747,-0.0207006,0.401741,0,0,0,0.347033,0.076166,-0.0190274,0.934561,0.0186747,-0.0207006,0.401741
1765976267933908,0,-0.345161,0.0960321,-9.61252,0.0173027,-0.0387851,0.401875,0,0,0,0.34609,0.0762361,-0.0190895,0.934904,0.0173027,-0.0387851,0.401875
1765976267938942,0,-0.346868,0.0962984,-9.61867,0.0189452,-0.0179313,0.398734,0,0,0,0.34515,0.0762942,-0.0191458,0.935246,0.0189452,-0.0179313,0.398734
1765976267943928,0,-0.348573,0.0965694,-9.61035,0.0188541,-0.032789,0.398815,0,0,0,0.344212,0.0763542,-0.0192008,0.935585,0.0188541,-0.032789,0.398815
1765976267948811,0,-0.35028,0.0968437,-9.61605,0.0194448,-0.015517,0.395717,0,0,0,0.343279,0.076404,-0.019251,0.935923,0.0194448,-0.015517,0.395717
1765976267953800,0,-0.351984,0.0971221,-9.60806,0.0186184,-0.0314482,0.395676,0,0,0,0.342348,0.0764599,-0.0193037,0.936258,0.0186184,-0.0314482,0.395676
1765976267958798,0,-0.353689,0.0974033,-9.61369,0.0175934,-0.0176715,0.3925,0,0,0,0.341422,0.0765105,-0.0193567,0.936591,0.0175934,-0.0176715,0.3925
1765976267963797,0,-0.355392,0.0976884,-9.60532,0.0154636,-0.0370072,0.392471,0,0,0,0.340498,0.076574,-0.0194185,0.936921,0.0154636,-0.0370072,0.392471
1765976267968804,0,-0.357098,0.0979767,-9.61254,0.0190806,-0.0104539,0.389246,0,0,0,0.339579,0.0766193,-0.01947,0.93725,0.0190806,-0.0104539,0.389246
1765976267973797,0,-0.358802,0.0982695,-9.6041,0.0202663,-0.0218506,0.389157,0,0,0,0.338662,0.0766577,-0.0195128,0.937577,0.0202663,-0.0218506,0.389157
1765976267978798,0,-0.360508,0.0985652,-9.6099,0.0201628,-0.00679194,0.385985,0,0,0,0.33775,0.0766859,-0.0195506,0.937903,0.0201628,-0.00679194,0.385985
1765976267983800,0,-0.36221,0.0988642,-9.60135,0.0184559,-0.0259817,0.385926,0,0,0,0.33684,0.0767261,-0.019595,0.938226,0.0184559,-0.0259817,0.385926
1765976267988797,0,-0.363913,0.0991657,-9.60821,0.0193268,-0.00738543,0.382754,0,0,0,0.335935,0.076758,-0.0196368,0.938547,0.0193268,-0.00738543,0.382754
1765976267993799,0,-0.365613,0.0994712,-9.59963,0.0183266,-0.0242269,0.382657,0,0,0,0.335032,0.0767959,-0.0196808,0.938866,0.0183266,-0.0242269,0.382657
1765976267998796,0,-0.367315,0.0997794,-9.6068,0.0204897,-0.00224227,0.37948,0,0,0,0.334134,0.0768194,-0.0197172,0.939183,0.0204897,-0.00224227,0.37948
1765976268003801,0,-0.369014,0.100091,-9.59818,0.0203433,-0.0170652,0.37935,0,0,0,0.333239,0.0768439,-0.0197514,0.939498,0.0203433,-0.0170652,0.37935
1765976268008797,0,-0.370714,0.100405,-9.60503,0.021364,0.00141519,0.376178,0,0,0,0.332348,0.0768567,-0.0197798,0.939812,0.021364,0.00141519,0.376178
1765976268013798,0,-0.37241,0.100723,-9.59629,0.0202526,-0.0160776,0.376043,0,0,0,0.331459,0.0768767,-0.0198108,0.940123,0.0202526,-0.0160776,0.376043
1765976268018798,0,-0.374107,0.101042,-9.60359,0.0211409,0.0024156,0.372873,0,0,0,0.330576,0.076887,-0.0198381,0.940433,0.0211409,0.0024156,0.372873
1765976268023781,0,-0.3758,0.101365,-9.5948,0.0198825,-0.0151485,0.37271,0,0,0,0.329695,0.0769045,-0.0198685,0.94074,0.0198825,-0.0151485,0.37271
1765976268028800,0,-0.377493,0.101689,-9.60167,0.0189394,-0.00160369,0.369559,0,0,0,0.328818,0.0769184,-0.0199002,0.941045,0.0189394,-0.00160369,0.369559
1765976268033800,0,-0.37918,0.102016,-9.59269,0.0162744,-0.0227938,0.369423,0,0,0,0.327945,0.076948,-0.0199421,0.941347,0.0162744,-0.0227938,0.369423
1765976268038796,0,-0.380869,0.102345,-9.60067,0.0174411,-0.00279269,0.366259,0,0,0,0.327076,0.0769689,-0.0199818,0.941646,0.0174411,-0.00279269,0.366259
1765976268043803,0,-0.382554,0.102678,-9.59171,0.0163429,-0.0195646,0.366065,0,0,0,0.32621,0.0769946,-0.0200231,0.941944,0.0163429,-0.0195646,0.366065
1765976268048799,0,-0.384241,0.103012,-9.59939,0.0172982,-0.000694837,0.362912,0,0,0,0.325349,0.0770095,-0.0200602,0.94224,0.0172982,-0.000694837,0.362912
1765976268053797,0,-0.385924,0.10335,-9.59036,0.0159646,-0.0183528,0.362701,0,0,0,0.32449,0.0770314,-0.0201003,0.942533,0.0159646,-0.0183528,0.362701
1765976268058803,0,-0.387607,0.103689,-9.59784,0.0155277,-0.00367853,0.359568,0,0,0,0.323637,0.0770484,-0.0201406,0.942824,0.0155277,-0.00367853,0.359568
1765976268063797,0,-0.389286,0.104031,-9.5887,0.0131212,-0.024234,0.359361,0,0,0,0.322786,0.0770795,-0.0201895,0.943112,0.0131212,-0.024234,0.359361
1765976268068797,0,-0.390965,0.104375,-9.59687,0.0137737,-0.00602169,0.35623,0,0,0,0.321939,0.0771036,-0.0202373,0.943398,0.0137737,-0.00602169,0.35623
1765976268073806,0,-0.392641,0.104722,-9.58776,0.0121904,-0.0239997,0.355974,0,0,0,0.321096,0.0771356,-0.0202892,0.943682,0.0121904,-0.0239997,0.355974
1765976268078799,0,-0.394319,0.10507,-9.59623,0.0139136,-0.00302716,0.352817,0,0,0,0.320258,0.0771551,-0.0203355,0.943964,0.0139136,-0.00302716,0.352817
1765976268083798,0,-0.395994,0.105422,-9.58695,0.0129881,-0.0197792,0.352545,0,0,0,0.319422,0.0771788,-0.0203824,0.944245,0.0129881,-0.0197792,0.352545
1765976268088794,0,-0.39767,0.105776,-9.59513,0.0135227,-0.00245387,0.349404,0,0,0,0.318591,0.0771936,-0.0204262,0.944523,0.0135227,-0.00245387,0.349404
1765976268093798,0,-0.399341,0.106132,-9.58582,0.0116725,-0.0215758,0.349111,0,0,0,0.317763,0.0772186,-0.0204753,0.944799,0.0116725,-0.0215758,0.349111
1765976268098800,0,-0.401015,0.106491,-9.59486,0.0138885,0.000532931,0.345944,0,0,0,0.31694,0.0772307,-0.0205183,0.945073,0.0138885,0.000532931,0.345944
1765976268103796,0,-0.402685,0.106852,-9.58551,0.0131951,-0.0156163,0.345601,0,0,0,0.31612,0.0772452,-0.0205604,0.945346,0.0131951,-0.0156163,0.345601
1765976268108801,0,-0.404357,0.107214,-9.59422,0.0147349,0.00414906,0.342449,0,0,0,0.315305,0.0772475,-0.0205965,0.945617,0.0147349,0.00414906,0.342449
1765976268113799,0,-0.406024,0.10758,-9.58484,0.0134547,-0.0136415,0.342088,0,0,0,0.314492,0.0772564,-0.0206346,0.945886,0.0134547,-0.0136415,0.342088
1765976268118797,0,-0.407693,0.107946,-9.59385,0.0150688,0.00645271,0.338921,0,0,0,0.313685,0.0772538,-0.0206675,0.946153,0.0150688,0.00645271,0.338921
1765976268123800,0,-0.409357,0.108315,-9.5844,0.0137599,-0.0113403,0.338526,0,0,0,0.312881,0.0772575,-0.0207024,0.946419,0.0137599,-0.0113403,0.338526
1765976268128796,0,-0.411023,0.108686,-9.59356,0.0150019,0.00770825,0.335365,0,0,0,0.312081,0.0772512,-0.0207331,0.946682,0.0150019,0.00770825,0.335365
1765976268133795,0,-0.412683,0.109058,-9.58406,0.0133514,-0.0109134,0.334952,0,0,0,0.311285,0.077253,-0.0207672,0.946944,0.0133514,-0.0109134,0.334952
1765976268138797,0,-0.414345,0.109431,-9.59348,0.0151887,0.00983529,0.331793,0,0,0,0.310494,0.0772432,-0.0207963,0.947204,0.0151887,0.00983529,0.331793
1765976268143798,0,-0.416003,0.109807,-9.58392,0.0139004,-0.00782215,0.331355,0,0,0,0.309706,0.077239,-0.0208266,0.947461,0.0139004,-0.00782215,0.331355
1765976268148794,0,-0.417661,0.110183,-9.59338,0.015324,0.0116283,0.328198,0,0,0,0.308923,0.077224,-0.0208524,0.947717,0.015324,0.0116283,0.328198
1765976268153794,0,-0.419314,0.110562,-9.58381,0.0136738,-0.00690236,0.327729,0,0,0,0.308143,0.0772168,-0.0208813,0.947971,0.0136738,-0.00690236,0.327729
1765976268158795,0,-0.420968,0.110941,-9.59317,0.0143613,0.0103566,0.324587,0,0,0,0.307368,0.0772024,-0.0209082,0.948223,0.0143613,0.0103566,0.324587
1765976268163795,0,-0.422616,0.111321,-9.5835,0.0121049,-0.00984612,0.324118,0,0,0,0.306597,0.0771997,-0.0209412,0.948473,0.0121049,-0.00984612,0.324118
1765976268168795,0,-0.424265,0.111702,-9.59358,0.0138484,0.0108716,0.320969,0,0,0,0.30583,0.0771867,-0.0209703,0.94872,0.0138484,0.0108716,0.320969
1765976268173797,0,-0.425909,0.112085,-9.58389,0.0123323,-0.00705615,0.320459,0,0,0,0.305067,0.0771795,-0.0210013,0.948966,0.0123323,-0.00705615,0.320459
1765976268178797,0,-0.427554,0.112469,-9.59365,0.0134605,0.0112056,0.31733,0,0,0,0.304309,0.0771634,-0.0210291,0.94921,0.0134605,0.0112056,0.31733
1765976268183797,0,-0.429194,0.112854,-9.58389,0.0114187,-0.00846492,0.316815,0,0,0,0.303554,0.0771575,-0.0210615,0.949452,0.0114187,-0.00846492,0.316815
1765976268188796,0,-0.430834,0.113239,-9.59391,0.0122564,0.00939522,0.31368,0,0,0,0.302804,0.0771446,-0.0210924,0.949691,0.0122564,0.00939522,0.31368
1765976268193795,0,-0.432469,0.113626,-9.58407,0.00996643,-0.0106588,0.313141,0,0,0,0.302058,0.0771426,-0.0211289,0.949928,0.00996643,-0.0106588,0.313141
1765976268198796,0,-0.434105,0.114013,-9.59412,0.0106846,0.00669957,0.310029,0,0,0,0.301317,0.0771345,-0.0211645,0.950163,0.0106846,0.00669957,0.310029
1765976268203797,0,-0.435735,0.114401,-9.58427,0.00829397,-0.0135865,0.309477,0,0,0,0.300579,0.0771381,-0.0212062,0.950396,0.00829397,-0.0135865,0.309477
1765976268208795,0,-0.437366,0.114789,-9.59447,0.00894837,0.00371741,0.306366,0,0,0,0.299846,0.0771359,-0.0212474,0.950627,0.00894837,0.00371741,0.306366
1765976268213797,0,-0.438992,0.115179,-9.58453,0.00647526,-0.0167438,0.3058,0,0,0,0.299117,0.0771456,-0.021295,0.950854,0.00647526,-0.0167438,0.3058
1765976268218785,0,-0.44062,0.11557,-9.59552,0.00889864,0.00559818,0.30268,0,0,0,0.298393,0.0771432,-0.0213374,0.951081,0.00889864,0.00559818,0.30268
1765976268223803,0,-0.442244,0.115962,-9.58573,0.00773399,-0.01105,0.302035,0,0,0,0.297672,0.0771437,-0.0213793,0.951306,0.00773399,-0.01105,0.302035
1765976268228807,0,-0.44387,0.116354,-9.59627,0.00951643,0.00898844,0.298902,0,0,0,0.296956,0.0771318,-0.0214157,0.95153,0.00951643,0.00898844,0.298902
1765976268233798,0,-0.445492,0.116748,-9.58629,0.00772114,-0.00989242,0.298257,0,0,0,0.296244,0.0771277,-0.0214548,0.951751,0.00772114,-0.00989242,0.298257
1765976268238796,0,-0.447115,0.117142,-9.59726,0.00996037,0.0113237,0.295135,0,0,0,0.295538,0.0771117,-0.0214884,0.951971,0.00996037,0.0113237,0.295135
1765976268243798,0,-0.448733,0.117537,-9.5872,0.00840318,-0.0070372,0.29448,0,0,0,0.294834,0.0771018,-0.0215234,0.95219,0.00840318,-0.0070372,0.29448
1765976268248796,0,-0.450353,0.117932,-9.59831,0.01067,0.0140522,0.291361,0,0,0,0.294136,0.0770798,-0.0215525,0.952407,0.01067,0.0140522,0.291361
1765976268253800,0,-0.451968,0.118328,-9.58824,0.0090588,-0.00446069,0.290678,0,0,0,0.293442,0.0770643,-0.0215832,0.952621,0.0090588,-0.00446069,0.290678
1765976268258798,0,-0.453584,0.118724,-9.59901,0.0099719,0.0125724,0.287592,0,0,0,0.292752,0.077042,-0.0216118,0.952835,0.0099719,0.0125724,0.287592
1765976268263807,0,-0.455194,0.11912,-9.58892,0.00734616,-0.00855815,0.286908,0,0,0,0.292066,0.0770329,-0.0216471,0.953045,0.00734616,-0.00855815,0.286908
1765976268268833,0,-0.456805,0.119516,-9.60087,0.0102584,0.0148943,0.283789,0,0,0,0.291386,0.0770109,-0.0216764,0.953254,0.0102584,0.0148943,0.283789
1765976268273930,0,-0.458412,0.119914,-9.59066,0.00897897,-0.00246115,0.283067,0,0,0,0.290709,0.0769918,-0.021705,0.953462,0.00897897,-0.00246115,0.283067
1765976268278921,0,-0.460021,0.12031,-9.6017,0.0108095,0.016693,0.280023,0,0,0,0.290037,0.0769623,-0.0217286,0.953668,0.0108095,0.016693,0.280023
1765976268283917,0,-0.461623,0.120708,-9.59146,0.00865106,-0.00361165,0.279338,0,0,0,0.289369,0.0769432,-0.0217564,0.953872,0.00865106,-0.00361165,0.279338
1765976268288939,0,-0.463226,0.121104,-9.60281,0.00969055,0.0135839,0.276296,0,0,0,0.288705,0.0769188,-0.0217829,0.954075,0.00969055,0.0135839,0.276296
1765976268293940,0,-0.464823,0.121501,-9.5925,0.00692562,-0.00807968,0.275592,0,0,0,0.288046,0.0769082,-0.0218162,0.954274,0.00692562,-0.00807968,0.275592
1765976268298920,0,-0.466421,0.121898,-9.6044,0.00883535,0.0121767,0.272555,0,0,0,0.287391,0.0768893,-0.0218468,0.954472,0.00883535,0.0121767,0.272555
1765976268303816,0,-0.468014,0.122294,-9.59423,0.00675504,-0.00693312,0.271796,0,0,0,0.28674,0.0768782,-0.0218804,0.954668,0.00675504,-0.00693312,0.271796
1765976268308930,0,-0.469608,0.12269,-9.60591,0.00803095,0.0115443,0.268719,0,0,0,0.286095,0.0768589,-0.0219114,0.954862,0.00803095,0.0115443,0.268719
1765976268313798,0,-0.471197,0.123086,-9.5954,0.00531398,-0.00978175,0.267956,0,0,0,0.285453,0.0768518,-0.0219485,0.955054,0.00531398,-0.00978175,0.267956
1765976268318872,0,-0.472787,0.123482,-9.60797,0.00771438,0.0124545,0.264857,0,0,0,0.284817,0.0768335,-0.021981,0.955245,0.00771438,0.0124545,0.264857
1765976268323806,0,-0.474373,0.123877,-9.59763,0.0058591,-0.00585764,0.264014,0,0,0,0.284184,0.0768201,-0.0220149,0.955434,0.0058591,-0.00585764,0.264014
1765976268328926,0,-0.475962,0.124272,-9.61037,0.00939594,0.0191293,0.260899,0,0,0,0.283557,0.0767895,-0.0220398,0.955622,0.00939594,0.0191293,0.260899
1765976268333922,0,-0.477547,0.124667,-9.59975,0.00811764,0.00150416,0.260062,0,0,0,0.282934,0.0767608,-0.022063,0.955808,0.00811764,0.00150416,0.260062
1765976268338932,0,-0.479134,0.125062,-9.61237,0.0116435,0.0256895,0.257006,0,0,0,0.282315,0.0767155,-0.0220769,0.955994,0.0116435,0.0256895,0.257006
1765976268343815,0,-0.480716,0.125456,-9.60206,0.010381,0.00832841,0.256136,0,0,0,0.281701,0.0766726,-0.0220892,0.956179,0.010381,0.00832841,0.256136
1765976268348918,0,-0.482298,0.125849,-9.61425,0.0122129,0.0274923,0.253069,0,0,0,0.281092,0.0766192,-0.0220966,0.956362,0.0122129,0.0274923,0.253069
1765976268353907,0,-0.483874,0.126242,-9.60374,0.0095831,0.00616452,0.252193,0,0,0,0.280487,0.0765776,-0.0221092,0.956543,0.0095831,0.00616452,0.252193
1765976268358853,0,-0.48545,0.126632,-9.61605,0.0109198,0.0237369,0.249178,0,0,0,0.279887,0.076531,-0.0221206,0.956722,0.0109198,0.0237369,0.249178
1765976268363915,0,-0.487019,0.127022,-9.60576,0.00803705,0.0022273,0.248279,0,0,0,0.279291,0.0764978,-0.0221385,0.956898,0.00803705,0.0022273,0.248279
1765976268368923,0,-0.488589,0.12741,-9.61872,0.0106678,0.0243564,0.245265,0,0,0,0.278701,0.0764538,-0.0221519,0.957074,0.0106678,0.0243564,0.245265
1765976268373930,0,-0.490154,0.127798,-9.60844,0.00869022,0.00584095,0.244335,0,0,0,0.278114,0.0764151,-0.0221667,0.957247,0.00869022,0.00584095,0.244335
1765976268378849,0,-0.491719,0.128184,-9.62051,0.00996753,0.0229307,0.241365,0,0,0,0.277533,0.0763697,-0.0221793,0.957419,0.00996753,0.0229307,0.241365
1765976268383883,0,-0.493278,0.128568,-9.61029,0.00701618,0.00137331,0.240433,0,0,0,0.276955,0.0763381,-0.0221986,0.957588,0.00701618,0.00137331,0.240433
1765976268388920,0,-0.494838,0.128951,-9.62355,0.0097971,0.0238867,0.237432,0,0,0,0.276383,0.0762953,-0.0222131,0.957757,0.0097971,0.0238867,0.237432
1765976268393897,0,-0.496393,0.129334,-9.61308,0.00777734,0.00506295,0.236483,0,0,0,0.275815,0.0762579,-0.022229,0.957923,0.00777734,0.00506295,0.236483
1765976268398918,0,-0.497949,0.129714,-9.62594,0.0104064,0.0262789,0.233523,0,0,0,0.275252,0.0762087,-0.0222391,0.958089,0.0104064,0.0262789,0.233523
1765976268403919,0,-0.4995,0.130094,-9.61555,0.00824519,0.00677915,0.232569,0,0,0,0.274693,0.0761671,-0.0222516,0.958252,0.00824519,0.00677915,0.232569
1765976268408936,0,-0.501051,0.130472,-9.62853,0.0103289,0.0264997,0.229609,0,0,0,0.274139,0.0761161,-0.0222601,0.958415,0.0103289,0.0264997,0.229609
1765976268413824,0,-0.502596,0.130848,-9.61797,0.00766373,0.00548603,0.228653,0,0,0,0.27359,0.0760761,-0.0222731,0.958575,0.00766373,0.00548603,0.228653
1765976268418808,0,-0.504143,0.131223,-9.63209,0.0113519,0.0308869,0.225648,0,0,0,0.273045,0.0760205,-0.0222785,0.958734,0.0113519,0.0308869,0.225648
1765976268423803,0,-0.505685,0.131596,-9.62173,0.00986471,0.0140619,0.224596,0,0,0,0.272505,0.0759653,-0.022282,0.958892,0.00986471,0.0140619,0.224596
1765976268428799,0,-0.507229,0.131968,-9.63479,0.012321,0.0348287,0.221623,0,0,0,0.27197,0.075897,-0.0222791,0.959049,0.012321,0.0348287,0.221623
1765976268433801,0,-0.508766,0.132337,-9.62438,0.00984931,0.0146544,0.22058,0,0,0,0.271439,0.0758376,-0.0222795,0.959204,0.00984931,0.0146544,0.22058
1765976268438805,0,-0.510304,0.132705,-9.63823,0.0131017,0.0381335,0.217616,0,0,0,0.270914,0.0757645,-0.0222733,0.959359,0.0131017,0.0381335,0.217616
1765976268443800,0,-0.511836,0.13307,-9.6278,0.0111299,0.0195699,0.216555,0,0,0,0.270393,0.0756957,-0.0222675,0.959511,0.0111299,0.0195699,0.216555
1765976268448795,0,-0.51337,0.133434,-9.64169,0.0146843,0.0438147,0.213607,0,0,0,0.269877,0.0756109,-0.0222533,0.959664,0.0146843,0.0438147,0.213607
1765976268453801,0,-0.514897,0.133795,-9.63127,0.0128369,0.025535,0.212532,0,0,0,0.269365,0.0755294,-0.0222388,0.959814,0.0128369,0.025535,0.212532
1765976268458804,0,-0.516425,0.134154,-9.6446,0.0151437,0.0455264,0.209632,0,0,0,0.268859,0.0754371,-0.0222192,0.959964,0.0151437,0.0455264,0.209632
1765976268463798,0,-0.517944,0.13451,-9.63418,0.0123609,0.0244289,0.20857,0,0,0,0.268357,0.0753557,-0.0222041,0.960111,0.0123609,0.0244289,0.20857
1765976268468795,0,-0.519464,0.134864,-9.64811,0.0149466,0.0455427,0.205687,0,0,0,0.26786,0.0752645,-0.0221849,0.960258,0.0149466,0.0455427,0.205687
1765976268473799,0,-0.520976,0.135215,-9.63773,0.0123476,0.0252489,0.204609,0,0,0,0.267367,0.075182,-0.0221689,0.960402,0.0123476,0.0252489,0.204609
1765976268478797,0,-0.522486,0.135562,-9.65042,0.0128231,0.0394005,0.201795,0,0,0,0.266879,0.0750982,-0.0221542,0.960544,0.0128231,0.0394005,0.201795
1765976268483798,0,-0.523987,0.135907,-9.63996,0.00871589,0.0144959,0.200757,0,0,0,0.266395,0.0750353,-0.0221507,0.960683,0.00871589,0.0144959,0.200757
1765976268488798,0,-0.52549,0.136249,-9.65496,0.0124621,0.0397233,0.197912,0,0,0,0.265917,0.0749603,-0.0221421,0.960822,0.0124621,0.0397233,0.197912
1765976268493783,0,-0.526987,0.136589,-9.64458,0.0106914,0.0222922,0.19681,0,0,0,0.265442,0.0748867,-0.0221321,0.960959,0.0106914,0.0222922,0.19681
1765976268498797,0,-0.528484,0.136927,-9.65813,0.0131395,0.0425938,0.194001,0,0,0,0.264973,0.0748011,-0.0221166,0.961096,0.0131395,0.0425938,0.194001
1765976268503799,0,-0.529974,0.137261,-9.64771,0.010363,0.0216724,0.19291,0,0,0,0.264508,0.0747259,-0.0221053,0.96123,0.010363,0.0216724,0.19291
1765976268508798,0,-0.531464,0.137593,-9.66158,0.0126805,0.0417355,0.190137,0,0,0,0.264048,0.074642,-0.0220905,0.961363,0.0126805,0.0417355,0.190137
1765976268513798,0,-0.532947,0.137922,-9.6512,0.00981153,0.0207752,0.189043,0,0,0,0.263592,0.0745687,-0.0220802,0.961494,0.00981153,0.0207752,0.189043
1765976268518803,0,-0.53443,0.138248,-9.66476,0.0115018,0.0386356,0.186309,0,0,0,0.263142,0.0744898,-0.0220684,0.961624,0.0115018,0.0386356,0.186309
1765976268523803,0,-0.535904,0.13857,-9.65437,0.00818817,0.0162988,0.185223,0,0,0,0.262695,0.0744252,-0.0220635,0.961751,0.00818817,0.0162988,0.185223
1765976268528791,0,-0.537381,0.138891,-9.66925,0.0118504,0.0408175,0.18247,0,0,0,0.262253,0.0743473,-0.0220523,0.961878,0.0118504,0.0408175,0.18247
1765976268533799,0,-0.538851,0.139208,-9.65892,0.00991149,0.0229095,0.181335,0,0,0,0.261816,0.074272,-0.0220407,0.962003,0.00991149,0.0229095,0.181335
1765976268538782,0,-0.540322,0.139523,-9.67258,0.0123404,0.0426691,0.178623,0,0,0,0.261383,0.0741859,-0.022024,0.962128,0.0123404,0.0426691,0.178623
1765976268543799,0,-0.541785,0.139834,-9.66228,0.00948725,0.0216101,0.177496,0,0,0,0.260955,0.0741108,-0.0220117,0.96225,0.00948725,0.0216101,0.177496
1765976268548777,0,-0.543249,0.140142,-9.67638,0.011853,0.0417301,0.174804,0,0,0,0.260532,0.0740272,-0.0219962,0.962372,0.011853,0.0417301,0.174804
1765976268553799,0,-0.544705,0.140447,-9.66604,0.00892518,0.0207721,0.173673,0,0,0,0.260112,0.0739541,-0.021985,0.962491,0.00892518,0.0207721,0.173673
1765976268558781,0,-0.546161,0.140749,-9.67998,0.0109834,0.0396837,0.171015,0,0,0,0.259698,0.0738739,-0.0219716,0.962609,0.0109834,0.0396837,0.171015
1765976268563793,0,-0.54761,0.141048,-9.66965,0.00783811,0.0180056,0.169887,0,0,0,0.259288,0.0738063,-0.0219638,0.962725,0.00783811,0.0180056,0.169887
1765976268568780,0,-0.54906,0.141343,-9.68432,0.0109358,0.0405162,0.167228,0,0,0,0.258883,0.0737275,-0.0219511,0.962841,0.0109358,0.0405162,0.167228
1765976268573815,0,-0.550504,0.141636,-9.67406,0.0085225,0.0213253,0.166067,0,0,0,0.258482,0.0736547,-0.0219401,0.962954,0.0085225,0.0213253,0.166067
1765976268578839,0,-0.551948,0.141925,-9.6878,0.0106646,0.0401697,0.163453,0,0,0,0.258086,0.0735734,-0.0219258,0.963067,0.0106646,0.0401697,0.163453
1765976268583831,0,-0.553384,0.142211,-9.6774,0.00748269,0.0180836,0.162321,0,0,0,0.257694,0.0735053,-0.0219172,0.963177,0.00748269,0.0180836,0.162321
1765976268588839,0,-0.554822,0.142494,-9.69227,0.0109784,0.0414272,0.159712,0,0,0,0.257307,0.0734254,-0.0219031,0.963287,0.0109784,0.0414272,0.159712
1765976268593914,0,-0.556253,0.142773,-9.68206,0.00879892,0.0228011,0.158539,0,0,0,0.256924,0.0733501,-0.0218895,0.963395,0.00879892,0.0228011,0.158539
1765976268598919,0,-0.557683,0.143049,-9.69479,0.00928027,0.0355812,0.15602,0,0,0,0.256545,0.0732739,-0.0218768,0.963502,0.00928027,0.0355812,0.15602
1765976268603918,0,-0.559104,0.143321,-9.68445,0.00494183,0.00973711,0.154913,0,0,0,0.256171,0.0732214,-0.0218763,0.963606,0.00494183,0.00973711,0.154913
1765976268608817,0,-0.560526,0.14359,-9.69986,0.00852932,0.0337362,0.15236,0,0,0,0.255801,0.0731594,-0.0218718,0.963709,0.00852932,0.0337362,0.15236
1765976268613809,0,-0.561944,0.143856,-9.68975,0.00647904,0.0160042,0.151176,0,0,0,0.255436,0.0731001,-0.0218672,0.96381,0.00647904,0.0160042,0.151176
1765976268618805,0,-0.563362,0.144118,-9.70328,0.00810378,0.0333933,0.14866,0,0,0,0.255075,0.073033,-0.0218597,0.963911,0.00810378,0.0333933,0.14866
1765976268623798,0,-0.564773,0.144377,-9.69302,0.00458657,0.0107656,0.147502,0,0,0,0.254719,0.0729809,-0.0218596,0.96401,0.00458657,0.0107656,0.147502
1765976268628797,0,-0.566183,0.144632,-9.70678,0.00586531,0.0267259,0.145021,0,0,0,0.254367,0.0729273,-0.0218604,0.964106,0.00586531,0.0267259,0.145021
1765976268633797,0,-0.567586,0.144884,-9.69652,0.00214198,0.00331281,0.143869,0,0,0,0.254019,0.0728912,-0.0218699,0.964201,0.00214198,0.00331281,0.143869
1765976268638796,0,-0.568993,0.145133,-9.7125,0.00722513,0.0323301,0.141338,0,0,0,0.253676,0.0728367,-0.0218702,0.964295,0.00722513,0.0323301,0.141338
1765976268643780,0,-0.570397,0.145379,-9.70227,0.00609863,0.0173244,0.140116,0,0,0,0.253337,0.072777,-0.0218652,0.964389,0.00609863,0.0173244,0.140116
1765976268648796,0,-0.571804,0.145622,-9.71711,0.0105118,0.0437701,0.137596,0,0,0,0.253003,0.0726949,-0.0218484,0.964483,0.0105118,0.0437701,0.137596
1765976268653797,0,-0.573207,0.145862,-9.70683,0.00875436,0.0263981,0.136369,0,0,0,0.252673,0.072613,-0.0218293,0.964576,0.00875436,0.0263981,0.136369
1765976268658797,0,-0.574609,0.146098,-9.72082,0.0114774,0.0463133,0.133915,0,0,0,0.252348,0.0725197,-0.0218045,0.964669,0.0114774,0.0463133,0.133915
1765976268663798,0,-0.576004,0.146331,-9.71068,0.00855003,0.0249226,0.13271,0,0,0,0.252027,0.0724379,-0.0217841,0.964759,0.00855003,0.0249226,0.13271
1765976268668796,0,-0.5774,0.146559,-9.72531,0.0113667,0.0458497,0.130283,0,0,0,0.251711,0.0723467,-0.0217596,0.964849,0.0113667,0.0458497,0.130283
1765976268673796,0,-0.578788,0.146784,-9.71525,0.0085287,0.0253247,0.129072,0,0,0,0.251398,0.0722649,-0.0217386,0.964937,0.0085287,0.0253247,0.129072
1765976268678797,0,-0.580177,0.147005,-9.72935,0.010713,0.0439245,0.126688,0,0,0,0.251091,0.0721761,-0.021715,0.965025,0.010713,0.0439245,0.126688
1765976268683802,0,-0.581557,0.147221,-9.71932,0.00744306,0.02195,0.125489,0,0,0,0.250787,0.0721006,-0.0216973,0.96511,0.00744306,0.02195,0.125489
1765976268688798,0,-0.582938,0.147434,-9.73404,0.0103537,0.0433048,0.123118,0,0,0,0.250488,0.0720158,-0.0216757,0.965194,0.0103537,0.0433048,0.123118
1765976268693798,0,-0.584313,0.147642,-9.72401,0.00757313,0.0230672,0.121907,0,0,0,0.250193,0.0719394,-0.0216572,0.965277,0.00757313,0.0230672,0.121907
1765976268698799,0,-0.585687,0.147847,-9.73798,0.00959279,0.0410774,0.119589,0,0,0,0.249902,0.0718566,-0.0216365,0.965359,0.00959279,0.0410774,0.119589
1765976268703799,0,-0.587054,0.148047,-9.72801,0.00622329,0.0188342,0.118398,0,0,0,0.249615,0.071788,-0.0216223,0.965438,0.00622329,0.0188342,0.118398
1765976268708798,0,-0.588422,0.148244,-9.74307,0.00970722,0.0422544,0.11608,0,0,0,0.249333,0.0717075,-0.0216027,0.965518,0.00970722,0.0422544,0.11608
1765976268713800,0,-0.589784,0.148437,-9.73315,0.00734187,0.0235573,0.114863,0,0,0,0.249055,0.0716315,-0.021584,0.965596,0.00734187,0.0235573,0.114863
1765976268718800,0,-0.591148,0.148627,-9.74753,0.0104039,0.0450505,0.112576,0,0,0,0.248781,0.0715431,-0.0215595,0.965673,0.0104039,0.0450505,0.112576
1765976268723801,0,-0.592505,0.148812,-9.7376,0.00769007,0.0248468,0.111368,0,0,0,0.248511,0.071463,-0.0215378,0.965749,0.00769007,0.0248468,0.111368
1765976268728801,0,-0.593862,0.148993,-9.75207,0.0105973,0.0459131,0.109112,0,0,0,0.248246,0.0713724,-0.0215114,0.965825,0.0105973,0.0459131,0.109112
1765976268733799,0,-0.595212,0.14917,-9.74219,0.00777209,0.025458,0.107906,0,0,0,0.247985,0.0712909,-0.0214884,0.965898,0.00777209,0.025458,0.107906
1765976268738781,0,-0.596563,0.149343,-9.75654,0.0104494,0.0457337,0.105685,0,0,0,0.247728,0.0712002,-0.0214614,0.965972,0.0104494,0.0457337,0.105685
1765976268743799,0,-0.597907,0.149512,-9.74675,0.00749223,0.0249592,0.104482,0,0,0,0.247474,0.0711196,-0.0214385,0.966043,0.00749223,0.0249592,0.104482
1765976268748776,0,-0.59925,0.149677,-9.7607,0.0095208,0.0428272,0.102309,0,0,0,0.247225,0.0710333,-0.0214138,0.966114,0.0095208,0.0428272,0.102309
1765976268753799,0,-0.600586,0.149837,-9.75099,0.00615503,0.0206831,0.101122,0,0,0,0.24698,0.0709611,-0.0213954,0.966182,0.00615503,0.0206831,0.101122
1765976268758779,0,-0.601922,0.149993,-9.76571,0.00932266,0.042626,0.0989596,0,0,0,0.24674,0.070879,-0.0213728,0.96625,0.00932266,0.042626,0.0989596
1765976268763798,0,-0.603252,0.150146,-9.75606,0.00675618,0.0232756,0.0977559,0,0,0,0.246503,0.0708036,-0.0213522,0.966316,0.00675618,0.0232756,0.0977559
1765976268768800,0,-0.604584,0.150294,-9.77063,0.0102755,0.0463002,0.0956167,0,0,0,0.24627,0.0707143,-0.0213251,0.966383,0.0102755,0.0463002,0.0956167
1765976268773800,0,-0.60591,0.150439,-9.76099,0.00790191,0.0274498,0.0944127,0,0,0,0.246041,0.0706302,-0.0212989,0.966448,0.00790191,0.0274498,0.0944127
1765976268778783,0,-0.607236,0.150579,-9.77521,0.0108815,0.0486701,0.0923101,0,0,0,0.245816,0.0705341,-0.0212672,0.966513,0.0108815,0.0486701,0.0923101
1765976268783799,0,-0.608556,0.150715,-9.76568,0.00814839,0.02877,0.0911126,0,0,0,0.245595,0.0704462,-0.0212385,0.966576,0.00814839,0.02877,0.0911126
1765976268788781,0,-0.609875,0.150847,-9.77982,0.0108259,0.0490021,0.0890483,0,0,0,0.245379,0.0703485,-0.0212056,0.966639,0.0108259,0.0490021,0.0890483
1765976268793799,0,-0.611187,0.150975,-9.77034,0.00788598,0.0284605,0.0878626,0,0,0,0.245165,0.0702608,-0.0211767,0.9667,0.00788598,0.0284605,0.0878626
1765976268798895,0,-0.6125,0.151098,-9.78445,0.0105352,0.0482334,0.0858343,0,0,0,0.244957,0.0701645,-0.0211444,0.966761,0.0105352,0.0482334,0.0858343
1765976268803824,0,-0.613804,0.151217,-9.77479,0.00746724,0.0266554,0.0846712,0,0,0,0.244751,0.0700801,-0.0211166,0.966819,0.00746724,0.0266554,0.0846712
1765976268808826,0,-0.615109,0.151332,-9.78884,0.00978568,0.0454188,0.0826873,0,0,0,0.24455,0.0699895,-0.0210867,0.966878,0.00978568,0.0454188,0.0826873
1765976268813916,0,-0.616405,0.151443,-9.77929,0.00655607,0.0235507,0.0815367,0,0,0,0.244352,0.0699119,-0.0210623,0.966934,0.00655607,0.0235507,0.0815367
1765976268818930,0,-0.617701,0.151549,-9.79293,0.00847442,0.0405409,0.0796049,0,0,0,0.244158,0.0698308,-0.0210371,0.966989,0.00847442,0.0405409,0.0796049
1765976268823852,0,-0.618989,0.15165,-9.78343,0.00501329,0.017697,0.0784786,0,0,0,0.243968,0.0697657,-0.021019,0.967042,0.00501329,0.017697,0.0784786
1765976268828905,0,-0.620275,0.151748,-9.79664,0.00579238,0.0311912,0.0766044,0,0,0,0.243781,0.0697026,-0.0210035,0.967094,0.00579238,0.0311912,0.0766044
1765976268833820,0,-0.621553,0.15184,-9.78716,0.00162434,0.00626523,0.0755093,0,0,0,0.243598,0.0696613,-0.0209989,0.967144,0.00162434,0.00626523,0.0755093
1765976268838921,0,-0.622835,0.15193,-9.80267,0.00597555,0.0330641,0.0735938,0,0,0,0.243418,0.069606,-0.020988,0.967193,0.00597555,0.0330641,0.0735938
1765976268843829,0,-0.624112,0.152016,-9.7931,0.00416362,0.0163335,0.0724494,0,0,0,0.243242,0.0695495,-0.0209749,0.967242,0.00416362,0.0163335,0.0724494
1765976268848909,0,-0.625392,0.152098,-9.80697,0.00739284,0.0385659,0.0705817,0,0,0,0.24307,0.0694777,-0.0209545,0.96729,0.00739284,0.0385659,0.0705817
1765976268853816,0,-0.626665,0.152176,-9.79755,0.0048244,0.0189935,0.0694545,0,0,0,0.242902,0.0694127,-0.0209362,0.967338,0.0048244,0.0189935,0.0694545
1765976268858857,0,-0.62794,0.152251,-9.81166,0.00794277,0.040815,0.0676163,0,0,0,0.242737,0.0693356,-0.0209124,0.967385,0.00794277,0.040815,0.0676163
1765976268863915,0,-0.62921,0.152322,-9.80234,0.00530623,0.0210466,0.0664935,0,0,0,0.242575,0.0692659,-0.020891,0.967431,0.00530623,0.0210466,0.0664935
1765976268868903,0,-0.630481,0.152389,-9.81713,0.00968238,0.04748,0.0646637,0,0,0,0.242418,0.0691781,-0.0208608,0.967478,0.00968238,0.04748,0.0646637
1765976268873808,0,-0.631748,0.152452,-9.808,0.00792241,0.0310221,0.0635222,0,0,0,0.242263,0.069089,-0.0208282,0.967523,0.00792241,0.0310221,0.0635222
1765976268878802,0,-0.633017,0.152512,-9.82218,0.0116579,0.0552268,0.0617239,0,0,0,0.242113,0.0689817,-0.0207868,0.96757,0.0116579,0.0552268,0.0617239
1765976268883802,0,-0.634278,0.152567,-9.8131,0.00939712,0.036978,0.0605922,0,0,0,0.241966,0.0688777,-0.0207456,0.967615,0.00939712,0.036978,0.0605922
1765976268888797,0,-0.63554,0.152618,-9.82683,0.0122926,0.0579899,0.0588466,0,0,0,0.241822,0.0687614,-0.020699,0.96766,0.0122926,0.0579899,0.0588466
1765976268893797,0,-0.636795,0.152665,-9.81782,0.00945793,0.0376226,0.0577417,0,0,0,0.241682,0.0686541,-0.0206556,0.967703,0.00945793,0.0376226,0.0577417
1765976268898798,0,-0.638049,0.152707,-9.83178,0.0124558,0.0589619,0.0560349,0,0,0,0.241546,0.068536,-0.0206077,0.967747,0.0124558,0.0589619,0.0560349
1765976268903798,0,-0.639295,0.152745,-9.82287,0.00971346,0.0389422,0.0549434,0,0,0,0.241412,0.0684261,-0.0205627,0.967789,0.00971346,0.0389422,0.0549434
1765976268908796,0,-0.640539,0.152779,-9.83613,0.0118078,0.0567991,0.0532969,0,0,0,0.241282,0.0683098,-0.0205154,0.96783,0.0118078,0.0567991,0.0532969
1765976268913800,0,-0.641775,0.152808,-9.82726,0.00846852,0.0344852,0.052242,0,0,0,0.241156,0.0682079,-0.0204745,0.96787,0.00846852,0.0344852,0.052242
1765976268918810,0,-0.643011,0.152833,-9.84118,0.0113394,0.0553577,0.0506244,0,0,0,0.241032,0.0680977,-0.0204302,0.96791,0.0113394,0.0553577,0.0506244
1765976268923785,0,-0.644238,0.152853,-9.83244,0.00858836,0.0353795,0.0495745,0,0,0,0.240912,0.0679961,-0.0203891,0.967948,0.00858836,0.0353795,0.0495745
1765976268928800,0,-0.645466,0.15287,-9.84621,0.0115783,0.0569417,0.0479914,0,0,0,0.240795,0.0678829,-0.0203432,0.967986,0.0115783,0.0569417,0.0479914
1765976268933779,0,-0.646686,0.152882,-9.83738,0.00883284,0.0368421,0.0469598,0,0,0,0.240681,0.0677779,-0.0203002,0.968022,0.00883284,0.0368421,0.0469598
1765976268938781,0,-0.647905,0.152891,-9.85045,0.0109074,0.0547056,0.0454365,0,0,0,0.24057,0.0676665,-0.020255,0.968058,0.0109074,0.0547056,0.0454365
1765976268943800,0,-0.649115,0.152894,-9.84177,0.00762048,0.0325884,0.0444379,0,0,0,0.240462,0.0675693,-0.020216,0.968093,0.00762048,0.0325884,0.0444379
1765976268948782,0,-0.650325,0.152894,-9.85552,0.0105417,0.053915,0.0429427,0,0,0,0.240357,0.0674629,-0.0201734,0.968127,0.0105417,0.053915,0.0429427
1765976268953799,0,-0.651527,0.15289,-9.84696,0.00787803,0.0343433,0.0419501,0,0,0,0.240256,0.0673641,-0.0201335,0.96816,0.00787803,0.0343433,0.0419501
1765976268958781,0,-0.652727,0.152881,-9.85888,0.0086097,0.0466772,0.0405435,0,0,0,0.240157,0.067266,-0.0200953,0.968192,0.0086097,0.0466772,0.0405435
1765976268963784,0,-0.653917,0.152869,-9.85035,0.00452739,0.0213593,0.0396149,0,0,0,0.240061,0.0671915,-0.0200682,0.968222,0.00452739,0.0213593,0.0396149
1765976268968786,0,-0.655106,0.152852,-9.86387,0.0069867,0.0410067,0.0382228,0,0,0,0.239967,0.0671129,-0.0200403,0.968251,0.0069867,0.0410067,0.0382228
1765976268973801,0,-0.656288,0.152831,-9.85536,0.00410808,0.0205669,0.0372929,0,0,0,0.239877,0.0670446,-0.0200166,0.968279,0.00410808,0.0205669,0.0372929
1765976268978792,0,-0.657471,0.152807,-9.86826,0.00659335,0.0400308,0.0359403,0,0,0,0.239789,0.0669681,-0.0199898,0.968306,0.00659335,0.0400308,0.0359403
1765976268983810,0,-0.658647,0.15278,-9.85985,0.00377123,0.0196416,0.0350296,0,0,0,0.239704,0.066902,-0.0199672,0.968332,0.00377123,0.0196416,0.0350296
1765976268988798,0,-0.659825,0.152749,-9.87328,0.00722828,0.0427786,0.0336952,0,0,0,0.239622,0.0668226,-0.0199387,0.968359,0.00722828,0.0427786,0.0336952
1765976268993785,0,-0.660997,0.152715,-9.86495,0.00505576,0.0247651,0.0327865,0,0,0,0.239542,0.0667471,-0.0199107,0.968384,0.00505576,0.0247651,0.0327865
1765976268998798,0,-0.662171,0.152678,-9.87864,0.00929965,0.0513503,0.0314663,0,0,0,0.239465,0.0666515,-0.0198733,0.968411,0.00929965,0.0513503,0.0314663
1765976269003799,0,-0.66334,0.152638,-9.87039,0.0076045,0.0353409,0.030556,0,0,0,0.239391,0.0665538,-0.0198334,0.968436,0.0076045,0.0353409,0.030556
1765976269008799,0,-0.664509,0.152594,-9.88235,0.00969399,0.0530307,0.0293132,0,0,0,0.23932,0.0664464,-0.0197894,0.968462,0.00969399,0.0530307,0.0293132
1765976269013797,0,-0.665669,0.152546,-9.8742,0.00656946,0.0312226,0.0284578,0,0,0,0.239251,0.0663529,-0.0197514,0.968487,0.00656946,0.0312226,0.0284578
1765976269018799,0,-0.666829,0.152496,-9.88743,0.00974506,0.0534641,0.0272386,0,0,0,0.239185,0.0662487,-0.0197088,0.968511,0.00974506,0.0534641,0.0272386
1765976269023780,0,-0.667982,0.152441,-9.87936,0.00736111,0.0346648,0.0263909,0,0,0,0.239121,0.0661502,-0.0196679,0.968534,0.00736111,0.0346648,0.0263909
1765976269028803,0,-0.669134,0.152383,-9.89139,0.00924802,0.0515908,0.0252394,0,0,0,0.239059,0.0660455,-0.0196248,0.968558,0.00924802,0.0515908,0.0252394
1765976269033800,0,-0.670277,0.152321,-9.88331,0.00599419,0.0291041,0.0244418,0,0,0,0.239,0.0659564,-0.0195884,0.968579,0.00599419,0.0291041,0.0244418
1765976269038826,0,-0.67142,0.152257,-9.8969,0.00992242,0.0545423,0.023295,0,0,0,0.238943,0.0658528,-0.0195456,0.968601,0.00992242,0.0545423,0.023295
1765976269043874,0,-0.672558,0.152189,-9.88895,0.00805577,0.0377928,0.0224883,0,0,0,0.238889,0.0657492,-0.0195015,0.968622,0.00805577,0.0377928,0.0224883
1765976269048807,0,-0.673697,0.152118,-9.90161,0.0115852,0.0614659,0.0213852,0,0,0,0.238837,0.0656283,-0.0194494,0.968644,0.0115852,0.0614659,0.0213852
1765976269053782,0,-0.674829,0.152044,-9.89397,0.00953496,0.0442204,0.0206009,0,0,0,0.238787,0.0655097,-0.0193972,0.968666,0.00953496,0.0442204,0.0206009
1765976269058862,0,-0.675958,0.151966,-9.90514,0.0107417,0.0585082,0.0195849,0,0,0,0.238739,0.065387,-0.0193441,0.968687,0.0107417,0.0585082,0.0195849
1765976269063806,0,-0.677076,0.151885,-9.89725,0.00700759,0.0339072,0.0188743,0,0,0,0.238694,0.0652852,-0.0193005,0.968706,0.00700759,0.0339072,0.0188743
1765976269068779,0,-0.678195,0.151801,-9.91106,0.0111325,0.0607982,0.0178522,0,0,0,0.23865,0.0651688,-0.0192507,0.968725,0.0111325,0.0607982,0.0178522
1765976269073802,0,-0.679308,0.151713,-9.9035,0.00948188,0.045444,0.0171205,0,0,0,0.238609,0.065049,-0.0191982,0.968745,0.00948188,0.045444,0.0171205
1765976269078799,0,-0.680418,0.151623,-9.91366,0.00987487,0.0559268,0.0162126,0,0,0,0.23857,0.0649288,-0.0191465,0.968763,0.00987487,0.0559268,0.0162126
1765976269083782,0,-0.681516,0.151528,-9.90609,0.00575201,0.029667,0.0155755,0,0,0,0.238532,0.0648351,-0.0191072,0.96878,0.00575201,0.029667,0.0155755
1765976269088803,0,-0.682613,0.151431,-9.91908,0.00889758,0.0521894,0.0146707,0,0,0,0.238496,0.0647344,-0.0190654,0.968796,0.00889758,0.0521894,0.0146707
1765976269093800,0,-0.683704,0.151331,-9.91154,0.00662901,0.0338159,0.0140279,0,0,0,0.238462,0.0646385,-0.0190249,0.968811,0.00662901,0.0338159,0.0140279
1765976269098799,0,-0.684795,0.151229,-9.92412,0.0104345,0.059471,0.0131488,0,0,0,0.238431,0.064524,-0.0189761,0.968828,0.0104345,0.059471,0.0131488
1765976269103810,0,-0.685881,0.151124,-9.91675,0.00861094,0.0432197,0.0125196,0,0,0,0.238401,0.0644085,-0.0189259,0.968844,0.00861094,0.0432197,0.0125196
1765976269108800,0,-0.686964,0.151016,-9.92738,0.0100583,0.0583014,0.011728,0,0,0,0.238372,0.064287,-0.0188738,0.96886,0.0100583,0.0583014,0.011728
1765976269113780,0,-0.688037,0.150905,-9.92008,0.00669308,0.0351487,0.0111688,0,0,0,0.238346,0.0641837,-0.0188296,0.968874,0.00669308,0.0351487,0.0111688
1765976269118801,0,-0.68911,0.150792,-9.9328,0.0102717,0.0597973,0.0103866,0,0,0,0.238321,0.0640675,-0.0187802,0.968889,0.0102717,0.0597973,0.0103866
1765976269123780,0,-0.690177,0.150676,-9.92556,0.00831899,0.042807,0.00982884,0,0,0,0.238297,0.0639523,-0.0187302,0.968903,0.00831899,0.042807,0.00982884
1765976269128799,0,-0.69124,0.150557,-9.93592,0.00951381,0.057006,0.00913553,0,0,0,0.238275,0.0638329,-0.0186792,0.968918,0.00951381,0.057006,0.00913553
1765976269133800,0,-0.692294,0.150436,-9.92875,0.0060121,0.0332193,0.00865157,0,0,0,0.238255,0.0637334,-0.0186372,0.96893,0.0060121,0.0332193,0.00865157
1765976269138799,0,-0.693347,0.150313,-9.94155,0.0100547,0.0597615,0.0079558,0,0,0,0.238236,0.063619,-0.0185888,0.968943,0.0100547,0.0597615,0.0079558
1765976269143798,0,-0.694395,0.150187,-9.93456,0.00849058,0.0444003,0.00746231,0,0,0,0.238218,0.0635017,-0.0185379,0.968956,0.00849058,0.0444003,0.00746231
1765976269148799,0,-0.695442,0.15006,-9.94529,0.0108219,0.0635443,0.0068381,0,0,0,0.238202,0.0633718,-0.0184818,0.96897,0.0108219,0.0635443,0.0068381
1765976269153800,0,-0.696479,0.14993,-9.93836,0.00810383,0.0431158,0.00640407,0,0,0,0.238187,0.0632528,-0.01843,0.968982,0.00810383,0.0431158,0.00640407
1765976269158800,0,-0.697516,0.149798,-9.95014,0.0114152,0.0665169,0.00580997,0,0,0,0.238173,0.0631201,-0.0183725,0.968995,0.0114152,0.0665169,0.00580997
1765976269163801,0,-0.698545,0.149664,-9.9433,0.00934602,0.0488184,0.00539757,0,0,0,0.238161,0.0629904,-0.0183154,0.969008,0.00934602,0.0488184,0.00539757
1765976269168802,0,-0.699572,0.149528,-9.95414,0.0117898,0.0684815,0.00486473,0,0,0,0.23815,0.0628498,-0.0182539,0.969021,0.0117898,0.0684815,0.00486473
1765976269173800,0,-0.70059,0.14939,-9.94743,0.00917475,0.0484721,0.0045035,0,0,0,0.238139,0.0627189,-0.0181963,0.969033,0.00917475,0.0484721,0.0045035
1765976269178804,0,-0.701603,0.149249,-9.95699,0.00953731,0.0588637,0.00406375,0,0,0,0.23813,0.0625917,-0.0181416,0.969045,0.00953731,0.0588637,0.00406375
1765976269183785,0,-0.702604,0.149106,-9.9503,0.00560533,0.0329152,0.00378342,0,0,0,0.238121,0.0624909,-0.0180991,0.969054,0.00560533,0.0329152,0.00378342
1765976269188800,0,-0.703604,0.148961,-9.96228,0.0090215,0.0572225,0.00334388,0,0,0,0.238114,0.0623802,-0.0180528,0.969064,0.0090215,0.0572225,0.00334388
1765976269193802,0,-0.704598,0.148815,-9.95568,0.00713791,0.0404687,0.00306069,0,0,0,0.238107,0.0622705,-0.0180061,0.969073,0.00713791,0.0404687,0.00306069
1765976269198798,0,-0.705591,0.148668,-9.96609,0.00962349,0.0605219,0.00267899,0,0,0,0.238101,0.0621483,-0.0179544,0.969084,0.00962349,0.0605219,0.00267899
1765976269203800,0,-0.706575,0.148519,-9.95964,0.00715398,0.0411393,0.00244351,0,0,0,0.238096,0.0620346,-0.0179059,0.969093,0.00715398,0.0411393,0.00244351
1765976269208802,0,-0.707556,0.148369,-9.96932,0.00853065,0.0559876,0.00212738,0,0,0,0.238091,0.061918,-0.0178572,0.969103,0.00853065,0.0559876,0.00212738
1765976269213789,0,-0.708528,0.148217,-9.96296,0.00538382,0.0334016,0.00194778,0,0,0,0.238087,0.061819,-0.0178161,0.969111,0.00538382,0.0334016,0.00194778
1765976269218799,0,-0.709498,0.148064,-9.97367,0.00795125,0.0539469,0.00165432,0,0,0,0.238084,0.0617123,-0.0177724,0.969119,0.00795125,0.0539469,0.00165432
1765976269223799,0,-0.71046,0.14791,-9.96738,0.00561626,0.0351264,0.00149249,0,0,0,0.238081,0.0616128,-0.0177314,0.969127,0.00561626,0.0351264,0.00149249
1765976269228780,0,-0.711421,0.147755,-9.97723,0.0077517,0.0534372,0.00124261,0,0,0,0.238079,0.0615051,-0.0176874,0.969135,0.0077517,0.0534372,0.00124261
1765976269233798,0,-0.712373,0.147598,-9.97106,0.0051748,0.0333531,0.00111749,0,0,0,0.238077,0.0614085,-0.017648,0.969142,0.0051748,0.0333531,0.00111749
1765976269238797,0,-0.713324,0.147441,-9.98118,0.0077219,0.0536275,0.000893613,0,0,0,0.238076,0.0613021,-0.0176048,0.96915,0.0077219,0.0536275,0.000893613
1765976269243796,0,-0.714268,0.147283,-9.97509,0.00542338,0.0347551,0.000789499,0,0,0,0.238075,0.0612034,-0.0175644,0.969157,0.00542338,0.0347551,0.000789499
1765976269248801,0,-0.715212,0.147125,-9.98593,0.00941865,0.0619963,0.000565171,0,0,0,0.238074,0.0610842,-0.0175151,0.969166,0.00941865,0.0619963,0.000565171
1765976269253803,0,-0.716151,0.146966,-9.97998,0.00805773,0.0475631,0.000457444,0,0,0,0.238074,0.0609601,-0.0174626,0.969175,0.00805773,0.0475631,0.000457444
1765976269258795,0,-0.717087,0.146807,-9.9885,0.00920954,0.0612469,0.000304807,0,0,0,0.238074,0.0608301,-0.0174082,0.969184,0.00920954,0.0612469,0.000304807
1765976269263781,0,-0.718011,0.146646,-9.98265,0.00600537,0.0380424,0.000259556,0,0,0,0.238074,0.0607198,-0.0173625,0.969192,0.00600537,0.0380424,0.000259556
1765976269268782,0,-0.718934,0.146484,-9.99256,0.00839437,0.0575461,0.000115207,0,0,0,0.238075,0.0606037,-0.0173149,0.9692,0.00839437,0.0575461,0.000115207
1765976269273804,0,-0.719848,0.146322,-9.9868,0.0060559,0.0383639,7.48998e-05,0,0,0,0.238076,0.0604963,-0.0172705,0.969207,0.0060559,0.0383639,7.48998e-05
1765976269278799,0,-0.72076,0.146159,-9.99608,0.00829126,0.0570326,-4.68654e-05,0,0,0,0.238077,0.0603806,-0.0172231,0.969215,0.00829126,0.0570326,-4.68654e-05
1765976269283781,0,-0.721664,0.145996,-9.9904,0.00586423,0.0372726,-6.79835e-05,0,0,0,0.238078,0.0602752,-0.0171796,0.969222,0.00586423,0.0372726,-6.79835e-05
1765976269288798,0,-0.722567,0.145832,-10.0002,0.00896201,0.0604561,-0.000188626,0,0,0,0.238079,0.0601558,-0.0171304,0.96923,0.00896201,0.0604561,-0.000188626
1765976269293800,0,-0.723463,0.145667,-9.99464,0.00710603,0.0436107,-0.000210964,0,0,0,0.238081,0.0600384,-0.0170814,0.969238,0.00710603,0.0436107,-0.000210964
1765976269298798,0,-0.724359,0.145503,-10.0044,0.0106392,0.068549,-0.000329275,0,0,0,0.238082,0.059902,-0.0170242,0.969247,0.0106392,0.068549,-0.000329275
1765976269303803,0,-0.725248,0.145338,-9.99896,0.00906941,0.0528645,-0.000352517,0,0,0,0.238084,0.0597645,-0.0169654,0.969256,0.00906941,0.0528645,-0.000352517
1765976269308781,0,-0.726132,0.145173,-10.007,0.0104043,0.0676147,-0.000423306,0,0,0,0.238086,0.0596208,-0.0169047,0.969265,0.0104043,0.0676147,-0.000423306
1765976269313798,0,-0.727007,0.145006,-10.0017,0.00738365,0.0450813,-0.000404568,0,0,0,0.238088,0.0594949,-0.0168516,0.969273,0.00738365,0.0450813,-0.000404568
1765976269318781,0,-0.727879,0.144839,-10.0113,0.0105005,0.0682657,-0.000490701,0,0,0,0.238091,0.0593575,-0.016794,0.969282,0.0105005,0.0682657,-0.000490701
1765976269323804,0,-0.728744,0.144671,-10.0062,0.00872333,0.0517189,-0.000488284,0,0,0,0.238093,0.0592217,-0.0167364,0.969291,0.00872333,0.0517189,-0.000488284
1765976269328782,0,-0.729605,0.144503,-10.0144,0.0107551,0.0693884,-0.00054938,0,0,0,0.238095,0.0590767,-0.0166751,0.9693,0.0107551,0.0693884,-0.00054938
1765976269333800,0,-0.730458,0.144335,-10.0094,0.00831307,0.0495461,-0.000527041,0,0,0,0.238098,0.0589429,-0.0166183,0.969309,0.00831307,0.0495461,-0.000527041
1765976269338797,0,-0.731307,0.144165,-10.018,0.0106287,0.0687399,-0.000583633,0,0,0,0.2381,0.0588007,-0.0165584,0.969318,0.0106287,0.0687399,-0.000583633
1765976269343785,0,-0.732147,0.143995,-10.0131,0.00834382,0.0495085,-0.000557314,0,0,0,0.238102,0.0586677,-0.0165018,0.969326,0.00834382,0.0495085,-0.000557314
1765976269348813,0,-0.732984,0.143825,-10.0214,0.0105314,0.0681887,-0.000604263,0,0,0,0.238105,0.0585263,-0.0164422,0.969335,0.0105314,0.0681887,-0.000604263
1765976269353811,0,-0.733812,0.143654,-10.0165,0.00817143,0.0485626,-0.000570559,0,0,0,0.238107,0.058395,-0.0163864,0.969343,0.00817143,0.0485626,-0.000570559
1765976269358932,0,-0.734637,0.143482,-10.0245,0.010017,0.0657206,-0.000605569,0,0,0,0.23811,0.058258,-0.0163288,0.969352,0.010017,0.0657206,-0.000605569
1765976269363950,0,-0.735452,0.14331,-10.0196,0.00738554,0.0445189,-0.000560391,0,0,0,0.238112,0.0581346,-0.0162767,0.96936,0.00738554,0.0445189,-0.000560391
1765976269368829,0,-0.736263,0.143137,-10.0276,0.00951112,0.0625686,-0.000593142,0,0,0,0.238115,0.0580056,-0.0162227,0.969368,0.00951112,0.0625686,-0.000593142
1765976269373848,0,-0.737067,0.142964,-10.0231,0.00730151,0.0438317,-0.000551785,0,0,0,0.238117,0.0578861,-0.0161722,0.969375,0.00730151,0.0438317,-0.000551785
1765976269378867,0,-0.737867,0.142791,-10.0306,0.00895454,0.0600981,-0.000573501,0,0,0,0.238119,0.0577612,-0.0161202,0.969383,0.00895454,0.0600981,-0.000573501
1765976269383810,0,-0.738658,0.142616,-10.026,0.00635522,0.0393302,-0.000520437,0,0,0,0.238121,0.0576502,-0.0160738,0.96939,0.00635522,0.0393302,-0.000520437
1765976269388800,0,-0.739446,0.142442,-10.0338,0.00842804,0.0580131,-0.000545364,0,0,0,0.238124,0.0575322,-0.0160252,0.969397,0.00842804,0.0580131,-0.000545364
1765976269393869,0,-0.740227,0.142267,-10.0293,0.00613882,0.0389296,-0.000496267,0,0,0,0.238126,0.0574236,-0.0159803,0.969404,0.00613882,0.0389296,-0.000496267
1765976269398885,0,-0.741005,0.142092,-10.037,0.00881382,0.0597499,-0.000530471,0,0,0,0.238128,0.0573036,-0.0159309,0.969411,0.00881382,0.0597499,-0.000530471
1765976269403831,0,-0.741777,0.141917,-10.0326,0.00693125,0.0420604,-0.000490811,0,0,0,0.23813,0.0571891,-0.0158829,0.969418,0.00693125,0.0420604,-0.000490811
1765976269408908,0,-0.742544,0.141741,-10.039,0.00779577,0.0544022,-0.000495974,0,0,0,0.238132,0.0570737,-0.0158353,0.969425,0.00779577,0.0544022,-0.000495974
1765976269413875,0,-0.743302,0.141565,-10.0347,0.0047258,0.0309903,-0.000429837,0,0,0,0.238134,0.0569795,-0.0157968,0.969431,0.0047258,0.0309903,-0.000429837
1765976269418817,0,-0.744059,0.141388,-10.0429,0.00802549,0.0554595,-0.000470144,0,0,0,0.238136,0.0568728,-0.0157533,0.969437,0.00802549,0.0554595,-0.000470144
1765976269423806,0,-0.74481,0.141212,-10.0388,0.00668666,0.0410033,-0.000439566,0,0,0,0.238138,0.0567637,-0.0157079,0.969444,0.00668666,0.0410033,-0.000439566
1765976269428802,0,-0.745558,0.141035,-10.0447,0.00767963,0.0540126,-0.0004475,0,0,0,0.23814,0.0566498,-0.0156611,0.969451,0.00767963,0.0540126,-0.0004475
1765976269433780,0,-0.746296,0.140858,-10.0406,0.00475985,0.0313397,-0.000386172,0,0,0,0.238141,0.0565554,-0.0156226,0.969457,0.00475985,0.0313397,-0.000386172
1765976269438800,0,-0.747035,0.140681,-10.0488,0.00873052,0.0596199,-0.000439944,0,0,0,0.238143,0.0564426,-0.0155765,0.969464,0.00873052,0.0596199,-0.000439944
1765976269443817,0,-0.74777,0.140504,-10.0449,0.00778661,0.0470435,-0.000421792,0,0,0,0.238145,0.0563212,-0.0155257,0.969471,0.00778661,0.0470435,-0.000421792
1765976269448783,0,-0.748505,0.140327,-10.0523,0.0118732,0.0756299,-0.000489016,0,0,0,0.238147,0.0561717,-0.0154626,0.96948,0.0118732,0.0756299,-0.000489016
1765976269453805,0,-0.749234,0.14015,-10.0486,0.011,0.0633757,-0.000485281,0,0,0,0.23815,0.056013,-0.0153943,0.96949,0.011,0.0633757,-0.000485281
1765976269458806,0,-0.749958,0.139972,-10.0537,0.0114474,0.0733467,-0.0005001,0,0,0,0.238152,0.0558517,-0.0153257,0.9695,0.0114474,0.0733467,-0.0005001
1765976269463779,0,-0.75067,0.139793,-10.0501,0.0081655,0.0486345,-0.000449038,0,0,0,0.238154,0.0557155,-0.0152678,0.969508,0.0081655,0.0486345,-0.000449038
1765976269468813,0,-0.751379,0.139614,-10.0578,0.0117058,0.0744973,-0.000503518,0,0,0,0.238156,0.0555661,-0.0152046,0.969517,0.0117058,0.0744973,-0.000503518
1765976269473802,0,-0.752082,0.139435,-10.0543,0.0104832,0.0602908,-0.000489871,0,0,0,0.238158,0.0554128,-0.0151386,0.969526,0.0104832,0.0602908,-0.000489871
1765976269478780,0,-0.75278,0.139255,-10.0597,0.0117432,0.0745556,-0.000512979,0,0,0,0.238161,0.0552526,-0.0150703,0.969536,0.0117432,0.0745556,-0.000512979
1765976269483805,0,-0.753469,0.139074,-10.0563,0.00906391,0.053038,-0.000472732,0,0,0,0.238163,0.0551092,-0.015009,0.969544,0.00906391,0.053038,-0.000472732
1765976269488802,0,-0.754153,0.138892,-10.063,0.0118491,0.0751075,-0.000514969,0,0,0,0.238165,0.054955,-0.0149434,0.969554,0.0118491,0.0751075,-0.000514969
1765976269493798,0,-0.75483,0.13871,-10.0597,0.0101741,0.0585798,-0.000492373,0,0,0,0.238167,0.0548035,-0.0148783,0.969563,0.0101741,0.0585798,-0.000492373
1765976269498800,0,-0.755504,0.138528,-10.0656,0.0124578,0.0782364,-0.000529239,0,0,0,0.238169,0.0546398,-0.0148083,0.969572,0.0124578,0.0782364,-0.000529239
1765976269503803,0,-0.756169,0.138345,-10.0625,0.0104619,0.0601526,-0.000503689,0,0,0,0.238172,0.0544831,-0.0147408,0.969582,0.0104619,0.0601526,-0.000503689
1765976269508794,0,-0.756829,0.138161,-10.068,0.0121322,0.0767114,-0.000530056,0,0,0,0.238174,0.0543201,-0.0146712,0.969591,0.0121322,0.0767114,-0.000530056
1765976269513798,0,-0.75748,0.137976,-10.0649,0.00976805,0.0567597,-0.000496243,0,0,0,0.238176,0.0541696,-0.0146067,0.9696,0.00976805,0.0567597,-0.000496243
1765976269518781,0,-0.758126,0.137791,-10.0707,0.0120513,0.0764787,-0.000529043,0,0,0,0.238178,0.05401,-0.0145387,0.96961,0.0120513,0.0764787,-0.000529043
1765976269523799,0,-0.758764,0.137605,-10.0678,0.0101243,0.0587588,-0.000501968,0,0,0,0.23818,0.0538568,-0.0144731,0.969619,0.0101243,0.0587588,-0.000501968
1765976269528784,0,-0.759397,0.137419,-10.0724,0.0107489,0.0695899,-0.000508499,0,0,0,0.238183,0.0537049,-0.0144087,0.969627,0.0107489,0.0695899,-0.000508499
1765976269533801,0,-0.760018,0.137231,-10.0695,0.00775913,0.0460595,-0.000457827,0,0,0,0.238184,0.0535758,-0.0143539,0.969635,0.00775913,0.0460595,-0.000457827
1765976269538798,0,-0.760635,0.137043,-10.0749,0.00963922,0.0634208,-0.000476187,0,0,0,0.238186,0.0534442,-0.0142986,0.969643,0.00963922,0.0634208,-0.000476187
1765976269543798,0,-0.761244,0.136855,-10.0722,0.00752952,0.0444295,-0.000437295,0,0,0,0.238188,0.0533231,-0.0142473,0.969649,0.00752952,0.0444295,-0.000437295
1765976269548798,0,-0.761851,0.136666,-10.0776,0.0102722,0.0667137,-0.000469119,0,0,0,0.23819,0.0531885,-0.0141906,0.969657,0.0102722,0.0667137,-0.000469119
1765976269553776,0,-0.762451,0.136477,-10.075,0.00874649,0.0510361,-0.000444485,0,0,0,0.238192,0.0530551,-0.0141337,0.969665,0.00874649,0.0510361,-0.000444485
1765976269558797,0,-0.763049,0.136287,-10.0798,0.0109215,0.0703884,-0.000472049,0,0,0,0.238194,0.0529093,-0.014072,0.969673,0.0109215,0.0703884,-0.000472049
1765976269563801,0,-0.763638,0.136097,-10.0772,0.00900922,0.0526067,-0.000443802,0,0,0,0.238196,0.0527703,-0.0140127,0.969681,0.00900922,0.0526067,-0.000443802
1765976269568782,0,-0.764226,0.135907,-10.0825,0.012068,0.0765856,-0.000485733,0,0,0,0.238198,0.0526144,-0.0139464,0.96969,0.012068,0.0765856,-0.000485733
1765976269573800,0,-0.764807,0.135717,-10.0801,0.0107587,0.0620182,-0.000472415,0,0,0,0.2382,0.0524567,-0.0138786,0.969699,0.0107587,0.0620182,-0.000472415
1765976269578799,0,-0.765381,0.135525,-10.0835,0.0109806,0.0707448,-0.000476419,0,0,0,0.238202,0.0523001,-0.0138121,0.969708,0.0109806,0.0707448,-0.000476419
1765976269583802,0,-0.765944,0.135333,-10.0812,0.0077958,0.0458749,-0.000428348,0,0,0,0.238204,0.0521702,-0.0137568,0.969715,0.0077958,0.0458749,-0.000428348
1765976269588802,0,-0.766503,0.13514,-10.086,0.00985062,0.0646242,-0.000450027,0,0,0,0.238206,0.0520371,-0.0137008,0.969723,0.00985062,0.0646242,-0.000450027
1765976269593784,0,-0.767054,0.134946,-10.0838,0.00796765,0.0469755,-0.000419632,0,0,0,0.238208,0.0519113,-0.0136475,0.96973,0.00796765,0.0469755,-0.000419632
1765976269598845,0,-0.767604,0.134753,-10.0885,0.0110548,0.0717019,-0.00045773,0,0,0,0.238209,0.0517673,-0.0135868,0.969738,0.0110548,0.0717019,-0.00045773
1765976269603875,0,-0.768147,0.134559,-10.0865,0.0098142,0.0576002,-0.000443045,0,0,0,0.238211,0.0516202,-0.0135241,0.969746,0.0098142,0.0576002,-0.000443045
1765976269608793,0,-0.768688,0.134365,-10.0903,0.0118873,0.0761793,-0.000472537,0,0,0,0.238213,0.0514601,-0.0134563,0.969755,0.0118873,0.0761793,-0.000472537
1765976269613878,0,-0.76922,0.13417,-10.0885,0.0100529,0.0587125,-0.000452176,0,0,0,0.238215,0.0513073,-0.0133909,0.969764,0.0100529,0.0587125,-0.000452176
1765976269618811,0,-0.769746,0.133974,-10.0916,0.0107308,0.0697296,-0.000460806,0,0,0,0.238217,0.0511551,-0.0133266,0.969772,0.0107308,0.0697296,-0.000460806
1765976269623781,0,-0.770262,0.133777,-10.0898,0.00802407,0.0475095,-0.000422147,0,0,0,0.238219,0.0510238,-0.0132709,0.969779,0.00802407,0.0475095,-0.000422147
1765976269628867,0,-0.770774,0.13358,-10.0938,0.0101107,0.0669847,-0.000444522,0,0,0,0.238221,0.0508859,-0.0132131,0.969787,0.0101107,0.0669847,-0.000444522
1765976269633881,0,-0.771279,0.133383,-10.0921,0.00828839,0.0496823,-0.000418069,0,0,0,0.238223,0.050754,-0.0131575,0.969794,0.00828839,0.0496823,-0.000418069
1765976269638869,0,-0.771783,0.133185,-10.0961,0.0113608,0.0741978,-0.000455325,0,0,0,0.238225,0.0506039,-0.0130945,0.969803,0.0113608,0.0741978,-0.000455325
1765976269643841,0,-0.77228,0.132987,-10.0946,0.0102196,0.0605013,-0.000444547,0,0,0,0.238226,0.0504503,-0.0130293,0.969811,0.0102196,0.0605013,-0.000444547
1765976269648875,0,-0.772773,0.132789,-10.0977,0.01221,0.0789477,-0.000471695,0,0,0,0.238228,0.0502836,-0.0129589,0.96982,0.01221,0.0789477,-0.000471695
1765976269653871,0,-0.773258,0.13259,-10.0963,0.0103437,0.0611149,-0.000452689,0,0,0,0.23823,0.0501248,-0.0128913,0.969829,0.0103437,0.0611149,-0.000452689
1765976269658845,0,-0.773736,0.13239,-10.0987,0.0106618,0.0705953,-0.000456424,0,0,0,0.238232,0.0499691,-0.0128259,0.969837,0.0106618,0.0705953,-0.000456424
1765976269663872,0,-0.774204,0.132189,-10.0974,0.00777346,0.0473664,-0.000417264,0,0,0,0.238234,0.0498371,-0.0127705,0.969844,0.00777346,0.0473664,-0.000417264
1765976269668869,0,-0.774669,0.131988,-10.101,0.0103865,0.0694928,-0.000444815,0,0,0,0.238236,0.0496956,-0.0127117,0.969852,0.0103865,0.0694928,-0.000444815
1765976269673835,0,-0.775127,0.131786,-10.0998,0.0090341,0.0546206,-0.000428201,0,0,0,0.238238,0.0495545,-0.0126523,0.969859,0.0090341,0.0546206,-0.000428201
1765976269678876,0,-0.77558,0.131584,-10.1018,0.00955937,0.0650976,-0.000431363,0,0,0,0.238239,0.0494124,-0.0125933,0.969867,0.00955937,0.0650976,-0.000431363
1765976269683813,0,-0.776023,0.131381,-10.1007,0.00685099,0.0425562,-0.000392081,0,0,0,0.238241,0.0492921,-0.0125433,0.969873,0.00685099,0.0425562,-0.000392081
1765976269688832,0,-0.776465,0.131178,-10.1042,0.0101925,0.0690983,-0.000426639,0,0,0,0.238243,0.0491555,-0.012487,0.969881,0.0101925,0.0690983,-0.000426639
1765976269693827,0,-0.776901,0.130975,-10.1032,0.00936085,0.0572343,-0.000418179,0,0,0,0.238245,0.049011,-0.0124265,0.969888,0.00936085,0.0572343,-0.000418179
1765976269698808,0,-0.777334,0.130771,-10.1051,0.0106331,0.0719023,-0.000433206,0,0,0,0.238246,0.048857,-0.0123625,0.969896,0.0106331,0.0719023,-0.000433206
1765976269703883,0,-0.777758,0.130567,-10.1043,0.00847053,0.0524825,-0.000407925,0,0,0,0.238248,0.0487164,-0.012304,0.969904,0.00847053,0.0524825,-0.000407925
1765976269708884,0,-0.778177,0.130362,-10.1064,0.00976716,0.067277,-0.0004199,0,0,0,0.23825,0.0485732,-0.012245,0.969911,0.00976716,0.067277,-0.0004199
1765976269713824,0,-0.778588,0.130157,-10.1057,0.00763,0.0478099,-0.000391824,0,0,0,0.238252,0.0484434,-0.0121912,0.969918,0.00763,0.0478099,-0.000391824
1765976269718877,0,-0.778997,0.129951,-10.1085,0.0110649,0.0750401,-0.00042941,0,0,0,0.238253,0.0482937,-0.0121295,0.969926,0.0110649,0.0750401,-0.00042941
1765976269723825,0,-0.779402,0.129746,-10.1079,0.0103142,0.0635147,-0.000426004,0,0,0,0.238255,0.0481348,-0.0120631,0.969934,0.0103142,0.0635147,-0.000426004
1765976269728872,0,-0.779801,0.129539,-10.1094,0.0115452,0.0781294,-0.000442886,0,0,0,0.238257,0.0479661,-0.0119932,0.969943,0.0115452,0.0781294,-0.000442886
1765976269733880,0,-0.780192,0.129332,-10.1089,0.00933127,0.058127,-0.000421634,0,0,0,0.238259,0.0478119,-0.011929,0.969951,0.00933127,0.058127,-0.000421634
1765976269738832,0,-0.780578,0.129125,-10.1111,0.0117233,0.0797307,-0.000449197,0,0,0,0.238261,0.0476459,-0.0118605,0.969959,0.0117233,0.0797307,-0.000449197
1765976269743873,0,-0.780957,0.128917,-10.1108,0.0103563,0.0650254,-0.000439346,0,0,0,0.238263,0.0474805,-0.0117917,0.969968,0.0103563,0.0650254,-0.000439346
1765976269748868,0,-0.781333,0.128709,-10.1123,0.0122262,0.0833449,-0.000462369,0,0,0,0.238265,0.047303,-0.0117186,0.969977,0.0122262,0.0833449,-0.000462369
1765976269753814,0,-0.781699,0.1285,-10.1121,0.0105085,0.0663308,-0.000449527,0,0,0,0.238267,0.0471323,-0.0116478,0.969986,0.0105085,0.0663308,-0.000449527
1765976269758928,0,-0.78206,0.12829,-10.1134,0.0118125,0.0812083,-0.000465018,0,0,0,0.238269,0.0469566,-0.0115755,0.969994,0.0118125,0.0812083,-0.000465018
1765976269763813,0,-0.782412,0.12808,-10.1133,0.00968263,0.0613432,-0.000444925,0,0,0,0.23827,0.0467948,-0.0115087,0.970003,0.00968263,0.0613432,-0.000444925
1765976269768883,0,-0.782759,0.127869,-10.1149,0.0120724,0.0826951,-0.000470608,0,0,0,0.238272,0.0466216,-0.0114375,0.970011,0.0120724,0.0826951,-0.000470608
1765976269773933,0,-0.783099,0.127657,-10.115,0.0107006,0.0674211,-0.000461819,0,0,0,0.238274,0.04645,-0.0113663,0.97002,0.0107006,0.0674211,-0.000461819
1765976269778875,0,-0.783432,0.127445,-10.1154,0.0108736,0.0758815,-0.000462601,0,0,0,0.238276,0.0462807,-0.0112969,0.970028,0.0108736,0.0758815,-0.000462601
1765976269783936,0,-0.783755,0.127232,-10.1155,0.00813612,0.0528589,-0.000431949,0,0,0,0.238278,0.0461357,-0.0112375,0.970035,0.00813612,0.0528589,-0.000431949
1765976269788852,0,-0.784073,0.127018,-10.1166,0.00986271,0.0700378,-0.000444436,0,0,0,0.23828,0.045988,-0.0111776,0.970043,0.00986271,0.0700378,-0.000444436
1765976269793940,0,-0.784383,0.126804,-10.1168,0.00821719,0.0531977,-0.000425809,0,0,0,0.238281,0.0458479,-0.0111203,0.97005,0.00821719,0.0531977,-0.000425809
1765976269798928,0,-0.78469,0.126589,-10.1176,0.0100906,0.0717303,-0.0004397,0,0,0,0.238283,0.0456975,-0.0110593,0.970057,0.0100906,0.0717303,-0.0004397
1765976269803820,0,-0.78499,0.126374,-10.118,0.00854987,0.0557523,-0.000423343,0,0,0,0.238285,0.0455523,-0.011,0.970064,0.00854987,0.0557523,-0.000423343
1765976269808824,0,-0.785286,0.126159,-10.1184,0.0100347,0.0721808,-0.000434048,0,0,0,0.238287,0.0453988,-0.010938,0.970072,0.0100347,0.0721808,-0.000434048
1765976269813798,0,-0.785574,0.125943,-10.1189,0.0082382,0.0546756,-0.000415005,0,0,0,0.238288,0.0452546,-0.0108794,0.970079,0.0082382,0.0546756,-0.000415005
1765976269818805,0,-0.785859,0.125727,-10.1196,0.0108928,0.0781137,-0.000438052,0,0,0,0.23829,0.0450937,-0.0108146,0.970086,0.0108928,0.0781137,-0.000438052
1765976269823779,0,-0.786137,0.125511,-10.1203,0.0098688,0.0651767,-0.00043107,0,0,0,0.238292,0.0449293,-0.0107477,0.970094,0.0098688,0.0651767,-0.00043107
1765976269828803,0,-0.78641,0.125294,-10.1199,0.0102712,0.0752198,-0.000432913,0,0,0,0.238294,0.0447626,-0.0106807,0.970102,0.0102712,0.0752198,-0.000432913
1765976269833802,0,-0.786674,0.125076,-10.1206,0.00776209,0.0532588,-0.000406961,0,0,0,0.238295,0.0446174,-0.0106225,0.970109,0.00776209,0.0532588,-0.000406961
1765976269838799,0,-0.786935,0.124859,-10.1218,0.0119598,0.0860244,-0.000443362,0,0,0,0.238297,0.0444467,-0.010554,0.970117,0.0119598,0.0860244,-0.000443362
1765976269843799,0,-0.787193,0.124641,-10.1227,0.0119548,0.0790671,-0.000451663,0,0,0,0.238299,0.0442553,-0.0104762,0.970126,0.0119548,0.0790671,-0.000451663
1765976269848798,0,-0.787447,0.124423,-10.1226,0.0145012,0.101894,-0.000480032,0,0,0,0.238301,0.0440383,-0.0103882,0.970137,0.0145012,0.101894,-0.000480032
1765976269853799,0,-0.787693,0.124204,-10.1237,0.0133751,0.0882256,-0.000481644,0,0,0,0.238303,0.0438193,-0.0102988,0.970147,0.0133751,0.0882256,-0.000481644
1765976269858797,0,-0.787933,0.123985,-10.1236,0.0154211,0.108043,-0.000506168,0,0,0,0.238305,0.0435852,-0.0102037,0.970158,0.0154211,0.108043,-0.000506168
1765976269863798,0,-0.788163,0.123764,-10.1248,0.0139475,0.0921719,-0.00050585,0,0,0,0.238308,0.043355,-0.0101097,0.970169,0.0139475,0.0921719,-0.00050585
1765976269868799,0,-0.788385,0.123543,-10.1244,0.015254,0.107663,-0.000522915,0,0,0,0.23831,0.0431177,-0.0100134,0.97018,0.015254,0.107663,-0.000522915
1765976269873802,0,-0.788597,0.12332,-10.1257,0.0133239,0.0891151,-0.000516616,0,0,0,0.238312,0.0428919,-0.00992169,0.97019,0.0133239,0.0891151,-0.000516616
1765976269878799,0,-0.7888,0.123097,-10.1252,0.014419,0.102971,-0.000528726,0,0,0,0.238314,0.042664,-0.00982968,0.970201,0.014419,0.102971,-0.000528726
1765976269883799,0,-0.788993,0.122873,-10.1266,0.0123874,0.0835143,-0.000519277,0,0,0,0.238316,0.0424504,-0.00974321,0.970211,0.0123874,0.0835143,-0.000519277
1765976269888802,0,-0.789179,0.122648,-10.1261,0.014184,0.1022,-0.00053467,0,0,0,0.238318,0.0422287,-0.00965406,0.970221,0.014184,0.1022,-0.00053467
1765976269893797,0,-0.789356,0.122422,-10.1277,0.0126301,0.0859148,-0.000529311,0,0,0,0.238321,0.0420124,-0.00956679,0.97023,0.0126301,0.0859148,-0.000529311
1765976269898797,0,-0.789525,0.122195,-10.1266,0.0136433,0.0994897,-0.000536733,0,0,0,0.238323,0.0417921,-0.00947859,0.97024,0.0136433,0.0994897,-0.000536733
1765976269903797,0,-0.789684,0.121967,-10.1283,0.0116172,0.0801099,-0.000524832,0,0,0,0.238325,0.0415864,-0.00939604,0.970249,0.0116172,0.0801099,-0.000524832
1765976269908780,0,-0.789835,0.121739,-10.1271,0.0126044,0.0934734,-0.000529861,0,0,0,0.238327,0.04138,-0.00931386,0.970258,0.0126044,0.0934734,-0.000529861
1765976269913803,0,-0.789977,0.12151,-10.1289,0.0106144,0.0742742,-0.000516165,0,0,0,0.238329,0.041188,-0.0092373,0.970267,0.0106144,0.0742742,-0.000516165
1765976269918802,0,-0.790112,0.12128,-10.1276,0.0118864,0.0896204,-0.000521585,0,0,0,0.238331,0.0409923,-0.00915991,0.970275,0.0118864,0.0896204,-0.000521585
1765976269923800,0,-0.790238,0.121049,-10.1295,0.0101191,0.0718767,-0.000508755,0,0,0,0.238333,0.0408072,-0.00908654,0.970283,0.0101191,0.0718767,-0.000508755
1765976269928798,0,-0.790356,0.120818,-10.1276,0.0100343,0.078552,-0.000500515,0,0,0,0.238335,0.0406291,-0.00901685,0.970291,0.0100343,0.078552,-0.000500515
1765976269933798,0,-0.790464,0.120586,-10.1295,0.00744211,0.0555092,-0.000476052,0,0,0,0.238336,0.0404771,-0.00895767,0.970297,0.00744211,0.0555092,-0.000476052
1765976269938796,0,-0.790567,0.120353,-10.1279,0.0085219,0.069659,-0.000473001,0,0,0,0.238338,0.0403267,-0.00889987,0.970304,0.0085219,0.069659,-0.000473001
1765976269943797,0,-0.790662,0.12012,-10.1299,0.00675234,0.0518012,-0.000454165,0,0,0,0.23834,0.0401882,-0.0088466,0.97031,0.00675234,0.0518012,-0.000454165
1765976269948802,0,-0.790754,0.119887,-10.1284,0.00920467,0.0743537,-0.000461611,0,0,0,0.238342,0.0400346,-0.00878768,0.970316,0.00920467,0.0743537,-0.000461611
1765976269953799,0,-0.790841,0.119653,-10.1305,0.00835072,0.0620823,-0.000453652,0,0,0,0.238343,0.0398773,-0.00872663,0.970323,0.00835072,0.0620823,-0.000453652
1765976269958797,0,-0.790923,0.11942,-10.1283,0.00932741,0.0756685,-0.000452334,0,0,0,0.238345,0.0397123,-0.00866306,0.97033,0.00932741,0.0756685,-0.000452334
1765976269963797,0,-0.790997,0.119185,-10.1306,0.00750581,0.0574431,-0.000436599,0,0,0,0.238347,0.0395602,-0.00860447,0.970336,0.00750581,0.0574431,-0.000436599
1765976269968782,0,-0.791068,0.118951,-10.1288,0.0102092,0.0818377,-0.000447293,0,0,0,0.238348,0.0393908,-0.00853933,0.970343,0.0102092,0.0818377,-0.000447293
1765976269973800,0,-0.791133,0.118717,-10.1312,0.00954919,0.0709419,-0.000444082,0,0,0,0.23835,0.039214,-0.00847061,0.97035,0.00954919,0.0709419,-0.000444082
1765976269978796,0,-0.791192,0.118482,-10.1287,0.0102661,0.0826691,-0.000442715,0,0,0,0.238352,0.0390307,-0.00839989,0.970358,0.0102661,0.0826691,-0.000442715
1765976269983806,0,-0.791243,0.118246,-10.1312,0.00831631,0.0635374,-0.000428494,0,0,0,0.238354,0.0388635,-0.00833536,0.970365,0.00831631,0.0635374,-0.000428494
1765976269988801,0,-0.791288,0.118011,-10.1288,0.00974367,0.0800042,-0.00043085,0,0,0,0.238355,0.0386908,-0.00826932,0.970372,0.00974367,0.0800042,-0.00043085
1765976269993797,0,-0.791326,0.117774,-10.1314,0.00827849,0.0639587,-0.000420901,0,0,0,0.238357,0.0385254,-0.00820584,0.970379,0.00827849,0.0639587,-0.000420901
1765976269998797,0,-0.791359,0.117538,-10.1288,0.00983028,0.0811463,-0.000424246,0,0,0,0.238359,0.0383507,-0.0081392,0.970386,0.00983028,0.0811463,-0.000424246
1765976270003798,0,-0.791385,0.117301,-10.1315,0.00848359,0.0658575,-0.000415982,0,0,0,0.23836,0.0381815,-0.00807438,0.970392,0.00848359,0.0658575,-0.000415982
1765976270008780,0,-0.791406,0.117064,-10.1287,0.00952768,0.0799631,-0.000416861,0,0,0,0.238362,0.0380066,-0.00800795,0.970399,0.00952768,0.0799631,-0.000416861
1765976270013798,0,-0.791418,0.116826,-10.1315,0.00787077,0.0627449,-0.00040668,0,0,0,0.238363,0.0378428,-0.00794572,0.970406,0.00787077,0.0627449,-0.00040668
1765976270018800,0,-0.791427,0.116588,-10.1288,0.00994855,0.0833364,-0.000413333,0,0,0,0.238365,0.037666,-0.00787881,0.970413,0.00994855,0.0833364,-0.000413333
1765976270023779,0,-0.791429,0.116349,-10.1318,0.00896913,0.0702399,-0.000409146,0,0,0,0.238367,0.0374885,-0.00781108,0.97042,0.00896913,0.0702399,-0.000409146
1765976270028797,0,-0.791425,0.116111,-10.1286,0.0101826,0.0851712,-0.000411941,0,0,0,0.238368,0.0373022,-0.00774032,0.970427,0.0101826,0.0851712,-0.000411941
1765976270033798,0,-0.791413,0.115871,-10.1317,0.0086315,0.068223,-0.000405337,0,0,0,0.23837,0.0371257,-0.00767314,0.970434,0.0086315,0.068223,-0.000405337
1765976270038797,0,-0.791396,0.115632,-10.1286,0.0101346,0.085476,-0.000409195,0,0,0,0.238371,0.0369408,-0.00760315,0.970442,0.0101346,0.085476,-0.000409195
1765976270043798,0,-0.791372,0.115392,-10.1318,0.0087919,0.0701053,-0.000404214,0,0,0,0.238373,0.0367614,-0.00753504,0.970448,0.0087919,0.0701053,-0.000404214
1765976270048792,0,-0.791343,0.115151,-10.1286,0.0110527,0.0920537,-0.000413064,0,0,0,0.238375,0.0365654,-0.00746075,0.970456,0.0110527,0.0920537,-0.000413064
1765976270053799,0,-0.791307,0.114911,-10.1319,0.0102102,0.0797535,-0.000413528,0,0,0,0.238376,0.0363662,-0.00738466,0.970464,0.0102102,0.0797535,-0.000413528
1765976270058795,0,-0.791265,0.11467,-10.1283,0.0111281,0.0930905,-0.000416372,0,0,0,0.238378,0.0361598,-0.00730622,0.970472,0.0111281,0.0930905,-0.000416372
1765976270063799,0,-0.791214,0.114428,-10.1318,0.00941748,0.075194,-0.000411733,0,0,0,0.238379,0.035966,-0.0072326,0.970479,0.00941748,0.075194,-0.000411733
1765976270068796,0,-0.791155,0.114186,-10.128,0.0100557,0.0866285,-0.000411843,0,0,0,0.238381,0.0357727,-0.00715988,0.970486,0.0100557,0.0866285,-0.000411843
1765976270073800,0,-0.791089,0.113943,-10.1316,0.00821095,0.0677832,-0.000405044,0,0,0,0.238383,0.0355953,-0.00709325,0.970493,0.00821095,0.0677832,-0.000405044
1765976270078796,0,-0.791015,0.113699,-10.1277,0.00894841,0.0797105,-0.000403689,0,0,0,0.238384,0.0354187,-0.00702755,0.970499,0.00894841,0.0797105,-0.000403689
1765976270083801,0,-0.790934,0.113456,-10.1313,0.00720951,0.0613693,-0.000396145,0,0,0,0.238386,0.0352567,-0.00696739,0.970505,0.00720951,0.0613693,-0.000396145
1765976270088779,0,-0.790849,0.113212,-10.1275,0.00960935,0.0845114,-0.000402468,0,0,0,0.238387,0.0350793,-0.00690152,0.970512,0.00960935,0.0845114,-0.000402468
1765976270093804,0,-0.790758,0.112967,-10.1312,0.00898275,0.0736898,-0.000403591,0,0,0,0.238389,0.0348955,-0.00683259,0.970519,0.00898275,0.0736898,-0.000403591
1765976270098798,0,-0.790661,0.112723,-10.1271,0.0101412,0.0886032,-0.00040491,0,0,0,0.23839,0.0347008,-0.00675982,0.970526,0.0101412,0.0886032,-0.00040491
1765976270103799,0,-0.790557,0.112478,-10.1309,0.00869391,0.072277,-0.000401284,0,0,0,0.238392,0.0345151,-0.00669032,0.970533,0.00869391,0.072277,-0.000401284
1765976270108805,0,-0.790447,0.112233,-10.1267,0.0102191,0.0893955,-0.000404397,0,0,0,0.238393,0.0343205,-0.00661777,0.97054,0.0102191,0.0893955,-0.000404397
1765976270113804,0,-0.790329,0.111987,-10.1307,0.00901928,0.0744459,-0.000403347,0,0,0,0.238395,0.034131,-0.00654676,0.970546,0.00901928,0.0744459,-0.000403347
1765976270118803,0,-0.790206,0.111741,-10.1263,0.0103886,0.0908383,-0.000405593,0,0,0,0.238396,0.0339324,-0.00647261,0.970553,0.0103886,0.0908383,-0.000405593
1765976270123799,0,-0.790075,0.111495,-10.1304,0.00910828,0.0755627,-0.000405044,0,0,0,0.238398,0.03374,-0.00640056,0.97056,0.00910828,0.0755627,-0.000405044
1765976270128799,0,-0.789938,0.111248,-10.1258,0.0102751,0.0904943,-0.000406851,0,0,0,0.238399,0.0335408,-0.00632635,0.970567,0.0102751,0.0904943,-0.000406851
1765976270133799,0,-0.789793,0.111,-10.1301,0.00888625,0.0744079,-0.000405728,0,0,0,0.238401,0.0333502,-0.00625523,0.970574,0.00888625,0.0744079,-0.000405728
1765976270138937,0,-0.789641,0.110752,-10.1253,0.00967185,0.087221,-0.000404788,0,0,0,0.238402,0.0331566,-0.00618356,0.970581,0.00967185,0.087221,-0.000404788
1765976270143814,0,-0.789482,0.110504,-10.1298,0.00798681,0.0689266,-0.000401895,0,0,0,0.238403,0.0329768,-0.00611707,0.970587,0.00798681,0.0689266,-0.000401895
1765976270148919,0,-0.789315,0.110255,-10.1247,0.00867909,0.0806026,-0.000400064,0,0,0,0.238405,0.0327975,-0.00605139,0.970593,0.00867909,0.0806026,-0.000400064
1765976270153909,0,-0.789142,0.110006,-10.1292,0.00702751,0.0624569,-0.000396658,0,0,0,0.238406,0.032633,-0.00599115,0.970599,0.00702751,0.0624569,-0.000396658
1765976270158931,0,-0.788961,0.109756,-10.124,0.00669989,0.0671168,-0.000389505,0,0,0,0.238408,0.0324787,-0.00593565,0.970604,0.00669989,0.0671168,-0.000389505
1765976270163930,0,-0.788773,0.109506,-10.1285,0.00445288,0.0448814,-0.000380215,0,0,0,0.238409,0.0323514,-0.00589058,0.970608,0.00445288,0.0448814,-0.000380215
1765976270168910,0,-0.788581,0.109256,-10.1233,0.0071112,0.0704058,-0.000381973,0,0,0,0.23841,0.032209,-0.00584,0.970613,0.0071112,0.0704058,-0.000381973
1765976270173933,0,-0.788386,0.109006,-10.1279,0.00688566,0.0624734,-0.000383487,0,0,0,0.238412,0.0320538,-0.00578391,0.970618,0.00688566,0.0624734,-0.000383487
1765976270178892,0,-0.788188,0.108756,-10.1227,0.00852008,0.0804175,-0.000382657,0,0,0,0.238413,0.0318808,-0.00572114,0.970624,0.00852008,0.0804175,-0.000382657
1765976270183815,0,-0.787983,0.108506,-10.1273,0.00761883,0.0675578,-0.000382107,0,0,0,0.238414,0.0317092,-0.00565842,0.970629,0.00761883,0.0675578,-0.000382107
1765976270188850,0,-0.787773,0.108256,-10.1217,0.00858756,0.0819611,-0.000379055,0,0,0,0.238416,0.0315291,-0.00559307,0.970635,0.00858756,0.0819611,-0.000379055
1765976270193936,0,-0.787556,0.108005,-10.1266,0.00721522,0.0662011,-0.00037676,0,0,0,0.238417,0.0313578,-0.00553098,0.970641,0.00721522,0.0662011,-0.00037676
1765976270198814,0,-0.787334,0.107755,-10.1211,0.0085858,0.0827281,-0.000374819,0,0,0,0.238418,0.0311779,-0.00546608,0.970647,0.0085858,0.0827281,-0.000374819
1765976270203809,0,-0.787106,0.107503,-10.1259,0.00756044,0.0692613,-0.00037388,0,0,0,0.23842,0.0310015,-0.00540222,0.970652,0.00756044,0.0692613,-0.00037388
1765976270208823,0,-0.786871,0.107252,-10.1201,0.00772883,0.0775151,-0.000368789,0,0,0,0.238421,0.030826,-0.00533936,0.970658,0.00772883,0.0775151,-0.000368789
1765976270213804,0,-0.786628,0.107,-10.1252,0.00588166,0.0579318,-0.000364871,0,0,0,0.238422,0.0306704,-0.00528407,0.970663,0.00588166,0.0579318,-0.000364871
1765976270218806,0,-0.786381,0.106748,-10.1192,0.00831553,0.0821475,-0.000364846,0,0,0,0.238423,0.0304989,-0.00522303,0.970668,0.00831553,0.0821475,-0.000364846
1765976270223807,0,-0.78613,0.106496,-10.1244,0.00798131,0.0732485,-0.000367703,0,0,0,0.238425,0.0303174,-0.00515753,0.970674,0.00798131,0.0732485,-0.000367703
1765976270228806,0,-0.785875,0.106244,-10.1184,0.0102107,0.0958137,-0.000367801,0,0,0,0.238426,0.0301123,-0.00508316,0.97068,0.0102107,0.0958137,-0.000367801
1765976270233799,0,-0.785613,0.105992,-10.1237,0.00971645,0.0856407,-0.000371817,0,0,0,0.238427,0.0299005,-0.0050056,0.970687,0.00971645,0.0856407,-0.000371817
1765976270238798,0,-0.785345,0.10574,-10.1176,0.0118717,0.107939,-0.000372537,0,0,0,0.238429,0.0296668,-0.00491983,0.970694,0.0118717,0.107939,-0.000372537
1765976270243799,0,-0.78507,0.105487,-10.1231,0.0112951,0.0972683,-0.000377774,0,0,0,0.23843,0.0294273,-0.00483131,0.970702,0.0112951,0.0972683,-0.000377774
1765976270248798,0,-0.784788,0.105233,-10.1169,0.0128054,0.115263,-0.000377224,0,0,0,0.238431,0.0291723,-0.00473726,0.97071,0.0128054,0.115263,-0.000377224
1765976270253799,0,-0.784496,0.104979,-10.1224,0.0118025,0.101732,-0.000382461,0,0,0,0.238432,0.0289196,-0.00464375,0.970717,0.0118025,0.101732,-0.000382461
1765976270258798,0,-0.784196,0.104725,-10.1162,0.0122801,0.112016,-0.000381973,0,0,0,0.238434,0.0286649,-0.00455006,0.970725,0.0122801,0.112016,-0.000381973
1765976270263800,0,-0.783886,0.104469,-10.1218,0.0106327,0.0936449,-0.000386831,0,0,0,0.238435,0.0284266,-0.00446243,0.970732,0.0106327,0.0936449,-0.000386831
1765976270268797,0,-0.783567,0.104213,-10.1155,0.0109632,0.102514,-0.000387454,0,0,0,0.238436,0.0281929,-0.00437713,0.970739,0.0109632,0.102514,-0.000387454
1765976270273799,0,-0.783239,0.103956,-10.1211,0.00927549,0.0836158,-0.000393216,0,0,0,0.238438,0.0279775,-0.0042986,0.970745,0.00927549,0.0836158,-0.000393216
1765976270278798,0,-0.782903,0.103699,-10.1145,0.0101502,0.096807,-0.000393826,0,0,0,0.238439,0.0277612,-0.00422023,0.970752,0.0101502,0.096807,-0.000393826
1765976270283800,0,-0.782559,0.103442,-10.1203,0.00885329,0.0808964,-0.000400344,0,0,0,0.23844,0.0275551,-0.00414544,0.970757,0.00885329,0.0808964,-0.000400344
1765976270288802,0,-0.782209,0.103183,-10.1135,0.00998929,0.0960203,-0.000400235,0,0,0,0.238441,0.0273424,-0.00406864,0.970763,0.00998929,0.0960203,-0.000400235
1765976270293800,0,-0.781851,0.102925,-10.1194,0.00888346,0.0814523,-0.000406802,0,0,0,0.238442,0.0271361,-0.00399395,0.970769,0.00888346,0.0814523,-0.000406802
1765976270298799,0,-0.781487,0.102666,-10.1125,0.0104334,0.10018,-0.00040502,0,0,0,0.238444,0.026917,-0.00391486,0.970775,0.0104334,0.10018,-0.00040502
1765976270303797,0,-0.781116,0.102407,-10.1184,0.00961461,0.0880755,-0.000411892,0,0,0,0.238445,0.0266975,-0.00383531,0.970781,0.00961461,0.0880755,-0.000411892
1765976270308797,0,-0.780737,0.102147,-10.1115,0.0104949,0.101475,-0.000409707,0,0,0,0.238446,0.0264703,-0.00375337,0.970788,0.0104949,0.101475,-0.000409707
1765976270313798,0,-0.780351,0.101887,-10.1176,0.00925126,0.0859365,-0.000415701,0,0,0,0.238447,0.0262524,-0.00367475,0.970794,0.00925126,0.0859365,-0.000415701
1765976270318801,0,-0.779957,0.101627,-10.1105,0.010001,0.0985509,-0.000412905,0,0,0,0.238449,0.0260313,-0.00359544,0.9708,0.010001,0.0985509,-0.000412905
1765976270323800,0,-0.779555,0.101366,-10.1167,0.00870054,0.0826375,-0.000418887,0,0,0,0.23845,0.0258208,-0.00351998,0.970805,0.00870054,0.0826375,-0.000418887
1765976270328804,0,-0.779146,0.101104,-10.1094,0.00973644,0.0968135,-0.000415921,0,0,0,0.238451,0.0256051,-0.00344299,0.970811,0.00973644,0.0968135,-0.000415921
1765976270333800,0,-0.77873,0.100843,-10.1157,0.00864794,0.0820456,-0.000422757,0,0,0,0.238452,0.0253971,-0.00336849,0.970816,0.00864794,0.0820456,-0.000422757
1765976270338799,0,-0.778307,0.100581,-10.1082,0.00954376,0.0957235,-0.000419265,0,0,0,0.238453,0.0251835,-0.00329237,0.970822,0.00954376,0.0957235,-0.000419265
1765976270343799,0,-0.777876,0.100318,-10.1146,0.00838694,0.0807709,-0.000425674,0,0,0,0.238455,0.0249782,-0.00321915,0.970827,0.00838694,0.0807709,-0.000425674
1765976270348799,0,-0.777439,0.100055,-10.107,0.009726,0.0975328,-0.000421084,0,0,0,0.238456,0.0247633,-0.00314267,0.970833,0.009726,0.0975328,-0.000421084
1765976270353800,0,-0.776995,0.0997922,-10.1135,0.00887554,0.0846741,-0.000427542,0,0,0,0.238457,0.0245508,-0.00306673,0.970838,0.00887554,0.0846741,-0.000427542
1765976270358799,0,-0.776544,0.0995287,-10.106,0.00936587,0.0951266,-0.000422659,0,0,0,0.238458,0.0243355,-0.00299023,0.970843,0.00936587,0.0951266,-0.000422659
1765976270363799,0,-0.776085,0.0992648,-10.1125,0.00798684,0.0783319,-0.000428262,0,0,0,0.238459,0.0241342,-0.00291878,0.970848,0.00798684,0.0783319,-0.000428262
1765976270368800,0,-0.77562,0.0990007,-10.1046,0.00905847,0.093524,-0.000422744,0,0,0,0.23846,0.0239271,-0.00284568,0.970853,0.00905847,0.093524,-0.000422744
1765976270373800,0,-0.775148,0.0987361,-10.1112,0.00808861,0.0799858,-0.000428482,0,0,0,0.238461,0.0237248,-0.00277417,0.970858,0.00808861,0.0799858,-0.000428482
1765976270378799,0,-0.774669,0.0984715,-10.1033,0.0092097,0.0951521,-0.00042261,0,0,0,0.238463,0.0235138,-0.00269977,0.970863,0.0092097,0.0951521,-0.00042261
1765976270383799,0,-0.774184,0.0982063,-10.11,0.00828773,0.0816751,-0.000428518,0,0,0,0.238464,0.0233077,-0.00262683,0.970868,0.00828773,0.0816751,-0.000428518
1765976270388799,0,-0.773692,0.097941,-10.102,0.00945494,0.0973198,-0.000421426,0,0,0,0.238465,0.023092,-0.0025507,0.970873,0.00945494,0.0973198,-0.000421426
1765976270393800,0,-0.773193,0.0976754,-10.1088,0.00857237,0.084156,-0.000427859,0,0,0,0.238466,0.0228803,-0.0024757,0.970878,0.00857237,0.084156,-0.000427859
1765976270398803,0,-0.772687,0.0974095,-10.1008,0.00942263,0.0972277,-0.000421365,0,0,0,0.238467,0.0226624,-0.00239879,0.970883,0.00942263,0.0972277,-0.000421365
1765976270403806,0,-0.772174,0.0971432,-10.1076,0.00835992,0.0826361,-0.000427481,0,0,0,0.238468,0.0224529,-0.00232469,0.970888,0.00835992,0.0826361,-0.000427481
1765976270408798,0,-0.771654,0.0968766,-10.0995,0.0088488,0.0930796,-0.000421548,0,0,0,0.238469,0.0222423,-0.00225067,0.970893,0.0088488,0.0930796,-0.000421548
1765976270413797,0,-0.771126,0.0966095,-10.1064,0.00757773,0.0769191,-0.000428714,0,0,0,0.23847,0.0220447,-0.00218131,0.970897,0.00757773,0.0769191,-0.000428714
1765976270418798,0,-0.770592,0.0963423,-10.0982,0.00775323,0.0853357,-0.000423123,0,0,0,0.238471,0.0218503,-0.00211377,0.970901,0.00775323,0.0853357,-0.000423123
1765976270423800,0,-0.770051,0.0960746,-10.1052,0.00632285,0.0681448,-0.000430496,0,0,0,0.238472,0.0216724,-0.00205228,0.970905,0.00632285,0.0681448,-0.000430496
1765976270428798,0,-0.769504,0.0958069,-10.0966,0.00710237,0.0808719,-0.000423428,0,0,0,0.238473,0.0214925,-0.0019906,0.970909,0.00710237,0.0808719,-0.000423428
1765976270433800,0,-0.768951,0.095539,-10.1037,0.00610285,0.0666995,-0.000429922,0,0,0,0.238474,0.0213207,-0.00193164,0.970913,0.00610285,0.0666995,-0.000429922
1765976270438798,0,-0.768393,0.095271,-10.0949,0.00758557,0.0847964,-0.000419924,0,0,0,0.238475,0.0211366,-0.00186841,0.970917,0.00758557,0.0847964,-0.000419924
1765976270443799,0,-0.76783,0.095003,-10.1021,0.00705589,0.0741682,-0.000425015,0,0,0,0.238476,0.0209506,-0.00180399,0.970921,0.00705589,0.0741682,-0.000425015
1765976270448802,0,-0.767262,0.0947349,-10.0932,0.00912378,0.09692,-0.000411184,0,0,0,0.238477,0.0207424,-0.00173148,0.970925,0.00912378,0.09692,-0.000411184
1765976270453798,0,-0.766688,0.0944667,-10.1005,0.00897177,0.0893716,-0.000413455,0,0,0,0.238478,0.0205235,-0.00165445,0.97093,0.00897177,0.0893716,-0.000413455
1765976270458799,0,-0.766108,0.0941983,-10.0919,0.00967988,0.1017,-0.000403103,0,0,0,0.238479,0.0202942,-0.00157392,0.970934,0.00967988,0.1017,-0.000403103
1765976270463798,0,-0.765519,0.0939294,-10.0993,0.00862846,0.0871766,-0.000407852,0,0,0,0.23848,0.0200739,-0.0014965,0.970939,0.00862846,0.0871766,-0.000407852
1765976270468804,0,-0.764924,0.0936602,-10.0903,0.00972864,0.102598,-0.000397061,0,0,0,0.238481,0.0198454,-0.00141644,0.970943,0.00972864,0.102598,-0.000397061
1765976270473797,0,-0.764322,0.0933908,-10.0978,0.00894189,0.0900236,-0.000402884,0,0,0,0.238482,0.0196202,-0.00133728,0.970948,0.00894189,0.0900236,-0.000402884
1765976270478796,0,-0.763712,0.093121,-10.0888,0.0098118,0.103807,-0.000393191,0,0,0,0.238482,0.0193872,-0.00125569,0.970953,0.0098118,0.103807,-0.000393191
1765976270483797,0,-0.763095,0.0928508,-10.0964,0.00889065,0.0902423,-0.000400637,0,0,0,0.238483,0.0191605,-0.00117615,0.970957,0.00889065,0.0902423,-0.000400637
1765976270488802,0,-0.762471,0.0925804,-10.0874,0.00974046,0.103584,-0.000391983,0,0,0,0.238484,0.0189276,-0.00109474,0.970961,0.00974046,0.103584,-0.000391983
1765976270493800,0,-0.761839,0.0923094,-10.095,0.00883288,0.0899566,-0.000400491,0,0,0,0.238485,0.0187015,-0.00101552,0.970966,0.00883288,0.0899566,-0.000400491
1765976270498799,0,-0.7612,0.0920383,-10.0858,0.00977073,0.104546,-0.000391495,0,0,0,0.238486,0.0184675,-0.000933839,0.97097,0.00977073,0.104546,-0.000391495
1765976270503809,0,-0.760554,0.0917668,-10.0934,0.00894499,0.0919407,-0.00039971,0,0,0,0.238486,0.0182376,-0.000853483,0.970974,0.00894499,0.0919407,-0.00039971
1765976270508812,0,-0.7599,0.091495,-10.0842,0.0095963,0.103742,-0.000392947,0,0,0,0.238487,0.0180028,-0.000771764,0.970978,0.0095963,0.103742,-0.000392947
1765976270513861,0,-0.759239,0.0912228,-10.0921,0.00859123,0.0892038,-0.000403408,0,0,0,0.238488,0.0177775,-0.000693264,0.970983,0.00859123,0.0892038,-0.000403408
1765976270518947,0,-0.75857,0.0909503,-10.0829,0.00886574,0.0977614,-0.000398733,0,0,0,0.238489,0.0175537,-0.000615745,0.970986,0.00886574,0.0977614,-0.000398733
1765976270523823,0,-0.757894,0.0906773,-10.091,0.00762562,0.0809552,-0.000411343,0,0,0,0.238489,0.0173458,-0.000543737,0.97099,0.00762562,0.0809552,-0.000411343
1765976270528825,0,-0.75721,0.0904041,-10.0813,0.00789996,0.0900685,-0.000407669,0,0,0,0.23849,0.0171406,-0.000473281,0.970994,0.00789996,0.0900685,-0.000407669
1765976270533839,0,-0.756521,0.0901306,-10.0892,0.00672731,0.074352,-0.000420938,0,0,0,0.238491,0.0169492,-0.000407715,0.970997,0.00672731,0.074352,-0.000420938
1765976270538922,0,-0.755825,0.0898569,-10.0796,0.00710612,0.0843437,-0.000416177,0,0,0,0.238492,0.0167583,-0.00034291,0.971,0.00710612,0.0843437,-0.000416177
1765976270543812,0,-0.755123,0.089583,-10.0877,0.00602521,0.0691863,-0.000428884,0,0,0,0.238492,0.0165794,-0.000282351,0.971003,0.00602521,0.0691863,-0.000428884
1765976270548819,0,-0.754416,0.0893092,-10.0774,0.00737744,0.0873444,-0.000417275,0,0,0,0.238493,0.0163891,-0.000217991,0.971006,0.00737744,0.0873444,-0.000417275
1765976270553801,0,-0.753704,0.0890352,-10.0855,0.00697628,0.0780503,-0.00042449,0,0,0,0.238494,0.0161949,-0.000151896,0.971009,0.00697628,0.0780503,-0.00042449
1765976270558779,0,-0.752986,0.0887611,-10.076,0.00710609,0.0857303,-0.000418142,0,0,0,0.238495,0.0159984,-8.5471e-05,0.971012,0.00710609,0.0857303,-0.000418142
1765976270563780,0,-0.752261,0.0884867,-10.0841,0.0059253,0.0697052,-0.000429324,0,0,0,0.238496,0.0158175,-2.4541e-05,0.971015,0.0059253,0.0697052,-0.000429324
1765976270568805,0,-0.751532,0.0882125,-10.0733,0.0081045,0.0945772,-0.000410403,0,0,0,0.238496,0.0156164,4.34923e-05,0.971018,0.0081045,0.0945772,-0.000410403
1765976270573800,0,-0.750797,0.087938,-10.0816,0.00825254,0.0895045,-0.000412832,0,0,0,0.238497,0.015399,0.000117974,0.971021,0.00825254,0.0895045,-0.000412832
1765976270578798,0,-0.750057,0.0876637,-10.0716,0.00987799,0.108895,-0.000394619,0,0,0,0.238498,0.015159,0.000200694,0.971025,0.00987799,0.108895,-0.000394619
1765976270583799,0,-0.749308,0.0873889,-10.0799,0.00964449,0.100171,-0.000397781,0,0,0,0.238498,0.0149132,0.000286155,0.971028,0.00964449,0.100171,-0.000397781
1765976270588803,0,-0.748553,0.0871139,-10.07,0.0104564,0.113478,-0.000383193,0,0,0,0.238499,0.0146567,0.000375251,0.971032,0.0104564,0.113478,-0.000383193
1765976270593800,0,-0.747789,0.0868384,-10.0784,0.00968065,0.100579,-0.000389981,0,0,0,0.238499,0.0144059,0.000462565,0.971036,0.00968065,0.100579,-0.000389981
1765976270598796,0,-0.747018,0.0865626,-10.0682,0.0105794,0.114863,-0.000376223,0,0,0,0.238499,0.0141471,0.000552469,0.971039,0.0105794,0.114863,-0.000376223
1765976270603804,0,-0.746238,0.0862864,-10.0766,0.00988781,0.102915,-0.00038428,0,0,0,0.2385,0.0138917,0.00064137,0.971043,0.00988781,0.102915,-0.00038428
1765976270608812,0,-0.74545,0.0860098,-10.0669,0.00959061,0.107524,-0.000381387,0,0,0,0.2385,0.0136409,0.000727966,0.971046,0.00959061,0.107524,-0.000381387
1765976270613783,0,-0.744654,0.0857327,-10.0754,0.0081537,0.0894904,-0.000397378,0,0,0,0.238501,0.0134114,0.000806828,0.971049,0.0081537,0.0894904,-0.000397378
1765976270618811,0,-0.743851,0.0854554,-10.0645,0.00932132,0.105918,-0.000387283,0,0,0,0.238501,0.0131755,0.000887572,0.971052,0.00932132,0.105918,-0.000387283
1765976270623779,0,-0.743041,0.0851777,-10.0732,0.00885899,0.0955202,-0.000398025,0,0,0,0.238502,0.0129389,0.000968974,0.971055,0.00885899,0.0955202,-0.000398025
1765976270628805,0,-0.742223,0.0848998,-10.0635,0.0082745,0.0974678,-0.000399465,0,0,0,0.238502,0.0127092,0.00104729,0.971058,0.0082745,0.0974678,-0.000399465
1765976270633786,0,-0.741398,0.0846214,-10.0722,0.0067064,0.0779407,-0.000419595,0,0,0,0.238503,0.0125054,0.00111624,0.971061,0.0067064,0.0779407,-0.000419595
1765976270638800,0,-0.740567,0.0843429,-10.0608,0.00823344,0.0972326,-0.000407803,0,0,0,0.238503,0.0122926,0.00118813,0.971063,0.00823344,0.0972326,-0.000407803
1765976270643786,0,-0.73973,0.0840643,-10.0695,0.00808617,0.0894255,-0.000418215,0,0,0,0.238504,0.0120728,0.0012631,0.971066,0.00808617,0.0894255,-0.000418215
1765976270648808,0,-0.738887,0.0837856,-10.0588,0.00932058,0.106726,-0.000403787,0,0,0,0.238504,0.0118358,0.00134405,0.971069,0.00932058,0.106726,-0.000403787
1765976270653807,0,-0.738036,0.0835065,-10.0675,0.00897036,0.0974746,-0.000412319,0,0,0,0.238504,0.0115956,0.00142651,0.971071,0.00897036,0.0974746,-0.000412319
1765976270658799,0,-0.737178,0.0832272,-10.0573,0.00897853,0.104142,-0.000406851,0,0,0,0.238505,0.0113546,0.00150881,0.971074,0.00897853,0.104142,-0.000406851
1765976270663793,0,-0.736313,0.0829474,-10.0662,0.00784534,0.0880486,-0.000421951,0,0,0,0.238505,0.0111302,0.00158531,0.971076,0.00784534,0.0880486,-0.000421951
1765976270668800,0,-0.735441,0.0826675,-10.055,0.0086908,0.102383,-0.000410842,0,0,0,0.238505,0.0109005,0.00166323,0.971079,0.0086908,0.102383,-0.000410842
1765976270673779,0,-0.734562,0.0823873,-10.0639,0.00812986,0.0913994,-0.000422512,0,0,0,0.238506,0.0106729,0.00174064,0.971081,0.00812986,0.0913994,-0.000422512
1765976270678797,0,-0.733676,0.0821069,-10.0529,0.00901848,0.105789,-0.000410269,0,0,0,0.238506,0.0104352,0.00182133,0.971083,0.00901848,0.105789,-0.000410269
1765976270683797,0,-0.732784,0.0818263,-10.062,0.008488,0.0947205,-0.000420608,0,0,0,0.238507,0.0101997,0.00190158,0.971085,0.008488,0.0947205,-0.000420608
1765976270688802,0,-0.731884,0.0815454,-10.0514,0.00850356,0.101132,-0.000416226,0,0,0,0.238507,0.0099655,0.00198099,0.971088,0.00850356,0.101132,-0.000416226
1765976270693802,0,-0.730977,0.0812642,-10.0604,0.00744445,0.0853522,-0.000433438,0,0,0,0.238507,0.00974766,0.00205476,0.97109,0.00744445,0.0853522,-0.000433438
1765976270698797,0,-0.730064,0.0809829,-10.0488,0.00876718,0.103472,-0.000418008,0,0,0,0.238508,0.00951896,0.00213214,0.971092,0.00876718,0.103472,-0.000418008
1765976270703804,0,-0.729144,0.0807013,-10.0578,0.00858376,0.0955069,-0.000425845,0,0,0,0.238508,0.00928452,0.00221202,0.971094,0.00858376,0.0955069,-0.000425845
1765976270708811,0,-0.728217,0.0804196,-10.0471,0.00887522,0.104814,-0.000417349,0,0,0,0.238508,0.00904432,0.00229357,0.971096,0.00887522,0.104814,-0.000417349
1765976270713848,0,-0.727283,0.0801374,-10.0562,0.00802703,0.091134,-0.000431472,0,0,0,0.238508,0.00881477,0.00237149,0.971098,0.00802703,0.091134,-0.000431472
1765976270718815,0,-0.726342,0.0798552,-10.0447,0.0089637,0.10604,-0.000417691,0,0,0,0.238509,0.00857693,0.00245203,0.971099,0.0089637,0.10604,-0.000417691
1765976270723800,0,-0.725395,0.0795726,-10.0539,0.0085553,0.0961141,-0.000427627,0,0,0,0.238509,0.00833914,0.00253288,0.971101,0.0085553,0.0961141,-0.000427627
1765976270728816,0,-0.72444,0.0792899,-10.0434,0.008096,0.0991008,-0.000426602,0,0,0,0.238509,0.00810638,0.00261137,0.971103,0.008096,0.0991008,-0.000426602
1765976270733928,0,-0.723478,0.0790067,-10.0526,0.00680914,0.0816415,-0.000446865,0,0,0,0.238509,0.00789559,0.00268201,0.971104,0.00680914,0.0816415,-0.000446865
1765976270738808,0,-0.72251,0.0787234,-10.0421,0.00599748,0.0810142,-0.000453946,0,0,0,0.23851,0.00770206,0.00274582,0.971106,0.00599748,0.0810142,-0.000453946
1765976270743915,0,-0.721537,0.0784398,-10.051,0.00457007,0.062156,-0.000479971,0,0,0,0.23851,0.00753591,0.00279987,0.971107,0.00457007,0.062156,-0.000479971
1765976270748815,0,-0.720559,0.0781565,-10.0387,0.00606058,0.081813,-0.000464468,0,0,0,0.238511,0.00735963,0.00285724,0.971108,0.00606058,0.081813,-0.000464468
1765976270753926,0,-0.719577,0.0778732,-10.0478,0.00616838,0.076436,-0.000472378,0,0,0,0.238511,0.00717249,0.00291898,0.971109,0.00616838,0.076436,-0.000472378
1765976270758804,0,-0.71859,0.07759,-10.0372,0.00615824,0.0831628,-0.000465628,0,0,0,0.238512,0.00698079,0.00298193,0.97111,0.00615824,0.0831628,-0.000465628
1765976270763868,0,-0.717597,0.0773065,-10.0464,0.00528528,0.0691953,-0.000480728,0,0,0,0.238512,0.00680259,0.00304021,0.971111,0.00528528,0.0691953,-0.000480728
1765976270768794,0,-0.7166,0.0770231,-10.0342,0.00642409,0.0863037,-0.000461306,0,0,0,0.238513,0.00661324,0.00310209,0.971112,0.00642409,0.0863037,-0.000461306
1765976270773801,0,-0.715597,0.0767397,-10.0434,0.00631906,0.0791989,-0.00046658,0,0,0,0.238513,0.00641785,0.00316646,0.971113,0.00631906,0.0791989,-0.00046658
1765976270778804,0,-0.71459,0.0764564,-10.0326,0.00610268,0.0844268,-0.000458389,0,0,0,0.238513,0.00622164,0.00323059,0.971114,0.00610268,0.0844268,-0.000458389
1765976270783800,0,-0.713576,0.0761728,-10.0419,0.00512468,0.0695411,-0.000472781,0,0,0,0.238514,0.00604164,0.003289,0.971115,0.00512468,0.0695411,-0.000472781
1765976270788809,0,-0.712559,0.0758895,-10.0293,0.00658727,0.0892361,-0.000447647,0,0,0,0.238514,0.0058477,0.00335209,0.971116,0.00658727,0.0892361,-0.000447647
1765976270793802,0,-0.711535,0.0756061,-10.0388,0.00672117,0.0838448,-0.000447891,0,0,0,0.238514,0.00564288,0.00341957,0.971117,0.00672117,0.0838448,-0.000447891
1765976270798800,0,-0.710507,0.0753228,-10.0263,0.0085769,0.107741,-0.000410904,0,0,0,0.238515,0.00540918,0.00349714,0.971118,0.0085769,0.107741,-0.000410904
1765976270803935,0,-0.709472,0.0750393,-10.0358,0.00893934,0.104843,-0.00040231,0,0,0,0.238514,0.00515706,0.00358171,0.971119,0.00893934,0.104843,-0.00040231
1765976270808941,0,-0.708429,0.0747557,-10.0251,0.00903987,0.111903,-0.000385281,0,0,0,0.238514,0.0048976,0.0036686,0.97112,0.00903987,0.111903,-0.000385281
1765976270813798,0,-0.707379,0.0744718,-10.0348,0.00824172,0.0977177,-0.000392996,0,0,0,0.238514,0.00465169,0.00375104,0.971121,0.00824172,0.0977177,-0.000392996
1765976270818803,0,-0.706321,0.0741878,-10.0222,0.00897055,0.110928,-0.000373636,0,0,0,0.238514,0.00440038,0.00383511,0.971122,0.00897055,0.110928,-0.000373636
1765976270823924,0,-0.705256,0.0739033,-10.0319,0.00860605,0.100916,-0.00037991,0,0,0,0.238514,0.00415087,0.00391892,0.971122,0.00860605,0.100916,-0.00037991
1765976270828911,0,-0.704185,0.0736187,-10.021,0.00821252,0.104343,-0.000376284,0,0,0,0.238514,0.00390586,0.00400065,0.971123,0.00821252,0.104343,-0.000376284
1765976270833921,0,-0.703106,0.0733338,-10.0306,0.00715182,0.0883339,-0.000394998,0,0,0,0.238514,0.00368037,0.00407554,0.971124,0.00715182,0.0883339,-0.000394998
1765976270838927,0,-0.702021,0.0730489,-10.018,0.00799739,0.102905,-0.000379788,0,0,0,0.238513,0.00344925,0.00415202,0.971124,0.00799739,0.102905,-0.000379788
1765976270843823,0,-0.700929,0.0727638,-10.0278,0.0077755,0.0943369,-0.000389382,0,0,0,0.238513,0.00321658,0.00422941,0.971125,0.0077755,0.0943369,-0.000389382
1765976270848949,0,-0.699831,0.0724785,-10.0156,0.00830058,0.105856,-0.000376748,0,0,0,0.238513,0.00297559,0.00430943,0.971125,0.00830058,0.105856,-0.000376748
1765976270853924,0,-0.698726,0.072193,-10.0256,0.00787002,0.0951187,-0.000389456,0,0,0,0.238513,0.00273902,0.00438824,0.971126,0.00787002,0.0951187,-0.000389456
1765976270858928,0,-0.697614,0.0719073,-10.0138,0.00794904,0.102496,-0.000384194,0,0,0,0.238513,0.00250206,0.00446682,0.971126,0.00794904,0.102496,-0.000384194
1765976270863912,0,-0.696496,0.0716214,-10.0236,0.00725999,0.0894604,-0.000402114,0,0,0,0.238512,0.0022767,0.00454157,0.971126,0.00725999,0.0894604,-0.000402114
1765976270868934,0,-0.695372,0.0713355,-10.0112,0.00769089,0.100324,-0.000393289,0,0,0,0.238512,0.00204816,0.00461705,0.971126,0.00769089,0.100324,-0.000393289
1765976270873935,0,-0.694242,0.0710492,-10.0212,0.00725325,0.0896049,-0.000408816,0,0,0,0.238512,0.00182463,0.00469108,0.971126,0.00725325,0.0896049,-0.000408816
1765976270878801,0,-0.693105,0.0707629,-10.0089,0.00759332,0.100463,-0.000399661,0,0,0,0.238512,0.00159571,0.0047665,0.971127,0.00759332,0.100463,-0.000399661
1765976270883819,0,-0.691962,0.0704764,-10.0185,0.00714216,0.0906171,-0.000413711,0,0,0,0.238512,0.00137051,0.00484066,0.971127,0.00714216,0.0906171,-0.000413711
1765976270888774,0,-0.690813,0.0701899,-10.0062,0.0075595,0.101556,-0.000403274,0,0,0,0.238512,0.00113897,0.00491656,0.971127,0.0075595,0.101556,-0.000403274
1765976270893798,0,-0.689657,0.0699032,-10.016,0.00716888,0.0915716,-0.000416433,0,0,0,0.238511,0.000911321,0.00499132,0.971126,0.00716888,0.0915716,-0.000416433
1765976270898809,0,-0.688496,0.0696165,-10.003,0.00847158,0.110342,-0.000391885,0,0,0,0.238511,0.000666395,0.00507194,0.971126,0.00847158,0.110342,-0.000391885
1765976270903803,0,-0.687327,0.0693294,-10.0129,0.00865443,0.105289,-0.000393838,0,0,0,0.238511,0.000410978,0.00515677,0.971126,0.00865443,0.105289,-0.000393838
1765976270908798,0,-0.686151,0.0690423,-10.0009,0.00905697,0.115407,-0.000379495,0,0,0,0.23851,0.000145916,0.00524477,0.971126,0.00905697,0.115407,-0.000379495
1765976270913799,0,-0.684967,0.0687548,-10.0109,0.00864636,0.104568,-0.000390359,0,0,0,0.23851,-0.000113234,0.00533109,0.971125,0.00864636,0.104568,-0.000390359
1765976270918801,0,-0.683776,0.0684673,-9.99805,0.00942385,0.11925,-0.0003704,0,0,0,0.238509,-0.000383063,0.00542082,0.971125,0.00942385,0.11925,-0.0003704
1765976270923803,0,-0.682578,0.0681793,-10.008,0.00927136,0.111552,-0.000376431,0,0,0,0.238508,-0.000655807,0.00551183,0.971125,0.00927136,0.111552,-0.000376431
1765976270928799,0,-0.681371,0.0678913,-9.99546,0.0100224,0.125839,-0.000356155,0,0,0,0.238508,-0.000941653,0.00560706,0.971124,0.0100224,0.125839,-0.000356155
1765976270933798,0,-0.680156,0.0676027,-10.0055,0.00985632,0.117877,-0.000361868,0,0,0,0.238507,-0.00122966,0.00570333,0.971123,0.00985632,0.117877,-0.000361868
1765976270938798,0,-0.678933,0.067314,-9.99354,0.00982476,0.124196,-0.000356301,0,0,0,0.238506,-0.00151918,0.00579976,0.971123,0.00982476,0.124196,-0.000356301
1765976270943802,0,-0.677701,0.0670248,-10.0037,0.00916154,0.110999,-0.000374502,0,0,0,0.238505,-0.00179587,0.00589198,0.971122,0.00916154,0.110999,-0.000374502
1765976270948798,0,-0.676462,0.0667354,-9.99117,0.00922867,0.118591,-0.000371963,0,0,0,0.238504,-0.00207093,0.00598322,0.971121,0.00922867,0.118591,-0.000371963
1765976270953804,0,-0.675216,0.0664456,-10.0012,0.00866782,0.106643,-0.000392263,0,0,0,0.238504,-0.00233614,0.00607124,0.97112,0.00866782,0.106643,-0.000392263
1765976270958941,0,-0.673962,0.0661556,-9.98963,0.00783249,0.106497,-0.000405862,0,0,0,0.238503,-0.00258998,0.0061546,0.971119,0.00783249,0.106497,-0.000405862
1765976270963916,0,-0.672702,0.0658654,-9.99999,0.00672036,0.089427,-0.000440371,0,0,0,0.238503,-0.0028194,0.00622938,0.971118,0.00672036,0.089427,-0.000440371
1765976270968829,0,-0.671436,0.0655751,-9.98696,0.0069002,0.0979508,-0.00044291,0,0,0,0.238502,-0.00304486,0.00630233,0.971117,0.0069002,0.0979508,-0.00044291
1765976270973842,0,-0.670164,0.0652846,-9.99686,0.00651795,0.0876199,-0.000467507,0,0,0,0.238502,-0.00326365,0.00637323,0.971116,0.00651795,0.0876199,-0.000467507
1765976270978838,0,-0.668887,0.0649941,-9.9857,0.00542423,0.0838305,-0.000490566,0,0,0,0.238502,-0.00346736,0.00643835,0.971115,0.00542423,0.0838305,-0.000490566
1765976270983901,0,-0.667606,0.0647034,-9.99578,0.00425302,0.0655876,-0.000531216,0,0,0,0.238502,-0.0036415,0.00649326,0.971114,0.00425302,0.0655876,-0.000531216
1765976270988809,0,-0.666321,0.064413,-9.98307,0.0040339,0.0705457,-0.000541726,0,0,0,0.238502,-0.00380551,0.00654414,0.971112,0.0040339,0.0705457,-0.000541726
1765976270993929,0,-0.665033,0.0641226,-9.99287,0.00350486,0.0589606,-0.00057145,0,0,0,0.238502,-0.00395769,0.00659108,0.971112,0.00350486,0.0589606,-0.00057145
1765976270998928,0,-0.663741,0.0638325,-9.97915,0.00470293,0.0779172,-0.000552029,0,0,0,0.238503,-0.00412594,0.00664326,0.97111,0.00470293,0.0779172,-0.000552029
1765976271003883,0,-0.662445,0.0635424,-9.98913,0.0051058,0.0753445,-0.000556777,0,0,0,0.238503,-0.00430842,0.0067008,0.971109,0.0051058,0.0753445,-0.000556777
1765976271008933,0,-0.661145,0.0632525,-9.97757,0.00477214,0.0785646,-0.000553787,0,0,0,0.238503,-0.00449312,0.00675878,0.971108,0.00477214,0.0785646,-0.000553787
1765976271013955,0,-0.659841,0.0629626,-9.98773,0.00417747,0.0654999,-0.000572927,0,0,0,0.238503,-0.0046622,0.00681166,0.971107,0.00417747,0.0654999,-0.000572927
1765976271018928,0,-0.658533,0.062673,-9.97414,0.00488422,0.0797046,-0.000551101,0,0,0,0.238503,-0.00483917,0.00686697,0.971105,0.00488422,0.0797046,-0.000551101
1765976271023791,0,-0.65722,0.0623833,-9.9843,0.0049928,0.0740612,-0.000554055,0,0,0,0.238503,-0.00502152,0.00692448,0.971104,0.0049928,0.0740612,-0.000554055
1765976271028875,0,-0.655904,0.0620939,-9.97062,0.00581523,0.0904825,-0.000521804,0,0,0,0.238503,-0.00522198,0.00698783,0.971103,0.00581523,0.0904825,-0.000521804
1765976271033880,0,-0.654581,0.0618045,-9.98091,0.00599208,0.0860521,-0.000515859,0,0,0,0.238503,-0.00543167,0.00705456,0.971101,0.00599208,0.0860521,-0.000515859
1765976271038847,0,-0.653254,0.0615152,-9.96854,0.00622403,0.0945717,-0.000493667,0,0,0,0.238503,-0.00564935,0.0071238,0.971099,0.00622403,0.0945717,-0.000493667
1765976271043932,0,-0.651921,0.0612258,-9.97863,0.00602408,0.0852395,-0.000495767,0,0,0,0.238502,-0.00586172,0.00719166,0.971098,0.00602408,0.0852395,-0.000495767
1765976271048820,0,-0.650583,0.0609367,-9.96471,0.00736377,0.105357,-0.000452749,0,0,0,0.238502,-0.0060939,0.00726625,0.971096,0.00736377,0.105357,-0.000452749
1765976271053927,0,-0.649238,0.0606473,-9.9746,0.0078871,0.103851,-0.000437075,0,0,0,0.238501,-0.00634292,0.00734716,0.971094,0.0078871,0.103851,-0.000437075
1765976271058828,0,-0.647886,0.060358,-9.96294,0.00781709,0.109741,-0.000416873,0,0,0,0.2385,-0.00659895,0.00743023,0.971092,0.00781709,0.109741,-0.000416873
1765976271063815,0,-0.646527,0.0600685,-9.97298,0.00741333,0.0986943,-0.000419912,0,0,0,0.2385,-0.00684477,0.00751009,0.971089,0.00741333,0.0986943,-0.000419912
1765976271068810,0,-0.645163,0.059779,-9.9604,0.007069,0.102888,-0.000410366,0,0,0,0.238499,-0.00708619,0.00758793,0.971087,0.007069,0.102888,-0.000410366
1765976271073940,0,-0.643793,0.0594893,-9.97059,0.00652089,0.090845,-0.000422842,0,0,0,0.238498,-0.00731442,0.00766132,0.971085,0.00652089,0.090845,-0.000422842
1765976271078914,0,-0.642417,0.0591997,-9.95776,0.00664017,0.0992495,-0.000410366,0,0,0,0.238497,-0.00754329,0.00773449,0.971083,0.00664017,0.0992495,-0.000410366
1765976271083819,0,-0.641035,0.0589101,-9.96789,0.00642925,0.0903107,-0.000420339,0,0,0,0.238497,-0.00776734,0.00780627,0.971081,0.00642925,0.0903107,-0.000420339
1765976271088937,0,-0.639648,0.0586204,-9.95519,0.00621543,0.0955772,-0.000416177,0,0,0,0.238496,-0.00799051,0.00787729,0.971079,0.00621543,0.0955772,-0.000416177
1765976271093830,0,-0.638256,0.0583305,-9.96569,0.00581073,0.084356,-0.000432778,0,0,0,0.238495,-0.00820264,0.00794476,0.971077,0.00581073,0.084356,-0.000432778
1765976271098809,0,-0.636858,0.058041,-9.9515,0.00654383,0.0996574,-0.000410379,0,0,0,0.238495,-0.008426,0.0080157,0.971074,0.00654383,0.0996574,-0.000410379
1765976271103934,0,-0.635454,0.0577513,-9.9616,0.00677779,0.0956098,-0.00041138,0,0,0,0.238494,-0.00865807,0.00808989,0.971072,0.00677779,0.0956098,-0.00041138
1765976271108930,0,-0.634045,0.0574615,-9.94957,0.00680043,0.102398,-0.000401858,0,0,0,0.238493,-0.00889602,0.0081658,0.971069,0.00680043,0.102398,-0.000401858
1765976271113806,0,-0.63263,0.0571716,-9.95978,0.00657742,0.0926827,-0.000413345,0,0,0,0.238492,-0.00912649,0.00823955,0.971067,0.00657742,0.0926827,-0.000413345
1765976271118808,0,-0.631209,0.0568819,-9.94684,0.0063418,0.0977378,-0.000409671,0,0,0,0.238491,-0.00935503,0.00831223,0.971064,0.0063418,0.0977378,-0.000409671
1765976271123805,0,-0.629783,0.0565919,-9.95704,0.00597904,0.0871447,-0.000426101,0,0,0,0.238491,-0.00957323,0.00838158,0.971062,0.00597904,0.0871447,-0.000426101
1765976271128800,0,-0.628352,0.0563021,-9.94443,0.00566838,0.0908296,-0.000428506,0,0,0,0.23849,-0.00978671,0.00844891,0.971059,0.00566838,0.0908296,-0.000428506
1765976271133797,0,-0.626916,0.0560123,-9.95457,0.00529343,0.0797137,-0.000449222,0,0,0,0.238489,-0.00998779,0.00851229,0.971057,0.00529343,0.0797137,-0.000449222
1765976271138796,0,-0.625475,0.0557225,-9.94036,0.00608774,0.0958204,-0.000426687,0,0,0,0.238489,-0.0102013,0.00857958,0.971054,0.00608774,0.0958204,-0.000426687
1765976271143796,0,-0.624029,0.0554327,-9.95059,0.00644912,0.0928398,-0.000427395,0,0,0,0.238488,-0.0104259,0.00865093,0.971051,0.00644912,0.0928398,-0.000427395
1765976271148799,0,-0.622577,0.0551431,-9.93632,0.00775886,0.114088,-0.000386062,0,0,0,0.238487,-0.0106779,0.00873144,0.971048,0.00775886,0.114088,-0.000386062
1765976271153798,0,-0.621117,0.0548532,-9.94661,0.00843426,0.114168,-0.000370254,0,0,0,0.238485,-0.0109501,0.0088193,0.971044,0.00843426,0.114168,-0.000370254
1765976271158796,0,-0.619649,0.0545632,-9.93482,0.00809888,0.118162,-0.000359756,0,0,0,0.238484,-0.0112282,0.00890877,0.971041,0.00809888,0.118162,-0.000359756
1765976271163781,0,-0.618175,0.0542731,-9.94509,0.00769772,0.106903,-0.000369314,0,0,0,0.238482,-0.011494,0.00899426,0.971037,0.00769772,0.106903,-0.000369314
1765976271168798,0,-0.616694,0.0539829,-9.93109,0.00824541,0.119904,-0.000346414,0,0,0,0.238481,-0.0117676,0.00908212,0.971033,0.00824541,0.119904,-0.000346414
1765976271173800,0,-0.615205,0.0536924,-9.94137,0.00844175,0.114689,-0.000346341,0,0,0,0.238479,-0.0120461,0.00917204,0.97103,0.00844175,0.114689,-0.000346341
1765976271178799,0,-0.613709,0.0534019,-9.92857,0.0085805,0.123485,-0.000331949,0,0,0,0.238478,-0.0123323,0.00926425,0.971026,0.0085805,0.123485,-0.000331949
1765976271183795,0,-0.612205,0.0531111,-9.93872,0.00851551,0.115684,-0.000338015,0,0,0,0.238476,-0.0126156,0.0093558,0.971021,0.00851551,0.115684,-0.000338015
1765976271188798,0,-0.610695,0.0528202,-9.92608,0.00821953,0.120716,-0.000336001,0,0,0,0.238474,-0.0128988,0.0094468,0.971017,0.00821953,0.120716,-0.000336001
1765976271193800,0,-0.609176,0.0525291,-9.93631,0.00789715,0.110551,-0.000352456,0,0,0,0.238473,-0.0131723,0.00953461,0.971013,0.00789715,0.110551,-0.000352456
1765976271198797,0,-0.607652,0.0522378,-9.92336,0.00771806,0.115972,-0.000354629,0,0,0,0.238471,-0.0134439,0.00962135,0.971009,0.00771806,0.115972,-0.000354629
1765976271203804,0,-0.60612,0.0519463,-9.93357,0.00750518,0.10634,-0.000374698,0,0,0,0.23847,-0.0137069,0.00970546,0.971005,0.00750518,0.10634,-0.000374698
1765976271208797,0,-0.604583,0.0516548,-9.9213,0.00689554,0.107623,-0.000389016,0,0,0,0.238468,-0.0139626,0.00978663,0.971001,0.00689554,0.107623,-0.000389016
1765976271213802,0,-0.60304,0.0513632,-9.93142,0.00643915,0.095693,-0.000418252,0,0,0,0.238467,-0.0142026,0.00986259,0.970997,0.00643915,0.095693,-0.000418252
1765976271218799,0,-0.601491,0.0510717,-9.91795,0.00642821,0.103706,-0.000421499,0,0,0,0.238466,-0.0144427,0.00993811,0.970993,0.00642821,0.103706,-0.000421499
1765976271223797,0,-0.599937,0.0507799,-9.9281,0.00639878,0.0964339,-0.000441653,0,0,0,0.238464,-0.0146801,0.0100129,0.970989,0.00639878,0.0964339,-0.000441653
1765976271228800,0,-0.598377,0.0504882,-9.91502,0.00643096,0.104069,-0.000442251,0,0,0,0.238463,-0.0149214,0.0100887,0.970984,0.00643096,0.104069,-0.000442251
1765976271233797,0,0.000449002,-0.00016477,-9.90632,0.00644881,0.0967002,-0.000459366,0,0,0,0.238462,-0.0151595,0.0101637,0.97098,0.00644881,0.0967002,-0.000459366
1765976271238797,0,0.00101575,-0.000377044,-10.0752,0.26407,-0.543606,-0.0135525,0,0,0,0.238496,-0.0143658,0.0103828,0.970982,0.26407,-0.543606,-0.0135525
1765976271243799,0,0.00154102,-0.000610203,-10.0721,0.429832,-0.962119,-0.0239415,0,0,0,0.238577,-0.0122204,0.0107904,0.970987,0.429832,-0.962119,-0.0239415
1765976271248793,0,0.00198966,-0.000878304,-10.1471,0.447131,-1.23426,-0.0318116,0,0,0,0.238689,-0.0092267,0.0111866,0.970988,0.447131,-1.23426,-0.0318116
1765976271253799,0,0.0023361,-0.00118391,-10.1571,0.447858,-1.41123,-0.0385233,0,0,0,0.238823,-0.0057067,0.011472,0.970979,0.447858,-1.41123,-0.0385233
1765976271258796,0,0.00256513,-0.00152738,-10.2233,0.367045,-1.52642,-0.0416449,0,0,0,0.238967,-0.00187598,0.0115568,0.970957,0.367045,-1.52642,-0.0416449
1765976271263817,0,0.00266529,-0.00190236,-10.2333,0.304567,-1.6016,-0.0443091,0,0,0,0.239117,0.00213432,0.0114175,0.970921,0.304567,-1.6016,-0.0443091
1765976271268810,0,0.0026295,-0.0023039,-10.291,0.194974,-1.65082,-0.0430244,0,0,0,0.239266,0.00623497,0.0110223,0.970871,0.194974,-1.65082,-0.0430244
1765976271273880,0,0.00245294,-0.00272271,-10.301,0.117429,-1.68322,-0.0419392,0,0,0,0.239411,0.0103765,0.0103841,0.970807,0.117429,-1.68322,-0.0419392
1765976271278911,0,0.00213178,-0.00315234,-10.3512,0.0102975,-1.70464,-0.0370024,0,0,0,0.239546,0.0145235,0.00949896,0.97073,0.0102975,-1.70464,-0.0370024
1765976271283820,0,0.00166443,-0.00358364,-10.3614,-0.0612154,-1.71887,-0.0328139,0,0,0,0.23967,0.0186606,0.00839514,0.970639,-0.0612154,-1.71887,-0.0328139
1765976271288936,0,0.00104842,-0.00401026,-10.4045,-0.153633,-1.72832,-0.0251323,0,0,0,0.239778,0.0227747,0.00708017,0.970535,-0.153633,-1.72832,-0.0251323
1765976271293830,0,0.000283957,-0.0044243,-10.4149,-0.211395,-1.73456,-0.0186146,0,0,0,0.239868,0.0268638,0.00558635,0.970418,-0.211395,-1.73456,-0.0186146
1765976271298913,0,-0.000631034,-0.00482063,-10.4514,-0.28537,-1.73859,-0.00913753,0,0,0,0.239939,0.0309241,0.00392525,0.970287,-0.28537,-1.73859,-0.00913753
1765976271303825,0,-0.00169528,-0.00519267,-10.4617,-0.327624,-1.74108,-0.00110139,0,0,0,0.239988,0.0349584,0.00212824,0.970144,-0.327624,-1.74108,-0.00110139
1765976271308933,0,-0.00290996,-0.00553645,-10.4923,-0.383365,-1.74247,0.00927519,0,0,0,0.240014,0.0389663,0.000207204,0.969987,-0.383365,-1.74247,0.00927519
1765976271313820,0,-0.000286996,-6.10203e-05,-10.5034,-0.410981,-1.74307,0.0180668,0,0,0,0.240017,0.0429523,-0.00180959,0.969816,-0.410981,-1.74307,0.0180668
1765976271318812,0,-0.00181335,-0.00034444,-10.5282,-0.450257,-1.74311,0.0285473,0,0,0,0.239994,0.0469174,-0.00391145,0.969632,-0.450257,-1.74311,0.0285473
1765976271323930,0,-0.00348735,-0.000588641,-10.5383,-0.465113,-1.74274,0.0374182,0,0,0,0.239946,0.0508661,-0.00607394,0.969434,-0.465113,-1.74274,0.0374182
1765976271328824,0,-0.00531399,-0.000792541,-10.5912,-0.47885,-1.74213,0.0464206,0,0,0,0.239874,0.0548039,-0.00827151,0.969221,-0.47885,-1.74213,0.0464206
1765976271333802,0,-0.00160372,-0.00012695,-10.6017,-0.475768,-1.74139,0.0540277,0,0,0,0.239777,0.0587365,-0.0104785,0.968993,-0.475768,-1.74139,0.0540277
1765976271338783,0,-0.00374281,-0.000247706,-10.6341,-0.481197,-1.74063,0.0619252,0,0,0,0.239657,0.0626647,-0.0126908,0.96875,-0.481197,-1.74063,0.0619252
1765976271343788,0,-0.00602734,-0.000326268,-10.6441,-0.472247,-1.73985,0.0685816,0,0,0,0.239514,0.0665914,-0.0148959,0.968492,-0.472247,-1.73985,0.0685816
1765976271348804,0,-0.0014888,-1.69673e-05,-10.6715,-0.47112,-1.73913,0.0751143,0,0,0,0.23935,0.0705172,-0.017091,0.968218,-0.47112,-1.73913,0.0751143
1765976271353925,0,-0.00408399,-1.19694e-05,-10.6815,-0.457759,-1.73847,0.0806007,0,0,0,0.239165,0.0744448,-0.0192659,0.967929,-0.457759,-1.73847,0.0806007
1765976271358810,0,-0.0068239,3.40305e-05,-10.71,-0.451242,-1.6935,0.0856196,0,0,0,0.238962,0.0783102,-0.0214027,0.967629,-0.451242,-1.6935,0.0856196
1765976271363917,0,-0.000591755,2.03177e-05,-10.7214,-0.43411,-1.61937,0.0898113,0,0,0,0.238745,0.0820304,-0.0234716,0.967327,-0.43411,-1.61937,0.0898113
1765976271368800,0,-0.00362945,0.000145756,-10.7424,-0.422876,-1.52794,0.0932436,0,0,0,0.238517,0.0855528,-0.0254576,0.967028,-0.422876,-1.52794,0.0932436
1765976271373832,0,-0.00678933,0.000308812,-10.752,-0.402667,-1.42751,0.0960774,0,0,0,0.23828,0.0888494,-0.027346,0.966737,-0.402667,-1.42751,0.0960774
1765976271378802,0,-0.0100653,0.000508741,-10.7774,-0.38794,-1.32379,0.0979839,0,0,0,0.238038,0.0919071,-0.0291327,0.966459,-0.38794,-1.32379,0.0979839
1765976271383800,0,-0.00273824,0.000190571,-10.7893,-0.365906,-1.22065,0.0995129,0,0,0,0.237792,0.0947253,-0.0308117,0.966195,-0.365906,-1.22065,0.0995129
1765976271388798,0,-0.00624847,0.000459194,-10.8115,-0.349304,-1.12063,0.100024,0,0,0,0.237544,0.097309,-0.0323851,0.965948,-0.349304,-1.12063,0.100024
1765976271393802,0,-0.0098455,0.000759363,-10.8213,-0.326808,-1.02532,0.100358,0,0,0,0.237297,0.0996691,-0.033852,0.965718,-0.326808,-1.02532,0.100358
1765976271398797,0,-0.00149298,0.000135824,-10.8408,-0.309106,-0.935641,0.0995914,0,0,0,0.237052,0.101818,-0.0352166,0.965505,-0.309106,-0.935641,0.0995914
1765976271403800,0,-0.00527453,0.000494421,-10.8505,-0.286866,-0.852053,0.0988326,0,0,0,0.236809,0.103771,-0.0364805,0.965309,-0.286866,-0.852053,0.0988326
1765976271408803,0,-0.00912166,0.000880688,-10.8707,-0.269767,-0.774696,0.0970755,0,0,0,0.236571,0.105542,-0.0376505,0.965131,-0.269767,-0.774696,0.0970755
1765976271413821,0,-0.000791311,8.41916e-05,-10.8834,-0.248981,-0.703484,0.0954693,0,0,0,0.236338,0.107147,-0.0387296,0.964968,-0.248981,-0.703484,0.0954693
1765976271418916,0,-0.00478077,0.00051862,-10.8972,-0.232147,-0.63821,0.0928301,0,0,0,0.23611,0.108599,-0.0397236,0.964821,-0.232147,-0.63821,0.0928301
1765976271423911,0,-0.00881577,0.000975311,-10.9071,-0.212578,-0.578568,0.0904676,0,0,0,0.23589,0.109913,-0.0406357,0.964689,-0.212578,-0.578568,0.0904676
1765976271428953,0,-4.76837e-07,-1.78814e-07,-10.9288,-0.19772,-0.524208,0.0872881,0,0,0,0.235676,0.1111,-0.0414732,0.964569,-0.19772,-0.524208,0.0872881
1765976271433811,0,-0.00414777,0.00049606,-10.9386,-0.18048,-0.474752,0.0844633,0,0,0,0.23547,0.112173,-0.0422402,0.964462,-0.18048,-0.474752,0.0844633
1765976271438923,0,-0.00832939,0.00100985,-10.9548,-0.167324,-0.429825,0.0809049,0,0,0,0.235273,0.113143,-0.0429431,0.964366,-0.167324,-0.429825,0.0809049
1765976271443825,0,-0.0125413,0.00153965,-10.9647,-0.152106,-0.389057,0.0777527,0,0,0,0.235083,0.114018,-0.0435853,0.96428,-0.152106,-0.389057,0.0777527
1765976271448815,0,-0.00171161,0.000219673,-10.9802,-0.139624,-0.3521,0.0738614,0,0,0,0.234903,0.114809,-0.0441711,0.964204,-0.139624,-0.3521,0.0738614
1765976271453804,0,-0.00600719,0.000778884,-10.9898,-0.125729,-0.318619,0.0704282,0,0,0,0.234731,0.115525,-0.0447032,0.964135,-0.125729,-0.318619,0.0704282
1765976271458931,0,-0.0103252,0.00135061,-11.0063,-0.115481,-0.288301,0.0665005,0,0,0,0.234567,0.116171,-0.0451874,0.964075,-0.115481,-0.288301,0.0665005
1765976271463816,0,-0.000874043,0.00011754,-11.0199,-0.103765,-0.260852,0.0630292,0,0,0,0.234413,0.116755,-0.0456269,0.964021,-0.103765,-0.260852,0.0630292
1765976271468810,0,-0.00525665,0.000712037,-11.0295,-0.0938549,-0.236012,0.0589998,0,0,0,0.234267,0.117284,-0.0460245,0.963974,-0.0938549,-0.236012,0.0589998
1765976271473940,0,-0.00965261,0.00131592,-11.0391,-0.0830629,-0.213537,0.0554451,0,0,0,0.23413,0.117762,-0.0463821,0.963932,-0.0830629,-0.213537,0.0554451
1765976271478911,0,-0.0140638,0.00192839,-11.0552,-0.0754124,-0.1932,0.0516005,0,0,0,0.234002,0.118195,-0.0467047,0.963894,-0.0754124,-0.1932,0.0516005
1765976271483816,0,-0.0184863,0.00254849,-11.0647,-0.0667024,-0.174797,0.0482026,0,0,0,0.233882,0.118587,-0.0469951,0.963861,-0.0667024,-0.174797,0.0482026
1765976271488927,0,-0.0229182,0.00317565,-11.0721,-0.0587926,-0.158148,0.0443796,0,0,0,0.23377,0.118943,-0.0472544,0.963832,-0.0587926,-0.158148,0.0443796
1765976271493829,0,-0.0273595,0.00380838,-11.082,-0.0503879,-0.143086,0.0409957,0,0,0,0.233667,0.119266,-0.0474836,0.963805,-0.0503879,-0.143086,0.0409957
1765976271498928,0,-0.00180173,0.000256896,-11.0943,-0.0421167,-0.129461,0.0371939,0,0,0,0.233571,0.11956,-0.0476835,0.963782,-0.0421167,-0.129461,0.0371939
1765976271503812,0,-0.00631142,0.000902086,-11.1042,-0.0339887,-0.117136,0.0338284,0,0,0,0.233483,0.119828,-0.047855,0.963762,-0.0339887,-0.117136,0.0338284
1765976271508928,0,-0.0108297,0.00155124,-11.1242,-0.0283638,-0.10598,0.0304489,0,0,0,0.233402,0.120072,-0.0480028,0.963744,-0.0283638,-0.10598,0.0304489
1765976271513909,0,-0.0153534,0.00220376,-11.1341,-0.0224079,-0.0958813,0.0274404,0,0,0,0.233328,0.120295,-0.0481294,0.963727,-0.0224079,-0.0958813,0.0274404
1765976271518818,0,-0.0198803,0.0028587,-11.1423,-0.0174613,-0.086738,0.0242936,0,0,0,0.233262,0.120498,-0.0482367,0.963713,-0.0174613,-0.086738,0.0242936
1765976271523929,0,-0.0244114,0.00351509,-11.1518,-0.012349,-0.0784595,0.0214883,0,0,0,0.233202,0.120684,-0.0483258,0.9637,-0.012349,-0.0784595,0.0214883
1765976271528798,0,-0.0289431,0.00417274,-11.1567,-0.00722877,-0.0709652,0.0185063,0,0,0,0.233148,0.120855,-0.0483972,0.963688,-0.00722877,-0.0709652,0.0185063
1765976271533814,0,-0.00366998,0.000530392,-11.1744,-0.00232934,-0.0641804,0.0158431,0,0,0,0.233101,0.121011,-0.0484517,0.963677,-0.00232934,-0.0641804,0.0158431
1765976271538843,0,-0.0082612,0.0011943,-11.194,-0.00111026,-0.0580352,0.0134684,0,0,0,0.233059,0.121154,-0.0484952,0.963667,-0.00111026,-0.0580352,0.0134684
1765976271543920,0,-0.0128543,0.00185865,-11.2037,0.00104055,-0.052468,0.0113172,0,0,0,0.233023,0.121285,-0.0485303,0.963657,0.00104055,-0.052468,0.0113172
1765976271548920,0,-0.0174477,0.00252262,-11.2124,0.00306711,-0.0474265,0.00916,0,0,0,0.232992,0.121404,-0.0485567,0.963648,0.00306711,-0.0474265,0.00916
1765976271553818,0,-0.0220416,0.00318584,-11.2221,0.00560271,-0.0428621,0.00719462,0,0,0,0.232966,0.121513,-0.0485741,0.96364,0.00560271,-0.0428621,0.00719462
1765976271558865,0,-0.026634,0.0038482,-11.2267,0.00868634,-0.0387305,0.00516781,0,0,0,0.232945,0.121614,-0.0485815,0.963632,0.00868634,-0.0387305,0.00516781
1765976271563814,0,-0.00092864,0.000133365,-11.2451,0.0117508,-0.03499,0.0033129,0,0,0,0.232927,0.121708,-0.0485786,0.963625,0.0117508,-0.03499,0.0033129
1765976271568908,0,-0.00556898,0.00079906,-11.2462,0.0157731,-0.0316035,0.00136,0,0,0,0.232914,0.121795,-0.0485643,0.963618,0.0157731,-0.0316035,0.00136
1765976271573928,0,-0.0102084,0.00146303,-11.2562,0.0192585,-0.0285372,-0.000432386,0,0,0,0.232904,0.121877,-0.0485387,0.963611,0.0192585,-0.0285372,-0.000432386
1765976271578915,0,-0.0148513,0.00212571,-11.2812,0.0208653,-0.0257599,-0.00191643,0,0,0,0.232898,0.121954,-0.0485052,0.963604,0.0208653,-0.0257599,-0.00191643
1765976271583928,0,-0.0194938,0.00278604,-11.2908,0.0225626,-0.0232448,-0.00330748,0,0,0,0.232895,0.122025,-0.0484658,0.963598,0.0225626,-0.0232448,-0.00330748
1765976271588933,0,-0.0241346,0.00344366,-11.2962,0.0243575,-0.0209673,-0.00464065,0,0,0,0.232895,0.122092,-0.0484203,0.963592,0.0243575,-0.0209673,-0.00464065
1765976271593812,0,-0.0287728,0.00409868,-11.306,0.0260918,-0.0189047,-0.00590557,0,0,0,0.232898,0.122155,-0.048369,0.963586,0.0260918,-0.0189047,-0.00590557
1765976271598916,0,-0.00187421,0.000262976,-11.3161,0.0285557,-0.0170369,-0.00716614,0,0,0,0.232903,0.122215,-0.0483109,0.96358,0.0285557,-0.0170369,-0.00716614
1765976271603934,0,-0.00655866,0.000918448,-11.326,0.0306113,-0.0153451,-0.00836931,0,0,0,0.232911,0.122272,-0.048246,0.963574,0.0306113,-0.0153451,-0.00836931
1765976271608818,0,-0.0112445,0.00157148,-11.3462,0.0345731,-0.013812,-0.00954307,0,0,0,0.232921,0.122327,-0.0481722,0.963568,0.0345731,-0.013812,-0.00954307
1765976271613815,0,-0.015929,0.00222045,-11.3557,0.0373903,-0.012422,-0.0106661,0,0,0,0.232933,0.12238,-0.0480893,0.963562,0.0373903,-0.012422,-0.0106661
1765976271618809,0,-0.0206099,0.00286537,-11.3624,0.0387301,-0.0111625,-0.0115747,0,0,0,0.232947,0.122432,-0.0480006,0.963557,0.0387301,-0.0111625,-0.0115747
1765976271623884,0,-0.0252891,0.00350574,-11.3722,0.039718,-0.010023,-0.012475,0,0,0,0.232963,0.122482,-0.0479083,0.963551,0.039718,-0.010023,-0.012475
1765976271628906,0,-0.0299628,0.00414181,-11.3748,0.0407146,-0.00899197,-0.0132553,0,0,0,0.232981,0.122529,-0.0478127,0.963546,0.0407146,-0.00899197,-0.0132553
1765976271633923,0,-0.00377822,0.000510812,-11.3934,0.0414207,-0.00805839,-0.0140471,0,0,0,0.233,0.122575,-0.0477143,0.96354,0.0414207,-0.00805839,-0.0140471
1765976271638935,0,-0.00850058,0.00114551,-11.4115,0.0439262,-0.00721286,-0.0147693,0,0,0,0.233021,0.12262,-0.0476109,0.963535,0.0439262,-0.00721286,-0.0147693
1765976271643812,0,-0.013221,0.00177544,-11.4213,0.0455278,-0.00644642,-0.0155101,0,0,0,0.233043,0.122665,-0.047502,0.963529,0.0455278,-0.00644642,-0.0155101
1765976271648923,0,-0.0179384,0.0024004,-11.4288,0.0453892,-0.00575313,-0.0159635,0,0,0,0.233066,0.122707,-0.0473912,0.963523,0.0453892,-0.00575313,-0.0159635
1765976271653938,0,-0.0226529,0.00302055,-11.4388,0.0452178,-0.00512751,-0.016478,0,0,0,0.233091,0.122749,-0.0472803,0.963517,0.0452178,-0.00512751,-0.016478
1765976271658928,0,-0.0273616,0.00363535,-11.4423,0.0448668,-0.00456337,-0.0168161,0,0,0,0.233117,0.122788,-0.0471696,0.963512,0.0448668,-0.00456337,-0.0168161
1765976271663815,0,2.38419e-07,5.96046e-08,-11.461,0.0445298,-0.00405511,-0.017228,0,0,0,0.233144,0.122827,-0.0470592,0.963506,0.0445298,-0.00405511,-0.017228
1765976271668811,0,-0.00475311,0.00061205,-11.46,0.044821,-0.0035959,-0.0175382,0,0,0,0.233172,0.122864,-0.0469484,0.9635,0.044821,-0.0035959,-0.0175382
1765976271673818,0,-0.00950193,0.00121906,-11.4696,0.0449095,-0.00318093,-0.0179259,0,0,0,0.2332,0.1229,-0.0468368,0.963493,0.0449095,-0.00318093,-0.0179259
1765976271678805,0,-0.0142536,0.00182211,-11.4959,0.0464623,-0.0028055,-0.0181666,0,0,0,0.233229,0.122936,-0.0467225,0.963487,0.0464623,-0.0028055,-0.0181666
1765976271683918,0,-0.0190027,0.00241983,-11.5055,0.0473266,-0.00246424,-0.0184951,0,0,0,0.233259,0.122972,-0.0466052,0.963481,0.0473266,-0.00246424,-0.0184951
1765976271688934,0,-0.0237477,0.00301227,-11.5105,0.0470299,-0.00215679,-0.0185833,0,0,0,0.233289,0.123007,-0.0464873,0.963475,0.0470299,-0.00215679,-0.0185833
1765976271693797,0,-0.0284896,0.00359944,-11.5203,0.0466732,-0.00188037,-0.0187829,0,0,0,0.233319,0.123041,-0.04637,0.963469,0.0466732,-0.00188037,-0.0187829
1765976271698932,0,-0.00191426,0.000234932,-11.5291,0.046359,-0.00163224,-0.0188312,0,0,0,0.23335,0.123075,-0.0462532,0.963463,0.046359,-0.00163224,-0.0188312
1765976271703811,0,-0.00669694,0.000818819,-11.539,0.046024,-0.00140931,-0.0189978,0,0,0,0.233381,0.123108,-0.0461371,0.963457,0.046024,-0.00140931,-0.0189978
1765976271708929,0,-0.0114808,0.00139779,-11.5604,0.0482215,-0.0012071,-0.0191286,0,0,0,0.233412,0.12314,-0.0460179,0.963451,0.0482215,-0.0012071,-0.0191286
1765976271713908,0,-0.0162628,0.00197181,-11.5704,0.0494967,-0.00102223,-0.0193646,0,0,0,0.233444,0.123174,-0.0458947,0.963445,0.0494967,-0.00102223,-0.0193646
1765976271718807,0,-0.0210397,0.00254017,-11.5763,0.0489488,-0.00085566,-0.0193138,0,0,0,0.233475,0.123207,-0.0457708,0.963439,0.0489488,-0.00085566,-0.0193138
1765976271723831,0,-0.0258131,0.00310311,-11.5857,0.0483383,-0.000707654,-0.0193904,0,0,0,0.233506,0.123239,-0.0456483,0.963433,0.0483383,-0.000707654,-0.0193904
1765976271728935,0,-0.0305808,0.00366041,-11.5869,0.0474171,-0.000576575,-0.0192818,0,0,0,0.233538,0.123271,-0.0455276,0.963427,0.0474171,-0.000576575,-0.0192818
1765976271733919,0,-0.00385284,0.000447005,-11.6057,0.0466452,-0.000460751,-0.0193128,0,0,0,0.23357,0.123302,-0.0454089,0.963421,0.0466452,-0.000460751,-0.0193128
1765976271738927,0,-0.00866795,0.00100112,-11.624,0.0490345,-0.00035504,-0.0193742,0,0,0,0.233602,0.123333,-0.0452873,0.963415,0.0490345,-0.00035504,-0.0193742
1765976271743913,0,-0.0134807,0.00154981,-11.6337,0.0503888,-0.000256887,-0.0195475,0,0,0,0.233633,0.123365,-0.0451614,0.963409,0.0503888,-0.000256887,-0.0195475
1765976271748925,0,-0.0182889,0.00209302,-11.6411,0.0495062,-0.000168471,-0.0194023,0,0,0,0.233665,0.123397,-0.0450355,0.963403,0.0495062,-0.000168471,-0.0194023
1765976271753931,0,-0.0230939,0.00263098,-11.6508,0.0486897,-9.22047e-05,-0.0193998,0,0,0,0.233696,0.123428,-0.0449115,0.963397,0.0486897,-9.22047e-05,-0.0193998
1765976271758935,0,-0.0278926,0.00316292,-11.6531,0.047193,-2.5983e-05,-0.0191803,0,0,0,0.233728,0.123458,-0.0447905,0.963391,0.047193,-2.5983e-05,-0.0191803
1765976271763915,0,2.38419e-07,1.49012e-07,-11.672,0.0460271,3.08024e-05,-0.0191132,0,0,0,0.23376,0.123488,-0.0446726,0.963385,0.0460271,3.08024e-05,-0.0191132
1765976271768915,0,-0.0048418,0.000528336,-11.6692,0.0451568,8.05823e-05,-0.0189148,0,0,0,0.233792,0.123516,-0.0445571,0.96338,0.0451568,8.05823e-05,-0.0189148
1765976271773927,0,-0.00967908,0.0010514,-11.6788,0.0444696,0.000123881,-0.0188659,0,0,0,0.233823,0.123544,-0.0444434,0.963373,0.0444696,0.000123881,-0.0188659
1765976271778839,0,-0.0145202,0.00157005,-11.7099,0.0446125,0.000162873,-0.0186429,0,0,0,0.233855,0.123572,-0.0443303,0.963367,0.0446125,0.000162873,-0.0186429
1765976271783921,0,-0.0193584,0.0020839,-11.7192,0.0445768,0.000198006,-0.0185695,0,0,0,0.233886,0.1236,-0.044217,0.963362,0.0445768,0.000198006,-0.0185695
1765976271788948,0,-0.0241926,0.00259289,-11.723,0.0435445,0.000228847,-0.0182807,0,0,0,0.233916,0.123627,-0.0441053,0.963356,0.0435445,0.000228847,-0.0182807
1765976271793924,0,-0.0290217,0.00309649,-11.7327,0.0428054,0.000254673,-0.0181552,0,0,0,0.233947,0.123653,-0.0439958,0.96335,0.0428054,0.000254673,-0.0181552
1765976271798841,0,-0.00292325,0.000302345,-11.7397,0.0419807,0.000277177,-0.0178874,0,0,0,0.233977,0.12368,-0.0438882,0.963344,0.0419807,0.000277177,-0.0178874
1765976271803934,0,-0.00779295,0.000802428,-11.7491,0.0413911,0.000295962,-0.017776,0,0,0,0.234007,0.123705,-0.0437822,0.963338,0.0413911,0.000295962,-0.017776
1765976271808927,0,-0.0126634,0.00129819,-11.7744,0.0426982,0.000312938,-0.0176138,0,0,0,0.234037,0.123731,-0.043675,0.963333,0.0426982,0.000312938,-0.0176138
1765976271813913,0,-0.0175312,0.00178951,-11.7838,0.0435092,0.000329687,-0.0175927,0,0,0,0.234066,0.123757,-0.0435654,0.963327,0.0435092,0.000329687,-0.0175927
1765976271818910,0,-0.0223942,0.00227559,-11.7881,0.0428649,0.000344559,-0.0173436,0,0,0,0.234095,0.123784,-0.0434559,0.963322,0.0428649,0.000344559,-0.0173436
1765976271823815,0,-0.0272532,0.00275692,-11.7976,0.0423951,0.000356262,-0.0172487,0,0,0,0.234123,0.12381,-0.0433478,0.963316,0.0423951,0.000356262,-0.0172487
1765976271828922,0,-0.0009799,9.61125e-05,-11.8051,0.041594,0.000365112,-0.0170025,0,0,0,0.234151,0.123835,-0.0432414,0.963311,0.041594,0.000365112,-0.0170025
1765976271833805,0,-0.0058794,0.000573546,-11.8148,0.0410883,0.000371816,-0.0169131,0,0,0,0.234179,0.12386,-0.0431365,0.963306,0.0410883,0.000371816,-0.0169131
1765976271838807,0,-0.0107787,0.00104648,-11.8361,0.0433001,0.000378408,-0.0168564,0,0,0,0.234207,0.123886,-0.0430289,0.963301,0.0433001,0.000378408,-0.0168564
1765976271843941,0,-0.0156748,0.00151494,-11.8455,0.0447052,0.000387044,-0.0169238,0,0,0,0.234234,0.123913,-0.0429171,0.963295,0.0447052,0.000387044,-0.0169238
1765976271848946,0,-0.0205669,0.0019784,-11.8513,0.0442915,0.000394717,-0.016748,0,0,0,0.234261,0.12394,-0.0428046,0.963291,0.0442915,0.000394717,-0.016748
1765976271853936,0,-0.0254543,0.00243658,-11.8607,0.0439403,0.000399854,-0.0167139,0,0,0,0.234288,0.123966,-0.042693,0.963286,0.0439403,0.000399854,-0.0167139
1765976271858957,0,-0.0303345,0.00288966,-11.8603,0.0429664,0.000402558,-0.0165075,0,0,0,0.234314,0.123993,-0.0425833,0.963281,0.0429664,0.000402558,-0.0165075
1765976271863814,0,-0.00197196,0.000181168,-11.8793,0.0422956,0.000403484,-0.0164481,0,0,0,0.234341,0.124018,-0.0424754,0.963276,0.0422956,0.000403484,-0.0164481
1765976271868912,0,-0.00689483,0.000630498,-11.8728,0.041796,0.000403121,-0.0162802,0,0,0,0.234367,0.124044,-0.042369,0.963271,0.041796,0.000403121,-0.0162802
1765976271873829,0,-0.0118122,0.00107419,-11.8824,0.0414893,0.000402083,-0.0162541,0,0,0,0.234393,0.124069,-0.0422635,0.963266,0.0414893,0.000402083,-0.0162541
1765976271878813,0,-0.0167341,0.00151473,-11.9169,0.0434701,0.000402027,-0.0162109,0,0,0,0.234419,0.124095,-0.0421555,0.963261,0.0434701,0.000402027,-0.0162109
1765976271883911,0,-0.0216546,0.00195035,-11.9261,0.0447238,0.000404108,-0.016287,0,0,0,0.234445,0.124121,-0.0420437,0.963256,0.0447238,0.000404108,-0.016287
1765976271888825,0,-0.0265684,0.00238079,-11.9277,0.0444386,0.000405445,-0.0161502,0,0,0,0.23447,0.124148,-0.0419311,0.963251,0.0444386,0.000405445,-0.0161502
1765976271893930,0,-0.0314777,0.0028064,-11.9368,0.0441595,0.000405064,-0.0161452,0,0,0,0.234495,0.124175,-0.0418193,0.963247,0.0441595,0.000405064,-0.0161452
1765976271898818,0,-0.00297332,0.00025481,-11.942,0.0435512,0.000403178,-0.0159994,0,0,0,0.23452,0.124201,-0.0417086,0.963242,0.0435512,0.000403178,-0.0159994
1765976271903830,0,-0.0079248,0.000675499,-11.9509,0.0430723,0.000400129,-0.0159855,0,0,0,0.234545,0.124227,-0.0415992,0.963237,0.0430723,0.000400129,-0.0159855
1765976271908829,0,-0.0128787,0.00109196,-11.9795,0.0454316,0.000398197,-0.016011,0,0,0,0.23457,0.124254,-0.0414869,0.963232,0.0454316,0.000398197,-0.016011
1765976271913811,0,-0.0178304,0.00150385,-11.9887,0.0468942,0.000398848,-0.0161446,0,0,0,0.234595,0.124282,-0.0413701,0.963228,0.0468942,0.000398848,-0.0161446
1765976271918804,0,-0.0227766,0.00191015,-11.9921,0.0464114,0.000398877,-0.0160322,0,0,0,0.234619,0.12431,-0.0412527,0.963223,0.0464114,0.000398877,-0.0160322
1765976271923803,0,-0.0277178,0.00231154,-12.0012,0.0459633,0.000397056,-0.0160472,0,0,0,0.234643,0.124338,-0.0411363,0.963219,0.0459633,0.000397056,-0.0160472
1765976271928797,0,-2.38419e-07,2.98023e-08,-12.0078,0.0448306,0.000393324,-0.0158852,0,0,0,0.234667,0.124365,-0.0410221,0.963214,0.0448306,0.000393324,-0.0158852
1765976271933795,0,-0.00498319,0.000395775,-12.0169,0.0440039,0.000387835,-0.0158583,0,0,0,0.234692,0.124392,-0.0409102,0.96321,0.0440039,0.000387835,-0.0158583
1765976271938796,0,-0.00996661,0.000787064,-12.0388,0.0466591,0.000383579,-0.0159262,0,0,0,0.234716,0.124419,-0.0407952,0.963205,0.0466591,0.000383579,-0.0159262
1765976271943795,0,-0.0149474,0.00117351,-12.0479,0.0482879,0.000382833,-0.0160939,0,0,0,0.23474,0.124448,-0.0406753,0.963201,0.0482879,0.000382833,-0.0160939
1765976271948805,0,-0.0199223,0.00155422,-12.0534,0.0476275,0.000382363,-0.0159876,0,0,0,0.234764,0.124477,-0.0405548,0.963196,0.0476275,0.000382363,-0.0159876
1765976271953798,0,-0.0248933,0.00192986,-12.0625,0.047041,0.000379568,-0.0160068,0,0,0,0.234788,0.124505,-0.0404357,0.963192,0.047041,0.000379568,-0.0160068
1765976271958797,0,-0.0298569,0.00230023,-12.0613,0.0454976,0.000374873,-0.0158221,0,0,0,0.234811,0.124533,-0.0403195,0.963187,0.0454976,0.000374873,-0.0158221
1765976271963782,0,-0.00200486,0.000147417,-12.0797,0.0443881,0.000368036,-0.015774,0,0,0,0.234836,0.12456,-0.0402064,0.963183,0.0443881,0.000368036,-0.015774
1765976271968796,0,-0.00700927,0.00051178,-12.0722,0.0431208,0.000360017,-0.0155805,0,0,0,0.23486,0.124586,-0.0400963,0.963178,0.0431208,0.000360017,-0.0155805
1765976271973797,0,-0.0120075,0.000871301,-12.0812,0.0422635,0.000351298,-0.0155244,0,0,0,0.234884,0.124612,-0.0399886,0.963173,0.0422635,0.000351298,-0.0155244
1765976271978794,0,-2.38419e-07,1.49012e-08,-12.1222,0.0438332,0.000344371,-0.0154688,0,0,0,0.234908,0.124638,-0.0398796,0.963168,0.0438332,0.000344371,-0.0154688
1765976271983800,0,-0.00502968,0.000353009,-12.1312,0.0448251,0.000339871,-0.0155292,0,0,0,0.234931,0.124665,-0.0397676,0.963164,0.0448251,0.000339871,-0.0155292
1765976271988794,0,-0.0100572,0.000701338,-12.1458,0.0434224,0.000335562,-0.0152951,0,0,0,0.234955,0.124691,-0.0396567,0.963159,0.0434224,0.000335562,-0.0152951
1765976271993801,0,-0.0150814,0.00104478,-12.1548,0.0424665,0.000329289,-0.0152037,0,0,0,0.234978,0.124717,-0.0395485,0.963155,0.0424665,0.000329289,-0.0152037
1765976271998800,0,-0.0200994,0.00138324,-12.159,0.0406178,0.000321636,-0.0149114,0,0,0,0.235001,0.124742,-0.0394441,0.96315,0.0406178,0.000321636,-0.0149114
1765976272003797,0,-0.0251126,0.00171751,-12.1679,0.0394468,0.000312969,-0.0147699,0,0,0,0.235025,0.124766,-0.0393432,0.963145,0.0394468,0.000312969,-0.0147699
1765976272008794,0,-0.0301187,0.00204676,-12.1651,0.0380453,0.000304041,-0.0144844,0,0,0,0.235048,0.12479,-0.0392455,0.963141,0.0380453,0.000304041,-0.0144844
1765976272013797,0,-0.00202179,0.000131086,-12.1834,0.0372419,0.000294891,-0.0143473,0,0,0,0.235071,0.124812,-0.0391504,0.963136,0.0372419,0.000294891,-0.0143473
1765976272018782,0,-0.00706768,0.000455782,-12.1742,0.0365706,0.000286335,-0.0141081,0,0,0,0.235094,0.124835,-0.0390571,0.963131,0.0365706,0.000286335,-0.0141081
1765976272023797,0,-0.0121074,0.000776231,-12.1828,0.0362765,0.000279061,-0.0140087,0,0,0,0.235116,0.124857,-0.0389649,0.963127,0.0362765,0.000279061,-0.0140087
1765976272028801,0,-0.0171523,0.00109281,-12.22,0.0389011,0.000274004,-0.0139758,0,0,0,0.235138,0.12488,-0.0388692,0.963122,0.0389011,0.000274004,-0.0139758
1765976272033797,0,-0.0221956,0.00140542,-12.2286,0.0407333,0.00027203,-0.0140521,0,0,0,0.235159,0.124904,-0.0387684,0.963118,0.0407333,0.00027203,-0.0140521
1765976272038826,0,-0.0272305,0.00171334,-12.2277,0.0409874,0.000270715,-0.013941,0,0,0,0.23518,0.124929,-0.0386654,0.963114,0.0409874,0.000270715,-0.013941
1765976272043831,0,-0.0322611,0.00201653,-12.2365,0.0412172,0.000269065,-0.013952,0,0,0,0.235201,0.124954,-0.0385619,0.96311,0.0412172,0.000269065,-0.013952
1765976272048835,0,-0.00304556,0.000180736,-12.2384,0.0408768,0.000266843,-0.0138248,0,0,0,0.235222,0.124978,-0.0384586,0.963105,0.0408768,0.000266843,-0.0138248
1765976272053936,0,-0.00811791,0.000478745,-12.2469,0.0407051,0.000263756,-0.0138197,0,0,0,0.235242,0.125003,-0.038356,0.963101,0.0407051,0.000263756,-0.0138197
1765976272058833,0,-0.0131941,0.000772506,-12.2811,0.0428164,0.000261145,-0.0138403,0,0,0,0.235262,0.125029,-0.0382504,0.963097,0.0428164,0.000261145,-0.0138403
1765976272063814,0,-0.00203943,0.000115678,-12.2941,0.044184,0.000260412,-0.0139577,0,0,0,0.235282,0.125055,-0.0381409,0.963093,0.044184,0.000260412,-0.0139577
1765976272068938,0,-0.0071342,0.000401691,-12.2954,0.0439021,0.000259794,-0.0138698,0,0,0,0.235302,0.125081,-0.0380304,0.96309,0.0439021,0.000259794,-0.0138698
1765976272073936,0,-0.0122232,0.000682563,-12.3042,0.0437295,0.000257712,-0.0139002,0,0,0,0.235322,0.125108,-0.0379204,0.963086,0.0437295,0.000257712,-0.0139002
1765976272078914,0,-0.0173109,0.000959024,-12.3214,0.0419323,0.00025365,-0.0136881,0,0,0,0.235342,0.125134,-0.0378133,0.963082,0.0419323,0.00025365,-0.0136881
1765976272083812,0,-0.0223947,0.00123091,-12.3297,0.0407588,0.000247307,-0.0136078,0,0,0,0.235362,0.125159,-0.0377096,0.963077,0.0407588,0.000247307,-0.0136078
1765976272088932,0,-0.0274706,0.00149775,-12.3272,0.0392928,0.000240071,-0.0133821,0,0,0,0.235382,0.125183,-0.0376092,0.963073,0.0392928,0.000240071,-0.0133821
1765976272093919,0,-0.0325413,0.00176048,-12.3359,0.0384576,0.000232148,-0.0132934,0,0,0,0.235402,0.125206,-0.0375115,0.963069,0.0384576,0.000232148,-0.0132934
1765976272098920,0,-0.00306964,0.000156432,-12.3363,0.0376748,0.000224651,-0.013098,0,0,0,0.235421,0.125229,-0.0374158,0.963065,0.0376748,0.000224651,-0.013098
1765976272103932,0,-0.00818181,0.000413656,-12.3446,0.0373078,0.000217703,-0.0130314,0,0,0,0.235441,0.125252,-0.0373214,0.963061,0.0373078,0.000217703,-0.0130314
1765976272108937,0,-0.0132976,0.000666961,-12.3793,0.0399047,0.000212986,-0.0130456,0,0,0,0.23546,0.125276,-0.0372236,0.963057,0.0399047,0.000212986,-0.0130456
1765976272113928,0,-0.0184112,0.00091593,-12.3876,0.041715,0.000211145,-0.0131571,0,0,0,0.235479,0.125301,-0.0371207,0.963053,0.041715,0.000211145,-0.0131571
1765976272118844,0,-0.0235176,0.00116046,-12.388,0.041911,0.000209954,-0.0130813,0,0,0,0.235498,0.125326,-0.0370158,0.963049,0.041911,0.000209954,-0.0130813
1765976272123830,0,-0.0286193,0.00140058,-12.396,0.0420579,0.000208751,-0.0131136,0,0,0,0.235516,0.125351,-0.0369104,0.963046,0.0420579,0.000208751,-0.0131136
1765976272128902,0,-0.0010283,4.72069e-05,-12.3984,0.0415145,0.000206984,-0.0129986,0,0,0,0.235534,0.125377,-0.0368057,0.963042,0.0415145,0.000206984,-0.0129986
1765976272133937,0,-0.00616908,0.00028041,-12.4066,0.0412208,0.000203734,-0.0129995,0,0,0,0.235553,0.125402,-0.036702,0.963038,0.0412208,0.000203734,-0.0129995
1765976272138940,0,-0.0113103,0.000509277,-12.4312,0.0446031,0.00020184,-0.0131365,0,0,0,0.235571,0.125428,-0.0365937,0.963034,0.0446031,0.00020184,-0.0131365
1765976272143809,0,-0.0164478,0.00073348,-12.4394,0.0468218,0.000203212,-0.0133509,0,0,0,0.235588,0.125456,-0.0364788,0.963031,0.0468218,0.000203212,-0.0133509
1765976272148915,0,-0.021579,0.000952661,-12.4413,0.0469119,0.000204844,-0.0133412,0,0,0,0.235606,0.125484,-0.0363616,0.963027,0.0469119,0.000204844,-0.0133412
1765976272153927,0,-0.026705,0.00116649,-12.4495,0.0469107,0.000204975,-0.013432,0,0,0,0.235623,0.125512,-0.0362444,0.963024,0.0469107,0.000204975,-0.013432
1765976272158937,0,-0.031822,0.00137526,-12.4438,0.0459036,0.000203225,-0.013342,0,0,0,0.235641,0.12554,-0.0361286,0.96302,0.0459036,0.000203225,-0.013342
1765976272163916,0,-0.00206709,8.20458e-05,-12.4619,0.0451907,0.000199227,-0.0133619,0,0,0,0.235659,0.125568,-0.0360148,0.963016,0.0451907,0.000199227,-0.0133619
1765976272168930,0,-0.0072248,0.000283055,-12.4488,0.0441207,0.000194347,-0.0132385,0,0,0,0.235677,0.125595,-0.0359033,0.963013,0.0441207,0.000194347,-0.0132385
1765976272173885,0,-0.0123763,0.000479028,-12.4568,0.0434159,0.000188409,-0.0132294,0,0,0,0.235695,0.125621,-0.0357938,0.963009,0.0434159,0.000188409,-0.0132294
1765976272178917,0,-0.0175343,0.000670753,-12.5002,0.0459182,0.000183874,-0.0133031,0,0,0,0.235713,0.125649,-0.0356814,0.963005,0.0459182,0.000183874,-0.0133031
1765976272183884,0,-0.0226905,0.000857949,-12.5081,0.0475251,0.000182274,-0.0134606,0,0,0,0.235731,0.125677,-0.0355642,0.963001,0.0475251,0.000182274,-0.0134606
1765976272188930,0,-0.027838,0.0010399,-12.5049,0.0472722,0.000180636,-0.0134046,0,0,0,0.235748,0.125706,-0.0354458,0.962998,0.0472722,0.000180636,-0.0134046
1765976272193853,0,-0.0329802,0.00121649,-12.5128,0.0470302,0.000177414,-0.0134509,0,0,0,0.235765,0.125734,-0.035328,0.962994,0.0470302,0.000177414,-0.0134509
1765976272198929,0,-0.0041492,0.000138231,-12.5115,0.0459807,0.000173723,-0.0133283,0,0,0,0.235783,0.125762,-0.035212,0.96299,0.0459807,0.000173723,-0.0133283
1765976272203882,0,-0.00933123,0.000306994,-12.5194,0.045251,0.000168439,-0.0133175,0,0,0,0.235801,0.12579,-0.0350981,0.962986,0.045251,0.000168439,-0.0133175
1765976272208939,0,-0.0145159,0.000470653,-12.5536,0.0480097,0.00016483,-0.0134131,0,0,0,0.235818,0.125818,-0.0349808,0.962983,0.0480097,0.00016483,-0.0134131
1765976272213924,0,-0.0196984,0.000629432,-12.5615,0.0497468,0.000164165,-0.0135874,0,0,0,0.235835,0.125848,-0.0348584,0.962979,0.0497468,0.000164165,-0.0135874
1765976272218908,0,-0.024873,0.000783056,-12.5604,0.0493163,0.000163951,-0.0135262,0,0,0,0.235853,0.125878,-0.0347349,0.962976,0.0493163,0.000163951,-0.0135262
1765976272223815,0,-0.0300424,0.00093098,-12.5681,0.0488917,0.000161705,-0.0135651,0,0,0,0.23587,0.125908,-0.0346124,0.962972,0.0488917,0.000161705,-0.0135651
1765976272228798,0,-0.0010426,2.82899e-05,-12.5685,0.0474431,0.000157139,-0.0134137,0,0,0,0.235887,0.125937,-0.0344925,0.962968,0.0474431,0.000157139,-0.0134137
1765976272233801,0,-0.00625181,0.00016769,-12.576,0.0463959,0.000150387,-0.0133748,0,0,0,0.235905,0.125965,-0.0343755,0.962964,0.0463959,0.000150387,-0.0133748
1765976272238836,0,-0.0114629,0.000302017,-12.6041,0.0490177,0.000145311,-0.0134511,0,0,0,0.235922,0.125994,-0.0342557,0.962961,0.0490177,0.000145311,-0.0134511
1765976272243872,0,-0.0166709,0.00043121,-12.6118,0.0506415,0.000143393,-0.0136063,0,0,0,0.235939,0.126025,-0.034131,0.962957,0.0506415,0.000143393,-0.0136063
1765976272248833,0,-0.0218713,0.000555247,-12.6133,0.0500463,0.000141909,-0.0135208,0,0,0,0.235955,0.126055,-0.0340056,0.962953,0.0500463,0.000141909,-0.0135208
1765976272253818,0,-0.0270669,0.000673667,-12.6207,0.0494903,0.000138366,-0.0135358,0,0,0,0.235972,0.126085,-0.0338816,0.962949,0.0494903,0.000138366,-0.0135358
1765976272258831,0,-0.0322521,0.000786707,-12.6137,0.0477639,0.000133489,-0.013349,0,0,0,0.235989,0.126115,-0.0337606,0.962946,0.0477639,0.000133489,-0.013349
1765976272263820,0,-0.00209451,4.30718e-05,-12.6312,0.0465358,0.00012694,-0.0132781,0,0,0,0.236007,0.126143,-0.0336431,0.962942,0.0465358,0.00012694,-0.0132781
1765976272268802,0,-0.00732064,0.000147298,-12.6162,0.0447522,0.000118877,-0.0130414,0,0,0,0.236024,0.126171,-0.0335295,0.962938,0.0447522,0.000118877,-0.0130414
1765976272273797,0,-0.0125394,0.000246473,-12.6234,0.0435651,0.000110233,-0.0129262,0,0,0,0.236041,0.126198,-0.0334193,0.962934,0.0435651,0.000110233,-0.0129262
1765976272278778,0,-0.0177648,0.000340953,-12.6654,0.0473695,0.000103994,-0.0130155,0,0,0,0.236058,0.126225,-0.0333048,0.96293,0.0473695,0.000103994,-0.0130155
1765976272283795,0,-0.0229876,0.000430923,-12.6726,0.0498104,0.00010298,-0.0131776,0,0,0,0.236074,0.126255,-0.033183,0.962927,0.0498104,0.00010298,-0.0131776
1765976272288796,0,-0.0282009,0.000515543,-12.6687,0.0497394,0.000102485,-0.0130998,0,0,0,0.23609,0.126285,-0.033059,0.962923,0.0497394,0.000102485,-0.0130998
1765976272293805,0,-0.0334094,0.000594739,-12.6759,0.0495591,0.000100597,-0.0131187,0,0,0,0.236106,0.126315,-0.0329353,0.962919,0.0495591,0.000100597,-0.0131187
1765976272298798,0,-0.00420165,5.93215e-05,-12.6735,0.0481074,9.76273e-05,-0.0129392,0,0,0,0.236122,0.126345,-0.0328139,0.962916,0.0481074,9.76273e-05,-0.0129392
1765976272303929,0,-0.00944877,0.00012891,-12.6806,0.0470637,9.23181e-05,-0.0128712,0,0,0,0.236138,0.126374,-0.0326955,0.962912,0.0470637,9.23181e-05,-0.0128712
1765976272308923,0,-0.0146999,0.000193626,-12.7166,0.0495651,8.79593e-05,-0.0129133,0,0,0,0.236154,0.126403,-0.0325745,0.962908,0.0495651,8.79593e-05,-0.0129133
1765976272313824,0,-0.0199485,0.000253033,-12.7238,0.0511138,8.58864e-05,-0.0130337,0,0,0,0.236169,0.126434,-0.0324488,0.962905,0.0511138,8.58864e-05,-0.0130337
1765976272318807,0,-0.0251884,0.000307122,-12.7217,0.0503297,8.43894e-05,-0.012913,0,0,0,0.236184,0.126465,-0.0323227,0.962901,0.0503297,8.43894e-05,-0.012913
1765976272323800,0,-0.0304222,0.000355789,-12.7287,0.0496633,8.07902e-05,-0.0128925,0,0,0,0.236199,0.126495,-0.0321984,0.962898,0.0496633,8.07902e-05,-0.0128925
1765976272328798,0,0,-1.19209e-07,-12.7284,0.0477062,7.57777e-05,-0.0126665,0,0,0,0.236215,0.126525,-0.0320776,0.962894,0.0477062,7.57777e-05,-0.0126665
1765976272333798,0,-0.00527573,3.8825e-05,-12.7353,0.0463483,6.90969e-05,-0.0125566,0,0,0,0.23623,0.126553,-0.0319607,0.962891,0.0463483,6.90969e-05,-0.0125566
1765976272338797,0,-0.0105536,7.25873e-05,-12.7648,0.0488477,6.30723e-05,-0.0125755,0,0,0,0.236245,0.126582,-0.0318415,0.962887,0.0488477,6.30723e-05,-0.0125755
1765976272343798,0,-0.0158274,0.00010156,-12.7716,0.0504023,6.05678e-05,-0.0126725,0,0,0,0.23626,0.126613,-0.0317176,0.962883,0.0504023,6.05678e-05,-0.0126725
1765976272348797,0,-0.0210946,0.00012507,-12.7732,0.0496148,5.87113e-05,-0.0125327,0,0,0,0.236275,0.126643,-0.0315934,0.96288,0.0496148,5.87113e-05,-0.0125327
1765976272353796,0,-0.026356,0.000143065,-12.78,0.0489837,5.58116e-05,-0.0124943,0,0,0,0.236289,0.126673,-0.0314709,0.962876,0.0489837,5.58116e-05,-0.0124943
1765976272358796,0,-0.0316067,0.000156191,-12.7724,0.0470727,5.13463e-05,-0.0122557,0,0,0,0.236304,0.126702,-0.0313518,0.962873,0.0470727,5.13463e-05,-0.0122557
1765976272363798,0,-0.00212002,2.56579e-06,-12.7892,0.0457785,4.53381e-05,-0.0121328,0,0,0,0.236318,0.12673,-0.0312365,0.962869,0.0457785,4.53381e-05,-0.0121328
1765976272368797,0,-0.00740981,6.08503e-06,-12.7731,0.043714,3.77306e-05,-0.0118384,0,0,0,0.236333,0.126757,-0.0311254,0.962866,0.043714,3.77306e-05,-0.0118384
1765976272373797,0,-0.0126925,4.87757e-06,-12.7797,0.0424123,2.939e-05,-0.0116668,0,0,0,0.236348,0.126784,-0.0310184,0.962862,0.0424123,2.939e-05,-0.0116668
1765976272378799,0,-0.0179813,-1.19302e-06,-12.8239,0.0450947,2.33228e-05,-0.0116437,0,0,0,0.236362,0.12681,-0.0309087,0.962859,0.0450947,2.33228e-05,-0.0116437
1765976272383798,0,-0.0232677,-1.15233e-05,-12.8305,0.046889,2.09978e-05,-0.0117018,0,0,0,0.236375,0.126839,-0.0307938,0.962855,0.046889,2.09978e-05,-0.0117018
1765976272388795,0,-0.0285449,-2.67979e-05,-12.825,0.0465683,1.91603e-05,-0.0115525,0,0,0,0.236388,0.126867,-0.0306777,0.962852,0.0465683,1.91603e-05,-0.0115525
1765976272393799,0,-0.0338151,-4.71314e-05,-12.8315,0.0463446,1.64366e-05,-0.0115026,0,0,0,0.236401,0.126895,-0.0305623,0.962849,0.0463446,1.64366e-05,-0.0115026
1765976272398803,0,-0.00425124,-2.05524e-05,-12.8272,0.0448297,1.28913e-05,-0.0112686,0,0,0,0.236414,0.126923,-0.0304493,0.962846,0.0448297,1.28913e-05,-0.0112686
1765976272403798,0,-0.00956106,-5.09843e-05,-12.8337,0.0438757,8.13584e-06,-0.011146,0,0,0,0.236427,0.12695,-0.0303392,0.962842,0.0438757,8.13584e-06,-0.011146
1765976272408798,0,-0.014874,-8.54265e-05,-12.8706,0.0468713,4.72146e-06,-0.0111771,0,0,0,0.23644,0.126978,-0.0302257,0.962839,0.0468713,4.72146e-06,-0.0111771
1765976272413800,0,-0.020184,-0.000125164,-12.877,0.0488457,4.45232e-06,-0.0112788,0,0,0,0.236451,0.127007,-0.0301065,0.962836,0.0488457,4.45232e-06,-0.0112788
1765976272418802,0,-0.0254855,-0.000169646,-12.8738,0.0484926,4.84227e-06,-0.0111653,0,0,0,0.236463,0.127037,-0.0299859,0.962833,0.0484926,4.84227e-06,-0.0111653
1765976272423804,0,-0.0307806,-0.00021936,-12.8801,0.0482119,3.61978e-06,-0.0111435,0,0,0,0.236474,0.127066,-0.029866,0.96283,0.0482119,3.61978e-06,-0.0111435
1765976272428801,0,-0.0010674,-1.12839e-05,-12.8779,0.0465594,7.95124e-07,-0.0109336,0,0,0,0.236486,0.127095,-0.0297488,0.962827,0.0465594,7.95124e-07,-0.0109336
1765976272433799,0,-0.00640154,-7.14399e-05,-12.8841,0.0454699,-3.73018e-06,-0.0108287,0,0,0,0.236498,0.127123,-0.0296349,0.962824,0.0454699,-3.73018e-06,-0.0108287
1765976272438798,0,-0.0117385,-0.00013661,-12.9138,0.0484491,-7.11575e-06,-0.0108808,0,0,0,0.236509,0.127152,-0.0295177,0.962821,0.0484491,-7.11575e-06,-0.0108808
1765976272443799,0,-0.017071,-0.000206545,-12.92,0.0503837,-7.79404e-06,-0.010997,0,0,0,0.236519,0.127182,-0.0293948,0.962818,0.0503837,-7.79404e-06,-0.010997
1765976272448801,0,-0.0223956,-0.000281435,-12.9197,0.0499237,-8.03847e-06,-0.0108969,0,0,0,0.23653,0.127212,-0.0292707,0.962816,0.0499237,-8.03847e-06,-0.0108969
1765976272453811,0,-0.027714,-0.000361886,-12.9258,0.049545,-9.4228e-06,-0.0108837,0,0,0,0.23654,0.127242,-0.0291476,0.962813,0.049545,-9.4228e-06,-0.0108837
1765976272458802,0,-0.0330205,-0.000446614,-12.9158,0.047726,-1.323e-05,-0.0106783,0,0,0,0.236551,0.127272,-0.0290276,0.96281,0.047726,-1.323e-05,-0.0106783
1765976272463798,0,-0.00214338,-3.71411e-05,-12.9323,0.0465076,-1.83511e-05,-0.0105745,0,0,0,0.236561,0.1273,-0.0289111,0.962807,0.0465076,-1.83511e-05,-0.0105745
1765976272468796,0,-0.0074904,-0.000133168,-12.9133,0.044317,-2.39598e-05,-0.0102974,0,0,0,0.236572,0.127328,-0.028799,0.962804,0.044317,-2.39598e-05,-0.0102974
1765976272473798,0,-0.0128288,-0.000233501,-12.9192,0.0429541,-3.01955e-05,-0.0101313,0,0,0,0.236583,0.127355,-0.0286911,0.962801,0.0429541,-3.01955e-05,-0.0101313
1765976272478798,0,-0.0181758,-0.000338912,-12.9687,0.0461548,-3.45527e-05,-0.0101611,0,0,0,0.236593,0.127382,-0.0285798,0.962799,0.0461548,-3.45527e-05,-0.0101611
1765976272483804,0,-0.0235205,-0.00044886,-12.9746,0.0483129,-3.53709e-05,-0.0102551,0,0,0,0.236602,0.127411,-0.0284624,0.962796,0.0483129,-3.53709e-05,-0.0102551
1765976272488804,0,-0.0288546,-0.000563622,-12.9676,0.0480764,-3.55049e-05,-0.0101425,0,0,0,0.236611,0.12744,-0.0283432,0.962793,0.0480764,-3.55049e-05,-0.0101425
1765976272493798,0,-0.0341823,-0.000682876,-12.9735,0.0479199,-3.676e-05,-0.0101149,0,0,0,0.23662,0.127469,-0.0282245,0.962791,0.0479199,-3.676e-05,-0.0101149
1765976272498801,0,-0.00429678,-0.000101089,-12.9675,0.0463205,-3.91705e-05,-0.00990398,0,0,0,0.23663,0.127498,-0.0281083,0.962788,0.0463205,-3.91705e-05,-0.00990398
1765976272503798,0,-0.00966311,-0.000231817,-12.9732,0.0453013,-4.28138e-05,-0.00979117,0,0,0,0.236639,0.127526,-0.0279952,0.962785,0.0453013,-4.28138e-05,-0.00979117
1765976272508781,0,-0.0150325,-0.000367366,-13.011,0.0485002,-4.48017e-05,-0.00985367,0,0,0,0.236647,0.127554,-0.0278785,0.962783,0.0485002,-4.48017e-05,-0.00985367
1765976272513802,0,-0.0203996,-0.000507787,-13.0167,0.0505912,-4.43713e-05,-0.00997202,0,0,0,0.236655,0.127585,-0.0277556,0.96278,0.0505912,-4.43713e-05,-0.00997202
1765976272518793,0,-0.0257564,-0.000653185,-13.0124,0.0502804,-4.37e-05,-0.00988454,0,0,0,0.236663,0.127615,-0.0276311,0.962778,0.0502804,-4.37e-05,-0.00988454
1765976272523803,0,-0.0311067,-0.000803471,-13.0181,0.0500263,-4.45964e-05,-0.00987514,0,0,0,0.236671,0.127646,-0.0275073,0.962776,0.0500263,-4.45964e-05,-0.00987514
1765976272528800,0,-0.00107837,-3.16724e-05,-13.0142,0.0482704,-4.73115e-05,-0.00967907,0,0,0,0.236679,0.127675,-0.0273864,0.962773,0.0482704,-4.73115e-05,-0.00967907
1765976272533799,0,-0.00646806,-0.000194304,-13.0198,0.0471138,-5.15275e-05,-0.00957604,0,0,0,0.236687,0.127704,-0.0272688,0.962771,0.0471138,-5.15275e-05,-0.00957604
1765976272538799,0,-0.0118589,-0.000361569,-13.0499,0.0502858,-5.47992e-05,-0.00964919,0,0,0,0.236694,0.127734,-0.0271478,0.962768,0.0502858,-5.47992e-05,-0.00964919
1765976272543805,0,-0.0172465,-0.000533782,-13.0555,0.0523429,-5.52985e-05,-0.00977418,0,0,0,0.236701,0.127766,-0.0270207,0.962766,0.0523429,-5.52985e-05,-0.00977418
1765976272548803,0,-0.0226252,-0.000711419,-13.0542,0.0518567,-5.50748e-05,-0.0096874,0,0,0,0.236708,0.127797,-0.0268924,0.962764,0.0518567,-5.50748e-05,-0.0096874
1765976272553802,0,-0.0279973,-0.000893988,-13.0596,0.0514467,-5.57464e-05,-0.00967496,0,0,0,0.236715,0.127828,-0.0267651,0.962761,0.0514467,-5.57464e-05,-0.00967496
1765976272558797,0,-0.0333576,-0.00108144,-13.0481,0.0494648,-5.80438e-05,-0.00947231,0,0,0,0.236722,0.127859,-0.0266411,0.962759,0.0494648,-5.80438e-05,-0.00947231
1765976272563778,0,-0.00216484,-7.86036e-05,-13.0642,0.0481399,-6.26753e-05,-0.00936033,0,0,0,0.236729,0.127889,-0.026521,0.962757,0.0481399,-6.26753e-05,-0.00936033
1765976272568803,0,-0.00756383,-0.000278503,-13.0432,0.0457112,-6.79281e-05,-0.00907325,0,0,0,0.236736,0.127917,-0.0264057,0.962754,0.0457112,-6.79281e-05,-0.00907325
1765976272573779,0,-0.0129547,-0.000482485,-13.0486,0.0442085,-7.45644e-05,-0.00888949,0,0,0,0.236743,0.127944,-0.026295,0.962752,0.0442085,-7.45644e-05,-0.00888949
1765976272578782,0,-0.0183539,-0.000691742,-13.0973,0.0482167,-7.9155e-05,-0.00896271,0,0,0,0.23675,0.127973,-0.02618,0.96275,0.0482167,-7.9155e-05,-0.00896271
1765976272583781,0,-0.0237503,-0.000905544,-13.1025,0.0508888,-7.96399e-05,-0.00908287,0,0,0,0.236756,0.128003,-0.0260573,0.962748,0.0508888,-7.96399e-05,-0.00908287
1765976272588795,0,-0.0291355,-0.0011244,-13.0945,0.050824,-7.87816e-05,-0.0089939,0,0,0,0.236761,0.128034,-0.025932,0.962746,0.050824,-7.87816e-05,-0.0089939
1765976272593798,0,-0.034513,-0.00134808,-13.0998,0.0507547,-7.93045e-05,-0.00897614,0,0,0,0.236766,0.128065,-0.025807,0.962744,0.0507547,-7.93045e-05,-0.00897614
1765976272598801,0,-0.00433731,-0.00018543,-13.0923,0.0489658,-8.07838e-05,-0.00876799,0,0,0,0.236772,0.128095,-0.0256846,0.962741,0.0489658,-8.07838e-05,-0.00876799
1765976272603797,0,-0.00975299,-0.000422016,-13.0975,0.047804,-8.39367e-05,-0.00864702,0,0,0,0.236777,0.128124,-0.0255657,0.962739,0.047804,-8.39367e-05,-0.00864702
1765976272608803,0,-0.0151734,-0.000663355,-13.1363,0.0511749,-8.66348e-05,-0.0087224,0,0,0,0.236782,0.128154,-0.0254431,0.962737,0.0511749,-8.66348e-05,-0.0087224
1765976272613803,0,-0.0205901,-0.000909865,-13.1413,0.0533628,-8.61795e-05,-0.00884123,0,0,0,0.236786,0.128186,-0.025314,0.962736,0.0533628,-8.61795e-05,-0.00884123
1765976272618796,0,-0.0259972,-0.0011615,-13.1361,0.0529356,-8.57374e-05,-0.0087549,0,0,0,0.236791,0.128218,-0.0251834,0.962734,0.0529356,-8.57374e-05,-0.0087549
1765976272623796,0,-0.0313964,-0.00141791,-13.1411,0.052572,-8.65956e-05,-0.00873564,0,0,0,0.236795,0.12825,-0.0250537,0.962732,0.052572,-8.65956e-05,-0.00873564
1765976272628796,0,-0.00217605,-0.000106677,-13.1358,0.0504846,-8.90235e-05,-0.00852367,0,0,0,0.236799,0.128281,-0.0249275,0.96273,0.0504846,-8.90235e-05,-0.00852367
1765976272633796,0,-0.00761271,-0.000376612,-13.1407,0.0490899,-9.37512e-05,-0.00839585,0,0,0,0.236803,0.128312,-0.0248054,0.962728,0.0490899,-9.37512e-05,-0.00839585
1765976272638795,0,-0.0130506,-0.000651613,-13.1688,0.0527935,-9.6513e-05,-0.0084863,0,0,0,0.236807,0.128343,-0.0246792,0.962726,0.0527935,-9.6513e-05,-0.0084863
1765976272643796,0,-0.0184836,-0.000931799,-13.1737,0.0551743,-9.61017e-05,-0.00861398,0,0,0,0.23681,0.128376,-0.024546,0.962724,0.0551743,-9.61017e-05,-0.00861398
1765976272648796,0,-0.0239072,-0.00121711,-13.1707,0.0547674,-9.56897e-05,-0.00853374,0,0,0,0.236813,0.128409,-0.0244111,0.962723,0.0547674,-9.56897e-05,-0.00853374
1765976272653801,0,-0.0293243,-0.00150791,-13.1756,0.0543786,-9.67049e-05,-0.00851516,0,0,0,0.236816,0.128442,-0.0242772,0.962721,0.0543786,-9.67049e-05,-0.00851516
1765976272658798,0,-0.0347285,-0.00180322,-13.1621,0.0521602,-9.89575e-05,-0.00830111,0,0,0,0.23682,0.128474,-0.0241469,0.962719,0.0521602,-9.89575e-05,-0.00830111
1765976272663816,0,-0.0032742,-0.000183553,-13.1777,0.0506679,-0.000102643,-0.00816808,0,0,0,0.236823,0.128505,-0.0240209,0.962717,0.0506679,-0.000102643,-0.00816808
1765976272668814,0,-0.0087316,-0.000493661,-13.2014,0.0541772,-0.000105312,-0.00824282,0,0,0,0.236826,0.128537,-0.0238913,0.962715,0.0541772,-0.000105312,-0.00824282
1765976272673931,0,-0.0141847,-0.000809088,-13.2061,0.0564022,-0.000105471,-0.00835332,0,0,0,0.236828,0.128571,-0.0237551,0.962714,0.0564022,-0.000105471,-0.00835332
1765976272678821,0,-0.0196302,-0.00112988,-13.208,0.0559092,-0.000104816,-0.00826399,0,0,0,0.23683,0.128605,-0.0236175,0.962712,0.0559092,-0.000104816,-0.00826399
1765976272683827,0,-0.0250683,-0.00145575,-13.2125,0.0554037,-0.000106041,-0.00823214,0,0,0,0.236832,0.128638,-0.023481,0.96271,0.0554037,-0.000106041,-0.00823214
1765976272688830,0,-0.0304956,-0.00178702,-13.203,0.0531086,-0.000109258,-0.00801178,0,0,0,0.236834,0.128671,-0.0233485,0.962709,0.0531086,-0.000109258,-0.00801178
1765976272693822,0,-0.0359149,-0.00212301,-13.2076,0.0515382,-0.00011324,-0.00786913,0,0,0,0.236836,0.128703,-0.0232204,0.962707,0.0515382,-0.00011324,-0.00786913
1765976272698804,0,-0.0043714,-0.000276551,-13.1988,0.0485942,-0.000118406,-0.00754661,0,0,0,0.236839,0.128733,-0.0230982,0.962705,0.0485942,-0.000118406,-0.00754661
1765976272703803,0,-0.00983024,-0.000626504,-13.2033,0.0467138,-0.000124506,-0.00731535,0,0,0,0.236841,0.128762,-0.0229817,0.962704,0.0467138,-0.000124506,-0.00731535
1765976272708798,0,-0.0152936,-0.000981495,-13.2453,0.0506212,-0.000128321,-0.00735083,0,0,0,0.236843,0.128792,-0.0228613,0.962702,0.0506212,-0.000128321,-0.00735083
1765976272713799,0,-0.0207536,-0.00134136,-13.2498,0.0532301,-0.000128838,-0.00742302,0,0,0,0.236844,0.128823,-0.0227334,0.962701,0.0532301,-0.000128838,-0.00742302
1765976272718801,0,-0.0262034,-0.0017062,-13.2441,0.0529908,-0.000128239,-0.00730155,0,0,0,0.236845,0.128856,-0.0226034,0.962699,0.0529908,-0.000128239,-0.00730155
1765976272723803,0,-0.0316465,-0.00207563,-13.2487,0.0528021,-0.000128778,-0.00723892,0,0,0,0.236845,0.128888,-0.0224739,0.962698,0.0528021,-0.000128778,-0.00723892
1765976272728796,0,-0.0010972,-7.61002e-05,-13.243,0.0506894,-0.00012987,-0.00699053,0,0,0,0.236846,0.128919,-0.0223476,0.962697,0.0506894,-0.00012987,-0.00699053
1765976272733802,0,-0.00657845,-0.000460133,-13.2475,0.0493276,-0.000131969,-0.0068191,0,0,0,0.236846,0.128949,-0.0222254,0.962695,0.0493276,-0.000131969,-0.0068191
1765976272738798,0,-0.0120614,-0.000849441,-13.2792,0.0527362,-0.00013323,-0.00685678,0,0,0,0.236846,0.12898,-0.0220997,0.962694,0.0527362,-0.00013323,-0.00685678
1765976272743800,0,-0.01754,-0.00124365,-13.2836,0.0549723,-0.000131697,-0.00692642,0,0,0,0.236845,0.129013,-0.0219674,0.962693,0.0549723,-0.000131697,-0.00692642
1765976272748797,0,-0.0230095,-0.00164273,-13.2811,0.0545242,-0.000130271,-0.00681397,0,0,0,0.236844,0.129046,-0.0218336,0.962692,0.0545242,-0.000130271,-0.00681397
1765976272753798,0,-0.0284719,-0.00204682,-13.2855,0.0541683,-0.000129801,-0.00675486,0,0,0,0.236843,0.129079,-0.0217008,0.962691,0.0541683,-0.000129801,-0.00675486
1765976272758798,0,-0.0339215,-0.00245553,-13.272,0.0518999,-0.000130673,-0.00651513,0,0,0,0.236842,0.129111,-0.0215716,0.96269,0.0518999,-0.000130673,-0.00651513
1765976272763799,0,-0.00330019,-0.000252008,-13.2869,0.0504278,-0.000133039,-0.00634627,0,0,0,0.236841,0.129142,-0.0214469,0.962688,0.0504278,-0.000133039,-0.00634627
1765976272768795,0,-0.00880194,-0.000676721,-13.3101,0.0536642,-0.000134325,-0.00637527,0,0,0,0.236839,0.129173,-0.0213188,0.962687,0.0536642,-0.000134325,-0.00637527
1765976272773796,0,-0.014298,-0.00110599,-13.3144,0.0557812,-0.000133674,-0.0064333,0,0,0,0.236837,0.129207,-0.0211846,0.962686,0.0557812,-0.000133674,-0.0064333
1765976272778797,0,-0.0197864,-0.00154033,-13.3153,0.0553153,-0.000132839,-0.0063223,0,0,0,0.236834,0.12924,-0.0210491,0.962686,0.0553153,-0.000132839,-0.0063223
1765976272783795,0,-0.0252674,-0.00197995,-13.3196,0.0549418,-0.000132787,-0.00625999,0,0,0,0.236831,0.129273,-0.0209145,0.962685,0.0549418,-0.000132787,-0.00625999
1765976272788799,0,-0.0307362,-0.00242388,-13.3091,0.0527284,-0.000133973,-0.00602859,0,0,0,0.236829,0.129306,-0.0207836,0.962684,0.0527284,-0.000133973,-0.00602859
1765976272793798,0,0,-1.49012e-07,-13.3239,0.0512697,-0.000136233,-0.00586215,0,0,0,0.236826,0.129337,-0.020657,0.962683,0.0512697,-0.000136233,-0.00586215
1765976272798808,0,-0.00550723,-0.000459135,-13.3031,0.0483452,-0.000139695,-0.00552999,0,0,0,0.236824,0.129367,-0.0205361,0.962682,0.0483452,-0.000139695,-0.00552999
1765976272803798,0,-0.0110056,-0.00092259,-13.3072,0.0465442,-0.000143522,-0.0052766,0,0,0,0.236822,0.129396,-0.0204207,0.962681,0.0465442,-0.000143522,-0.0052766
1765976272808801,0,-0.0165086,-0.00139108,-13.349,0.0509629,-0.000145524,-0.0053213,0,0,0,0.236819,0.129425,-0.0203006,0.962681,0.0509629,-0.000145524,-0.0053213
1765976272813798,0,-0.0220079,-0.0018647,-13.3531,0.0539549,-0.000144389,-0.00538702,0,0,0,0.236814,0.129457,-0.020172,0.96268,0.0539549,-0.000144389,-0.00538702
1765976272818803,0,-0.0274973,-0.00234234,-13.3457,0.0539739,-0.000142836,-0.00527749,0,0,0,0.23681,0.12949,-0.0200405,0.96268,0.0539739,-0.000142836,-0.00527749
1765976272823802,0,-0.0329778,-0.0028249,-13.3498,0.0539804,-0.000141322,-0.00521051,0,0,0,0.236805,0.129522,-0.019909,0.962679,0.0539804,-0.000141322,-0.00521051
1765976272828797,0,-0.00220966,-0.000197887,-13.3423,0.0518316,-0.000140558,-0.00496682,0,0,0,0.2368,0.129554,-0.0197806,0.962679,0.0518316,-0.000140558,-0.00496682
1765976272833799,0,-0.0077281,-0.000696123,-13.3464,0.0504623,-0.00014078,-0.00478318,0,0,0,0.236795,0.129585,-0.0196563,0.962678,0.0504623,-0.00014078,-0.00478318
1765976272838799,0,-0.0132508,-0.00119984,-13.3817,0.0543029,-0.000140618,-0.00484388,0,0,0,0.23679,0.129617,-0.0195279,0.962678,0.0543029,-0.000140618,-0.00484388
1765976272843800,0,-0.0187685,-0.00170818,-13.3858,0.0568339,-0.000138547,-0.0049177,0,0,0,0.236783,0.12965,-0.019392,0.962678,0.0568339,-0.000138547,-0.0049177
1765976272848797,0,-0.0242763,-0.00222155,-13.3815,0.0565179,-0.000136231,-0.00482491,0,0,0,0.236777,0.129685,-0.0192542,0.962678,0.0565179,-0.000136231,-0.00482491
1765976272853804,0,-0.0297763,-0.00273967,-13.3855,0.0562418,-0.000134062,-0.00476644,0,0,0,0.23677,0.129719,-0.0191171,0.962677,0.0562418,-0.000134062,-0.00476644
1765976272858798,0,-0.0352631,-0.00326216,-13.3701,0.0539001,-0.000133487,-0.00453731,0,0,0,0.236763,0.129752,-0.0189837,0.962677,0.0539001,-0.000133487,-0.00453731
1765976272863806,0,-0.00332403,-0.000321716,-13.3852,0.0523686,-0.000134174,-0.00436133,0,0,0,0.236757,0.129783,-0.0188549,0.962677,0.0523686,-0.000134174,-0.00436133
1765976272868797,0,-0.00886464,-0.000862002,-13.4094,0.0563327,-0.00013361,-0.00442757,0,0,0,0.23675,0.129816,-0.0187218,0.962677,0.0563327,-0.00013361,-0.00442757
1765976272873798,0,-0.0144005,-0.00140721,-13.4134,0.0589108,-0.00013119,-0.00450108,0,0,0,0.236742,0.129851,-0.0185811,0.962677,0.0589108,-0.00013119,-0.00450108
1765976272878798,0,-0.0199277,-0.0019578,-13.4142,0.0586224,-0.000128651,-0.00441908,0,0,0,0.236733,0.129886,-0.0184384,0.962677,0.0586224,-0.000128651,-0.00441908
1765976272883780,0,-0.0254483,-0.00251338,-13.4182,0.0583242,-0.000126712,-0.00436493,0,0,0,0.236725,0.129922,-0.0182963,0.962677,0.0583242,-0.000126712,-0.00436493
1765976272888796,0,-0.030956,-0.00307345,-13.4071,0.0559773,-0.000126176,-0.00414954,0,0,0,0.236716,0.129956,-0.0181581,0.962677,0.0559773,-0.000126176,-0.00414954
1765976272893799,0,-0.0364561,-0.00363868,-13.4111,0.0544021,-0.000126893,-0.0039799,0,0,0,0.236708,0.129989,-0.0180244,0.962677,0.0544021,-0.000126893,-0.0039799
1765976272898804,0,-0.00443649,-0.000462234,-13.4003,0.0511308,-0.000128497,-0.0036465,0,0,0,0.2367,0.13002,-0.017897,0.962677,0.0511308,-0.000128497,-0.0036465
1765976272903799,0,-0.00997448,-0.00104353,-13.4043,0.0490689,-0.000130924,-0.00337459,0,0,0,0.236693,0.13005,-0.0177759,0.962677,0.0490689,-0.000130924,-0.00337459
1765976272908797,0,-0.0155194,-0.00163099,-13.4504,0.0531586,-0.000131539,-0.00340597,0,0,0,0.236684,0.130081,-0.0176509,0.962678,0.0531586,-0.000131539,-0.00340597
1765976272913799,0,-0.0210612,-0.00222257,-13.4544,0.0559175,-0.000130263,-0.00344285,0,0,0,0.236674,0.130114,-0.0175179,0.962678,0.0559175,-0.000130263,-0.00344285
1765976272918803,0,-0.026592,-0.00281885,-13.4474,0.0556493,-0.000128344,-0.00332045,0,0,0,0.236664,0.130148,-0.0173827,0.962678,0.0556493,-0.000128344,-0.00332045
1765976272923803,0,-0.032115,-0.00341973,-13.4514,0.0554618,-0.000126686,-0.00322475,0,0,0,0.236654,0.130181,-0.0172481,0.962679,0.0554618,-0.000126686,-0.00322475
1765976272928796,0,-0.0022254,-0.00024569,-13.4437,0.053156,-0.000125282,-0.00296978,0,0,0,0.236644,0.130213,-0.017117,0.962679,0.053156,-0.000125282,-0.00296978
1765976272933802,0,-0.00778484,-0.000863433,-13.4476,0.0516837,-0.000124792,-0.00275887,0,0,0,0.236634,0.130245,-0.0169903,0.96268,0.0516837,-0.000124792,-0.00275887
1765976272938798,0,-0.0133471,-0.00148684,-13.4821,0.0550512,-0.000123855,-0.00278033,0,0,0,0.236623,0.130277,-0.0168603,0.96268,0.0550512,-0.000123855,-0.00278033
1765976272943915,0,-0.0189044,-0.00211501,-13.4861,0.0572969,-0.000121642,-0.00280317,0,0,0,0.236611,0.130311,-0.0167237,0.962681,0.0572969,-0.000121642,-0.00280317
1765976272948804,0,-0.0244517,-0.00274736,-13.4813,0.0568572,0.0115239,-0.00268473,0,0,0,0.2366,0.130328,-0.0165815,0.962684,0.0568572,0.0115239,-0.00268473
1765976272953799,0,-0.0299914,-0.00338474,-13.4852,0.0565066,0.0291484,-0.00258667,0,0,0,0.236588,0.130309,-0.0164312,0.962692,0.0565066,0.0291484,-0.00258667
1765976272958797,0,-0.0355158,-0.00402597,-13.4688,0.0540529,0.0598581,-0.00233963,0,0,0,0.236578,0.130227,-0.0162698,0.962708,0.0540529,0.0598581,-0.00233963
1765976272963797,0,-0.00334096,-0.000393778,-13.4839,0.0524846,0.0891388,-0.00212989,0,0,0,0.236569,0.130072,-0.0160955,0.962734,0.0524846,0.0891388,-0.00212989
1765976272968794,0,-0.00890326,-0.00105444,-13.5086,0.0567854,0.100549,-0.00220525,0,0,0,0.236561,0.129873,-0.0159055,0.962766,0.0567854,0.100549,-0.00220525
1765976272973798,0,-0.014452,-0.00172019,-13.5126,0.0596264,0.116004,-0.0022677,0,0,0,0.236551,0.129644,-0.015699,0.962803,0.0596264,0.116004,-0.0022677
1765976272978798,0,-0.0199823,-0.0023908,-13.5131,0.059611,0.137641,-0.00224611,0,0,0,0.236543,0.129369,-0.0154785,0.962846,0.059611,0.137641,-0.00224611
1765976272983779,0,-0.0254936,-0.00306666,-13.5171,0.0595331,0.158996,-0.00222403,0,0,0,0.236534,0.129042,-0.0152454,0.962895,0.0595331,0.158996,-0.00222403
1765976272988796,0,-0.0309789,-0.00374651,-13.5053,0.0572613,0.187457,-0.00211375,0,0,0,0.236528,0.128652,-0.0150006,0.962953,0.0572613,0.187457,-0.00211375
1765976272993797,0,-2.38419e-07,5.96046e-08,-13.5201,0.0557819,0.212229,-0.00201467,0,0,0,0.236522,0.128199,-0.0147446,0.963019,0.0557819,0.212229,-0.00201467
1765976272998802,0,-0.00547767,-0.000698924,-13.4974,0.0524493,0.245455,-0.00183538,0,0,0,0.236518,0.127672,-0.0144772,0.963094,0.0524493,0.245455,-0.00183538
1765976273003802,0,-0.0109251,-0.00140205,-13.5015,0.0504048,0.271905,-0.00167552,0,0,0,0.236515,0.127073,-0.0141988,0.963178,0.0504048,0.271905,-0.00167552
1765976273008795,0,-0.0163538,-0.00211099,-13.5455,0.0556208,0.268991,-0.00196105,0,0,0,0.236512,0.126454,-0.0139096,0.963264,0.0556208,0.268991,-0.00196105
1765976273013798,0,-0.0217545,-0.00282544,-13.5496,0.0591451,0.270865,-0.00219416,0,0,0,0.236508,0.125838,-0.0136101,0.96335,0.0591451,0.270865,-0.00219416
1765976273018802,0,-0.0271204,-0.00354424,-13.5415,0.0592627,0.282832,-0.0023826,0,0,0,0.236505,0.125203,-0.0133024,0.963438,0.0592627,0.282832,-0.0023826
1765976273023800,0,-0.0324531,-0.00426847,-13.5457,0.0593246,0.294331,-0.00253134,0,0,0,0.236502,0.12454,-0.0129875,0.963529,0.0593246,0.294331,-0.00253134
1765976273028808,0,-0.00212932,-0.000295937,-13.5362,0.0568929,0.315822,-0.00261871,0,0,0,0.2365,0.123835,-0.0126656,0.963625,0.0568929,0.315822,-0.00261871
1765976273033799,0,-0.00742912,-0.00103959,-13.5404,0.055331,0.332813,-0.00267962,0,0,0,0.236499,0.123082,-0.0123372,0.963725,0.055331,0.332813,-0.00267962
1765976273038797,0,-0.0127008,-0.00178969,-13.578,0.0602309,0.325463,-0.00314478,0,0,0,0.236498,0.122326,-0.0120018,0.963826,0.0602309,0.325463,-0.00314478
1765976273043798,0,0,1.19209e-07,-13.5873,0.06343,0.323133,-0.00352461,0,0,0,0.236497,0.121582,-0.0116594,0.963925,0.06343,0.323133,-0.00352461
1765976273048794,0,-0.00522065,-0.000766635,-13.5827,0.0632944,0.329945,-0.0038646,0,0,0,0.236496,0.120831,-0.0113121,0.964024,0.0632944,0.329945,-0.0038646
1765976273053796,0,-0.0104046,-0.00153905,-13.5871,0.0630728,0.336929,-0.0041358,0,0,0,0.236496,0.120063,-0.0109611,0.964124,0.0630728,0.336929,-0.0041358
1765976273058795,0,-0.015554,-0.00231782,-13.6074,0.0619835,0.340406,-0.0044669,0,0,0,0.236497,0.119283,-0.0106089,0.964224,0.0619835,0.340406,-0.0044669
1765976273063797,0,-0.00307608,-0.000474781,-13.6167,0.0611699,0.345014,-0.00472895,0,0,0,0.236499,0.118492,-0.0102564,0.964325,0.0611699,0.345014,-0.00472895
1765976273068793,0,-0.00817394,-0.00127119,-13.6292,0.0596065,0.349413,-0.0050312,0,0,0,0.236502,0.117689,-0.00990418,0.964426,0.0596065,0.349413,-0.0050312
1765976273073797,0,-0.0132332,-0.00207311,-13.6337,0.0585261,0.354357,-0.00526739,0,0,0,0.236506,0.116875,-0.00955216,0.964528,0.0585261,0.354357,-0.00526739
1765976273078795,0,-0.00201035,-0.00032571,-13.6367,0.0563056,0.363363,-0.00550306,0,0,0,0.23651,0.116041,-0.00919995,0.964631,0.0563056,0.363363,-0.00550306
1765976273083797,0,-0.00700641,-0.00114301,-13.6414,0.0548821,0.371118,-0.00567968,0,0,0,0.236516,0.115186,-0.00884699,0.964735,0.0548821,0.371118,-0.00567968
1765976273088799,0,-0.0119638,-0.00196612,-13.6559,0.053507,0.375972,-0.00592697,0,0,0,0.236523,0.114316,-0.00849377,0.96484,0.053507,0.375972,-0.00592697
1765976273093798,0,0,-5.96046e-08,-13.6652,0.0527215,0.38075,-0.00611205,0,0,0,0.23653,0.113434,-0.0081401,0.964946,0.0527215,0.38075,-0.00611205
1765976273098800,0,-0.0048914,-0.000837982,-13.66,0.0509398,0.389732,-0.00629388,0,0,0,0.236538,0.112533,-0.00778539,0.965052,0.0509398,0.389732,-0.00629388
1765976273103929,0,-0.00973868,-0.00168091,-13.6648,0.0499524,0.396966,-0.00642111,0,0,0,0.236547,0.111612,-0.00742909,0.96516,0.0499524,0.396966,-0.00642111
1765976273108926,0,-0.014545,-0.00252885,-13.682,0.0493546,0.400115,-0.00665998,0,0,0,0.236556,0.110679,-0.00707172,0.965267,0.0493546,0.400115,-0.00665998
1765976273113935,0,-0.00382113,-0.000686705,-13.6911,0.0491871,0.40324,-0.0068333,0,0,0,0.236566,0.109738,-0.00671325,0.965375,0.0491871,0.40324,-0.0068333
1765976273118810,0,-0.00855899,-0.00154954,-13.7022,0.0489225,0.405387,-0.00708461,0,0,0,0.236576,0.108791,-0.00635376,0.965482,0.0489225,0.405387,-0.00708461
1765976273123976,0,-0.0132515,-0.00241703,-13.7071,0.0489373,0.40741,-0.0072675,0,0,0,0.236586,0.107839,-0.00599321,0.965589,0.0489373,0.40741,-0.0072675
1765976273128821,0,-0.000929117,-0.000175774,-13.7076,0.0481599,0.413682,-0.00747763,0,0,0,0.236597,0.106875,-0.00563101,0.965696,0.0481599,0.413682,-0.00747763
1765976273133830,0,-0.00554681,-0.0010578,-13.7125,0.0478362,0.418164,-0.00762417,0,0,0,0.236608,0.105898,-0.00526691,0.965802,0.0478362,0.418164,-0.00762417
1765976273138823,0,-0.0101211,-0.00194496,-13.729,0.0478859,0.419247,-0.00787002,0,0,0,0.23662,0.104915,-0.00490153,0.965909,0.0478859,0.419247,-0.00787002
1765976273143860,0,0,1.19209e-07,-13.7379,0.0481678,0.420633,-0.00804355,0,0,0,0.236632,0.103929,-0.0045349,0.966014,0.0481678,0.420633,-0.00804355
1765976273148961,0,-0.00449491,-0.000900805,-13.7308,0.0475626,0.426287,-0.00824394,0,0,0,0.236644,0.102933,-0.00416648,0.96612,0.0475626,0.426287,-0.00824394
1765976273153925,0,-0.00894094,-0.00180608,-13.7363,0.0474585,0.430935,-0.00837541,0,0,0,0.236656,0.101925,-0.00379576,0.966225,0.0474585,0.430935,-0.00837541
1765976273158935,0,-0.0133412,-0.00271624,-13.7533,0.047795,0.431532,-0.00861257,0,0,0,0.236668,0.100912,-0.00342329,0.96633,0.047795,0.431532,-0.00861257
1765976273163884,0,-0.00261664,-0.000552952,-13.7624,0.0482599,0.432385,-0.00877363,0,0,0,0.236681,0.0998964,-0.00304932,0.966433,0.0482599,0.432385,-0.00877363
1765976273168985,0,-0.00693989,-0.00147855,-13.7736,0.048714,0.432279,-0.00901872,0,0,0,0.236693,0.0988806,-0.00267403,0.966536,0.048714,0.432279,-0.00901872
1765976273173930,0,-0.011215,-0.0024088,-13.7794,0.0492614,0.432984,-0.0091839,0,0,0,0.236706,0.097864,-0.00229723,0.966637,0.0492614,0.432984,-0.0091839
1765976273178849,0,-2.38419e-07,-5.96046e-08,-13.7797,0.0490432,0.436587,-0.00938703,0,0,0,0.236719,0.0968415,-0.00191871,0.966738,0.0490432,0.436587,-0.00938703
1765976273183883,0,-0.00419307,-0.00094527,-13.7852,0.0490642,0.43912,-0.00951601,0,0,0,0.236732,0.0958117,-0.00153859,0.966838,0.0490642,0.43912,-0.00951601
1765976273188937,0,-0.00833797,-0.00189579,-13.8005,0.0494994,0.439197,-0.00973918,0,0,0,0.236745,0.0947794,-0.00115714,0.966937,0.0494994,0.439197,-0.00973918
1765976273193930,0,2.38419e-07,0,-13.8093,0.0499921,0.43981,-0.00988129,0,0,0,0.236758,0.0937462,-0.000774279,0.967035,0.0499921,0.43981,-0.00988129
1765976273198972,0,-0.00405788,-0.000964522,-13.803,0.0496323,0.443993,-0.0100541,0,0,0,0.236771,0.0927063,-0.000389791,0.967132,0.0496323,0.443993,-0.0100541
1765976273203955,0,-0.00806499,-0.00193387,-13.8088,0.0495943,0.447265,-0.0101516,0,0,0,0.236784,0.0916574,-3.52502e-06,0.967229,0.0495943,0.447265,-0.0101516
1765976273208912,0,-0.012023,-0.00290859,-13.8237,0.0500168,0.447516,-0.0103458,0,0,0,0.236797,0.090605,0.000384217,0.967325,0.0500168,0.447516,-0.0103458
1765976273213935,0,-0.00234866,-0.000592053,-13.8325,0.0504461,0.447808,-0.0104607,0,0,0,0.236811,0.089552,0.000773186,0.96742,0.0504461,0.447808,-0.0104607
1765976273218932,0,-0.00622225,-0.00158244,-13.8437,0.0509688,0.447246,-0.0106587,0,0,0,0.236824,0.0884997,0.00116323,0.967513,0.0509688,0.447246,-0.0106587
1765976273223813,0,-0.0100455,-0.00257808,-13.8496,0.0514589,0.447232,-0.0107739,0,0,0,0.236837,0.0874482,0.00155439,0.967605,0.0514589,0.447232,-0.0107739
1765976273228801,0,-0.00150752,-0.000402749,-13.8482,0.0512519,0.449584,-0.0109319,0,0,0,0.23685,0.0863933,0.00194659,0.967695,0.0512519,0.449584,-0.0109319
1765976273233799,0,-0.00524044,-0.00141335,-13.8541,0.0512364,0.451389,-0.0110113,0,0,0,0.236863,0.0853332,0.00233978,0.967785,0.0512364,0.451389,-0.0110113
1765976273238797,0,-0.00892305,-0.00242943,-13.8682,0.0516441,0.451102,-0.0111817,0,0,0,0.236876,0.0842719,0.0027339,0.967874,0.0516441,0.451102,-0.0111817
1765976273243799,0,0,-5.96046e-08,-13.8768,0.0520317,0.451221,-0.0112693,0,0,0,0.236889,0.0832108,0.00312897,0.967962,0.0520317,0.451221,-0.0112693
1765976273248800,0,-0.0035913,-0.00103122,-13.8672,0.051449,0.455314,-0.0113843,0,0,0,0.236902,0.0821434,0.00352507,0.968048,0.051449,0.455314,-0.0113843
1765976273253797,0,-0.00713015,-0.00206757,-13.873,0.0511718,0.45818,-0.0114232,0,0,0,0.236915,0.0810675,0.0039222,0.968134,0.0511718,0.45818,-0.0114232
1765976273258796,0,-0.0106187,-0.0031094,-13.8929,0.0517487,0.457129,-0.0115734,0,0,0,0.236928,0.0799905,0.00432023,0.968219,0.0517487,0.457129,-0.0115734
1765976273263797,0,-0.0020647,-0.000632644,-13.9014,0.0522446,0.456691,-0.0116395,0,0,0,0.236941,0.0789153,0.00471914,0.968302,0.0522446,0.456691,-0.0116395
1765976273268796,0,-0.0054636,-0.00169116,-13.9126,0.0528276,0.455713,-0.011789,0,0,0,0.236953,0.0778421,0.00511894,0.968384,0.0528276,0.455713,-0.011789
1765976273273797,0,-0.00881028,-0.00275505,-13.9186,0.0532827,0.455285,-0.0118527,0,0,0,0.236965,0.0767707,0.0055196,0.968464,0.0532827,0.455285,-0.0118527
1765976273278797,0,-0.00131559,-0.000430167,-13.9166,0.0530443,0.457483,-0.0119637,0,0,0,0.236978,0.0756965,0.00592104,0.968544,0.0530443,0.457483,-0.0119637
1765976273283780,0,-0.00456762,-0.00150967,-13.9226,0.0529478,0.459163,-0.0119929,0,0,0,0.23699,0.0746175,0.00632323,0.968622,0.0529478,0.459163,-0.0119929
1765976273288799,0,-0.00776792,-0.00259477,-13.9369,0.0533078,0.458912,-0.0121153,0,0,0,0.237002,0.0735372,0.00672617,0.968699,0.0533078,0.458912,-0.0121153
1765976273293798,0,1.19209e-07,5.96046e-08,-13.9452,0.0536092,0.459054,-0.0121511,0,0,0,0.237013,0.0724571,0.00712989,0.968774,0.0536092,0.459054,-0.0121511
1765976273298800,0,-0.00310457,-0.00110072,-13.935,0.0529109,0.462552,-0.0122257,0,0,0,0.237025,0.0713714,0.00753417,0.968849,0.0529109,0.462552,-0.0122257
1765976273303797,0,-0.00615442,-0.0022065,-13.9411,0.0525113,0.465057,-0.0122193,0,0,0,0.237036,0.0702784,0.0079389,0.968923,0.0525113,0.465057,-0.0122193
1765976273308796,0,-0.00915301,-0.00331819,-13.9612,0.0530537,0.464067,-0.0123271,0,0,0,0.237047,0.0691843,0.00834428,0.968996,0.0530537,0.464067,-0.0123271
1765976273313798,0,-0.00176811,-0.000674605,-13.9694,0.0534681,0.463563,-0.0123475,0,0,0,0.237058,0.0680922,0.00875037,0.969067,0.0534681,0.463563,-0.0123475
1765976273318801,0,-0.00467265,-0.0018037,-13.9808,0.0540043,0.462644,-0.0124587,0,0,0,0.237069,0.067002,0.00915719,0.969136,0.0540043,0.462644,-0.0124587
1765976273323799,0,-0.00752306,-0.00293791,-13.9869,0.054386,0.462253,-0.0124789,0,0,0,0.237079,0.0659135,0.00956473,0.969205,0.054386,0.462253,-0.0124789
1765976273328801,0,-0.000557065,-0.000229418,-13.9843,0.054058,0.464084,-0.0125576,0,0,0,0.237089,0.0648225,0.00997272,0.969272,0.054058,0.464084,-0.0125576
1765976273333828,0,-0.00330949,-0.00137997,-13.9904,0.0538589,0.465485,-0.0125486,0,0,0,0.237099,0.0637275,0.010381,0.969337,0.0538589,0.465485,-0.0125486
1765976273338935,0,-0.00600863,-0.00253612,-14.0058,0.0541525,0.465248,-0.0126395,0,0,0,0.237109,0.0626315,0.0107898,0.969402,0.0541525,0.465248,-0.0126395
1765976273343818,0,0,0,-14.014,0.0544056,0.465678,-0.0126359,0,0,0,0.237118,0.0615352,0.0111993,0.969465,0.0544056,0.465678,-0.0126359
1765976273348997,0,-0.002599,-0.00117213,-14.0046,0.0536767,0.468222,-0.0126912,0,0,0,0.237127,0.0604344,0.011609,0.969527,0.0536767,0.468222,-0.0126912
1765976273353831,0,-0.00514269,-0.0023492,-14.011,0.0532624,0.470454,-0.0126552,0,0,0,0.237136,0.0593276,0.0120188,0.969589,0.0532624,0.470454,-0.0126552
1765976273358909,0,-0.00763261,-0.00353199,-14.0288,0.053621,0.469725,-0.0127367,0,0,0,0.237145,0.0582195,0.0124289,0.969649,0.053621,0.469725,-0.0127367
1765976273363926,0,-0.00146091,-0.00071764,-14.0368,0.0538944,0.469498,-0.0127231,0,0,0,0.237153,0.0571126,0.0128396,0.969707,0.0538944,0.469498,-0.0127231
1765976273368824,0,-0.00385249,-0.00191808,-14.0484,0.0543615,0.468721,-0.0128109,0,0,0,0.237161,0.0560073,0.0132508,0.969764,0.0543615,0.468721,-0.0128109
1765976273373829,0,-0.00618911,-0.00312394,-14.0545,0.0546388,0.46811,-0.0128023,0,0,0,0.237169,0.0549036,0.0136625,0.969819,0.0546388,0.46811,-0.0128023
1765976273378909,0,-0.000908971,-0.000487208,-14.0513,0.0542019,0.469472,-0.0128668,0,0,0,0.237176,0.0537985,0.0140741,0.969874,0.0542019,0.469472,-0.0128668
1765976273383884,0,-0.00314295,-0.00170892,-14.0575,0.0539245,0.47068,-0.0128347,0,0,0,0.237183,0.0526899,0.0144856,0.969927,0.0539245,0.47068,-0.0128347
1765976273388929,0,-0.00532258,-0.00293636,-14.0723,0.0541493,0.470386,-0.0129118,0,0,0,0.23719,0.0515806,0.0148974,0.969979,0.0541493,0.470386,-0.0129118
1765976273393818,0,0,-1.19209e-07,-14.0802,0.0543054,0.470465,-0.0128878,0,0,0,0.237197,0.0504715,0.0153095,0.970029,0.0543054,0.470465,-0.0128878
1765976273398826,0,-0.00207627,-0.00124365,-14.069,0.0533989,0.472603,-0.0129358,0,0,0,0.237203,0.0493588,0.0157213,0.970078,0.0533989,0.472603,-0.0129358
1765976273403882,0,-0.00409579,-0.00249189,-14.0753,0.0528063,0.474126,-0.0128865,0,0,0,0.237209,0.0482413,0.0161323,0.970126,0.0528063,0.474126,-0.0128865
1765976273408915,0,-0.00606167,-0.00374621,-14.0965,0.0533109,0.473264,-0.0129625,0,0,0,0.237215,0.0471236,0.0165435,0.970173,0.0533109,0.473264,-0.0129625
1765976273413926,0,-0.00152993,-0.00101346,-14.104,0.0536495,0.472779,-0.0129345,0,0,0,0.23722,0.0460076,0.0169553,0.970218,0.0536495,0.472779,-0.0129345
1765976273418815,0,-0.00339282,-0.002285,-14.1155,0.0540932,0.472135,-0.0130147,0,0,0,0.237225,0.0448932,0.0173677,0.970261,0.0540932,0.472135,-0.0130147
1765976273423801,0,-0.00520015,-0.00356174,-14.1216,0.0543244,0.471455,-0.0129915,0,0,0,0.23723,0.0437805,0.0177805,0.970304,0.0543244,0.471455,-0.0129915
1765976273428799,0,-0.000696421,-0.000515699,-14.1162,0.0537038,0.472525,-0.0130536,0,0,0,0.237235,0.0426667,0.0181927,0.970344,0.0537038,0.472525,-0.0130536
1765976273433802,0,-0.00239801,-0.00180864,-14.1226,0.0532737,0.473335,-0.0130104,0,0,0,0.237239,0.0415503,0.0186043,0.970384,0.0532737,0.473335,-0.0130104
1765976273438798,0,-0.00404483,-0.00310719,-14.1398,0.0535869,0.472786,-0.0130866,0,0,0,0.237243,0.0404339,0.0190159,0.970422,0.0535869,0.472786,-0.0130866
1765976273443802,0,5.96046e-08,5.96046e-08,-14.1473,0.0537602,0.472402,-0.0130544,0,0,0,0.237246,0.0393187,0.0194277,0.970459,0.0537602,0.472402,-0.0130544
1765976273448800,0,-0.00154072,-0.0013147,-14.136,0.0528471,0.474099,-0.0131076,0,0,0,0.23725,0.038201,0.0198389,0.970495,0.0528471,0.474099,-0.0131076
1765976273453811,0,-0.00302476,-0.00263405,-14.1423,0.0522312,0.475264,-0.0130532,0,0,0,0.237253,0.0370795,0.0202491,0.970529,0.0522312,0.475264,-0.0130532
1765976273458802,0,-0.00445408,-0.00395924,-14.1637,0.0526979,0.474484,-0.0131274,0,0,0,0.237256,0.0359579,0.0206593,0.970562,0.0526979,0.474484,-0.0131274
1765976273463798,0,-0.000545144,-0.000535846,-14.1712,0.052987,0.47393,-0.01309,0,0,0,0.237258,0.0348381,0.02107,0.970593,0.052987,0.47393,-0.01309
1765976273468797,0,-0.00186723,-0.00187719,-14.1551,0.0518462,0.475792,-0.0131405,0,0,0,0.23726,0.0337157,0.0214798,0.970623,0.0518462,0.475792,-0.0131405
1765976273473801,0,-0.00313246,-0.00322258,-14.1614,0.0510981,0.477066,-0.0130797,0,0,0,0.237262,0.0325891,0.0218883,0.970652,0.0510981,0.477066,-0.0130797
1765976273478797,0,-0.000479341,-0.000544012,-14.1898,0.0518378,0.475719,-0.0131581,0,0,0,0.237263,0.0314632,0.0222969,0.97068,0.0518378,0.475719,-0.0131581
1765976273483797,0,-0.00163841,-0.00190747,-14.1962,0.0523234,0.474807,-0.0131201,0,0,0,0.237264,0.0303403,0.0227063,0.970706,0.0523234,0.474807,-0.0131201
1765976273488806,0,-0.00274152,-0.00327599,-14.209,0.0529974,0.473654,-0.0132044,0,0,0,0.237265,0.0292202,0.0231164,0.97073,0.0529974,0.473654,-0.0132044
1765976273493806,0,5.96046e-08,0,-14.2165,0.053408,0.472974,-0.0131694,0,0,0,0.237266,0.0281025,0.0235273,0.970753,0.053408,0.472974,-0.0131694
1765976273498856,0,-0.000994503,-0.00138444,-14.2045,0.0525399,0.474067,-0.0132337,0,0,0,0.237266,0.0269837,0.0239375,0.970775,0.0525399,0.474067,-0.0132337
1765976273503927,0,-0.00193286,-0.00277328,-14.211,0.0519379,0.474895,-0.0131794,0,0,0,0.237266,0.0258621,0.0243465,0.970795,0.0519379,0.474895,-0.0131794
1765976273508916,0,-0.00281572,-0.00416785,-14.2325,0.0524125,0.474287,-0.0132552,0,0,0,0.237266,0.0247405,0.0247556,0.970814,0.0524125,0.474287,-0.0132552
1765976273513930,0,-0.000659704,-0.00112593,-14.2398,0.0526842,0.473857,-0.0132101,0,0,0,0.237265,0.0236204,0.0251651,0.970832,0.0526842,0.473857,-0.0132101
1765976273518792,0,-0.00143412,-0.00253785,-14.2513,0.053096,0.473345,-0.0132868,0,0,0,0.237264,0.0225016,0.0255753,0.970848,0.053096,0.473345,-0.0132868
1765976273523834,0,-0.00215274,-0.00395441,-14.2575,0.0532634,0.472637,-0.013244,0,0,0,0.237263,0.0213845,0.0259856,0.970862,0.0532634,0.472637,-0.013244
1765976273528810,0,-0.000259042,-0.000571728,-14.2514,0.0525231,0.473138,-0.0133131,0,0,0,0.237261,0.020267,0.026395,0.970876,0.0525231,0.473138,-0.0133131
1765976273533934,0,-0.000867605,-0.00200409,-14.2577,0.0519594,0.473318,-0.01326,0,0,0,0.23726,0.0191484,0.0268031,0.970888,0.0519594,0.473318,-0.01326
1765976273538830,0,-0.00142074,-0.00344199,-14.2753,0.0522258,0.473077,-0.0133317,0,0,0,0.237257,0.0180299,0.0272109,0.970898,0.0522258,0.473077,-0.0133317
1765976273543926,0,0,0,-14.2826,0.0523186,0.472657,-0.0132803,0,0,0,0.237255,0.0169124,0.0276188,0.970907,0.0523186,0.472657,-0.0132803
1765976273548931,0,-0.000442639,-0.00145376,-14.2705,0.0512367,0.47349,-0.0133444,0,0,0,0.237252,0.0157936,0.0280254,0.970915,0.0512367,0.47349,-0.0133444
1765976273553931,0,-0.000829384,-0.00291127,-14.2769,0.0504835,0.474023,-0.0132829,0,0,0,0.237249,0.0146727,0.0284302,0.970922,0.0504835,0.474023,-0.0132829
1765976273558916,0,-0.0011608,-0.00437444,-14.2988,0.0508614,0.473591,-0.013354,0,0,0,0.237246,0.0135519,0.0288348,0.970927,0.0508614,0.473591,-0.013354
1765976273563801,0,-0.00015898,-0.000886261,-14.3061,0.0510539,0.473043,-0.0132983,0,0,0,0.237242,0.0124324,0.0292396,0.970931,0.0510539,0.473043,-0.0132983
1765976273568798,0,-0.000379428,-0.00236684,-14.3178,0.0514061,0.472082,-0.0133762,0,0,0,0.237238,0.011315,0.0296447,0.970933,0.0514061,0.472082,-0.0133762
1765976273573799,0,-0.000544578,-0.00385177,-14.3243,0.0515786,0.471383,-0.0133228,0,0,0,0.237234,0.0101996,0.0300498,0.970934,0.0515786,0.471383,-0.0133228
1765976273578800,0,-3.69363e-05,-0.000598907,-14.3195,0.0508936,0.471304,-0.013398,0,0,0,0.23723,0.00908489,0.0304539,0.970934,0.0508936,0.471304,-0.013398
1765976273583798,0,-9.0545e-05,-0.00209916,-14.3258,0.0503778,0.471127,-0.0133419,0,0,0,0.237225,0.0079701,0.0308564,0.970932,0.0503778,0.471127,-0.0133419
1765976273588797,0,-8.90568e-05,-0.00360411,-14.3412,0.0505197,0.470578,-0.0134185,0,0,0,0.23722,0.00685621,0.0312583,0.970929,0.0505197,0.470578,-0.0134185
1765976273593800,0,2.23517e-08,0,-14.3486,0.050557,0.470118,-0.0133615,0,0,0,0.237215,0.00574356,0.0316601,0.970924,0.050557,0.470118,-0.0133615
1765976273598801,0,0.000113316,-0.00152045,-14.3363,0.0494097,0.470236,-0.0134378,0,0,0,0.237209,0.00463078,0.0320602,0.970918,0.0494097,0.470236,-0.0134378
1765976273603800,0,0.000281513,-0.00304431,-14.3427,0.0486134,0.470198,-0.0133795,0,0,0,0.237203,0.00351737,0.032458,0.970911,0.0486134,0.470198,-0.0133795
1765976273608785,0,0.000504732,-0.00457335,-14.3648,0.0490039,0.469642,-0.013454,0,0,0,0.237197,0.00240475,0.0328552,0.970903,0.0490039,0.469642,-0.013454
1765976273613800,0,0.000175178,-0.00092566,-14.3722,0.0492226,0.469095,-0.0133935,0,0,0,0.237191,0.00129364,0.0332529,0.970893,0.0492226,0.469095,-0.0133935
1765976273618785,0,0.000510871,-0.00247204,-14.3843,0.0497171,0.468397,-0.0134685,0,0,0,0.237184,0.000184302,0.033651,0.970882,0.0497171,0.468397,-0.0134685
1765976273623803,0,0.000901103,-0.004022,-14.3906,0.0499714,0.467704,-0.0134079,0,0,0,0.237177,-0.000923144,0.0340495,0.970869,0.0499714,0.467704,-0.0134079
1765976273628798,0,0.000185788,-0.000625074,-14.3858,0.0493048,0.467369,-0.0134869,0,0,0,0.23717,-0.00202961,0.034447,0.970855,0.0493048,0.467369,-0.0134869
1765976273633798,0,0.000688016,-0.00218982,-14.3921,0.0487944,0.466929,-0.0134274,0,0,0,0.237162,-0.00313544,0.0348428,0.97084,0.0487944,0.466929,-0.0134274
1765976273638797,0,0.00124487,-0.00375938,-14.4077,0.0489335,0.466464,-0.0135022,0,0,0,0.237155,-0.00424023,0.035238,0.970823,0.0489335,0.466464,-0.0135022
1765976273643799,0,0.00185567,-0.00533265,-14.4141,0.048965,0.466004,-0.0134378,0,0,0,0.237147,-0.00534386,0.035633,0.970806,0.048965,0.466004,-0.0134378
1765976273648797,0,0.00251973,-0.00690776,-14.4015,0.0477263,0.465624,-0.013522,0,0,0,0.237138,-0.00644691,0.036026,0.970786,0.0477263,0.465624,-0.013522
1765976273653796,0,0.00323731,-0.00848597,-14.4078,0.0468667,0.465195,-0.0134643,0,0,0,0.23713,-0.00754956,0.0364162,0.970766,0.0468667,0.465195,-0.0134643
1765976273658797,0,0.00400701,-0.0100645,-14.3797,0.0442077,0.464898,-0.0135634,0,0,0,0.237121,-0.00865251,0.0368015,0.970744,0.0442077,0.464898,-0.0135634
1765976273663801,0,0.000507057,-0.000960052,-14.3881,0.0424895,0.464493,-0.0135183,0,0,0,0.237112,-0.00975581,0.0371814,0.970722,0.0424895,0.464493,-0.0135183
1765976273668798,0,0.00139588,-0.00256467,-14.4227,0.0435884,0.463433,-0.0135987,0,0,0,0.237102,-0.0108572,0.0375607,0.970698,0.0435884,0.463433,-0.0135987
1765976273673804,0,0.00233841,-0.00417292,-14.429,0.0443649,0.462524,-0.0135358,0,0,0,0.237093,-0.0119556,0.0379416,0.970672,0.0443649,0.462524,-0.0135358
1765976273678808,0,0.00333339,-0.0057832,-14.4258,0.0443018,0.461714,-0.0136208,0,0,0,0.237083,-0.0130519,0.0383226,0.970645,0.0443018,0.461714,-0.0136208
1765976273683803,0,0.00438082,-0.0073958,-14.4321,0.0442766,0.460938,-0.0135616,0,0,0,0.237073,-0.0141462,0.038703,0.970617,0.0442766,0.460938,-0.0135616
1765976273688802,0,0.00547934,-0.0090093,-14.4122,0.0426491,0.459988,-0.0136637,0,0,0,0.237063,-0.0152389,0.0390804,0.970588,0.0426491,0.459988,-0.0136637
1765976273693801,0,0.00662977,-0.0106247,-14.4185,0.0416364,0.459264,-0.0136171,0,0,0,0.237053,-0.0163304,0.0394542,0.970558,0.0416364,0.459264,-0.0136171
1765976273698801,0,0.00782979,-0.0122393,-14.3836,0.0384926,0.458231,-0.0137431,0,0,0,0.237042,-0.0174211,0.0398219,0.970527,0.0384926,0.458231,-0.0137431
1765976273703800,0,0.00908071,-0.0138547,-14.3898,0.0365743,0.457443,-0.013716,0,0,0,0.237032,-0.0185109,0.0401832,0.970494,0.0365743,0.457443,-0.013716
1765976273708798,0,0.0103793,-0.015467,-14.3415,0.0321995,0.456208,-0.013872,0,0,0,0.237021,-0.0196003,0.0405355,0.970461,0.0321995,0.456208,-0.013872
1765976273713799,0,0.0117282,-0.0170798,-14.3477,0.0296266,0.455356,-0.0138704,0,0,0,0.237009,-0.0206891,0.0408792,0.970426,0.0296266,0.455356,-0.0138704
1765976273718802,0,0.0131229,-0.0186875,-14.2872,0.0243077,0.453904,-0.014059,0,0,0,0.236998,-0.0217775,0.0412119,0.970391,0.0243077,0.453904,-0.014059
1765976273723800,0,0.0145667,-0.0202944,-14.2933,0.021323,0.45309,-0.0140834,0,0,0,0.236987,-0.0228655,0.0415344,0.970355,0.021323,0.45309,-0.0140834
1765976273728803,0,0.0160545,-0.0218943,-14.2219,0.0152272,0.45166,-0.0143044,0,0,0,0.236975,-0.0239536,0.0418443,0.970319,0.0152272,0.45166,-0.0143044
1765976273733801,0,0.0175906,-0.0234919,-14.2279,0.0119617,0.450932,-0.0143562,0,0,0,0.236963,-0.0250418,0.0421429,0.970281,0.0119617,0.450932,-0.0143562
1765976273738796,0,0.0191686,-0.0250807,-14.1473,0.00536493,0.449599,-0.0146073,0,0,0,0.236951,-0.0261304,0.0424281,0.970243,0.00536493,0.449599,-0.0146073
1765976273743782,0,0.0207939,-0.0266659,-14.1532,0.00202756,0.449055,-0.0146841,0,0,0,0.236939,-0.0272197,0.0427014,0.970204,0.00202756,0.449055,-0.0146841
1765976273748798,0,0.0224587,-0.0282402,-14.0638,-0.00492377,0.447601,-0.0149651,0,0,0,0.236927,-0.0283097,0.0429606,0.970164,-0.00492377,0.447601,-0.0149651
1765976273753797,0,0.02417,-0.0298097,-14.0697,-0.00821156,0.447233,-0.0150656,0,0,0,0.236915,-0.0294004,0.0432078,0.970124,-0.00821156,0.447233,-0.0150656
1765976273758797,0,0.0259191,-0.0313666,-13.9722,-0.0154733,0.446034,-0.0153728,0,0,0,0.236903,-0.0304924,0.0434407,0.970083,-0.0154733,0.446034,-0.0153728
1765976273763800,0,0.0277135,-0.0329174,-13.9779,-0.0186942,0.445887,-0.0154961,0,0,0,0.23689,-0.0315859,0.0436614,0.970041,-0.0186942,0.445887,-0.0154961
1765976273768796,0,0.0295435,-0.0344536,-13.874,-0.0260561,0.444705,-0.0158272,0,0,0,0.236878,-0.0326809,0.0438677,0.969998,-0.0260561,0.444705,-0.0158272
1765976273773798,0,0.0314178,-0.0359823,-13.8796,-0.0290568,0.444745,-0.0159702,0,0,0,0.236865,-0.0337776,0.0440622,0.969955,-0.0290568,0.444745,-0.0159702
1765976273778798,0,0.0333261,-0.0374952,-13.7696,-0.0365585,0.443809,-0.0163231,0,0,0,0.236852,-0.0348763,0.0442425,0.969911,-0.0365585,0.443809,-0.0163231
1765976273783798,0,0.0352775,-0.0389992,-13.775,-0.0393721,0.444127,-0.016484,0,0,0,0.23684,-0.0359774,0.0444112,0.969866,-0.0393721,0.444127,-0.016484
1765976273788795,0,0.0372609,-0.0404859,-13.6601,-0.0468975,0.443263,-0.0168547,0,0,0,0.236827,-0.0370808,0.0445659,0.969821,-0.0468975,0.443263,-0.0168547
1765976273793797,0,0.0392869,-0.0419625,-13.6654,-0.0494389,0.44385,-0.0170301,0,0,0,0.236814,-0.0381869,0.0447095,0.969774,-0.0494389,0.44385,-0.0170301
1765976273798782,0,0.0413429,-0.0434206,-13.546,-0.0570213,0.443126,-0.0174179,0,0,0,0.236801,-0.0392958,0.0448395,0.969727,-0.0570213,0.443126,-0.0174179
1765976273803802,0,0.04344,-0.0448674,-13.5511,-0.0593265,0.443934,-0.0176078,0,0,0,0.236788,-0.0404078,0.0449588,0.969679,-0.0593265,0.443934,-0.0176078
1765976273808795,0,0.0455654,-0.0462945,-13.4282,-0.0668103,0.443273,-0.0180087,0,0,0,0.236774,-0.0415227,0.0450648,0.96963,-0.0668103,0.443273,-0.0180087
1765976273813799,0,0.0477318,-0.0477093,-13.4332,-0.068768,0.444417,-0.018208,0,0,0,0.236761,-0.0426412,0.0451609,0.969581,-0.068768,0.444417,-0.018208
1765976273818802,0,0.0499245,-0.0491031,-13.3057,-0.0764222,0.443827,-0.018625,0,0,0,0.236748,-0.0437631,0.0452439,0.96953,-0.0764222,0.443827,-0.018625
1765976273823803,0,0.0521566,-0.0504837,-13.3105,-0.0782287,0.445157,-0.0188378,0,0,0,0.236734,-0.0448887,0.0453171,0.969478,-0.0782287,0.445157,-0.0188378
1765976273828797,0,0.0544139,-0.0518425,-13.1809,-0.085881,0.444636,-0.0192679,0,0,0,0.236721,-0.0460181,0.0453775,0.969426,-0.085881,0.444636,-0.0192679
1765976273833796,0,0.0567098,-0.053187,-13.1855,-0.0874218,0.446189,-0.0194916,0,0,0,0.236707,-0.0471515,0.0454286,0.969372,-0.0874218,0.446189,-0.0194916
1765976273838798,0,0.0590292,-0.0545088,-13.0539,-0.0950729,0.445757,-0.0199335,0,0,0,0.236693,-0.0482888,0.0454671,0.969318,-0.0950729,0.445757,-0.0199335
1765976273843797,0,0.0613865,-0.0558156,-13.0584,-0.0963448,0.44764,-0.0201653,0,0,0,0.236679,-0.0494307,0.0454969,0.969262,-0.0963448,0.44764,-0.0201653
1765976273848794,0,0.0637655,-0.057099,-12.924,-0.104132,0.447232,-0.0206206,0,0,0,0.236665,-0.0505769,0.0455143,0.969206,-0.104132,0.447232,-0.0206206
1765976273853796,0,0.0661818,-0.0583664,-12.9283,-0.105233,0.44936,-0.0208641,0,0,0,0.236651,-0.0517279,0.0455231,0.969148,-0.105233,0.44936,-0.0208641
1765976273858796,0,0.0686182,-0.0596097,-12.7933,-0.113031,0.448993,-0.0213304,0,0,0,0.236637,-0.0528835,0.0455197,0.969089,-0.113031,0.448993,-0.0213304
1765976273863796,0,0.0710912,-0.0608364,-12.7974,-0.113882,0.451369,-0.0215826,0,0,0,0.236623,-0.0540444,0.0455083,0.969029,-0.113882,0.451369,-0.0215826
1765976273868793,0,0.0735831,-0.0620385,-12.6612,-0.12178,0.451103,-0.0220608,0,0,0,0.236608,-0.0552101,0.0454848,0.968968,-0.12178,0.451103,-0.0220608
1765976273873796,0,0.0761106,-0.0632232,-12.665,-0.12245,0.453673,-0.022324,0,0,0,0.236593,-0.0563813,0.0454535,0.968906,-0.12245,0.453673,-0.022324
1765976273878794,0,0.0786554,-0.0643826,-12.5278,-0.130452,0.453303,-0.0228159,0,0,0,0.236579,-0.0575575,0.0454103,0.968842,-0.130452,0.453303,-0.0228159
1765976273883797,0,0.0812351,-0.0655243,-12.5314,-0.130927,0.456129,-0.0230895,0,0,0,0.236564,-0.0587395,0.0453594,0.968778,-0.130927,0.456129,-0.0230895
1765976273888801,0,0.0838312,-0.0666402,-12.3937,-0.139187,0.455865,-0.0235981,0,0,0,0.236548,-0.0599268,0.0452965,0.968711,-0.139187,0.455865,-0.0235981
1765976273893800,0,0.0864614,-0.0677376,-12.3971,-0.139569,0.459052,-0.0238856,0,0,0,0.236533,-0.0611205,0.045226,0.968644,-0.139569,0.459052,-0.0238856
1765976273898785,0,0.0891067,-0.0688089,-12.2601,-0.147838,0.458697,-0.0244064,0,0,0,0.236518,-0.0623198,0.0451436,0.968575,-0.147838,0.458697,-0.0244064
1765976273903798,0,0.0917856,-0.0698613,-12.2632,-0.147986,0.461896,-0.0247064,0,0,0,0.236502,-0.0635253,0.0450539,0.968505,-0.147986,0.461896,-0.0247064
1765976273908795,0,0.0944784,-0.0708872,-12.1264,-0.156421,0.46151,-0.0252424,0,0,0,0.236486,-0.0647364,0.0449523,0.968433,-0.156421,0.46151,-0.0252424
1765976273913802,0,0.0972041,-0.0718938,-12.1294,-0.156396,0.465206,-0.0255537,0,0,0,0.23647,-0.0659544,0.0448436,0.96836,-0.156396,0.465206,-0.0255537
1765976273918797,0,0.0999422,-0.0728735,-11.9919,-0.165253,0.464601,-0.0261136,0,0,0,0.236454,-0.0671782,0.0447227,0.968285,-0.165253,0.464601,-0.0261136
1765976273923810,0,0.102713,-0.0738332,-11.9946,-0.165239,0.468455,-0.0264459,0,0,0,0.236437,-0.0684091,0.0445942,0.968209,-0.165239,0.468455,-0.0264459
1765976273928784,0,0.105495,-0.074766,-11.8572,-0.174466,0.467542,-0.0270318,0,0,0,0.23642,-0.0696455,0.0444528,0.968132,-0.174466,0.467542,-0.0270318
1765976273933813,0,0.108308,-0.0756783,-11.8596,-0.174445,0.471195,-0.0273897,0,0,0,0.236404,-0.0708885,0.0443034,0.968052,-0.174445,0.471195,-0.0273897
1765976273938831,0,0.111139,-0.0765654,-11.761,-0.177719,0.473211,-0.0278185,0,0,0,0.236387,-0.0721391,0.0441508,0.967971,-0.177719,0.473211,-0.0278185
1765976273943837,0,0.114003,-0.0774324,-11.7633,-0.173597,0.479433,-0.0280375,0,0,0,0.23637,-0.0733998,0.0440035,0.967887,-0.173597,0.479433,-0.0280375
1765976273948825,0,0.116869,-0.0782699,-11.5875,-0.188143,0.475779,-0.0287555,0,0,0,0.236353,-0.0746654,0.0438391,0.967802,-0.188143,0.475779,-0.0287555
1765976273953936,0,0.119763,-0.0790865,-11.5894,-0.191168,0.478543,-0.0292262,0,0,0,0.236335,-0.075936,0.0436561,0.967716,-0.191168,0.478543,-0.0292262
1765976273958945,0,0.122666,-0.0798766,-11.4595,-0.202813,0.476682,-0.0299334,0,0,0,0.236317,-0.0772113,0.0434532,0.967628,-0.202813,0.476682,-0.0299334
1765976273963819,0,0.1256,-0.080645,-11.4612,-0.203479,0.481175,-0.0303962,0,0,0,0.236298,-0.0784942,0.0432389,0.967539,-0.203479,0.481175,-0.0303962
1765976273968834,0,0.128541,-0.0813857,-11.33,-0.214606,0.478966,-0.0311267,0,0,0,0.23628,-0.0797823,0.043008,0.967449,-0.214606,0.478966,-0.0311267
1765976273973937,0,0.131512,-0.0821042,-11.3314,-0.214566,0.483673,-0.0316113,0,0,0,0.236261,-0.0810777,0.0427673,0.967356,-0.214566,0.483673,-0.0316113
1765976273978817,0,0.134488,-0.0827948,-11.1995,-0.226147,0.481305,-0.0323809,0,0,0,0.236242,-0.0823781,0.0425099,0.967262,-0.226147,0.481305,-0.0323809
1765976273983791,0,0.137494,-0.0834626,-11.2006,-0.226099,0.485848,-0.0329051,0,0,0,0.236223,-0.0836856,0.0422422,0.967167,-0.226099,0.485848,-0.0329051
1765976273988815,0,0.140506,-0.0841024,-11.0752,-0.237032,0.482718,-0.0336838,0,0,0,0.236203,-0.0849966,0.0419585,0.967069,-0.237032,0.482718,-0.0336838
1765976273993815,0,0.143546,-0.0847188,-11.0761,-0.23613,0.488118,-0.0342135,0,0,0,0.236184,-0.0863147,0.0416664,0.96697,-0.23613,0.488118,-0.0342135
1765976273998929,0,0.14659,-0.085307,-10.9459,-0.249016,0.484088,-0.0350678,0,0,0,0.236165,-0.0876363,0.0413562,0.966869,-0.249016,0.484088,-0.0350678
1765976274003829,0,0.149661,-0.0858712,-10.9466,-0.248988,0.48987,-0.0356636,0,0,0,0.236145,-0.0889655,0.0410344,0.966766,-0.248988,0.48987,-0.0356636
1765976274008932,0,0.152737,-0.0864076,-10.8269,-0.260575,0.486154,-0.0365055,0,0,0,0.236125,-0.0902988,0.0406956,0.966662,-0.260575,0.486154,-0.0365055
1765976274013825,0,0.15584,-0.0869193,-10.8272,-0.259313,0.492755,-0.037095,0,0,0,0.236106,-0.0916402,0.0403487,0.966555,-0.259313,0.492755,-0.037095
1765976274018927,0,0.158946,-0.0874032,-10.7008,-0.273536,0.486589,-0.0380369,0,0,0,0.236086,-0.0929838,0.0399815,0.966447,-0.273536,0.486589,-0.0380369
1765976274023806,0,0.162078,-0.0878621,-10.7009,-0.273593,0.492334,-0.0387177,0,0,0,0.236066,-0.094333,0.0396007,0.966336,-0.273593,0.492334,-0.0387177
1765976274028802,0,0.165212,-0.0882927,-10.5777,-0.289242,0.484576,-0.0397451,0,0,0,0.236045,-0.095682,0.0391956,0.966225,-0.289242,0.484576,-0.0397451
1765976274033806,0,0.168371,-0.088698,-10.5774,-0.289789,0.489597,-0.0405095,0,0,0,0.236025,-0.0970345,0.0387742,0.966112,-0.289789,0.489597,-0.0405095
1765976274038798,0,0.171532,-0.0890752,-10.462,-0.304644,0.481787,-0.0415541,0,0,0,0.236005,-0.0983859,0.0383289,0.965998,-0.304644,0.481787,-0.0415541
1765976274043804,0,0.174719,-0.0894258,-10.4614,-0.304164,0.487738,-0.0423401,0,0,0,0.235985,-0.0997415,0.0378699,0.965882,-0.304164,0.487738,-0.0423401
1765976274048796,0,0.177904,-0.0897482,-10.3386,-0.323125,0.476521,-0.0435507,0,0,0,0.235964,-0.101093,0.0373809,0.965766,-0.323125,0.476521,-0.0435507
1765976274053799,0,0.181114,-0.0900436,-10.3377,-0.32476,0.481395,-0.0444897,0,0,0,0.235944,-0.102446,0.0368701,0.965648,-0.32476,0.481395,-0.0444897
1765976274058797,0,0.184325,-0.0903104,-10.2323,-0.33998,0.47146,-0.0456308,0,0,0,0.235923,-0.103795,0.0363328,0.965529,-0.33998,0.47146,-0.0456308
1765976274063799,0,0.18756,-0.0905489,-10.2311,-0.338574,0.478473,-0.0465197,0,0,0,0.235903,-0.105147,0.0357828,0.965408,-0.338574,0.478473,-0.0465197
1765976274068793,0,0.190792,-0.0907587,-10.1133,-0.35957,0.463273,-0.0478627,0,0,0,0.235883,-0.106491,0.0351995,0.965287,-0.35957,0.463273,-0.0478627
1765976274073797,0,0.194046,-0.0909403,-10.1119,-0.361335,0.468166,-0.0489399,0,0,0,0.235863,-0.107833,0.0345913,0.965165,-0.361335,0.468166,-0.0489399
1765976274078796,0,0.1973,-0.0910928,-10.002,-0.383537,0.450733,-0.0503834,0,0,0,0.235842,-0.109162,0.0339437,0.965044,-0.383537,0.450733,-0.0503834
1765976274083796,0,0.200574,-0.091216,-10.0003,-0.385343,0.455597,-0.0515642,0,0,0,0.235822,-0.110488,0.0332692,0.964922,-0.385343,0.455597,-0.0515642
1765976274088801,0,0.203849,-0.0913095,-9.90092,-0.404514,0.43767,-0.0529498,0,0,0,0.235801,-0.111799,0.0325597,0.9648,-0.404514,0.43767,-0.0529498
1765976274093800,0,0.207145,-0.0913718,-9.89896,-0.403587,0.433002,-0.0540984,0,0,0,0.235782,-0.11309,0.0318267,0.964678,-0.403587,0.433002,-0.0540984
1765976274098795,0,0.210438,-0.0914044,-9.79055,-0.429489,0.41201,-0.0557068,0,0,0,0.235762,-0.114356,0.0310481,0.964559,-0.429489,0.41201,-0.0557068
1765976274103798,0,0.213752,-0.0914062,-9.78835,-0.432145,0.393695,-0.0570728,0,0,0,0.235744,-0.115581,0.0302287,0.964444,-0.432145,0.393695,-0.0570728
1765976274108794,0,0.217066,-0.0913767,-9.69495,-0.45445,0.371176,-0.0586016,0,0,0,0.235726,-0.116765,0.0293618,0.964333,-0.45445,0.371176,-0.0586016
1765976274113796,0,0.220401,-0.0913142,-9.6925,-0.453877,0.346452,-0.0599249,0,0,0,0.23571,-0.117896,0.0284596,0.964226,-0.453877,0.346452,-0.0599249
1765976274118797,0,0.223731,-0.091221,-9.59084,-0.483642,0.320921,-0.0616724,0,0,0,0.235694,-0.118976,0.0274996,0.964125,-0.483642,0.320921,-0.0616724
1765976274123781,0,0.227078,-0.0910946,-9.58818,-0.487016,0.295481,-0.0632225,0,0,0,0.23568,-0.120003,0.0264904,0.964029,-0.487016,0.295481,-0.0632225
1765976274128804,0,0.230418,-0.0909367,-9.4938,-0.518716,0.270788,-0.0650435,0,0,0,0.235664,-0.120982,0.0254169,0.96394,-0.518716,0.270788,-0.0650435
1765976274133797,0,0.233773,-0.090744,-9.49093,-0.522224,0.247204,-0.066701,0,0,0,0.235649,-0.121911,0.024293,0.963855,-0.522224,0.247204,-0.066701
1765976274138794,0,0.237118,-0.0905186,-9.40117,-0.555184,0.224996,-0.0685421,0,0,0,0.235633,-0.122798,0.023104,0.963776,-0.555184,0.224996,-0.0685421
1765976274143801,0,0.240472,-0.090256,-9.39809,-0.558338,0.204248,-0.0702707,0,0,0,0.235617,-0.123642,0.0218656,0.963701,-0.558338,0.204248,-0.0702707
1765976274148795,0,0.243814,-0.0899606,-9.3089,-0.596659,0.184087,-0.0721925,0,0,0,0.235598,-0.124452,0.0205561,0.96363,-0.596659,0.184087,-0.0721925
1765976274153797,0,0.247161,-0.0896266,-9.3056,-0.602005,0.166678,-0.0740606,0,0,0,0.235579,-0.125227,0.0191904,0.963562,-0.602005,0.166678,-0.0740606
1765976274158797,0,0.250499,-0.089257,-9.22649,-0.637107,0.134349,-0.0757706,0,0,0,0.235558,-0.125952,0.0177527,0.963501,-0.637107,0.134349,-0.0757706
1765976274163797,0,0.253839,-0.088846,-9.223,-0.638945,0.12558,-0.077535,0,0,0,0.235536,-0.126642,0.0162672,0.963442,-0.638945,0.12558,-0.077535
1765976274168794,0,0.257169,-0.0883993,-9.13916,-0.684711,0.0641539,-0.0792492,0,0,0,0.23551,-0.127251,0.0146894,0.963393,-0.684711,0.0641539,-0.0792492
1765976274173806,0,0.260499,-0.087911,-9.1355,-0.691936,0.0721167,-0.0811305,0,0,0,0.235481,-0.127826,0.0130449,0.963348,-0.691936,0.0721167,-0.0811305
1765976274178807,0,0.264219,-0.0874892,-10.0379,-1.05904,-0.563931,0.0216108,0,0,0,0.235246,-0.127617,0.0106592,0.963462,-1.05904,-0.563931,0.0216108
1765976274183875,0,0.268107,-0.0872073,-10.0386,-1.30176,-0.970568,0.109155,0,0,0,0.234703,-0.126374,0.00730686,0.96379,-1.30176,-0.970568,0.109155
1765976274188922,0,0.271971,-0.0870147,-9.97194,-1.46862,-1.22522,0.195236,0,0,0,0.233891,-0.124484,0.00332209,0.964255,-1.46862,-1.22522,0.195236
1765976274193910,0,0.275761,-0.0868613,-9.97325,-1.58783,-1.37984,0.268585,0,0,0,0.232843,-0.122201,-0.00108545,0.964806,-1.58783,-1.37984,0.268585
1765976274198818,0,0.279417,-0.0867217,-9.89997,-1.67582,-1.46939,0.341537,0,0,0,0.231581,-0.119695,-0.00578029,0.965407,-1.67582,-1.46939,0.341537
1765976274203814,0,0.282933,-0.086567,-9.90149,-1.74282,-1.51672,0.403697,0,0,0,0.230128,-0.117074,-0.0106744,0.966034,-1.74282,-1.51672,0.403697
1765976274208812,0,0.286279,-0.0863847,-9.83075,-1.7949,-1.53725,0.465378,0,0,0,0.2285,-0.11441,-0.0157084,0.96667,-1.7949,-1.53725,0.465378
1765976274213813,0,0.289463,-0.0861542,-9.83223,-1.83627,-1.54078,0.517934,0,0,0,0.226714,-0.111745,-0.0208422,0.967305,-1.83627,-1.54078,0.517934
1765976274218813,0,0.292467,-0.0858729,-9.75866,-1.86956,-1.53399,0.571121,0,0,0,0.224781,-0.109105,-0.0260473,0.967931,-1.86956,-1.53399,0.571121
1765976274223790,0,0.295308,-0.0855237,-9.75997,-1.89683,-1.52088,0.61644,0,0,0,0.222715,-0.106507,-0.0313043,0.968542,-1.89683,-1.52088,0.61644
1765976274228807,0,0.297974,-0.085108,-9.68816,-1.91936,-1.50435,0.662764,0,0,0,0.220524,-0.103959,-0.0365985,0.969135,-1.91936,-1.50435,0.662764
1765976274233779,0,0.300483,-0.0846114,-9.68924,-1.93828,-1.48596,0.702235,0,0,0,0.218219,-0.101465,-0.0419201,0.969705,-1.93828,-1.48596,0.702235
1765976274238798,0,0.302826,-0.0840386,-9.61793,-1.95426,-1.46692,0.743399,0,0,0,0.215803,-0.0990252,-0.047261,0.970252,-1.95426,-1.46692,0.743399
1765976274243879,0,0.30502,-0.0833762,-9.61871,-1.96802,-1.44772,0.778474,0,0,0,0.213287,-0.0966408,-0.0526161,0.970773,-1.96802,-1.44772,0.778474
1765976274248820,0,0.307058,-0.0826331,-9.54602,-1.97759,-1.4289,0.816457,0,0,0,0.210672,-0.0943093,-0.0579772,0.971268,-1.97759,-1.4289,0.816457
1765976274253871,0,0.308957,-0.0817902,-9.54653,-1.93937,-1.41176,0.848822,0,0,0,0.207972,-0.0920129,-0.063272,0.97174,-1.93937,-1.41176,0.848822
1765976274258817,0,0.310711,-0.0808551,-9.47551,-1.87039,-1.39884,0.884425,0,0,0,0.205195,-0.0897246,-0.0684108,0.972196,-1.87039,-1.39884,0.884425
1765976274263908,0,0.312338,-0.0798173,-9.47568,-1.78307,-1.39077,0.914761,0,0,0,0.202351,-0.0874222,-0.0733402,0.972642,-1.78307,-1.39077,0.914761
1765976274268970,0,0.313833,-0.0786933,-9.41107,-1.68589,-1.38769,0.946813,0,0,0,0.199445,-0.0850877,-0.0780305,0.973084,-1.68589,-1.38769,0.946813
1765976274273942,0,0.315211,-0.0774779,-9.41077,-1.58494,-1.38897,0.974125,0,0,0,0.196482,-0.0827077,-0.0824698,0.973526,-1.58494,-1.38897,0.974125
1765976274278916,0,0.316465,-0.0761973,-9.33882,-1.48429,-1.39382,1.00661,0,0,0,0.193458,-0.0802732,-0.0866562,0.973972,-1.48429,-1.39382,1.00661
1765976274283939,0,0.317608,-0.0748473,-9.33827,-1.38681,-1.4012,1.03429,0,0,0,0.190374,-0.0777796,-0.0905966,0.974423,-1.38681,-1.4012,1.03429
1765976274288820,0,0.318635,-0.0734495,-9.27465,-1.2939,-1.41061,1.0641,0,0,0,0.187231,-0.0752239,-0.0943017,0.974881,-1.2939,-1.41061,1.0641
1765976274293920,0,0.319556,-0.0719982,-9.27381,-1.20649,-1.42141,1.0895,0,0,0,0.18403,-0.0726056,-0.0977854,0.975346,-1.20649,-1.42141,1.0895
1765976274298821,0,0.320365,-0.0705203,-9.20349,-1.12502,-1.43306,1.1207,0,0,0,0.180766,-0.0699259,-0.101062,0.975818,-1.12502,-1.43306,1.1207
1765976274303935,0,0.321072,-0.0690084,-9.20232,-1.04979,-1.44494,1.14728,0,0,0,0.177438,-0.0671876,-0.104146,0.976297,-1.04979,-1.44494,1.14728
1765976274308921,0,0.321671,-0.0674829,-9.13897,-0.980397,-1.45693,1.17636,0,0,0,0.174045,-0.0643936,-0.107053,0.976781,-0.980397,-1.45693,1.17636
1765976274313815,0,0.32217,-0.0659347,-9.13747,-0.916585,-1.46879,1.20115,0,0,0,0.17059,-0.0615471,-0.109796,0.97727,-0.916585,-1.46879,1.20115
1765976274318811,0,0.322565,-0.064384,-9.0733,-0.857882,-1.48043,1.22931,0,0,0,0.167072,-0.0586516,-0.112389,0.977761,-0.857882,-1.48043,1.22931
1765976274323827,0,0.322863,-0.0628197,-9.0715,-0.803999,-1.49166,1.2533,0,0,0,0.16349,-0.0557105,-0.114843,0.978253,-0.803999,-1.49166,1.2533
1765976274328812,0,0.323062,-0.0612576,-9.01224,-0.754267,-1.50257,1.27734,0,0,0,0.15985,-0.0527267,-0.11717,0.978744,-0.754267,-1.50257,1.27734
1765976274333940,0,0.323166,-0.0596845,-9.01022,-0.708242,-1.51314,1.29782,0,0,0,0.156154,-0.0497027,-0.119378,0.979231,-0.708242,-1.51314,1.29782
1765976274338934,0,0.323174,-0.0581117,-8.95397,-0.665303,-1.52349,1.31555,0,0,0,0.152411,-0.0466402,-0.121477,0.979714,-0.665303,-1.52349,1.31555
1765976274343813,0,0.323092,-0.0565255,-8.95166,-0.625012,-1.53365,1.33066,0,0,0,0.148625,-0.0435404,-0.123474,0.980188,-0.625012,-1.53365,1.33066
1765976274348908,0,0.322918,-0.0549369,-8.89527,-0.586975,-1.54369,1.34261,0,0,0,0.144804,-0.0404042,-0.125373,0.980653,-0.586975,-1.54369,1.34261
1765976274353937,0,0.322656,-0.0533321,-8.89258,-0.55089,-1.55361,1.3528,0,0,0,0.140952,-0.0372326,-0.127182,0.981107,-0.55089,-1.55361,1.3528
1765976274358810,0,0.322306,-0.051718,-8.83704,-0.516393,-1.56348,1.35709,0,0,0,0.137081,-0.0340253,-0.128903,0.981547,-0.516393,-1.56348,1.35709
1765976274363816,0,0.32187,-0.050081,-8.83435,-0.483147,-1.57336,1.36074,0,0,0,0.133196,-0.0307826,-0.130541,0.981973,-0.483147,-1.57336,1.36074
1765976274368826,0,0.32135,-0.0484252,-8.77999,-0.450812,-1.58329,1.35442,0,0,0,0.129311,-0.0275031,-0.132099,0.982381,-0.450812,-1.58329,1.35442
1765976274373826,0,0.320747,-0.0467348,-8.77688,-0.41898,-1.59338,1.34903,0,0,0,0.125437,-0.0241859,-0.133579,0.98277,-0.41898,-1.59338,1.34903
1765976274378814,0,0.320064,-0.0450051,-8.7252,-0.387185,-1.60371,1.32491,0,0,0,0.121598,-0.0208275,-0.13498,0.983138,-0.387185,-1.60371,1.32491
1765976274383818,0,0.319302,-0.0432179,-8.72193,-0.354756,-1.61447,1.30435,0,0,0,0.117808,-0.0174252,-0.136304,0.983483,-0.354756,-1.61447,1.30435
1765976274388816,0,0.318465,-0.0413525,-8.67557,-0.320838,-1.6258,1.24589,0,0,0,0.114118,-0.0139709,-0.137547,0.9838,-0.320838,-1.6258,1.24589
1765976274393816,0,0.317554,-0.0393839,-8.67201,-0.284101,-1.63802,1.19608,0,0,0,0.110554,-0.0104585,-0.138705,0.984088,-0.284101,-1.63802,1.19608
1765976274398912,0,0.316573,-0.0372746,-8.62452,-0.243721,-1.65113,1.08573,0,0,0,0.107195,-0.00687423,-0.13977,0.984341,-0.243721,-1.65113,1.08573
1765976274403804,0,0.315522,-0.0349953,-8.6206,-0.197821,-1.66537,0.991701,0,0,0,0.104078,-0.00320885,-0.140729,0.984557,-0.197821,-1.66537,0.991701
1765976274408801,0,0.314397,-0.0323715,-8.84474,-0.0558354,-1.72025,0.781802,0,0,0,0.101347,0.000634451,-0.141444,0.984745,-0.0558354,-1.72025,0.781802
1765976274413917,0,0.313207,-0.029485,-8.66597,0.0895404,-1.74148,0.592465,0,0,0,0.0990881,0.00467032,-0.141809,0.984911,0.0895404,-1.74148,0.592465
1765976274418808,0,0.311881,-0.0259707,-9.63968,0.439537,-1.90789,0.363085,0,0,0,0.0973105,0.0091144,-0.141536,0.985097,0.439537,-1.90789,0.363085
1765976274423786,0,0.310433,-0.0221076,-9.52399,0.713137,-2.00316,0.127002,0,0,0,0.0960543,0.0140222,-0.140537,0.985305,0.713137,-2.00316,0.127002
1765976274428914,0,0.308861,-0.0180123,-9.3871,0.941639,-2.04148,-0.1151,0,0,0,0.0953554,0.0192254,-0.138933,0.985513,0.941639,-2.04148,-0.1151
1765976274433929,0,0.307153,-0.0136917,-9.26706,1.14583,-2.03106,-0.364142,0,0,0,0.0952466,0.0245886,-0.136789,0.985704,1.14583,-2.03106,-0.364142
1765976274438931,0,0.305307,-0.00916696,-9.10672,1.33535,-1.97961,-0.620521,0,0,0,0.0957587,0.0299993,-0.134135,0.985869,1.33535,-1.97961,-0.620521
1765976274443814,0,0.303321,-0.00444531,-8.95532,1.51673,-1.88989,-0.885717,0,0,0,0.096923,0.0353591,-0.130983,0.986002,1.51673,-1.88989,-0.885717
1765976274448909,0,0.301199,0.000452757,-8.75702,1.68988,-1.76585,-1.16028,0,0,0,0.0987709,0.0405786,-0.127339,0.986095,1.68988,-1.76585,-1.16028
1765976274453806,0,0.298934,0.0055449,-8.6499,1.8654,-1.59635,-1.44097,0,0,0,0.10133,0.0455567,-0.123191,0.986144,1.8654,-1.59635,-1.44097
1765976274458918,0,0.296513,0.0108514,-8.66165,2.04951,-1.3696,-1.7187,0,0,0,0.104614,0.0501636,-0.118505,0.986152,2.04951,-1.3696,-1.7187
1765976274463814,0,0.293898,0.0164098,-8.91079,2.20393,-1.11991,-1.98114,0,0,0,0.108604,0.0542982,-0.113303,0.986113,2.20393,-1.11991,-1.98114
1765976274468973,0,0.291085,0.0221809,-9.13166,2.32499,-0.855197,-2.22806,0,0,0,0.113266,0.0578997,-0.107655,0.986017,2.32499,-0.855197,-2.22806
1765976274473936,0,0.288073,0.0281224,-9.36448,2.40854,-0.586927,-2.4606,0,0,0,0.118565,0.0609306,-0.101644,0.985849,2.40854,-0.586927,-2.4606
1765976274478925,0,0.284872,0.0341845,-9.55202,2.45522,-0.324312,-2.67954,0,0,0,0.124466,0.0633781,-0.095359,0.985595,2.45522,-0.324312,-2.67954
1765976274483934,0,0.281496,0.0403243,-9.70233,2.45927,-0.0637627,-2.88904,0,0,0,0.130941,0.0652319,-0.0888971,0.985239,2.45927,-0.0637627,-2.88904
1765976274488818,0,0.27796,0.0465068,-9.80669,2.42656,0.180155,-3.08994,0,0,0,0.137966,0.0665002,-0.0823551,0.984764,2.42656,0.180155,-3.08994
1765976274493911,0,0.274269,0.052711,-9.91342,2.36345,0.392013,-3.28398,0,0,0,0.145517,0.0672297,-0.0758202,0.984153,2.36345,0.392013,-3.28398
1765976274498917,0,0.270433,0.0589124,-9.96679,2.28017,0.564496,-3.47229,0,0,0,0.153571,0.067496,-0.0693626,0.983387,2.28017,0.564496,-3.47229
1765976274503818,0,0.266453,0.0650961,-10.0185,2.18456,0.693016,-3.657,0,0,0,0.162106,0.0673916,-0.0630342,0.982449,2.18456,0.693016,-3.657
1765976274508910,0,0.262337,0.0712453,-10.017,2.08663,0.780252,-3.83918,0,0,0,0.171105,0.0670128,-0.0568654,0.981325,2.08663,0.780252,-3.83918
1765976274513914,0,0.258081,0.0773501,-10.0213,1.99218,0.829788,-4.02058,0,0,0,0.180554,0.0664515,-0.0508686,0.979998,1.99218,0.829788,-4.02058
1765976274518812,0,0.253686,0.0833985,-9.97956,1.90806,0.850374,-4.20161,0,0,0,0.190443,0.0657856,-0.0450384,0.978456,1.90806,0.850374,-4.20161
1765976274523781,0,0.249142,0.089384,-9.95941,1.83584,0.84881,-4.38334,0,0,0,0.200762,0.0650766,-0.0393585,0.976683,1.83584,0.84881,-4.38334
1765976274528810,0,0.244452,0.095296,-9.88609,1.7745,0.842384,-4.56654,0,0,0,0.211508,0.0643544,-0.0338062,0.974669,1.7745,0.842384,-4.56654
1765976274533799,0,0.239608,0.101129,-9.83763,1.71888,0.837272,-4.75213,0,0,0,0.22268,0.063621,-0.028363,0.9724,1.71888,0.837272,-4.75213
1765976274538801,0,0.234607,0.106876,-9.76004,1.66838,0.835877,-4.93917,0,0,0,0.234276,0.0628683,-0.0230145,0.969862,1.66838,0.835877,-4.93917
1765976274543797,0,0.22944,0.112531,-9.72153,1.61921,0.836127,-5.128,0,0,0,0.246296,0.0620872,-0.017753,0.967041,1.61921,0.836127,-5.128
1765976274548797,0,0.224106,0.118085,-9.65252,1.57187,0.838588,-5.31787,0,0,0,0.258735,0.0612696,-0.0125739,0.963921,1.57187,0.838588,-5.31787
1765976274553803,0,0.218597,0.12353,-9.61828,1.52397,0.840369,-5.50928,0,0,0,0.271589,0.0604097,-0.00747651,0.960486,1.52397,0.840369,-5.50928
1765976274558797,0,0.212915,0.128857,-9.54965,1.47725,0.84198,-5.70159,0,0,0,0.284855,0.0595045,-0.00246073,0.956719,1.47725,0.84198,-5.70159
1765976274563795,0,0.207053,0.134057,-9.51522,1.43019,0.840918,-5.89544,0,0,0,0.298527,0.0585534,0.00247199,0.9526,1.43019,0.840918,-5.89544
1765976274568797,0,0.201013,0.139121,-9.44403,1.38522,0.83854,-6.09024,0,0,0,0.312597,0.0575575,0.007322,0.948112,1.38522,0.83854,-6.09024
1765976274573796,0,0.194789,0.144038,-9.4082,1.34095,0.833162,-6.28666,0,0,0,0.32706,0.0565185,0.0120893,0.943234,1.34095,0.833162,-6.28666
1765976274578797,0,0.188384,0.148799,-9.3357,1.29974,0.826916,-6.48408,0,0,0,0.341908,0.0554378,0.0167762,0.937947,1.29974,0.826916,-6.48408
1765976274583797,0,0.181794,0.153391,-9.29969,1.2598,0.818616,-6.68312,0,0,0,0.357131,0.0543162,0.0213844,0.932228,1.2598,0.818616,-6.68312
1765976274588795,0,0.175022,0.157806,-9.22984,1.22299,0.810467,-6.88315,0,0,0,0.37272,0.0531531,0.0259173,0.926058,1.22299,0.810467,-6.88315
1765976274593798,0,0.168065,0.162027,-9.19528,1.18727,0.801272,-7.08469,0,0,0,0.388663,0.0519469,0.0303769,0.919413,1.18727,0.801272,-7.08469
1765976274598795,0,0.16093,0.166047,-9.12833,1.15418,0.792898,-7.28712,0,0,0,0.404948,0.0506953,0.0347658,0.912271,1.15418,0.792898,-7.28712
1765976274603799,0,0.153615,0.169847,-9.09588,1.12161,0.783833,-7.49093,0,0,0,0.421561,0.0493952,0.0390847,0.90461,1.12161,0.783833,-7.49093
1765976274608783,0,0.146127,0.173419,-9.03107,1.0912,0.775614,-7.6955,0,0,0,0.438487,0.0480436,0.0433348,0.896406,1.0912,0.775614,-7.6955
1765976274613799,0,0.13847,0.176746,-9.00031,1.06099,0.766546,-7.90136,0,0,0,0.45571,0.0466375,0.0475155,0.887635,1.06099,0.766546,-7.90136
1765976274618802,0,0.130652,0.179817,-8.938,1.03277,0.758067,-8.10791,0,0,0,0.473211,0.0451745,0.0516268,0.878274,1.03277,0.758067,-8.10791
1765976274623799,0,0.122678,0.182615,-8.90826,1.00481,0.74864,-8.31566,0,0,0,0.490971,0.0436521,0.0556671,0.868299,1.00481,0.74864,-8.31566
1765976274628803,0,0.114557,0.185131,-8.8468,0.978918,0.739869,-8.52403,0,0,0,0.508969,0.0420683,0.0596364,0.857686,0.978918,0.739869,-8.52403
1765976274633798,0,0.1063,0.187346,-8.82001,0.952456,0.730376,-8.73342,0,0,0,0.527182,0.0404198,0.0635318,0.84641,0.952456,0.730376,-8.73342
1765976274638798,0,0.0979201,0.189243,-8.80968,0.907285,0.721804,-8.94061,0,0,0,0.545583,0.0386854,0.0673276,0.834452,0.907285,0.721804,-8.94061
1765976274643802,0,0.0894315,0.190808,-8.81048,0.854107,0.698088,-9.14715,0,0,0,0.564145,0.0368626,0.0709796,0.821793,0.854107,0.698088,-9.14715
1765976274648800,0,0.080846,0.19204,-8.76382,0.809603,0.660184,-9.35378,0,0,0,0.58284,0.0349813,0.0744664,0.808411,0.809603,0.660184,-9.35378
1765976274653804,0,0.0721755,0.192927,-8.73323,0.7809,0.617627,-9.56163,0,0,0,0.601642,0.0330743,0.0777977,0.79428,0.7809,0.617627,-9.56163
1765976274658819,0,0.0634331,0.19346,-8.67844,0.767938,0.584615,-9.7702,0,0,0,0.620516,0.0311544,0.0810068,0.779376,0.767938,0.584615,-9.7702
1765976274663819,0,0.0546369,0.193621,-8.65768,0.76058,0.566686,-9.9794,0,0,0,0.639428,0.0292073,0.0841284,0.763676,0.76058,0.566686,-9.9794
1765976274668928,0,0.0458073,0.193402,-8.62159,0.751273,0.56234,-10.1883,0,0,0,0.658339,0.0272041,0.0871821,0.747161,0.751273,0.56234,-10.1883
1765976274673929,0,0.0369678,0.192788,-8.60867,0.735432,0.562251,-10.3974,0,0,0,0.677208,0.0251188,0.0901664,0.729814,0.735432,0.562251,-10.3974
1765976274678924,0,0.0281383,0.191779,-8.56797,0.717671,0.560188,-10.6067,0,0,0,0.695997,0.0229421,0.0930692,0.711618,0.717671,0.560188,-10.6067
1765976274683925,0,0.0193412,0.190367,-8.53786,0.703012,0.553975,-10.8172,0,0,0,0.714666,0.0206805,0.0958807,0.692554,0.703012,0.553975,-10.8172
1765976274688825,0,0.0105948,0.188555,-8.47722,0.696049,0.548209,-11.0282,0,0,0,0.733174,0.0183463,0.0986032,0.672604,0.696049,0.548209,-11.0282
1765976274693912,0,0.00191867,0.186352,-8.34581,0.677838,0.52764,-11.2199,0,0,0,0.751459,0.0159446,0.101209,0.651775,0.677838,0.52764,-11.2199
1765976274698939,0,-0.0066123,0.183756,-8.31494,0.522723,0.452977,-11.3446,0,0,0,0.769412,0.0133653,0.103493,0.630171,0.522723,0.452977,-11.3446
1765976274703815,0,-0.0149804,0.180787,-8.21717,0.48344,0.295117,-11.4769,0,0,0,0.786982,0.0107724,0.105297,0.607829,0.48344,0.295117,-11.4769
1765976274708909,0,-0.0230364,0.177386,-8.5371,0.453436,0.222432,-11.5014,0,0,0,0.804037,0.00826216,0.106762,0.584857,0.453436,0.222432,-11.5014
1765976274713912,0,-0.03076,0.173618,-8.53342,0.501501,0.179654,-11.5228,0,0,0,0.820475,0.00586552,0.108043,0.561349,0.501501,0.179654,-11.5228
1765976274718812,0,-0.037973,0.169457,-9.04175,0.451896,0.242261,-11.436,0,0,0,0.836166,0.00343308,0.109289,0.537467,0.451896,0.242261,-11.436
1765976274723929,0,-0.0447115,0.165025,-9.04872,0.388399,0.228408,-11.3631,0,0,0,0.851062,0.000861642,0.110397,0.513327,0.388399,0.228408,-11.3631
1765976274728818,0,-0.0508767,0.160341,-9.45936,0.298236,0.212329,-11.2202,0,0,0,0.865131,-0.00183131,0.111286,0.489041,0.298236,0.212329,-11.2202
1765976274733935,0,-0.0565182,0.155504,-9.49607,0.271043,0.144438,-11.0803,0,0,0,0.878361,-0.00454273,0.111907,0.464691,0.271043,0.144438,-11.0803
1765976274738820,0,-0.0616965,0.150569,-9.44877,0.314106,0.0962077,-10.9392,0,0,0,0.890773,-0.00710461,0.112328,0.44029,0.314106,0.0962077,-10.9392
1765976274743817,0,-0.06643,0.145568,-9.38347,0.375741,0.100092,-10.795,0,0,0,0.902369,-0.00947158,0.11269,0.415862,0.375741,0.100092,-10.795
1765976274748809,0,-0.070727,0.140529,-9.32737,0.404708,0.137623,-10.6491,0,0,0,0.913151,-0.0117175,0.11308,0.391446,0.404708,0.137623,-10.6491
1765976274753800,0,-0.0745847,0.13548,-9.3233,0.392283,0.168916,-10.5036,0,0,0,0.923134,-0.0139412,0.113481,0.367084,0.392283,0.168916,-10.5036
1765976274758801,0,-0.0780137,0.13045,-9.33099,0.363666,0.172536,-10.3602,0,0,0,0.932344,-0.0161844,0.113824,0.342808,0.363666,0.172536,-10.3602
1765976274763798,0,-0.0810344,0.125468,-9.34131,0.348618,0.153911,-10.2181,0,0,0,0.940808,-0.0184187,0.114053,0.318641,0.348618,0.153911,-10.2181
1765976274768798,0,-0.0836782,0.120559,-9.31282,0.356228,0.133792,-10.0763,0,0,0,0.948553,-0.0205875,0.114164,0.294601,0.356228,0.133792,-10.0763
1765976274773798,0,-0.085968,0.115741,-9.28605,0.377551,0.12563,-9.93379,0,0,0,0.955597,-0.0226531,0.114188,0.270708,0.377551,0.12563,-9.93379
1765976274778798,0,-0.0879271,0.111032,-9.24416,0.396359,0.131161,-9.7906,0,0,0,0.961956,-0.0246145,0.114165,0.246984,0.396359,0.131161,-9.7906
1765976274783797,0,-0.0895681,0.106447,-9.22621,0.404702,0.14111,-9.64711,0,0,0,0.96765,-0.0264948,0.114111,0.223452,0.404702,0.14111,-9.64711
1765976274788797,0,-0.0909114,0.102001,-9.20529,0.403633,0.147555,-9.50411,0,0,0,0.972699,-0.0283176,0.114023,0.200135,0.403633,0.147555,-9.50411
1765976274793797,0,-0.0919709,0.0977067,-9.20007,0.400749,0.146671,-9.36157,0,0,0,0.977127,-0.0300913,0.113884,0.177054,0.400749,0.146671,-9.36157
1765976274798797,0,-0.0927732,0.0935758,-9.17802,0.401283,0.141557,-9.21956,0,0,0,0.980958,-0.0318091,0.113685,0.154223,0.401283,0.141557,-9.21956
1765976274803798,0,-0.0933363,0.0896166,-9.1645,0.407411,0.135665,-9.07753,0,0,0,0.984217,-0.0334579,0.113423,0.131658,0.407411,0.135665,-9.07753
1765976274808798,0,-0.0936849,0.0858354,-9.13452,0.416448,0.132591,-8.93549,0,0,0,0.986923,-0.0350281,0.113107,0.109372,0.416448,0.132591,-8.93549
1765976274813798,0,-0.0938349,0.0822374,-9.11695,0.425924,0.131911,-8.7932,0,0,0,0.9891,-0.0365169,0.112745,0.0873805,0.425924,0.131911,-8.7932
1765976274818801,0,-0.0938063,0.0788263,-9.08871,0.433371,0.13291,-8.65096,0,0,0,0.99077,-0.0379273,0.112345,0.0656959,0.433371,0.13291,-8.65096
1765976274823799,0,-0.0936139,0.0756052,-9.07458,0.439247,0.133241,-8.50867,0,0,0,0.991952,-0.0392641,0.111908,0.044331,0.439247,0.133241,-8.50867
1765976274828796,0,-0.093277,0.0725753,-9.0494,0.444009,0.132687,-8.3666,0,0,0,0.992672,-0.0405306,0.111436,0.023297,0.444009,0.132687,-8.3666
1765976274833797,0,-0.0928087,0.0697373,-9.03582,0.449364,0.130615,-8.22453,0,0,0,0.992949,-0.0417273,0.110925,0.00260404,0.449364,0.130615,-8.22453
1765976274838797,0,-0.0922278,0.0670905,-9.01011,0.455424,0.128221,-8.08259,0,0,0,0.992807,-0.0428526,0.110377,-0.017739,0.455424,0.128221,-8.08259
1765976274843797,0,-0.0915468,0.0646334,-8.99453,0.462716,0.125473,-7.94054,0,0,0,0.992268,-0.0439045,0.109792,-0.0377239,0.462716,0.125473,-7.94054
1765976274848797,0,-0.090782,0.0623626,-8.96763,0.470375,0.123271,-7.79851,0,0,0,0.991352,-0.0448816,0.109172,-0.0573435,0.470375,0.123271,-7.79851
1765976274853797,0,-0.0899442,0.060276,-8.95108,0.478498,0.121018,-7.65632,0,0,0,0.990081,-0.0457836,0.10852,-0.0765911,0.478498,0.121018,-7.65632
1765976274858797,0,-0.0890471,0.0583689,-8.92617,0.486477,0.11903,-7.51411,0,0,0,0.988476,-0.0466106,0.107838,-0.0954607,0.486477,0.11903,-7.51411
1765976274863803,0,-0.0881003,0.0566373,-8.90943,0.494656,0.116672,-7.37172,0,0,0,0.986558,-0.0473634,0.107128,-0.113947,0.494656,0.116672,-7.37172
1765976274868797,0,-0.0871156,0.0550767,-8.88479,0.502747,0.114253,-7.2293,0,0,0,0.984346,-0.0480425,0.106389,-0.132045,0.502747,0.114253,-7.2293
1765976274873799,0,-0.0861017,0.0536813,-8.86767,0.51123,0.111302,-7.08669,0,0,0,0.981861,-0.0486485,0.105623,-0.149751,0.51123,0.111302,-7.08669
1765976274878800,0,-0.085068,0.0524453,-8.8422,0.519811,0.108267,-6.94402,0,0,0,0.979123,-0.0491817,0.104831,-0.167062,0.519811,0.108267,-6.94402
1765976274883798,0,-0.084022,0.0513633,-8.82432,0.528913,0.104736,-6.80112,0,0,0,0.976151,-0.0496423,0.104013,-0.183975,0.528913,0.104736,-6.80112
1765976274888802,0,-0.0829716,0.0504289,-8.79969,0.538256,0.101104,-6.65807,0,0,0,0.972964,-0.0500305,0.10317,-0.200487,0.538256,0.101104,-6.65807
1765976274893802,0,-0.0819221,0.049636,-8.78093,0.548115,0.0970509,-6.51476,0,0,0,0.96958,-0.0503463,0.102301,-0.216598,0.548115,0.0970509,-6.51476
1765976274898801,0,-0.0808803,0.0489779,-8.75607,0.558194,0.0928858,-6.37124,0,0,0,0.966018,-0.05059,0.101408,-0.232305,0.558194,0.0928858,-6.37124
1765976274903801,0,-0.0798501,0.0484481,-8.73647,0.568736,0.0882781,-6.2274,0,0,0,0.962297,-0.050762,0.100491,-0.247608,0.568736,0.0882781,-6.2274
1765976274908797,0,-0.078837,0.0480403,-8.71266,0.579562,0.0834248,-6.08328,0,0,0,0.958433,-0.0508626,0.099549,-0.262507,0.579562,0.0834248,-6.08328
1765976274913797,0,-0.0778432,0.0477483,-8.6921,0.590843,0.0781054,-5.93879,0,0,0,0.954443,-0.0508923,0.098583,-0.277001,0.590843,0.0781054,-5.93879
1765976274918801,0,-0.0768729,0.0475656,-8.67011,0.60255,0.072383,-5.79391,0,0,0,0.950345,-0.0508514,0.0975923,-0.291091,0.60255,0.072383,-5.79391
1765976274923799,0,-0.0759282,0.0474852,-8.64841,0.614712,0.0662063,-5.6486,0,0,0,0.946155,-0.0507402,0.0965765,-0.304776,0.614712,0.0662063,-5.6486
1765976274928799,0,-0.075083,0.0474453,-8.18271,0.0525554,-0.368931,-5.39433,0,0,0,0.941953,-0.0515738,0.0952615,-0.317788,0.0525554,-0.368931,-5.39433
1765976274933799,0,-0.0744019,0.0474075,-7.5382,-0.217567,-0.906864,-5.17868,0,0,0,0.937833,-0.0536647,0.0930707,-0.33004,-0.217567,-0.906864,-5.17868
1765976274938799,0,-0.0738095,0.0474772,-7.48356,-0.147571,-1.35056,-4.96625,0,0,0,0.933835,-0.0562491,0.0897861,-0.341653,-0.147571,-1.35056,-4.96625
1765976274943800,0,-0.0732948,0.0476842,-7.47551,0.13132,-1.65439,-4.75425,0,0,0,0.929974,-0.0586209,0.0854894,-0.352708,0.13132,-1.65439,-4.75425
1765976274948808,0,-0.0728523,0.0480435,-7.62978,0.465313,-1.81144,-4.55213,0,0,0,0.926242,-0.0603934,0.0804256,-0.363264,0.465313,-1.81144,-4.55213
1765976274953804,0,-0.0724797,0.0485643,-7.91392,0.740534,-1.84981,-4.36797,0,0,0,0.922606,-0.0614936,0.0749106,-0.37337,0.740534,-1.84981,-4.36797
1765976274958798,0,-0.0722024,0.0492043,-8.11458,0.921314,-1.8312,-4.19608,0,0,0,0.919037,-0.0620448,0.0692042,-0.383056,0.921314,-1.8312,-4.19608
1765976274963787,0,-0.0720406,0.0499166,-8.22675,1.01082,-1.80102,-4.03184,0,0,0,0.915518,-0.0622414,0.0634586,-0.392333,1.01082,-1.80102,-4.03184
1765976274968801,0,-0.0720026,0.050668,-8.29504,1.02904,-1.78443,-3.87174,0,0,0,0.912045,-0.0622748,0.0577397,-0.4012,1.02904,-1.78443,-3.87174
1765976274973799,0,-0.0720916,0.0514356,-8.32151,1.00108,-1.79245,-3.71414,0,0,0,0.90862,-0.062298,0.0520556,-0.409657,1.00108,-1.79245,-3.71414
1765976274978800,0,-0.0723064,0.0522099,-8.34805,0.947551,-1.82502,-3.55814,0,0,0,0.905249,-0.0624162,0.0463846,-0.417704,0.947551,-1.82502,-3.55814
1765976274983805,0,-0.0726465,0.0529841,-8.36267,0.88398,-1.87824,-3.40392,0,0,0,0.901941,-0.0626924,0.0406941,-0.425342,0.88398,-1.87824,-3.40392
1765976274988807,0,-0.0731115,0.0537595,-8.39697,0.818505,-1.94526,-3.25155,0,0,0,0.898703,-0.0631588,0.0349537,-0.432576,0.818505,-1.94526,-3.25155
1765976274993922,0,-0.0737031,0.0545319,-8.41259,0.760279,-2.01912,-3.10103,0,0,0,0.895541,-0.0638207,0.0291397,-0.439414,0.760279,-2.01912,-3.10103
1765976274998938,0,-0.0744231,0.0552987,-8.42398,0.717798,-2.09018,-2.95104,0,0,0,0.892462,-0.0646546,0.0232379,-0.445861,0.717798,-2.09018,-2.95104
1765976275003818,0,-0.0752728,0.056058,-8.42971,0.684952,-2.15691,-2.80233,0,0,0,0.889471,-0.0656324,0.0172456,-0.451924,0.684952,-2.15691,-2.80233
1765976275008922,0,-0.076254,0.0568123,-8.45473,0.655597,-2.21801,-2.65477,0,0,0,0.886575,-0.0667381,0.0111695,-0.45761,0.655597,-2.21801,-2.65477
1765976275013921,0,-0.0773674,0.057557,-8.4623,0.626753,-2.27476,-2.50861,0,0,0,0.883774,-0.0679656,0.00502024,-0.462925,0.626753,-2.27476,-2.50861
1765976275018933,0,-0.0786144,0.0582933,-8.48244,0.595199,-2.32705,-2.3634,0,0,0,0.881072,-0.0693159,-0.00118905,-0.467874,0.595199,-2.32705,-2.3634
1765976275023785,0,-0.0799931,0.059018,-8.48309,0.560185,-2.37635,-2.21918,0,0,0,0.878471,-0.0707946,-0.00744526,-0.472463,0.560185,-2.37635,-2.21918
1765976275028808,0,-0.081504,0.0597326,-8.49556,0.520059,-2.42231,-2.0754,0,0,0,0.875973,-0.0724103,-0.0137345,-0.476697,0.520059,-2.42231,-2.0754
1765976275033815,0,-0.0831439,0.0604358,-8.48691,0.475159,-2.46605,-1.93206,0,0,0,0.87358,-0.0741734,-0.0200436,-0.480578,0.475159,-2.46605,-1.93206
1765976275038941,0,-0.0849109,0.0611295,-8.48092,0.423375,-2.5057,-1.79006,0,0,0,0.871292,-0.0760954,-0.0263563,-0.484113,0.423375,-2.5057,-1.79006
1765976275043924,0,-0.0867895,0.0617982,-8.3731,0.355022,-2.53145,-1.66359,0,0,0,0.869098,-0.0781939,-0.0326356,-0.487328,0.355022,-2.53145,-1.66359
1765976275048930,0,-0.0887504,0.0624043,-8.0935,0.250258,-2.5219,-1.58175,0,0,0,0.866958,-0.0804978,-0.0387928,-0.490305,0.250258,-2.5219,-1.58175
1765976275053831,0,-0.0908107,0.0629606,-7.97176,0.150069,-2.50857,-1.50569,0,0,0,0.864846,-0.0830118,-0.0447816,-0.493097,0.150069,-2.50857,-1.50569
1765976275058924,0,-0.0929712,0.0634589,-7.80379,0.0430032,-2.41832,-1.47364,0,0,0,0.862735,-0.085679,-0.0505009,-0.495779,0.0430032,-2.41832,-1.47364
1765976275063813,0,-0.0952581,0.0639115,-7.76929,-0.0467362,-2.30101,-1.44525,0,0,0,0.860611,-0.0884221,-0.0558624,-0.498408,-0.0467362,-2.30101,-1.44525
1765976275068971,0,-0.0976369,0.0642917,-7.55154,-0.155377,-2.13858,-1.45411,0,0,0,0.858452,-0.0911996,-0.060783,-0.501047,-0.155377,-2.13858,-1.45411
1765976275073916,0,-0.100126,0.0646103,-7.4847,-0.250435,-1.97651,-1.45866,0,0,0,0.856252,-0.0939849,-0.0652288,-0.50373,-0.250435,-1.97651,-1.45866
1765976275078921,0,-0.102682,0.064843,-7.23597,-0.36631,-1.7895,-1.49539,0,0,0,0.853993,-0.0967698,-0.0691626,-0.506505,-0.36631,-1.7895,-1.49539
1765976275083828,0,-0.105325,0.0650027,-7.15153,-0.467719,-1.61957,-1.52261,0,0,0,0.85167,-0.0995512,-0.0725887,-0.50939,-0.467719,-1.61957,-1.52261
1765976275088825,0,-0.108016,0.0650711,-6.91259,-0.586294,-1.43901,-1.57511,0,0,0,0.84927,-0.102335,-0.0755047,-0.512413,-0.586294,-1.43901,-1.57511
1765976275093816,0,-0.110773,0.0650622,-6.82443,-0.689102,-1.28387,-1.61554,0,0,0,0.846789,-0.105127,-0.0779394,-0.515579,-0.689102,-1.28387,-1.61554
1765976275098909,0,-0.11356,0.0649604,-6.60433,-0.805589,-1.12536,-1.67693,0,0,0,0.844216,-0.107938,-0.0799093,-0.518906,-0.805589,-1.12536,-1.67693
1765976275104007,0,-0.116398,0.0647808,-6.5221,-0.90486,-0.995377,-1.7253,0,0,0,0.841548,-0.110775,-0.0814554,-0.522389,-0.90486,-0.995377,-1.7253
1765976275108810,0,-0.119249,0.064506,-6.31141,-1.01665,-0.863119,-1.79455,0,0,0,0.838773,-0.11365,-0.0825993,-0.526043,-1.01665,-0.863119,-1.79455
1765976275113916,0,-0.122138,0.0641518,-6.24204,-1.10941,-0.760323,-1.85035,0,0,0,0.835886,-0.11657,-0.083386,-0.529862,-1.10941,-0.760323,-1.85035
1765976275118819,0,-0.125039,0.0637066,-6.07597,-1.2098,-0.657808,-1.92259,0,0,0,0.832877,-0.119538,-0.0838451,-0.533851,-1.2098,-0.657808,-1.92259
1765976275123820,0,-0.127971,0.0631844,-6.02479,-1.29028,-0.582566,-1.98204,0,0,0,0.829744,-0.122559,-0.0840234,-0.538,-1.29028,-0.582566,-1.98204
1765976275128815,0,-0.130953,0.0625904,-6.0119,-1.36369,-0.522536,-2.06339,0,0,0,0.826474,-0.12563,-0.0839806,-0.542315,-1.36369,-0.522536,-2.06339
1765976275133926,0,-0.133979,0.0619254,-5.9935,-1.41643,-0.481275,-2.13282,0,0,0,0.82306,-0.128741,-0.0837746,-0.54679,-1.41643,-0.481275,-2.13282
1765976275138822,0,-0.137112,0.0612144,-6.17285,-1.47074,-0.47005,-2.2183,0,0,0,0.819491,-0.131909,-0.0834682,-0.551423,-1.47074,-0.47005,-2.2183
1765976275143922,0,-0.140299,0.0604376,-6.1687,-1.50651,-0.462175,-2.2904,0,0,0,0.815765,-0.135131,-0.0831058,-0.556202,-1.50651,-0.462175,-2.2904
1765976275148908,0,-0.143593,0.0596142,-6.36088,-1.54591,-0.471923,-2.37752,0,0,0,0.811873,-0.138411,-0.0827186,-0.561126,-1.54591,-0.471923,-2.37752
1765976275153961,0,-0.146941,0.0587211,-6.36064,-1.56944,-0.476118,-2.45077,0,0,0,0.807817,-0.141737,-0.0823263,-0.566185,-1.56944,-0.476118,-2.45077
1765976275158832,0,-0.150392,0.0577766,-6.54479,-1.59711,-0.488882,-2.53627,0,0,0,0.803591,-0.145105,-0.0819395,-0.571377,-1.59711,-0.488882,-2.53627
1765976275163926,0,-0.153899,0.0567591,-6.55475,-1.60726,-0.493009,-2.60754,0,0,0,0.799201,-0.148495,-0.0815676,-0.576692,-1.60726,-0.493009,-2.60754
1765976275168930,0,-0.157533,0.055698,-6.80409,-1.61278,-0.509889,-2.69452,0,0,0,0.794641,-0.151891,-0.0812331,-0.58213,-1.61278,-0.509889,-2.69452
1765976275173802,0,-0.161236,0.0545654,-6.82955,-1.59587,-0.512713,-2.76609,0,0,0,0.789919,-0.155258,-0.0809528,-0.587681,-1.59587,-0.512713,-2.76609
1765976275178909,0,-0.165063,0.0533803,-7.055,-1.58252,-0.51779,-2.85271,0,0,0,0.785032,-0.158576,-0.0807279,-0.593348,-1.58252,-0.51779,-2.85271
1765976275183929,0,-0.168952,0.0521084,-7.05972,-1.55577,-0.504915,-2.92519,0,0,0,0.779985,-0.161816,-0.0805504,-0.599125,-1.55577,-0.504915,-2.92519
1765976275188938,0,-0.172967,0.0507684,-7.27664,-1.5409,-0.49545,-3.0155,0,0,0,0.774768,-0.164974,-0.0804083,-0.605023,-1.5409,-0.49545,-3.0155
1765976275193913,0,-0.177039,0.049319,-7.26468,-1.51729,-0.470084,-3.09212,0,0,0,0.769382,-0.168035,-0.0802889,-0.611039,-1.51729,-0.470084,-3.09212
1765976275198822,0,-0.181242,0.0477793,-7.49371,-1.51166,-0.455022,-3.19107,0,0,0,0.76381,-0.171011,-0.0801825,-0.617188,-1.51166,-0.455022,-3.19107
1765976275203824,0,-0.185502,0.0461035,-7.47355,-1.49732,-0.427456,-3.27557,0,0,0,0.758047,-0.173899,-0.0800831,-0.623467,-1.49732,-0.427456,-3.27557
1765976275208890,0,-0.189889,0.0443093,-7.70021,-1.501,-0.413364,-3.38213,0,0,0,0.752074,-0.176716,-0.0799865,-0.629887,-1.501,-0.413364,-3.38213
1765976275213822,0,-0.194324,0.0423502,-7.67624,-1.49515,-0.388847,-3.47334,0,0,0,0.745888,-0.179463,-0.0798921,-0.636445,-1.49515,-0.388847,-3.47334
1765976275218796,0,-0.198889,0.0402474,-7.91985,-1.50865,-0.38208,-3.58899,0,0,0,0.739465,-0.18216,-0.0798009,-0.643149,-1.50865,-0.38208,-3.58899
1765976275223802,0,-0.203495,0.0379505,-7.89642,-1.51023,-0.365633,-3.68793,0,0,0,0.732801,-0.184811,-0.079718,-0.649994,-1.51023,-0.365633,-3.68793
1765976275228799,0,-0.208233,0.0354823,-8.16676,-1.53245,-0.370844,-3.81469,0,0,0,0.72587,-0.187439,-0.079649,-0.65699,-1.53245,-0.370844,-3.81469
1765976275233804,0,-0.213004,0.0327878,-8.14563,-1.53928,-0.36554,-3.92294,0,0,0,0.718665,-0.190047,-0.0796039,-0.664128,-1.53928,-0.36554,-3.92294
1765976275238799,0,-0.217895,0.0298889,-8.41451,-1.56433,-0.379635,-4.05713,0,0,0,0.711163,-0.19265,-0.0795883,-0.671415,-1.56433,-0.379635,-4.05713
1765976275243782,0,-0.22279,0.0267282,-8.36656,-1.56768,-0.391843,-4.17333,0,0,0,0.703361,-0.195251,-0.0796267,-0.678837,-1.56768,-0.391843,-4.17333
1765976275248799,0,-0.227763,0.0233226,-8.60106,-1.58007,-0.439737,-4.32022,0,0,0,0.695231,-0.197873,-0.0797622,-0.686395,-1.58007,-0.439737,-4.32022
1765976275253800,0,-0.232697,0.0196184,-8.52861,-1.56311,-0.48051,-4.44868,0,0,0,0.686768,-0.200509,-0.080041,-0.694075,-1.56311,-0.48051,-4.44868
1765976275258785,0,-0.237679,0.0156355,-8.74855,-1.55519,-0.539542,-4.60593,0,0,0,0.67795,-0.203157,-0.0804882,-0.701878,-1.55519,-0.539542,-4.60593
1765976275263799,0,-0.242587,0.0113192,-8.65532,-1.5223,-0.578852,-4.74448,0,0,0,0.668776,-0.205791,-0.0811203,-0.709795,-1.5223,-0.578852,-4.74448
1765976275268801,0,-0.24751,0.00668311,-8.84942,-1.50523,-0.628898,-4.91223,0,0,0,0.659222,-0.208402,-0.0819357,-0.717832,-1.50523,-0.628898,-4.91223
1765976275273798,0,-0.252323,0.00166881,-8.72712,-1.46987,-0.655962,-5.06146,0,0,0,0.649283,-0.210965,-0.0829316,-0.725981,-1.46987,-0.655962,-5.06146
1765976275278804,0,-0.257101,-0.0037154,-8.86917,-1.45404,-0.690315,-5.2359,0,0,0,0.638936,-0.213474,-0.0840914,-0.734247,-1.45404,-0.690315,-5.2359
1765976275283799,0,-0.261722,-0.0095216,-8.72077,-1.42692,-0.704665,-5.39237,0,0,0,0.628177,-0.215913,-0.0854022,-0.742618,-1.42692,-0.704665,-5.39237
1765976275288800,0,-0.26625,-0.015744,-8.81885,-1.42131,-0.727797,-5.57007,0,0,0,0.616981,-0.218286,-0.0868422,-0.751095,-1.42131,-0.727797,-5.57007
1765976275293786,0,-0.270565,-0.0224251,-8.65435,-1.40864,-0.737199,-5.73029,0,0,0,0.605344,-0.22059,-0.0883984,-0.759661,-1.40864,-0.737199,-5.73029
1765976275298799,0,-0.274714,-0.0295575,-8.70105,-1.41422,-0.7552,-5.90444,0,0,0,0.59325,-0.222832,-0.0900511,-0.768304,-1.41422,-0.7552,-5.90444
1765976275303780,0,-0.278605,-0.0371562,-8.56534,-1.4,-0.767432,-6.05991,0,0,0,0.580704,-0.225004,-0.091809,-0.776999,-1.4,-0.767432,-6.05991
1765976275308777,0,-0.282293,-0.0451866,-8.63592,-1.37373,-0.782676,-6.21929,0,0,0,0.567716,-0.227082,-0.0936954,-0.785718,-1.37373,-0.782676,-6.21929
1765976275313800,0,-0.285697,-0.0536456,-8.53427,-1.32608,-0.779845,-6.36223,0,0,0,0.55431,-0.229021,-0.0957286,-0.794434,-1.32608,-0.779845,-6.36223
1765976275318799,0,-0.288849,-0.0625072,-8.56785,-1.27446,-0.761844,-6.50535,0,0,0,0.540502,-0.230771,-0.0979025,-0.80313,-1.27446,-0.761844,-6.50535
1765976275323779,0,-0.291717,-0.0717653,-8.53514,-1.20954,-0.732775,-6.64171,0,0,0,0.526305,-0.232293,-0.100218,-0.811788,-1.20954,-0.732775,-6.64171
1765976275328799,0,-0.294293,-0.0814095,-8.53776,-1.14821,-0.682201,-6.77459,0,0,0,0.511731,-0.233545,-0.102656,-0.820396,-1.14821,-0.682201,-6.77459
1765976275333800,0,-0.296525,-0.0914414,-8.46503,-1.09623,-0.622461,-6.90217,0,0,0,0.496786,-0.234506,-0.105183,-0.828944,-1.09623,-0.622461,-6.90217
1765976275338782,0,-0.298407,-0.101847,-8.43036,-1.04814,-0.550181,-7.01916,0,0,0,0.481483,-0.235161,-0.107769,-0.837412,-1.04814,-0.550181,-7.01916
1765976275343798,0,-0.299886,-0.112622,-8.33126,-1.02282,-0.479499,-7.13105,0,0,0,0.465828,-0.235519,-0.110373,-0.845785,-1.02282,-0.479499,-7.13105
1765976275348799,0,-0.300956,-0.123739,-8.28468,-0.992141,-0.407944,-7.22566,0,0,0,0.449843,-0.235588,-0.11298,-0.854035,-0.992141,-0.407944,-7.22566
1765976275353799,0,-0.301574,-0.135181,-8.18685,-0.986287,-0.345464,-7.31555,0,0,0,0.43354,-0.235391,-0.11556,-0.862137,-0.986287,-0.345464,-7.31555
1765976275358782,0,-0.301743,-0.146906,-8.15135,-0.957581,-0.285214,-7.38203,0,0,0,0.416955,-0.234942,-0.118122,-0.870056,-0.957581,-0.285214,-7.38203
1765976275363812,0,-0.301473,-0.158886,-8.15465,-0.964092,-0.245469,-7.44052,0,0,0,0.400109,-0.234278,-0.120642,-0.877765,-0.964092,-0.245469,-7.44052
1765976275368801,0,-0.300882,-0.171082,-8.40839,-0.957442,-0.247548,-7.45726,0,0,0,0.383053,-0.233492,-0.123125,-0.885208,-0.957442,-0.247548,-7.45726
1765976275373802,0,-0.299848,-0.183444,-8.41166,-0.949123,-0.248487,-7.47266,0,0,0,0.36583,-0.232615,-0.125591,-0.892349,-0.949123,-0.248487,-7.47266
1765976275378802,0,-0.298505,-0.195921,-8.71366,-0.908496,-0.266721,-7.44598,0,0,0,0.348511,-0.231662,-0.128079,-0.899149,-0.908496,-0.266721,-7.44598
1765976275383778,0,-0.296745,-0.208461,-8.72111,-0.87527,-0.257343,-7.42463,0,0,0,0.331144,-0.230607,-0.130594,-0.905599,-0.87527,-0.257343,-7.42463
1765976275388798,0,-0.294727,-0.221038,-9.04076,-0.824693,-0.257829,-7.36002,0,0,0,0.313794,-0.229445,-0.133132,-0.911682,-0.824693,-0.257829,-7.36002
1765976275393786,0,-0.292327,-0.233607,-9.01987,-0.800751,-0.22958,-7.30466,0,0,0,0.296498,-0.228154,-0.135658,-0.917405,-0.800751,-0.22958,-7.30466
1765976275398799,0,-0.289701,-0.246168,-9.31343,-0.770552,-0.219677,-7.20738,0,0,0,0.279307,-0.226756,-0.138142,-0.92276,-0.770552,-0.219677,-7.20738
1765976275403789,0,-0.286717,-0.258676,-9.25362,-0.769496,-0.190284,-7.12183,0,0,0,0.262249,-0.225252,-0.140545,-0.927758,-0.769496,-0.190284,-7.12183
1765976275408801,0,-0.283534,-0.271135,-9.5269,-0.755522,-0.187224,-6.99428,0,0,0,0.245373,-0.22368,-0.14285,-0.932391,-0.755522,-0.187224,-6.99428
1765976275413800,0,-0.280027,-0.283489,-9.44289,-0.764342,-0.165084,-6.88145,0,0,0,0.228704,-0.222044,-0.145037,-0.936672,-0.764342,-0.165084,-6.88145
1765976275418784,0,-0.276364,-0.295752,-9.70235,-0.754697,-0.167641,-6.72856,0,0,0,0.21229,-0.220376,-0.147105,-0.9406,-0.754697,-0.167641,-6.72856
1765976275423799,0,-0.272426,-0.307859,-9.60383,-0.766025,-0.147587,-6.59327,0,0,0,0.196154,-0.218671,-0.149041,-0.944189,-0.766025,-0.147587,-6.59327
1765976275428802,0,-0.268384,-0.319837,-9.84592,-0.759601,-0.149311,-6.42076,0,0,0,0.180337,-0.216951,-0.150843,-0.947448,-0.759601,-0.149311,-6.42076
1765976275433793,0,-0.264128,-0.331622,-9.73301,-0.775548,-0.127429,-6.26787,0,0,0,0.164856,-0.215206,-0.152498,-0.950396,-0.775548,-0.127429,-6.26787
1765976275438799,0,-0.259801,-0.343252,-9.91819,-0.781617,-0.122698,-6.08692,0,0,0,0.149735,-0.21345,-0.153995,-0.95305,-0.781617,-0.122698,-6.08692
1765976275443811,0,-0.25533,-0.354674,-9.82236,-0.804185,-0.103069,-5.91976,0,0,0,0.134988,-0.211682,-0.155321,-0.955429,-0.804185,-0.103069,-5.91976
1765976275448811,0,-0.250819,-0.365923,-9.94223,-0.823494,-0.0934588,-5.73561,0,0,0,0.120629,-0.209912,-0.156464,-0.957551,-0.823494,-0.0934588,-5.73561
1765976275453855,0,-0.246232,-0.37696,-9.8746,-0.850537,-0.0778741,-5.55756,0,0,0,0.10667,-0.208143,-0.157419,-0.959436,-0.850537,-0.0778741,-5.55756
1765976275458886,0,-0.241648,-0.38781,-9.95304,-0.876829,-0.0659637,-5.36958,0,0,0,0.0931218,-0.206381,-0.158179,-0.961101,-0.876829,-0.0659637,-5.36958
1765976275463887,0,-0.237052,-0.398444,-9.89695,-0.906549,-0.0509959,-5.18431,0,0,0,0.0799954,-0.204628,-0.158743,-0.962564,-0.906549,-0.0509959,-5.18431
1765976275468831,0,-0.232518,-0.408883,-9.95806,-0.936738,-0.0361306,-4.99205,0,0,0,0.0673017,-0.202886,-0.159108,-0.963843,-0.936738,-0.0361306,-4.99205
1765976275473873,0,-0.228027,-0.4191,-9.89039,-0.971243,-0.0171978,-4.80369,0,0,0,0.0550452,-0.20115,-0.159269,-0.964957,-0.971243,-0.0171978,-4.80369
1765976275478881,0,-0.22366,-0.429126,-9.95472,-1.00456,0.00044406,-4.60658,0,0,0,0.0432376,-0.199422,-0.159224,-0.965924,-1.00456,0.00044406,-4.60658
1765976275483829,0,-0.219384,-0.438925,-9.8526,-1.04669,0.026575,-4.41877,0,0,0,0.0318765,-0.197692,-0.158968,-0.966763,-1.04669,0.026575,-4.41877
1765976275488877,0,-0.2153,-0.44854,-9.936,-1.08218,0.0459477,-4.2161,0,0,0,0.0209764,-0.195966,-0.158499,-0.967489,-1.08218,0.0459477,-4.2161
1765976275493824,0,-0.211345,-0.457921,-9.78105,-1.13358,0.0816353,-4.03177,0,0,0,0.0105272,-0.194223,-0.157808,-0.968124,-1.13358,0.0816353,-4.03177
1765976275498824,0,-0.207619,-0.467127,-9.84825,-1.17886,0.108846,-3.83286,0,0,0,0.000532851,-0.192463,-0.156889,-0.968681,-1.17886,0.108846,-3.83286
1765976275503883,0,-0.204061,-0.476107,-9.67291,-1.24026,0.151961,-3.65349,0,0,0,-0.00902003,-0.190668,-0.155732,-0.969181,-1.24026,0.151961,-3.65349
1765976275508808,0,-0.200744,-0.484911,-9.68919,-1.29881,0.17712,-3.46069,0,0,0,-0.0181342,-0.188848,-0.154326,-0.969634,-1.29881,0.17712,-3.46069
1765976275513837,0,-0.19758,-0.493478,-9.45068,-1.37271,0.192663,-3.28267,0,0,0,-0.0268254,-0.187033,-0.152656,-0.970049,-1.37271,0.192663,-3.28267
1765976275518809,0,-0.194637,-0.501853,-9.42193,-1.43611,0.187018,-3.09279,0,0,0,-0.0350965,-0.185264,-0.150722,-0.970427,-1.43611,0.187018,-3.09279
1765976275523814,0,-0.191864,-0.509988,-9.20681,-1.50292,0.185565,-2.91862,0,0,0,-0.0429587,-0.183551,-0.148536,-0.970773,-1.50292,0.185565,-2.91862
1765976275528820,0,-0.189337,-0.517924,-9.18626,-1.55899,0.177117,-2.73709,0,0,0,-0.0504146,-0.1819,-0.146109,-0.971094,-1.55899,0.177117,-2.73709
1765976275533814,0,-0.187014,-0.525618,-8.9897,-1.6188,0.179089,-2.57109,0,0,0,-0.0574765,-0.180298,-0.143455,-0.971396,-1.6188,0.179089,-2.57109
1765976275538800,0,-0.184961,-0.533109,-8.96311,-1.67164,0.179582,-2.40003,0,0,0,-0.0641494,-0.178737,-0.14058,-0.971687,-1.67164,0.179582,-2.40003
1765976275543800,0,-0.183142,-0.540357,-8.7762,-1.73012,0.191703,-2.24348,0,0,0,-0.0704469,-0.177196,-0.137491,-0.971975,-1.73012,0.191703,-2.24348
1765976275548797,0,-0.181636,-0.547438,-8.86928,-1.76782,0.188914,-2.09162,0,0,0,-0.0763868,-0.175683,-0.134215,-0.972259,-1.76782,0.188914,-2.09162
1765976275553803,0,-0.180394,-0.554329,-8.86281,-1.7894,0.179658,-1.96223,0,0,0,-0.0820014,-0.17422,-0.130802,-0.97253,-1.7894,0.179658,-1.96223
1765976275558800,0,-0.179423,-0.56105,-8.96043,-1.80009,0.168395,-1.83726,0,0,0,-0.0873143,-0.172814,-0.12729,-0.972784,-1.80009,0.168395,-1.83726
1765976275563800,0,-0.178669,-0.567572,-8.95448,-1.80391,0.157591,-1.73078,0,0,0,-0.0923529,-0.171462,-0.123704,-0.973021,-1.80391,0.157591,-1.73078
1765976275568800,0,-0.178149,-0.573923,-9.05367,-1.8038,0.150159,-1.62818,0,0,0,-0.0971379,-0.170156,-0.120064,-0.97324,-1.8038,0.150159,-1.62818
1765976275573798,0,-0.177814,-0.580081,-9.04812,-1.80167,0.142888,-1.54076,0,0,0,-0.101693,-0.168889,-0.116382,-0.973442,-1.80167,0.142888,-1.54076
1765976275578799,0,-0.177727,-0.586074,-9.1487,-1.80195,0.21064,-1.45659,0,0,0,-0.106026,-0.167551,-0.112672,-0.973648,-1.80195,0.21064,-1.45659
1765976275583808,0,-0.17785,-0.591892,-9.14373,-1.80745,0.250501,-1.38487,0,0,0,-0.110155,-0.166102,-0.108931,-0.973864,-1.80745,0.250501,-1.38487
1765976275588816,0,-0.178214,-0.597561,-9.24569,-1.81622,0.342489,-1.31599,0,0,0,-0.114094,-0.164492,-0.105159,-0.974098,-1.81622,0.342489,-1.31599
1765976275593819,0,-0.178764,-0.603066,-9.24134,-1.82818,0.393793,-1.2573,0,0,0,-0.117863,-0.162725,-0.101351,-0.97435,-1.82818,0.393793,-1.2573
1765976275598934,0,-0.179516,-0.608429,-9.34311,-1.84086,0.485653,-1.20128,0,0,0,-0.121475,-0.160779,-0.097509,-0.974621,-1.84086,0.485653,-1.20128
1765976275603884,0,-0.180409,-0.613631,-9.33916,-1.85421,0.532667,-1.15356,0,0,0,-0.124948,-0.158678,-0.0936304,-0.974906,-1.85421,0.532667,-1.15356
1765976275608794,0,-0.181455,-0.61869,-9.44044,-1.86649,0.614936,-1.10836,0,0,0,-0.128294,-0.156413,-0.0897215,-0.975205,-1.86649,0.614936,-1.10836
1765976275613932,0,-0.182596,-0.623584,-9.43775,-1.87813,0.652129,-1.06985,0,0,0,-0.131527,-0.154014,-0.0857815,-0.975511,-1.87813,0.652129,-1.06985
1765976275618818,0,-0.183841,-0.628328,-9.53801,-1.88801,0.722104,-1.03363,0,0,0,-0.134658,-0.151475,-0.0818179,-0.975822,-1.88801,0.722104,-1.03363
1765976275623815,0,-0.185136,-0.6329,-9.5358,-1.89684,0.748378,-1.00276,0,0,0,-0.137698,-0.148828,-0.0778306,-0.976131,-1.89684,0.748378,-1.00276
1765976275628823,0,-0.186494,-0.637316,-9.63972,-1.90393,0.807502,-0.973965,0,0,0,-0.140656,-0.146067,-0.0738272,-0.976437,-1.90393,0.807502,-0.973965
1765976275633813,0,-0.187865,-0.641554,-9.63794,-1.91011,0.824368,-0.949429,0,0,0,-0.143541,-0.143222,-0.0698069,-0.976735,-1.91011,0.824368,-0.949429
1765976275638800,0,-0.189262,-0.645627,-9.74263,-1.9148,0.873531,-0.926528,0,0,0,-0.146359,-0.140285,-0.0657766,-0.977022,-1.9148,0.873531,-0.926528
1765976275643798,0,-0.190641,-0.649515,-9.74146,-1.91881,0.882093,-0.907015,0,0,0,-0.149119,-0.137285,-0.0617348,-0.977295,-1.91881,0.882093,-0.907015
1765976275648796,0,-0.192016,-0.653229,-9.83921,-1.92153,0.920086,-0.888305,0,0,0,-0.151825,-0.134219,-0.0576868,-0.977551,-1.92153,0.920086,-0.888305
1765976275653798,0,-0.193347,-0.656751,-9.83853,-1.92365,0.920144,-0.872362,0,0,0,-0.154483,-0.131112,-0.0536306,-0.977788,-1.92365,0.920144,-0.872362
1765976275658797,0,-0.194653,-0.660091,-9.94078,-1.92474,0.951367,-0.856906,0,0,0,-0.157095,-0.127956,-0.0495715,-0.978004,-1.92474,0.951367,-0.856906
1765976275663795,0,-0.195898,-0.663233,-9.94058,-1.92551,0.946253,-0.843736,0,0,0,-0.159666,-0.124774,-0.0455073,-0.978196,-1.92551,0.946253,-0.843736
1765976275668796,0,-0.197101,-0.666186,-10.0374,-1.92545,0.970062,-0.830292,0,0,0,-0.162199,-0.12156,-0.041442,-0.978365,-1.92545,0.970062,-0.830292
1765976275673798,0,-0.19823,-0.668933,-10.0376,-1.92512,0.959775,-0.818836,0,0,0,-0.164695,-0.118335,-0.0373731,-0.978507,-1.92512,0.959775,-0.818836
1765976275678800,0,-0.199306,-0.671483,-10.1336,-1.9241,0.978517,-0.806647,0,0,0,-0.167156,-0.11509,-0.0333045,-0.978624,-1.9241,0.978517,-0.806647
1765976275683799,0,-0.200302,-0.673823,-10.1342,-1.92293,0.964935,-0.79626,0,0,0,-0.169585,-0.111843,-0.0292337,-0.978712,-1.92293,0.964935,-0.79626
1765976275688803,0,-0.201237,-0.675957,-10.2258,-1.92118,0.978855,-0.784556,0,0,0,-0.171979,-0.108588,-0.0251641,-0.978774,-1.92118,0.978855,-0.784556
1765976275693800,0,-0.20209,-0.677876,-10.2269,-1.91931,0.962429,-0.774583,0,0,0,-0.174342,-0.105341,-0.021093,-0.978807,-1.91931,0.962429,-0.774583
1765976275698806,0,-0.20288,-0.679582,-10.3188,-1.91696,0.973689,-0.76298,0,0,0,-0.176671,-0.102092,-0.0170241,-0.978813,-1.91696,0.973689,-0.76298
1765976275703800,0,-0.203587,-0.681068,-10.3202,-1.91459,0.956021,-0.753093,0,0,0,-0.178969,-0.0988553,-0.0129546,-0.97879,-1.91459,0.956021,-0.753093
1765976275708801,0,-0.204233,-0.682336,-10.4087,-1.91181,0.964774,-0.74118,0,0,0,-0.181233,-0.0956218,-0.0088879,-0.97874,-1.91181,0.964774,-0.74118
1765976275713798,0,-0.204798,-0.683379,-10.4104,-1.90904,0.946098,-0.73103,0,0,0,-0.183464,-0.0924055,-0.00482129,-0.978662,-1.90904,0.946098,-0.73103
1765976275718804,0,-0.205302,-0.684198,-10.4954,-1.90591,0.952822,-0.718555,0,0,0,-0.185661,-0.0891964,-0.000757845,-0.978557,-1.90591,0.952822,-0.718555
1765976275723798,0,-0.205731,-0.684789,-10.4974,-1.9028,0.933553,-0.707925,0,0,0,-0.187823,-0.0860074,0.00330492,-0.978424,-1.9028,0.933553,-0.707925
1765976275728800,0,-0.206103,-0.685151,-10.582,-1.89941,0.939487,-0.694841,0,0,0,-0.189949,-0.0828275,0.00736386,-0.978266,-1.89941,0.939487,-0.694841
1765976275733800,0,-0.206404,-0.685282,-10.5842,-1.89608,0.92047,-0.683693,0,0,0,-0.192039,-0.0796684,0.0114214,-0.978082,-1.89608,0.92047,-0.683693
1765976275738798,0,-0.206651,-0.68518,-10.6605,-1.89248,0.924078,-0.669745,0,0,0,-0.194091,-0.0765216,0.015475,-0.977872,-1.89248,0.924078,-0.669745
1765976275743798,0,-0.206833,-0.684844,-10.6629,-1.88889,0.904368,-0.65786,0,0,0,-0.196105,-0.073399,0.019527,-0.977637,-1.88889,0.904368,-0.65786
1765976275748797,0,-0.206968,-0.684272,-10.7429,-1.8851,0.908388,-0.643302,0,0,0,-0.198079,-0.0702888,0.0235743,-0.977378,-1.8851,0.908388,-0.643302
1765976275753799,0,-0.207044,-0.683465,-10.7456,-1.88141,0.889748,-0.630898,0,0,0,-0.200013,-0.0672009,0.0276191,-0.977096,-1.88141,0.889748,-0.630898
1765976275758798,0,-0.207075,-0.682419,-10.8192,-1.87756,0.892658,-0.615643,0,0,0,-0.201906,-0.0641259,0.0316588,-0.97679,-1.87756,0.892658,-0.615643
1765976275763798,0,-0.207054,-0.681138,-10.822,-1.87378,0.874069,-0.602643,0,0,0,-0.203758,-0.0610742,0.0356958,-0.976462,-1.87378,0.874069,-0.602643
1765976275768794,0,-0.206994,-0.679618,-10.8947,-1.86987,0.876683,-0.586839,0,0,0,-0.205567,-0.0580359,0.0397274,-0.976113,-1.86987,0.876683,-0.586839
1765976275773796,0,-0.206886,-0.677861,-10.8977,-1.86604,0.858647,-0.573373,0,0,0,-0.207333,-0.0550202,0.0437557,-0.975741,-1.86604,0.858647,-0.573373
1765976275778797,0,-0.206743,-0.675864,-10.9647,-1.8621,0.860164,-0.557035,0,0,0,-0.209055,-0.0520187,0.0477785,-0.97535,-1.8621,0.860164,-0.557035
1765976275783817,0,-0.206558,-0.673632,-10.9678,-1.85823,0.84214,-0.543114,0,0,0,-0.210734,-0.0490408,0.0517978,-0.974938,-1.85823,0.84214,-0.543114
1765976275788958,0,-0.206342,-0.671161,-11.0356,-1.85427,0.84378,-0.52648,0,0,0,-0.212367,-0.0460769,0.0558111,-0.974506,-1.85427,0.84378,-0.52648
1765976275793806,0,-0.206089,-0.668455,-11.0388,-1.85043,0.82651,-0.512306,0,0,0,-0.213956,-0.0431353,0.0598205,-0.974055,-1.85043,0.82651,-0.512306
1765976275798831,0,-0.205808,-0.665512,-11.0983,-1.8465,0.826431,-0.495296,0,0,0,-0.215498,-0.0402092,0.0638241,-0.973586,-1.8465,0.826431,-0.495296
1765976275803941,0,-0.205494,-0.662337,-11.1016,-1.84264,0.808708,-0.480802,0,0,0,-0.216995,-0.0373074,0.0678239,-0.973099,-1.84264,0.808708,-0.480802
1765976275808824,0,-0.205157,-0.658926,-11.1609,-1.83872,0.808381,-0.463661,0,0,0,-0.218446,-0.0344219,0.0718177,-0.972594,-1.83872,0.808381,-0.463661
1765976275813819,0,-0.204791,-0.655287,-11.1644,-1.8349,0.791137,-0.449056,0,0,0,-0.21985,-0.0315602,0.0758074,-0.972072,-1.8349,0.791137,-0.449056
1765976275818812,0,-0.204404,-0.651414,-11.2211,-1.83106,0.790419,-0.431898,0,0,0,-0.221208,-0.0287146,0.0797911,-0.971533,-1.83106,0.790419,-0.431898
1765976275823813,0,-0.203992,-0.647316,-11.2245,-1.82732,0.773513,-0.417279,0,0,0,-0.22252,-0.0258925,0.0837704,-0.970977,-1.82732,0.773513,-0.417279
1765976275828921,0,-0.203562,-0.642998,-11.2765,-1.78758,0.772181,-0.400135,0,0,0,-0.223783,-0.023099,0.0876913,-0.970411,-1.78758,0.772181,-0.400135
1765976275833826,0,-0.20311,-0.638494,-11.2796,-1.71453,0.756949,-0.385528,0,0,0,-0.224998,-0.0203586,0.0914716,-0.969842,-1.71453,0.756949,-0.385528
1765976275838931,0,-0.202642,-0.633818,-11.335,-1.62127,0.759385,-0.368716,0,0,0,-0.226164,-0.0176734,0.0950467,-0.96928,-1.62127,0.759385,-0.368716
1765976275843809,0,-0.202153,-0.629006,-11.3375,-1.51717,0.747999,-0.354391,0,0,0,-0.227282,-0.0150548,0.0983821,-0.96873,-1.51717,0.747999,-0.354391
1765976275848824,0,-0.201648,-0.624068,-11.3906,-1.40854,0.75248,-0.337972,0,0,0,-0.228354,-0.0124973,0.101459,-0.968197,-1.40854,0.75248,-0.337972
1765976275853805,0,-0.201124,-0.619032,-11.3925,-1.29978,0.742434,-0.323982,0,0,0,-0.229381,-0.0100079,0.104273,-0.967683,-1.29978,0.742434,-0.323982
1765976275858811,0,-0.200586,-0.613908,-11.4354,-1.19365,0.744354,-0.307742,0,0,0,-0.230364,-0.00758287,0.106829,-0.967193,-1.19365,0.744354,-0.307742
1765976275863790,0,-0.200033,-0.608716,-11.4368,-1.09201,0.732189,-0.293903,0,0,0,-0.231305,-0.00522897,0.109137,-0.966726,-1.09201,0.732189,-0.293903
1765976275868919,0,-0.199468,-0.603458,-11.4807,-0.995904,0.73213,-0.278067,0,0,0,-0.232205,-0.00293959,0.11121,-0.966284,-0.995904,0.73213,-0.278067
1765976275873948,0,-0.198891,-0.598154,-11.4815,-0.90595,0.71819,-0.264574,0,0,0,-0.233064,-0.000719964,0.113063,-0.965866,-0.90595,0.71819,-0.264574
1765976275878913,0,-0.198304,-0.592803,-11.5246,-0.822341,0.715895,-0.249273,0,0,0,-0.233884,0.00143684,0.114711,-0.965473,-0.822341,0.715895,-0.249273
1765976275883934,0,-0.197708,-0.587417,-11.525,-0.745109,0.700129,-0.236236,0,0,0,-0.234666,0.00352603,0.116172,-0.965103,-0.745109,0.700129,-0.236236
1765976275888932,0,-0.197104,-0.581995,-11.5645,-0.674046,0.694898,-0.221486,0,0,0,-0.23541,0.00555338,0.11746,-0.964756,-0.674046,0.694898,-0.221486
1765976275893808,0,-0.196493,-0.57655,-11.5646,-0.608918,0.677049,-0.208918,0,0,0,-0.236117,0.00751412,0.118591,-0.964432,-0.608918,0.677049,-0.208918
1765976275898825,0,-0.195878,-0.571078,-11.6008,-0.549371,0.66913,-0.194774,0,0,0,-0.236788,0.00941371,0.11958,-0.964128,-0.549371,0.66913,-0.194774
1765976275903812,0,-0.195257,-0.565588,-11.6006,-0.495075,0.649574,-0.182723,0,0,0,-0.237424,0.0112479,0.120441,-0.963845,-0.495075,0.649574,-0.182723
1765976275908912,0,-0.194632,-0.560078,-11.6324,-0.445643,0.638959,-0.169189,0,0,0,-0.238025,0.0130212,0.121186,-0.963581,-0.445643,0.638959,-0.169189
1765976275913922,0,-0.194005,-0.554556,-11.6321,-0.400729,0.617894,-0.157658,0,0,0,-0.238592,0.0147298,0.121827,-0.963336,-0.400729,0.617894,-0.157658
1765976275918787,0,-0.193375,-0.549016,-11.6653,-0.359977,0.606619,-0.144963,0,0,0,-0.239125,0.0163802,0.122374,-0.963107,-0.359977,0.606619,-0.144963
1765976275923791,0,0,0,-11.5255,-0.32307,0.58552,-0.134146,0,0,0,-0.239626,0.0179698,0.122838,-0.962895,-0.32307,0.58552,-0.134146
1765976275928813,0,-0.000434965,0.00456643,-11.5571,-0.289683,0.57405,-0.122389,0,0,0,-0.240095,0.0195051,0.123227,-0.962699,-0.289683,0.57405,-0.122389
1765976275933929,0,-0.000826925,0.00915122,-11.5556,-0.259526,0.553299,-0.112371,0,0,0,-0.240535,0.0209838,0.123549,-0.962517,-0.259526,0.553299,-0.112371
1765976275938907,0,-0.00116092,0.0135505,-10.9209,-0.230475,0.118509,-0.054357,0,0,0,-0.240799,0.0218091,0.12396,-0.962379,-0.230475,0.118509,-0.054357
1765976275943916,0,-0.00147144,0.017911,-10.9192,-0.202572,-0.170449,-0.00492422,0,0,0,-0.24083,0.0217979,0.124509,-0.962301,-0.202572,-0.170449,-0.00492422
1765976275948916,0,-0.00177829,0.0222132,-10.7079,-0.179116,-0.421302,0.045348,0,0,0,-0.240659,0.0211469,0.125154,-0.962275,-0.179116,-0.421302,0.045348
1765976275953926,0,-0.00210144,0.0265062,-10.7062,-0.160866,-0.576121,0.0881837,0,0,0,-0.240318,0.0200331,0.125864,-0.962291,-0.160866,-0.576121,0.0881837
1765976275958914,0,-0.00244844,0.0307474,-10.5246,-0.147295,-0.723967,0.128282,0,0,0,-0.23983,0.0185606,0.126624,-0.962343,-0.147295,-0.723967,0.128282
1765976275963795,0,-0.00283238,0.0349782,-10.5229,-0.137499,-0.803858,0.162449,0,0,0,-0.239221,0.0168352,0.12742,-0.962421,-0.137499,-0.803858,0.162449
1765976275968860,0,-0.00325346,0.0391607,-10.3583,-0.130257,-0.895506,0.192025,0,0,0,-0.238508,0.0149055,0.128245,-0.96252,-0.130257,-0.895506,0.192025
1765976275973930,0,-0.00372219,0.0433333,-10.3566,-0.12469,-0.934483,0.217226,0,0,0,-0.237709,0.0128363,0.12909,-0.962635,-0.12469,-0.934483,0.217226
1765976275978823,0,-0.00423616,0.0474632,-10.2115,-0.119814,-0.992371,0.236706,0,0,0,-0.236841,0.0106499,0.129951,-0.962759,-0.119814,-0.992371,0.236706
1765976275983788,0,-0.00480339,0.0515828,-10.2098,-0.115126,-1.00701,0.253304,0,0,0,-0.235918,0.00838952,0.130818,-0.962891,-0.115126,-1.00701,0.253304
1765976275988926,0,-0.00542042,0.0556653,-10.0828,-0.110027,-1.04332,0.263625,0,0,0,-0.234954,0.00606384,0.131688,-0.963026,-0.110027,-1.04332,0.263625
1765976275993917,0,-0.00609499,0.0597394,-10.081,-0.10436,-1.04273,0.27242,0,0,0,-0.23396,0.00370394,0.132553,-0.963161,-0.10436,-1.04273,0.27242
1765976275998929,0,-0.00682217,0.0637798,-9.96929,-0.0978378,-1.06413,0.274739,0,0,0,-0.232949,0.00131171,0.133409,-0.963294,-0.0978378,-1.06413,0.274739
1765976276003933,0,-0.00760901,0.0678115,-9.96749,-0.0905233,-1.05337,0.276714,0,0,0,-0.231931,-0.00108893,0.134249,-0.963423,-0.0905233,-1.05337,0.276714
1765976276008912,0,-0.00845081,0.0718138,-9.86887,-0.0823399,-1.06385,0.272272,0,0,0,-0.230915,-0.0034995,0.13507,-0.963547,-0.0823399,-1.06385,0.272272
1765976276013928,0,-0.00935423,0.0758083,-9.86707,-0.0734636,-1.04597,0.268486,0,0,0,-0.229908,-0.0059006,0.135865,-0.963664,-0.0734636,-1.04597,0.268486
1765976276018942,0,-0.0103141,0.0797753,-9.78035,-0.0639402,-1.04785,0.258507,0,0,0,-0.228921,-0.00829502,0.136634,-0.963773,-0.0639402,-1.04785,0.258507
1765976276023822,0,-0.0113369,0.0837343,-9.77852,-0.0539819,-1.02467,0.250005,0,0,0,-0.227957,-0.0106664,0.13737,-0.963873,-0.0539819,-1.02467,0.250005
1765976276028930,0,-0.0124179,0.0876677,-9.70478,-0.043681,-1.01772,0.235559,0,0,0,-0.227026,-0.0130152,0.138073,-0.963964,-0.043681,-1.01772,0.235559
1765976276033827,0,-0.0135629,0.0915933,-9.70291,-0.0332319,-0.989325,0.22325,0,0,0,-0.226131,-0.0153266,0.138738,-0.964044,-0.0332319,-0.989325,0.22325
1765976276038948,0,-0.014767,0.0954952,-9.63864,-0.022779,-0.975491,0.205445,0,0,0,-0.225279,-0.0176018,0.139366,-0.964115,-0.022779,-0.975491,0.205445
1765976276043828,0,-0.0160357,0.0993879,-9.63676,-0.0124953,-0.94338,0.190273,0,0,0,-0.224472,-0.0198287,0.139953,-0.964174,-0.0124953,-0.94338,0.190273
1765976276048823,0,-0.0173643,0.103259,-9.58226,-0.0025265,-0.922815,0.170055,0,0,0,-0.223717,-0.0220067,0.1405,-0.964223,-0.0025265,-0.922815,0.170055
1765976276053933,0,-0.0187573,0.107119,-9.58036,0.00700179,-0.88729,0.152827,0,0,0,-0.223014,-0.0241254,0.141005,-0.964261,0.00700179,-0.88729,0.152827
1765976276058800,0,-0.0202104,0.110957,-9.53396,0.0159465,-0.860873,0.13108,0,0,0,-0.222369,-0.0261836,0.14147,-0.964289,0.0159465,-0.860873,0.13108
1765976276063799,0,-0.0217274,0.114784,-9.53208,0.0242259,-0.822708,0.112549,0,0,0,-0.221781,-0.0281728,0.141893,-0.964306,0.0242259,-0.822708,0.112549
1765976276068796,0,-0.0233045,0.118589,-9.49362,0.0317178,-0.790788,0.0900319,0,0,0,-0.221255,-0.0300906,0.142276,-0.964312,0.0317178,-0.790788,0.0900319
1765976276073803,0,-0.0249439,0.122381,-9.4917,0.0383838,-0.750406,0.070846,0,0,0,-0.22079,-0.0319303,0.14262,-0.964309,0.0383838,-0.750406,0.070846
1765976276078801,0,-0.0266428,0.126154,-9.46092,0.0441289,-0.713202,0.0481995,0,0,0,-0.220389,-0.0336881,0.142926,-0.964296,0.0441289,-0.713202,0.0481995
1765976276083800,0,-0.0284027,0.129912,-9.45899,0.0489539,-0.670943,0.0289028,0,0,0,-0.22005,-0.0353591,0.143194,-0.964273,0.0489539,-0.670943,0.0289028
1765976276088796,0,-0.0302203,0.13365,-9.43398,0.0527878,-0.629892,0.0067533,0,0,0,-0.219777,-0.0369397,0.143428,-0.964242,0.0527878,-0.629892,0.0067533
1765976276093813,0,-0.0320958,0.137372,-9.43204,0.0556614,-0.586871,-0.0121198,0,0,0,-0.219566,-0.0384274,0.143628,-0.964202,0.0556614,-0.586871,-0.0121198
1765976276098933,0,-0.0340266,0.141073,-9.41269,0.0575407,-0.542825,-0.0332603,0,0,0,-0.219419,-0.0398184,0.143796,-0.964154,0.0575407,-0.542825,-0.0332603
1765976276103815,0,-0.0360126,0.144759,-9.41073,0.0584817,-0.499732,-0.0512736,0,0,0,-0.219333,-0.0411121,0.143935,-0.964098,0.0584817,-0.499732,-0.0512736
1765976276108920,0,-0.0380511,0.148425,-9.39654,0.0584866,-0.453218,-0.0710019,0,0,0,-0.219309,-0.0423041,0.144047,-0.964036,0.0584866,-0.453218,-0.0710019
1765976276113934,0,-0.0401405,0.152073,-9.39459,0.0576264,-0.410499,-0.0878123,0,0,0,-0.219344,-0.0433956,0.144133,-0.963966,0.0576264,-0.410499,-0.0878123
1765976276118815,0,-0.0422791,0.155703,-9.38486,0.0559363,-0.362733,-0.10576,0,0,0,-0.219438,-0.0443823,0.144195,-0.96389,0.0559363,-0.362733,-0.10576
1765976276123831,0,-0.044464,0.159315,-9.38296,0.0534965,-0.321252,-0.121053,0,0,0,-0.219587,-0.0452677,0.144236,-0.963809,0.0534965,-0.321252,-0.121053
1765976276128832,0,-0.0466938,0.162909,-9.37796,0.050368,-0.271654,-0.137073,0,0,0,-0.219791,-0.0460456,0.144257,-0.963723,0.050368,-0.271654,-0.137073
1765976276133832,0,-0.048965,0.166484,-9.37606,0.0466238,-0.231075,-0.150723,0,0,0,-0.220046,-0.0467202,0.14426,-0.963632,0.0466238,-0.231075,-0.150723
1765976276138851,0,-0.0512768,0.170042,-9.37463,0.0423502,-0.180963,-0.164592,0,0,0,-0.220352,-0.0472861,0.144246,-0.963536,0.0423502,-0.180963,-0.164592
1765976276143929,0,-0.0536246,0.173583,-9.37274,0.0376137,-0.142178,-0.176408,0,0,0,-0.220704,-0.0477496,0.144217,-0.963437,0.0376137,-0.142178,-0.176408
1765976276148815,0,-0.0560076,0.177108,-9.37511,0.0325172,-0.0917651,-0.188065,0,0,0,-0.221101,-0.0481044,0.144174,-0.963335,0.0325172,-0.0917651,-0.188065
1765976276153799,0,-0.058421,0.180615,-9.37326,0.0271104,-0.0549043,-0.197997,0,0,0,-0.221539,-0.0483583,0.144118,-0.96323,0.0271104,-0.0549043,-0.197997
1765976276158796,0,-0.0608643,0.184108,-9.37864,0.0215112,-0.0047923,-0.207367,0,0,0,-0.222018,-0.0485046,0.14405,-0.963123,0.0215112,-0.0047923,-0.207367
1765976276163795,0,-0.0633317,0.187586,-9.37683,0.0157511,0.0297793,-0.215352,0,0,0,-0.222532,-0.0485526,0.143972,-0.963013,0.0157511,0.0297793,-0.215352
1765976276168796,0,-0.0658228,0.19105,-9.38515,0.00995537,0.0792859,-0.222462,0,0,0,-0.223081,-0.0484953,0.143882,-0.962902,0.00995537,0.0792859,-0.222462
1765976276173804,0,-0.0683315,0.194499,-9.38337,0.00413356,0.11142,-0.22852,0,0,0,-0.22366,-0.048343,0.143784,-0.96279,0.00413356,0.11142,-0.22852
1765976276178781,0,-0.0708573,0.197937,-9.39389,-0.00157965,0.159293,-0.23334,0,0,0,-0.224267,-0.0480892,0.143676,-0.962678,-0.00157965,0.159293,-0.23334
1765976276183799,0,-0.0733945,0.201361,-9.39217,-0.00719147,0.188393,-0.237448,0,0,0,-0.224898,-0.0477458,0.14356,-0.962565,-0.00719147,0.188393,-0.237448
1765976276188795,0,-0.0759424,0.204777,-9.40499,-0.0125715,0.234524,-0.240073,0,0,0,-0.225552,-0.0473057,0.143435,-0.962452,-0.0125715,0.234524,-0.240073
1765976276193799,0,-0.0784942,0.20818,-9.40331,-0.0177492,0.260622,-0.24231,0,0,0,-0.226225,-0.0467815,0.143303,-0.96234,-0.0177492,0.260622,-0.24231
1765976276198802,0,-0.0810504,0.211577,-9.41824,-0.0226047,0.305329,-0.242889,0,0,0,-0.226914,-0.0461652,0.143162,-0.962229,-0.0226047,0.305329,-0.242889
1765976276203800,0,-0.083604,0.214964,-9.41661,-0.0271903,0.32873,-0.243382,0,0,0,-0.227616,-0.0454696,0.143013,-0.962118,-0.0271903,0.32873,-0.243382
1765976276208802,0,-0.0861558,0.218346,-9.43338,-0.0313874,0.371546,-0.24205,0,0,0,-0.228329,-0.0446869,0.142855,-0.962009,-0.0313874,0.371546,-0.24205
1765976276213800,0,-0.0886973,0.22172,-9.43182,-0.0352626,0.392037,-0.240916,0,0,0,-0.229051,-0.0438307,0.14269,-0.961901,-0.0352626,0.392037,-0.240916
1765976276218797,0,-0.0912299,0.225096,-9.44967,-0.0173565,0.431699,-0.237732,0,0,0,-0.229776,-0.042902,0.142484,-0.961801,-0.0173565,0.431699,-0.237732
1765976276223910,0,-0.0937462,0.228472,-9.44821,-0.00685743,0.448916,-0.23502,0,0,0,-0.230502,-0.0419169,0.142232,-0.961708,-0.00685743,0.448916,-0.23502
1765976276228825,0,-0.0962471,0.231866,-9.46802,0.0789414,0.487726,-0.230271,0,0,0,-0.231224,-0.0408902,0.141828,-0.961639,0.0789414,0.487726,-0.230271
1765976276233801,0,-0.0987254,0.235273,-9.4668,0.13196,0.503927,-0.226224,0,0,0,-0.231936,-0.0398393,0.141251,-0.961596,0.13196,0.503927,-0.226224
1765976276238799,0,-0.101183,0.238706,-9.48802,0.242175,0.542051,-0.220084,0,0,0,-0.232637,-0.0387666,0.140447,-0.961588,0.242175,0.542051,-0.220084
1765976276243799,0,-0.103611,0.24215,-9.48711,0.307223,0.556548,-0.214851,0,0,0,-0.233324,-0.0376825,0.139429,-0.961613,0.307223,0.556548,-0.214851
1765976276248797,0,-0.106012,0.24561,-9.50963,0.420794,0.592873,-0.207498,0,0,0,-0.233996,-0.0365848,0.138169,-0.961674,0.420794,0.592873,-0.207498
1765976276253798,0,-0.108376,0.249072,-9.50907,0.483578,0.604598,-0.201231,0,0,0,-0.234651,-0.0354812,0.136697,-0.961766,0.483578,0.604598,-0.201231
1765976276258798,0,-0.110706,0.252537,-9.53251,0.589305,0.63715,-0.192797,0,0,0,-0.235287,-0.0343687,0.134998,-0.961891,0.589305,0.63715,-0.192797
1765976276263777,0,-0.112992,0.255988,-9.53231,0.642722,0.644746,-0.185609,0,0,0,-0.235903,-0.0332546,0.13311,-0.962043,0.642722,0.644746,-0.185609
1765976276268798,0,-0.115235,0.259428,-9.55664,0.737494,0.673087,-0.176296,0,0,0,-0.236497,-0.0321356,0.131022,-0.962221,0.737494,0.673087,-0.176296
1765976276273796,0,-0.117427,0.262838,-9.55678,0.780027,0.676424,-0.16836,0,0,0,-0.237069,-0.0310189,0.128773,-0.962421,0.780027,0.676424,-0.16836
1765976276278798,0,-0.119569,0.266222,-9.58183,0.863275,0.70055,-0.158389,0,0,0,-0.237616,-0.0299007,0.126354,-0.962642,0.863275,0.70055,-0.158389
1765976276283799,0,-0.121653,0.269562,-9.5823,0.895125,0.699851,-0.149893,0,0,0,-0.23814,-0.0287882,0.123802,-0.962878,0.895125,0.699851,-0.149893
1765976276288795,0,-0.123681,0.272861,-9.6079,0.967666,0.719631,-0.139493,0,0,0,-0.238637,-0.0276782,0.121108,-0.96313,0.967666,0.719631,-0.139493
1765976276293802,0,-0.125645,0.276103,-9.60868,0.989917,0.71507,-0.130631,0,0,0,-0.239108,-0.0265777,0.118309,-0.963392,0.989917,0.71507,-0.130631
1765976276298797,0,-0.127546,0.279292,-9.63425,1.05078,0.730309,-0.120006,0,0,0,-0.239552,-0.0254836,0.115395,-0.963664,1.05078,0.730309,-0.120006
1765976276303796,0,-0.129378,0.282411,-9.63531,1.06332,0.722018,-0.110953,0,0,0,-0.239969,-0.0244027,0.112403,-0.963942,1.06332,0.722018,-0.110953
1765976276308799,0,-0.131143,0.285465,-9.66169,1.11828,0.734927,-0.100395,0,0,0,-0.240358,-0.023331,0.109316,-0.964227,1.11828,0.734927,-0.100395
1765976276313796,0,-0.132837,0.288441,-9.66302,1.1253,0.724637,-0.0913982,0,0,0,-0.24072,-0.0222744,0.106167,-0.964514,1.1253,0.724637,-0.0913982
1765976276318801,0,-0.134459,0.291342,-9.68921,1.17238,0.734506,-0.0810791,0,0,0,-0.241053,-0.0212294,0.10294,-0.964804,1.17238,0.734506,-0.0810791
1765976276323797,0,-0.136007,0.294156,-9.69077,1.17288,0.721919,-0.0722863,0,0,0,-0.24136,-0.0202019,0.0996691,-0.965092,1.17288,0.721919,-0.0722863
1765976276328799,0,-0.137482,0.296886,-9.71681,1.21298,0.729229,-0.0623826,0,0,0,-0.241639,-0.019188,0.0963391,-0.965382,1.21298,0.729229,-0.0623826
1765976276333798,0,-0.13888,0.299522,-9.71859,1.20789,0.714858,-0.0539441,0,0,0,-0.241891,-0.0181933,0.0929804,-0.965667,1.20789,0.714858,-0.0539441
1765976276338796,0,-0.140203,0.302065,-9.74381,1.23912,0.718876,-0.0445764,0,0,0,-0.242117,-0.0172144,0.0895826,-0.965949,1.23912,0.718876,-0.0445764
1765976276343798,0,-0.141449,0.304507,-9.74576,1.22754,0.702421,-0.0365948,0,0,0,-0.242318,-0.0162567,0.0861757,-0.966225,1.22754,0.702421,-0.0365948
1765976276348796,0,-0.142621,0.306852,-9.77157,1.25726,0.706373,-0.0279392,0,0,0,-0.242493,-0.0153152,0.0827387,-0.966497,1.25726,0.706373,-0.0279392
1765976276353798,0,-0.143715,0.309091,-9.7737,1.24424,0.690106,-0.020564,0,0,0,-0.242645,-0.0143941,0.079296,-0.966762,1.24424,0.690106,-0.020564
1765976276358796,0,-0.144735,0.311228,-9.79815,1.26643,0.691264,-0.0126627,0,0,0,-0.242773,-0.0134902,0.0758366,-0.96702,1.26643,0.691264,-0.0126627
1765976276363797,0,-0.145679,0.313255,-9.80041,1.2482,0.673477,-0.00593054,0,0,0,-0.242879,-0.0126083,0.0723876,-0.96727,1.2482,0.673477,-0.00593054
1765976276368797,0,-0.14655,0.315176,-9.82442,1.26568,0.673397,0.00114487,0,0,0,-0.242964,-0.0117442,0.0689345,-0.967512,1.26568,0.673397,0.00114487
1765976276373797,0,-0.147347,0.316985,-9.8268,1.24436,0.655239,0.00717383,0,0,0,-0.243028,-0.0109017,0.0655013,-0.967744,1.24436,0.655239,0.00717383
1765976276378809,0,-0.148072,0.318685,-9.84987,1.25644,0.653304,0.0133942,0,0,0,-0.243073,-0.0100778,0.0620758,-0.967967,1.25644,0.653304,0.0133942
1765976276383798,0,-0.148724,0.320271,-9.85233,1.23178,0.634458,0.0186945,0,0,0,-0.2431,-0.00927597,0.0586811,-0.96818,1.23178,0.634458,0.0186945
1765976276388796,0,-0.149308,0.321746,-9.87438,1.23882,0.631267,0.0240429,0,0,0,-0.24311,-0.00849274,0.0553051,-0.968384,1.23882,0.631267,0.0240429
1765976276393797,0,-0.149823,0.323108,-9.8769,1.21127,0.612208,0.0286003,0,0,0,-0.243103,-0.0077312,0.0519695,-0.968576,1.21127,0.612208,0.0286003
1765976276398796,0,-0.150271,0.32436,-9.89862,1.21677,0.608966,0.0330793,0,0,0,-0.243082,-0.00698746,0.048658,-0.968759,1.21677,0.608966,0.0330793
1765976276403796,0,-0.150653,0.325499,-9.90118,1.18874,0.590512,0.0368952,0,0,0,-0.243047,-0.00626424,0.0453888,-0.968932,1.18874,0.590512,0.0368952
1765976276408799,0,-0.150973,0.326529,-9.9216,1.19038,0.586189,0.0405322,0,0,0,-0.242999,-0.00555847,0.0421501,-0.969094,1.19038,0.586189,0.0405322
1765976276413797,0,-0.15123,0.327447,-9.92419,1.16045,0.567685,0.0436314,0,0,0,-0.242939,-0.0048729,0.0389606,-0.969247,1.16045,0.567685,0.0436314
1765976276418799,0,-0.151427,0.328258,-9.944,1.16048,0.563371,0.0464687,0,0,0,-0.242869,-0.00420392,0.0358058,-0.969389,1.16048,0.563371,0.0464687
1765976276423797,0,-0.151565,0.328959,-9.9466,1.13025,0.54554,0.0488861,0,0,0,-0.242789,-0.0035538,0.0327022,-0.969521,1.13025,0.54554,0.0488861
1765976276428809,0,-0.151648,0.329555,-9.96512,1.1264,0.540089,0.0509727,0,0,0,-0.2427,-0.00291993,0.0296394,-0.969644,1.1264,0.540089,0.0509727
1765976276433799,0,-0.151675,0.330045,-9.96771,1.09445,0.522194,0.0527505,0,0,0,-0.242604,-0.00230467,0.0266344,-0.969757,1.09445,0.522194,0.0527505
1765976276438938,0,-0.151649,0.330431,-9.98523,1.08797,0.516172,0.0541456,0,0,0,-0.242502,-0.00170527,0.0236761,-0.969861,1.08797,0.516172,0.0541456
1765976276443932,0,-0.151572,0.330715,-9.98781,1.05525,0.498599,0.0553345,0,0,0,-0.242393,-0.00112374,0.0207794,-0.969955,1.05525,0.498599,0.0553345
1765976276448825,0,-0.151446,0.3309,-10.0045,1.04726,0.492233,0.0561042,0,0,0,-0.242279,-0.000557607,0.0179324,-0.970041,1.04726,0.492233,0.0561042
1765976276453941,0,-0.151272,0.330987,-10.007,1.01457,0.475123,0.0567599,0,0,0,-0.242161,-8.72129e-06,0.0151483,-0.970118,1.01457,0.475123,0.0567599
1765976276458817,0,-0.151053,0.330978,-10.022,1.00095,0.466689,0.0569495,0,0,0,-0.24204,0.000524183,0.0124229,-0.970187,1.00095,0.466689,0.0569495
1765976276463908,0,-0.15079,0.330875,-10.0244,0.965714,0.448954,0.0571114,0,0,0,-0.241917,0.00103916,0.00977029,-0.970247,0.965714,0.448954,0.0571114
1765976276468818,0,-0.150485,0.330681,-10.0393,0.953427,0.441359,0.0568153,0,0,0,-0.241791,0.00153887,0.00717676,-0.970301,0.953427,0.441359,0.0568153
1765976276473922,0,-0.15014,0.330399,-10.0417,0.920308,0.424881,0.056563,0,0,0,-0.241664,0.00202218,0.00465113,-0.970347,0.920308,0.424881,0.056563
1765976276478929,0,-0.149757,0.330031,-10.0556,0.908219,0.417612,0.0558502,0,0,0,-0.241537,0.0024913,0.00218182,-0.970386,0.908219,0.417612,0.0558502
1765976276483838,0,-0.149337,0.32958,-10.0579,0.876397,0.402006,0.0552427,0,0,0,-0.241409,0.00294506,-0.000222047,-0.970419,0.876397,0.402006,0.0552427
1765976276488795,0,-0.148882,0.329047,-10.0713,0.865547,0.395519,0.0541933,0,0,0,-0.241282,0.00338584,-0.00257311,-0.970446,0.865547,0.395519,0.0541933
1765976276493822,0,-0.148393,0.328435,-10.0736,0.835651,0.381031,0.053299,0,0,0,-0.241156,0.00381264,-0.0048633,-0.970467,0.835651,0.381031,0.053299
1765976276498828,0,-0.147873,0.327747,-10.085,0.81946,0.372368,0.051931,0,0,0,-0.241031,0.00422585,-0.00709424,-0.970482,0.81946,0.372368,0.051931
1765976276503803,0,-0.147321,0.326984,-10.0872,0.787217,0.357086,0.0507657,0,0,0,-0.240908,0.00462394,-0.00925487,-0.970493,0.787217,0.357086,0.0507657
1765976276508803,0,-0.146741,0.32615,-10.0988,0.77369,0.349773,0.0491917,0,0,0,-0.240788,0.00500925,-0.0113581,-0.970498,0.77369,0.349773,0.0491917
1765976276513800,0,-0.146134,0.325247,-10.101,0.744407,0.335978,0.0478501,0,0,0,-0.24067,0.00538121,-0.0133988,-0.9705,0.744407,0.335978,0.0478501
1765976276518799,0,-0.145499,0.324277,-10.1119,0.731891,0.329304,0.0461239,0,0,0,-0.240554,0.00574168,-0.0153871,-0.970497,0.731891,0.329304,0.0461239
1765976276523800,0,-0.14484,0.323242,-10.114,0.704369,0.316471,0.0446531,0,0,0,-0.240442,0.00608996,-0.0173168,-0.97049,0.704369,0.316471,0.0446531
1765976276528800,0,-0.144156,0.322145,-10.1237,0.68936,0.308444,0.042791,0,0,0,-0.240333,0.00642619,-0.0191919,-0.970479,0.68936,0.308444,0.042791
1765976276533799,0,-0.14345,0.320987,-10.1257,0.661295,0.29527,0.0412047,0,0,0,-0.240228,0.00674923,-0.0210047,-0.970466,0.661295,0.29527,0.0412047
1765976276538799,0,-0.142722,0.319772,-10.1343,0.643371,0.286073,0.0392392,0,0,0,-0.240126,0.00705938,-0.0227577,-0.970449,0.643371,0.286073,0.0392392
1765976276543799,0,-0.141975,0.318502,-10.1362,0.614578,0.272715,0.0375645,0,0,0,-0.240028,0.0073559,-0.0244443,-0.97043,0.614578,0.272715,0.0375645
1765976276548799,0,-0.141208,0.317179,-10.1447,0.598835,0.264605,0.0355791,0,0,0,-0.239934,0.00764034,-0.0260738,-0.970409,0.598835,0.264605,0.0355791
1765976276553797,0,-0.140423,0.315806,-10.1466,0.572657,0.252513,0.0338873,0,0,0,-0.239844,0.00791261,-0.0276434,-0.970385,0.572657,0.252513,0.0338873
1765976276558797,0,-0.139621,0.314385,-10.1539,0.554714,0.243484,0.031878,0,0,0,-0.239759,0.00817284,-0.0291553,-0.97036,0.554714,0.243484,0.031878
1765976276563799,0,-0.138803,0.312918,-10.1556,0.528237,0.23133,0.0301659,0,0,0,-0.239678,0.00842055,-0.0306047,-0.970334,0.528237,0.23133,0.0301659
1765976276568798,0,-0.137971,0.311407,-10.1626,0.511047,0.222521,0.0281864,0,0,0,-0.239601,0.00865631,-0.0319971,-0.970306,0.511047,0.222521,0.0281864
1765976276573798,0,-0.137125,0.309855,-10.1644,0.486217,0.211044,0.0264995,0,0,0,-0.239528,0.00887999,-0.0333303,-0.970277,0.486217,0.211044,0.0264995
1765976276578800,0,-0.136266,0.308263,-10.1709,0.470364,0.202773,0.0245867,0,0,0,-0.23946,0.00909228,-0.0346106,-0.970247,0.470364,0.202773,0.0245867
1765976276583796,0,-0.135394,0.306633,-10.1726,0.447493,0.192151,0.0229569,0,0,0,-0.239396,0.00929323,-0.0358364,-0.970216,0.447493,0.192151,0.0229569
1765976276588807,0,-0.134512,0.304969,-10.1778,0.42851,0.182438,0.0210818,0,0,0,-0.239336,0.00948218,-0.0370061,-0.970185,0.42851,0.182438,0.0210818
1765976276593807,0,-0.13362,0.303272,-10.1794,0.404667,0.171382,0.0194841,0,0,0,-0.23928,0.00965886,-0.0381164,-0.970154,0.404667,0.171382,0.0194841
1765976276598795,0,-0.132718,0.301543,-10.1848,0.387762,0.162766,0.0177178,0,0,0,-0.239229,0.00982421,-0.0391732,-0.970123,0.387762,0.162766,0.0177178
1765976276603807,0,-0.131807,0.299785,-10.1863,0.366371,0.15293,0.0162127,0,0,0,-0.239182,0.00997875,-0.0401767,-0.970092,0.366371,0.15293,0.0162127
1765976276608813,0,-0.130889,0.298,-10.1911,0.350962,0.145044,0.0145711,0,0,0,-0.239139,0.0101231,-0.0411318,-0.970061,0.350962,0.145044,0.0145711
1765976276613804,0,-0.129963,0.296189,-10.1926,0.331534,0.136136,0.0131722,0,0,0,-0.2391,0.0102576,-0.0420385,-0.97003,0.331534,0.136136,0.0131722
1765976276618933,0,-0.129031,0.294354,-10.1963,0.313465,0.127023,0.0116176,0,0,0,-0.239065,0.0103815,-0.0428946,-0.97,0.313465,0.127023,0.0116176
1765976276623942,0,-0.128093,0.292497,-10.1978,0.293264,0.11776,0.0102929,0,0,0,-0.239033,0.0104947,-0.0436982,-0.969971,0.293264,0.11776,0.0102929
1765976276628930,0,-0.127149,0.290619,-10.2018,0.27831,0.109999,0.0088899,0,0,0,-0.239005,0.0105981,-0.0444554,-0.969942,0.27831,0.109999,0.0088899
1765976276633832,0,-0.126202,0.288722,-10.2032,0.261099,0.102057,0.00769441,0,0,0,-0.238981,0.0106922,-0.0451684,-0.969914,0.261099,0.102057,0.00769441
1765976276638815,0,-0.12525,0.286808,-10.2053,0.239632,0.0915283,0.00634095,0,0,0,-0.23896,0.0107753,-0.0458276,-0.969888,0.239632,0.0915283,0.00634095
1765976276643922,0,-0.124295,0.28488,-10.2066,0.219127,0.082226,0.00518754,0,0,0,-0.238942,0.0108472,-0.0464303,-0.969862,0.219127,0.082226,0.00518754
1765976276648932,0,-0.123339,0.282937,-10.2102,0.20622,0.0755056,0.00404602,0,0,0,-0.238928,0.01091,-0.0469897,-0.969838,0.20622,0.0755056,0.00404602
1765976276653930,0,-0.122379,0.280982,-10.2115,0.192265,0.069123,0.00307338,0,0,0,-0.238917,0.0109652,-0.0475123,-0.969815,0.192265,0.069123,0.00307338
1765976276658908,0,-0.121418,0.279015,-10.2135,0.176002,0.0609186,0.00203278,0,0,0,-0.238908,0.0110116,-0.0479932,-0.969793,0.176002,0.0609186,0.00203278
1765976276663918,0,-0.120456,0.277038,-10.2147,0.160621,0.0539243,0.00114596,0,0,0,-0.238902,0.0110493,-0.0484314,-0.969772,0.160621,0.0539243,0.00114596
1765976276668906,0,-0.119494,0.275053,-10.2166,0.14536,0.0462881,0.000241163,0,0,0,-0.238899,0.0110784,-0.0488281,-0.969753,0.14536,0.0462881,0.000241163
1765976276673922,0,-0.118531,0.273061,-10.2178,0.13145,0.0400409,-0.000529626,0,0,0,-0.238898,0.0110997,-0.0491857,-0.969735,0.13145,0.0400409,-0.000529626
1765976276678825,0,-0.117568,0.271062,-10.2201,0.120992,0.0344443,-0.00125487,0,0,0,-0.238899,0.011114,-0.049511,-0.969718,0.120992,0.0344443,-0.00125487
1765976276683926,0,-0.116606,0.269057,-10.2213,0.110903,0.029847,-0.00187262,0,0,0,-0.238903,0.0111224,-0.0498086,-0.969702,0.110903,0.029847,-0.00187262
1765976276688827,0,-0.115644,0.267048,-10.2219,0.0947644,0.0219333,-0.00253485,0,0,0,-0.238908,0.011123,-0.0500689,-0.969687,0.0947644,0.0219333,-0.00253485
1765976276693916,0,-0.114684,0.265037,-10.223,0.081606,0.0161215,-0.00309868,0,0,0,-0.238915,0.0111162,-0.0502904,-0.969674,0.081606,0.0161215,-0.00309868
1765976276698821,0,-0.113726,0.263024,-10.2237,0.066514,0.0086301,-0.0036532,0,0,0,-0.238924,0.0111015,-0.0504731,-0.969662,0.066514,0.0086301,-0.0036532
1765976276703919,0,-0.112771,0.26101,-10.2248,0.0547909,0.00343868,-0.00412552,0,0,0,-0.238934,0.0110798,-0.0506205,-0.969652,0.0547909,0.00343868,-0.00412552
1765976276708931,0,-0.111817,0.258997,-10.226,0.0450912,-0.00157449,-0.00451863,0,0,0,-0.238946,0.0110522,-0.0507393,-0.969643,0.0450912,-0.00157449,-0.00451863
1765976276713927,0,-0.110867,0.256983,-10.2271,0.0374995,-0.00486356,-0.00485361,0,0,0,-0.238959,0.01102,-0.0508353,-0.969635,0.0374995,-0.00486356,-0.00485361
1765976276718931,0,-0.109919,0.254972,-10.2266,0.0220471,-0.0122705,-0.0052076,0,0,0,-0.238973,0.0109812,-0.0508981,-0.969629,0.0220471,-0.0122705,-0.0052076
1765976276723918,0,-0.108976,0.252964,-10.2277,0.011254,-0.0168698,-0.00550891,0,0,0,-0.238989,0.0109361,-0.0509267,-0.969624,0.011254,-0.0168698,-0.00550891
1765976276728923,0,-0.108036,0.25096,-10.2281,0.00181075,-0.0217564,-0.0057217,0,0,0,-0.239005,0.0108855,-0.0509282,-0.969621,0.00181075,-0.0217564,-0.0057217
1765976276733932,0,-0.1071,0.248959,-10.2293,-0.00447523,-0.0244412,-0.00590321,0,0,0,-0.239022,0.0108308,-0.0509094,-0.969618,-0.00447523,-0.0244412,-0.00590321
1765976276738832,0,-0.106168,0.246964,-10.2286,-0.0157551,-0.0298345,-0.00604812,0,0,0,-0.23904,0.0107712,-0.0508654,-0.969617,-0.0157551,-0.0298345,-0.00604812
1765976276743920,0,-0.105241,0.244974,-10.2297,-0.0227957,-0.0326464,-0.00617202,0,0,0,-0.239058,0.0107075,-0.050798,-0.969616,-0.0227957,-0.0326464,-0.00617202
1765976276748915,0,-0.104319,0.242991,-10.229,-0.0335211,-0.0379357,-0.00624603,0,0,0,-0.239077,0.0106389,-0.0507056,-0.969617,-0.0335211,-0.0379357,-0.00624603
1765976276753923,0,-0.103402,0.241015,-10.23,-0.0397294,-0.0404681,-0.00630907,0,0,0,-0.239096,0.0105663,-0.0505915,-0.969619,-0.0397294,-0.0404681,-0.00630907
1765976276758822,0,-0.10249,0.239046,-10.229,-0.049642,-0.0451681,-0.00631372,0,0,0,-0.239116,0.0104895,-0.0504548,-0.969623,-0.049642,-0.0451681,-0.00631372
1765976276763829,0,-0.101584,0.237086,-10.2301,-0.0548905,-0.0471217,-0.00631789,0,0,0,-0.239136,0.0104095,-0.0502989,-0.969627,-0.0548905,-0.0471217,-0.00631789
1765976276768831,0,-0.100683,0.235135,-10.229,-0.0630153,-0.0509834,-0.00625162,0,0,0,-0.239155,0.0103262,-0.0501243,-0.969632,-0.0630153,-0.0509834,-0.00625162
1765976276773826,0,-0.0997876,0.233192,-10.2301,-0.066731,-0.0522294,-0.00619532,0,0,0,-0.239175,0.0102406,-0.0499351,-0.969637,-0.066731,-0.0522294,-0.00619532
1765976276778827,0,-0.0988985,0.23126,-10.2283,-0.0756882,-0.0564683,-0.00609253,0,0,0,-0.239195,0.0101517,-0.0497274,-0.969644,-0.0756882,-0.0564683,-0.00609253
1765976276783932,0,-0.0980156,0.229337,-10.2295,-0.0796232,-0.0578206,-0.00600512,0,0,0,-0.239215,0.0100603,-0.0495038,-0.969652,-0.0796232,-0.0578206,-0.00600512
1765976276788813,0,-0.0971393,0.227426,-10.227,-0.0919368,-0.0635309,-0.00590752,0,0,0,-0.239235,0.00996458,-0.0492561,-0.96966,-0.0919368,-0.0635309,-0.00590752
1765976276793814,0,-0.0962699,0.225526,-10.2281,-0.0976675,-0.0656736,-0.00582422,0,0,0,-0.239255,0.00986522,-0.0489859,-0.96967,-0.0976675,-0.0656736,-0.00582422
1765976276798797,0,-0.0954075,0.223639,-10.2259,-0.107036,-0.0699431,-0.00568092,0,0,0,-0.239274,0.00976229,-0.0486946,-0.969681,-0.107036,-0.0699431,-0.00568092
1765976276803796,0,-0.0945522,0.221764,-10.227,-0.110424,-0.0709625,-0.005559,0,0,0,-0.239294,0.00965718,-0.0483878,-0.969693,-0.110424,-0.0709625,-0.005559
1765976276808801,0,-0.0937041,0.219902,-10.2249,-0.115166,-0.0731904,-0.005347,0,0,0,-0.239313,0.00955032,-0.0480699,-0.969705,-0.115166,-0.0731904,-0.005347
1765976276813797,0,-0.0928631,0.218053,-10.226,-0.115281,-0.0727705,-0.00516603,0,0,0,-0.239332,0.00944307,-0.0477467,-0.969717,-0.115281,-0.0727705,-0.00516603
1765976276818801,0,-0.0920298,0.216218,-10.2227,-0.125314,-0.0771977,-0.00497766,0,0,0,-0.23935,0.0093334,-0.0474074,-0.96973,-0.125314,-0.0771977,-0.00497766
1765976276823809,0,-0.0912039,0.214396,-10.2238,-0.128664,-0.0781295,-0.00481745,0,0,0,-0.239368,0.00922166,-0.0470521,-0.969744,-0.128664,-0.0781295,-0.00481745
1765976276828803,0,-0.0903859,0.212589,-10.221,-0.133652,-0.08052,-0.00458061,0,0,0,-0.239386,0.0091081,-0.0466852,-0.969759,-0.133652,-0.08052,-0.00458061
1765976276833804,0,-0.0895753,0.210796,-10.2222,-0.133447,-0.0800136,-0.00437866,0,0,0,-0.239403,0.00899406,-0.0463134,-0.969773,-0.133447,-0.0800136,-0.00437866
1765976276838802,0,-0.0887729,0.209018,-10.2183,-0.143362,-0.0843043,-0.00417356,0,0,0,-0.23942,0.00887775,-0.0459259,-0.969789,-0.143362,-0.0843043,-0.00417356
1765976276843798,0,-0.0879788,0.207255,-10.2195,-0.146164,-0.084957,-0.00399878,0,0,0,-0.239436,0.00875969,-0.0455234,-0.969805,-0.146164,-0.084957,-0.00399878
1765976276848799,0,-0.0871929,0.205508,-10.2158,-0.152828,-0.0878445,-0.00377224,0,0,0,-0.239452,0.00863983,-0.0451074,-0.969821,-0.152828,-0.0878445,-0.00377224
1765976276853798,0,-0.0864152,0.203777,-10.217,-0.153232,-0.0874736,-0.00357921,0,0,0,-0.239467,0.00851943,-0.0446837,-0.969838,-0.153232,-0.0874736,-0.00357921
1765976276858799,0,-0.0856459,0.202061,-10.2133,-0.157186,-0.0891231,-0.00332854,0,0,0,-0.239482,0.00839848,-0.0442534,-0.969855,-0.157186,-0.0891231,-0.00332854
1765976276863797,0,-0.0848848,0.200362,-10.2145,-0.155684,-0.0878973,-0.00311511,0,0,0,-0.239496,0.00827809,-0.0438215,-0.969873,-0.155684,-0.0878973,-0.00311511
1765976276868798,0,-0.0841324,0.198679,-10.21,-0.162917,-0.0909903,-0.00289077,0,0,0,-0.23951,0.00815661,-0.0433797,-0.96989,-0.162917,-0.0909903,-0.00289077
1765976276873797,0,-0.0833882,0.197012,-10.2112,-0.163435,-0.0906704,-0.00269962,0,0,0,-0.239523,0.00803448,-0.0429294,-0.969908,-0.163435,-0.0906704,-0.00269962
1765976276878799,0,-0.0826529,0.195362,-10.2069,-0.167284,-0.0923085,-0.00245973,0,0,0,-0.239536,0.00791177,-0.0424726,-0.969926,-0.167284,-0.0923085,-0.00245973
1765976276883796,0,-0.081926,0.193729,-10.2081,-0.165449,-0.0909891,-0.0022553,0,0,0,-0.239548,0.00778962,-0.0420148,-0.969944,-0.165449,-0.0909891,-0.0022553
1765976276888798,0,-0.0812078,0.192113,-10.2031,-0.171955,-0.0936338,-0.00204123,0,0,0,-0.23956,0.00766678,-0.0415487,-0.969962,-0.171955,-0.0936338,-0.00204123
1765976276893799,0,-0.0804983,0.190514,-10.2043,-0.171757,-0.092945,-0.00185836,0,0,0,-0.239571,0.00754384,-0.0410761,-0.96998,-0.171757,-0.092945,-0.00185836
1765976276898781,0,-0.0797975,0.188932,-10.1995,-0.175512,-0.0944755,-0.00163954,0,0,0,-0.239581,0.00742062,-0.0405979,-0.969999,-0.175512,-0.0944755,-0.00163954
1765976276903798,0,-0.0791054,0.187367,-10.2007,-0.173402,-0.0930259,-0.0014531,0,0,0,-0.239591,0.00729815,-0.0401192,-0.970017,-0.173402,-0.0930259,-0.0014531
1765976276908780,0,-0.0784222,0.185819,-10.1955,-0.17745,-0.0945011,-0.00124503,0,0,0,-0.2396,0.00717586,-0.0396366,-0.970036,-0.17745,-0.0945011,-0.00124503
1765976276913798,0,-0.0777476,0.184289,-10.1967,-0.175484,-0.0930132,-0.00106792,0,0,0,-0.239609,0.00705455,-0.039153,-0.970054,-0.175484,-0.0930132,-0.00106792
1765976276918782,0,-0.0770817,0.182777,-10.1911,-0.180662,-0.0951753,-0.000884019,0,0,0,-0.239618,0.0069329,-0.0386634,-0.970072,-0.180662,-0.0951753,-0.000884019
1765976276923798,0,-0.0764246,0.181282,-10.1924,-0.179361,-0.0941235,-0.000727329,0,0,0,-0.239626,0.00681145,-0.0381705,-0.970091,-0.179361,-0.0941235,-0.000727329
1765976276928800,0,-0.0757765,0.179805,-10.1867,-0.182629,-0.095305,-0.000547129,0,0,0,-0.239633,0.00669014,-0.0376739,-0.970109,-0.182629,-0.095305,-0.000547129
1765976276933798,0,-0.075137,0.178345,-10.188,-0.180013,-0.0935997,-0.000393601,0,0,0,-0.23964,0.00656999,-0.0371783,-0.970128,-0.180013,-0.0935997,-0.000393601
1765976276938802,0,-0.0745063,0.176903,-10.182,-0.183109,-0.0946684,-0.000225144,0,0,0,-0.239646,0.00645041,-0.0366807,-0.970146,-0.183109,-0.0946684,-0.000225144
1765976276943800,0,-0.0738843,0.175478,-10.1833,-0.180367,-0.0929043,-8.19801e-05,0,0,0,-0.239652,0.0063321,-0.0361845,-0.970164,-0.180367,-0.0929043,-8.19801e-05
1765976276948819,0,-0.073271,0.174071,-10.1772,-0.183189,-0.0938969,7.26341e-05,0,0,0,-0.239658,0.0062144,-0.0356869,-0.970181,-0.183189,-0.0938969,7.26341e-05
1765976276953802,0,-0.0726661,0.172682,-10.1785,-0.180263,-0.0921019,0.000204348,0,0,0,-0.239663,0.00609796,-0.0351913,-0.970199,-0.180263,-0.0921019,0.000204348
1765976276958800,0,-0.07207,0.17131,-10.1722,-0.180937,-0.0922229,0.000357497,0,0,0,-0.239667,0.00598261,-0.0346978,-0.970216,-0.180937,-0.0922229,0.000357497
1765976276963806,0,-0.0714822,0.169955,-10.1735,-0.176649,-0.0898941,0.000487832,0,0,0,-0.239672,0.00586914,-0.0342108,-0.970233,-0.176649,-0.0898941,0.000487832
1765976276968803,0,-0.0709029,0.168618,-10.1669,-0.178736,-0.0905144,0.000620193,0,0,0,-0.239675,0.00575674,-0.0337252,-0.97025,-0.178736,-0.0905144,0.000620193
1765976276973797,0,-0.0703319,0.167297,-10.1683,-0.175441,-0.0885602,0.000732998,0,0,0,-0.239679,0.00564588,-0.0332429,-0.970267,-0.175441,-0.0885602,0.000732998
1765976276978799,0,-0.0697691,0.165994,-10.1614,-0.178553,-0.0897087,0.000841787,0,0,0,-0.239682,0.00553557,-0.0327594,-0.970283,-0.178553,-0.0897087,0.000841787
1765976276983799,0,-0.0692146,0.164707,-10.1628,-0.175941,-0.0881247,0.000934475,0,0,0,-0.239684,0.00542625,-0.0322769,-0.970299,-0.175941,-0.0881247,0.000934475
1765976276988797,0,-0.0686685,0.163438,-10.1558,-0.178662,-0.0890193,0.00102722,0,0,0,-0.239686,0.0053175,-0.031793,-0.970315,-0.178662,-0.0890193,0.00102722
1765976276993798,0,-0.0681305,0.162185,-10.1572,-0.175788,-0.087285,0.00110644,0,0,0,-0.239688,0.00521002,-0.0313111,-0.970331,-0.175788,-0.087285,0.00110644
1765976276998800,0,-0.0676007,0.160949,-10.1501,-0.176066,-0.0872248,0.00119632,0,0,0,-0.23969,0.00510371,-0.030832,-0.970346,-0.176066,-0.0872248,0.00119632
1765976277003798,0,-0.0670788,0.15973,-10.1515,-0.171644,-0.0849053,0.00127256,0,0,0,-0.239692,0.00499931,-0.0303599,-0.970361,-0.171644,-0.0849053,0.00127256
1765976277008784,0,-0.0665649,0.158528,-10.1441,-0.172615,-0.0850001,0.00134791,0,0,0,-0.239693,0.0048963,-0.0298912,-0.970376,-0.172615,-0.0850001,0.00134791
1765976277013798,0,-0.0660588,0.157341,-10.1455,-0.168741,-0.0828409,0.00141231,0,0,0,-0.239693,0.00479518,-0.0294279,-0.970391,-0.168741,-0.0828409,0.00141231
1765976277018801,0,-0.0655605,0.156172,-10.1381,-0.170105,-0.0831059,0.00147357,0,0,0,-0.239694,0.00469532,-0.0289668,-0.970405,-0.170105,-0.0831059,0.00147357
1765976277023798,0,-0.0650698,0.155017,-10.1395,-0.166557,-0.0811085,0.0015258,0,0,0,-0.239694,0.00459716,-0.0285102,-0.970419,-0.166557,-0.0811085,0.0015258
1765976277028806,0,-0.0645869,0.15388,-10.1318,-0.167398,-0.0811751,0.00157539,0,0,0,-0.239694,0.00450029,-0.0280563,-0.970433,-0.167398,-0.0811751,0.00157539
1765976277033800,0,-0.0641112,0.152757,-10.1332,-0.163577,-0.0790968,0.0016178,0,0,0,-0.239694,0.0044052,-0.0276079,-0.970446,-0.163577,-0.0790968,0.0016178
1765976277038801,0,-0.0636432,0.151651,-10.1254,-0.165277,-0.0794577,0.00165242,0,0,0,-0.239694,0.0043113,-0.0271611,-0.970459,-0.165277,-0.0794577,0.00165242
1765976277043799,0,-0.0631824,0.15056,-10.1268,-0.162079,-0.077619,0.00168169,0,0,0,-0.239693,0.00421897,-0.0267178,-0.970472,-0.162079,-0.077619,0.00168169
1765976277048798,0,-0.0627289,0.149484,-10.1189,-0.161659,-0.0772452,0.00171277,0,0,0,-0.239693,0.00412806,-0.0262788,-0.970484,-0.161659,-0.0772452,0.00171277
1765976277053798,0,-0.0622825,0.148424,-10.1203,-0.157152,-0.0749783,0.0017391,0,0,0,-0.239692,0.00403908,-0.0258477,-0.970497,-0.157152,-0.0749783,0.0017391
1765976277058798,0,-0.0618432,0.147379,-10.1123,-0.156569,-0.0744368,0.00176315,0,0,0,-0.239691,0.0039518,-0.0254225,-0.970508,-0.156569,-0.0744368,0.00176315
1765976277063798,0,-0.0614106,0.146348,-10.1137,-0.152089,-0.0721319,0.00178341,0,0,0,-0.239689,0.00386665,-0.0250054,-0.97052,-0.152089,-0.0721319,0.00178341
1765976277068799,0,-0.060985,0.145332,-10.1055,-0.151653,-0.0716348,0.00179838,0,0,0,-0.239688,0.00378322,-0.024594,-0.970531,-0.151653,-0.0716348,0.00179838
1765976277073798,0,-0.060566,0.14433,-10.1069,-0.147398,-0.0694326,0.00181131,0,0,0,-0.239687,0.00370185,-0.0241901,-0.970542,-0.147398,-0.0694326,0.00181131
1765976277078798,0,-0.0601535,0.143343,-10.0987,-0.146492,-0.0688451,0.00182003,0,0,0,-0.239685,0.00362213,-0.0237924,-0.970552,-0.146492,-0.0688451,0.00182003
1765976277083798,0,-0.0597473,0.142369,-10.1001,-0.142062,-0.066656,0.00182716,0,0,0,-0.239683,0.00354435,-0.023403,-0.970563,-0.142062,-0.066656,0.00182716
1765976277088797,0,-0.0593475,0.141408,-10.0918,-0.142536,-0.0665548,0.0018226,0,0,0,-0.239681,0.00346795,-0.0230177,-0.970573,-0.142536,-0.0665548,0.0018226
1765976277093798,0,-0.0589539,0.140461,-10.0932,-0.139122,-0.0647474,0.00181875,0,0,0,-0.23968,0.00339317,-0.0226376,-0.970582,-0.139122,-0.0647474,0.00181875
1765976277098798,0,-0.0585665,0.139528,-10.0847,-0.138209,-0.0642172,0.00181067,0,0,0,-0.239678,0.00331976,-0.0222627,-0.970592,-0.138209,-0.0642172,0.00181067
1765976277103797,0,-0.058185,0.138607,-10.0861,-0.133991,-0.062187,0.00180399,0,0,0,-0.239676,0.00324809,-0.0218958,-0.970601,-0.133991,-0.062187,0.00180399
1765976277108791,0,-0.0578094,0.1377,-10.0775,-0.133173,-0.0615161,0.00179091,0,0,0,-0.239673,0.00317807,-0.0215348,-0.97061,-0.133173,-0.0615161,0.00179091
1765976277113798,0,-0.0574396,0.136805,-10.0789,-0.129149,-0.0594634,0.00177975,0,0,0,-0.239671,0.00311004,-0.0211814,-0.970618,-0.129149,-0.0594634,0.00177975
1765976277118782,0,-0.0570754,0.135922,-10.0704,-0.128407,-0.0588643,0.00176087,0,0,0,-0.239669,0.00304364,-0.0208337,-0.970626,-0.128407,-0.0588643,0.00176087
1765976277123801,0,-0.0567167,0.135052,-10.0718,-0.124558,-0.0569283,0.00174503,0,0,0,-0.239667,0.00297908,-0.0204932,-0.970634,-0.124558,-0.0569283,0.00174503
1765976277128797,0,-0.0563634,0.134193,-10.063,-0.123318,-0.0562119,0.00172288,0,0,0,-0.239665,0.00291608,-0.0201589,-0.970642,-0.123318,-0.0562119,0.00172288
1765976277133798,0,-0.0560155,0.133346,-10.0644,-0.119273,-0.0542676,0.00170378,0,0,0,-0.239662,0.00285486,-0.0198326,-0.97065,-0.119273,-0.0542676,0.00170378
1765976277138798,0,-0.0556727,0.132511,-10.0558,-0.11975,-0.0541545,0.00167285,0,0,0,-0.23966,0.00279488,-0.01951,-0.970657,-0.11975,-0.0541545,0.00167285
1765976277143797,0,-0.055335,0.131687,-10.0572,-0.116935,-0.0526634,0.00164639,0,0,0,-0.239658,0.0027363,-0.0191916,-0.970664,-0.116935,-0.0526634,0.00164639
1765976277148800,0,-0.0550024,0.130874,-10.0484,-0.116415,-0.0521532,0.00161444,0,0,0,-0.239656,0.00267904,-0.0188772,-0.970671,-0.116415,-0.0521532,0.00161444
1765976277153799,0,-0.0546747,0.130073,-10.0498,-0.113027,-0.0504517,0.00158711,0,0,0,-0.239653,0.00262341,-0.018569,-0.970677,-0.113027,-0.0504517,0.00158711
1765976277158907,0,-0.0543518,0.129282,-10.0409,-0.111769,-0.0496344,0.001555,0,0,0,-0.239651,0.00256937,-0.0182667,-0.970684,-0.111769,-0.0496344,0.001555
1765976277163827,0,-0.0540336,0.128502,-10.0423,-0.108013,-0.0477955,0.00152757,0,0,0,-0.239649,0.00251714,-0.0179718,-0.97069,-0.108013,-0.0477955,0.00152757
1765976277168936,0,-0.05372,0.127732,-10.0334,-0.107273,-0.0472247,0.00149218,0,0,0,-0.239647,0.00246636,-0.0176824,-0.970696,-0.107273,-0.0472247,0.00149218
1765976277173801,0,-0.053411,0.126972,-10.0348,-0.103977,-0.045612,0.00146221,0,0,0,-0.239645,0.00241713,-0.0173992,-0.970702,-0.103977,-0.045612,0.00146221
1765976277178810,0,-0.0531062,0.126223,-10.0258,-0.102122,-0.0447179,0.00142826,0,0,0,-0.239642,0.00236931,-0.0171225,-0.970707,-0.102122,-0.0447179,0.00142826
1765976277183801,0,-0.0528058,0.125483,-10.0272,-0.0982228,-0.0429567,0.00139914,0,0,0,-0.23964,0.00232307,-0.0168542,-0.970713,-0.0982228,-0.0429567,0.00139914
1765976277188797,0,-0.0525095,0.124753,-10.0185,-0.099079,-0.0431048,0.00135777,0,0,0,-0.239638,0.0022777,-0.0165888,-0.970718,-0.099079,-0.0431048,0.00135777
1765976277193801,0,-0.0522173,0.124033,-10.0199,-0.0970547,-0.0420755,0.00132217,0,0,0,-0.239636,0.00223317,-0.0163259,-0.970723,-0.0970547,-0.0420755,0.00132217
1765976277198810,0,-0.0519292,0.123321,-10.0109,-0.0960305,-0.0414567,0.00128372,0,0,0,-0.239634,0.00218969,-0.0160669,-0.970728,-0.0960305,-0.0414567,0.00128372
1765976277203825,0,-0.0516451,0.122619,-10.0122,-0.0928413,-0.039963,0.00125135,0,0,0,-0.239632,0.00214759,-0.0158142,-0.970733,-0.0928413,-0.039963,0.00125135
1765976277208915,0,-0.0513648,0.121926,-10.0031,-0.089867,-0.0385007,0.00121846,0,0,0,-0.23963,0.00210723,-0.0155698,-0.970737,-0.089867,-0.0385007,0.00121846
1765976277213817,0,-0.0510883,0.121242,-10.0045,-0.0855483,-0.0365262,0.00119078,0,0,0,-0.239628,0.00206891,-0.0153356,-0.970741,-0.0855483,-0.0365262,0.00119078
1765976277218815,0,-0.0508153,0.120566,-9.99583,-0.0862756,-0.0366138,0.00115077,0,0,0,-0.239626,0.00203161,-0.0151051,-0.970746,-0.0862756,-0.0366138,0.00115077
1765976277223907,0,-0.0505458,0.119898,-9.99716,-0.0845008,-0.0357141,0.00111651,0,0,0,-0.239625,0.00199506,-0.0148767,-0.97075,-0.0845008,-0.0357141,0.00111651
1765976277228916,0,-0.0502799,0.119239,-9.98803,-0.0817534,-0.0343598,0.00108416,0,0,0,-0.239623,0.00195996,-0.0146547,-0.970753,-0.0817534,-0.0343598,0.00108416
1765976277233934,0,-0.0500172,0.118587,-9.98936,-0.0777972,-0.0325652,0.00105671,0,0,0,-0.239621,0.0019267,-0.0144421,-0.970757,-0.0777972,-0.0325652,0.00105671
1765976277238925,0,-0.0497579,0.117944,-9.98053,-0.0764442,-0.0318612,0.00102314,0,0,0,-0.239619,0.00189477,-0.014236,-0.970761,-0.0764442,-0.0318612,0.00102314
1765976277243877,0,-0.0495015,0.117307,-9.98183,-0.0735499,-0.0305622,0.00099434,0,0,0,-0.239618,0.00186405,-0.0140361,-0.970764,-0.0735499,-0.0305622,0.00099434
1765976277248929,0,-0.0492483,0.116678,-9.97288,-0.0717865,-0.0295672,0.000962614,0,0,0,-0.239616,0.00183472,-0.0138422,-0.970767,-0.0717865,-0.0295672,0.000962614
1765976277253937,0,-0.0489979,0.116056,-9.97422,-0.0687423,-0.0281357,0.000935893,0,0,0,-0.239614,0.00180693,-0.0136552,-0.97077,-0.0687423,-0.0281357,0.000935893
1765976277258910,0,-0.0487504,0.115441,-9.96533,-0.0669293,-0.0272194,0.000905925,0,0,0,-0.239613,0.00178047,-0.0134745,-0.970773,-0.0669293,-0.0272194,0.000905925
1765976277263846,0,-0.0485055,0.114832,-9.9666,-0.0639791,-0.0259012,0.00088018,0,0,0,-0.239611,0.00175534,-0.0133006,-0.970776,-0.0639791,-0.0259012,0.00088018
1765976277268927,0,-0.0482633,0.11423,-9.95788,-0.0633357,-0.0253737,0.000848247,0,0,0,-0.23961,0.00173131,-0.0131309,-0.970779,-0.0633357,-0.0253737,0.000848247
1765976277273848,0,-0.0480237,0.113634,-9.95918,-0.0612537,-0.024361,0.000821049,0,0,0,-0.239608,0.00170837,-0.0129654,-0.970782,-0.0612537,-0.024361,0.000821049
1765976277278909,0,-0.0477866,0.113045,-9.95032,-0.0595567,-0.023625,0.000791093,0,0,0,-0.239607,0.00168637,-0.0128049,-0.970784,-0.0595567,-0.023625,0.000791093
1765976277283940,0,-0.0475518,0.112461,-9.9516,-0.0568761,-0.02252,0.000765947,0,0,0,-0.239605,0.00166533,-0.0126505,-0.970787,-0.0568761,-0.02252,0.000765947
1765976277288865,0,-0.0473193,0.111883,-9.94289,-0.0554361,-0.021768,0.000737492,0,0,0,-0.239604,0.0016453,-0.0125013,-0.970789,-0.0554361,-0.021768,0.000737492
1765976277293919,0,-0.0470891,0.111311,-9.94411,-0.0530334,-0.0207008,0.000712834,0,0,0,-0.239603,0.00162634,-0.0123576,-0.970791,-0.0530334,-0.0207008,0.000712834
1765976277298928,0,-0.0468611,0.110744,-9.93548,-0.0518882,-0.0200352,0.00068499,0,0,0,-0.239601,0.00160841,-0.0122184,-0.970793,-0.0518882,-0.0200352,0.00068499
1765976277303816,0,-0.046635,0.110183,-9.93674,-0.0497734,-0.0190709,0.000661308,0,0,0,-0.2396,0.00159149,-0.0120839,-0.970795,-0.0497734,-0.0190709,0.000661308
1765976277308816,0,-0.0464111,0.109626,-9.92796,-0.0478823,-0.0180671,0.000636296,0,0,0,-0.239599,0.00157578,-0.0119548,-0.970797,-0.0478823,-0.0180671,0.000636296
1765976277313925,0,-0.046189,0.109075,-9.92918,-0.0453786,-0.0169302,0.000615202,0,0,0,-0.239598,0.00156135,-0.0118318,-0.970799,-0.0453786,-0.0169302,0.000615202
1765976277318944,0,-0.0459688,0.108529,-9.92098,-0.0452439,-0.0168771,0.000587883,0,0,0,-0.239597,0.00154745,-0.0117118,-0.970801,-0.0452439,-0.0168771,0.000587883
1765976277323917,0,-0.0457504,0.107987,-9.92219,-0.0439718,-0.0164005,0.000564689,0,0,0,-0.239595,0.00153381,-0.0115939,-0.970802,-0.0439718,-0.0164005,0.000564689
1765976277328810,0,-0.0455338,0.107449,-9.91351,-0.0423334,-0.01552,0.000541142,0,0,0,-0.239594,0.00152102,-0.0114801,-0.970804,-0.0423334,-0.01552,0.000541142
1765976277333920,0,-0.0453188,0.106917,-9.91467,-0.0401422,-0.0145314,0.000520866,0,0,0,-0.239593,0.00150935,-0.0113716,-0.970806,-0.0401422,-0.0145314,0.000520866
1765976277338819,0,-0.0451055,0.106388,-9.90651,-0.0394988,-0.014273,0.000496708,0,0,0,-0.239592,0.00149826,-0.0112665,-0.970807,-0.0394988,-0.014273,0.000496708
1765976277343808,0,-0.0448937,0.105864,-9.90764,-0.0380401,-0.0137287,0.000475944,0,0,0,-0.239591,0.00148753,-0.0111644,-0.970808,-0.0380401,-0.0137287,0.000475944
1765976277348801,0,-0.0446835,0.105344,-9.89929,-0.0367924,-0.0131342,0.000454216,0,0,0,-0.239591,0.0014774,-0.0110659,-0.97081,-0.0367924,-0.0131342,0.000454216
1765976277353798,0,-0.0444748,0.104828,-9.90043,-0.0350045,-0.0123974,0.00043604,0,0,0,-0.23959,0.00146798,-0.0109716,-0.970811,-0.0350045,-0.0123974,0.00043604
1765976277358798,0,-0.0442675,0.104315,-9.89211,-0.033446,-0.0116889,0.000416704,0,0,0,-0.239589,0.00145932,-0.0108817,-0.970812,-0.033446,-0.0116889,0.000416704
1765976277363796,0,-0.0440615,0.103807,-9.89325,-0.0315401,-0.0109142,0.000399809,0,0,0,-0.239588,0.00145141,-0.0107966,-0.970814,-0.0315401,-0.0109142,0.000399809
1765976277368798,0,-0.0438568,0.103302,-9.88494,-0.0293609,-0.00985526,0.000384001,0,0,0,-0.239587,0.00144456,-0.0107171,-0.970815,-0.0293609,-0.00985526,0.000384001
1765976277373799,0,-0.0436533,0.1028,-9.88606,-0.0271511,-0.00889661,0.000370244,0,0,0,-0.239587,0.00143882,-0.0106435,-0.970816,-0.0271511,-0.00889661,0.000370244
1765976277378798,0,-0.043451,0.102301,-9.8779,-0.0251447,-0.00797475,0.000356059,0,0,0,-0.239586,0.0014341,-0.0105755,-0.970817,-0.0251447,-0.00797475,0.000356059
1765976277383797,0,-0.0432497,0.101806,-9.879,-0.0231595,-0.00715614,0.000343535,0,0,0,-0.239585,0.00143028,-0.0105129,-0.970817,-0.0231595,-0.00715614,0.000343535
1765976277388797,0,-0.0430493,0.101313,-9.87165,-0.0242919,-0.00751445,0.000324455,0,0,0,-0.239584,0.00142666,-0.0104506,-0.970818,-0.0242919,-0.00751445,0.000324455
1765976277393796,0,-0.04285,0.100823,-9.87274,-0.0244063,-0.00755499,0.000308525,0,0,0,-0.239584,0.00142295,-0.010387,-0.970819,-0.0244063,-0.00755499,0.000308525
1765976277398798,0,-0.0426516,0.100336,-9.86466,-0.0234048,-0.00711294,0.000292851,0,0,0,-0.239583,0.0014195,-0.0103248,-0.97082,-0.0234048,-0.00711294,0.000292851
1765976277403798,0,-0.0424542,0.0998519,-9.86573,-0.0221302,-0.00663426,0.000279484,0,0,0,-0.239582,0.00141649,-0.0102658,-0.970821,-0.0221302,-0.00663426,0.000279484
1765976277408797,0,-0.0422577,0.0993706,-9.85792,-0.0206738,-0.00603884,0.000266008,0,0,0,-0.239582,0.00141398,-0.0102104,-0.970821,-0.0206738,-0.00603884,0.000266008
1765976277413798,0,-0.0420621,0.0988917,-9.85897,-0.0191695,-0.00548687,0.000254509,0,0,0,-0.239581,0.00141196,-0.010159,-0.970822,-0.0191695,-0.00548687,0.000254509
1765976277418798,0,-0.0418673,0.0984153,-9.85158,-0.0190056,-0.00526886,0.000240459,0,0,0,-0.239581,0.00141038,-0.0101095,-0.970823,-0.0190056,-0.00526886,0.000240459
1765976277423801,0,-0.0416733,0.0979414,-9.85262,-0.0184001,-0.00498666,0.000228508,0,0,0,-0.23958,0.00140916,-0.0100612,-0.970823,-0.0184001,-0.00498666,0.000228508
1765976277428800,0,-0.0414802,0.0974699,-9.84514,-0.0179103,-0.00470676,0.000216167,0,0,0,-0.23958,0.00140831,-0.0100144,-0.970824,-0.0179103,-0.00470676,0.000216167
1765976277433802,0,-0.0412877,0.0970006,-9.84615,-0.0171178,-0.00439838,0.00020573,0,0,0,-0.239579,0.00140777,-0.00996939,-0.970825,-0.0171178,-0.00439838,0.00020573
1765976277438798,0,-0.0410959,0.0965337,-9.83871,-0.0161624,-0.00405829,0.000194328,0,0,0,-0.239579,0.00140749,-0.00992672,-0.970825,-0.0161624,-0.00405829,0.000194328
1765976277443798,0,-0.0409049,0.0960689,-9.8397,-0.0151074,-0.00372714,0.00018466,0,0,0,-0.239578,0.00140742,-0.00988672,-0.970826,-0.0151074,-0.00372714,0.00018466
1765976277448783,0,-0.0407145,0.0956063,-9.83254,-0.0145786,-0.00338083,0.000174431,0,0,0,-0.239578,0.00140774,-0.00984872,-0.970826,-0.0145786,-0.00338083,0.000174431
1765976277453798,0,-0.0405248,0.0951457,-9.8335,-0.0138472,-0.00306299,0.000165556,0,0,0,-0.239578,0.00140846,-0.00981249,-0.970827,-0.0138472,-0.00306299,0.000165556
1765976277458801,0,-0.0403356,0.0946871,-9.82631,-0.013013,-0.00268277,0.0001559,0,0,0,-0.239577,0.00140957,-0.0097784,-0.970827,-0.013013,-0.00268277,0.0001559
1765976277463798,0,-0.0401471,0.0942304,-9.82726,-0.0121208,-0.00236109,0.000147661,0,0,0,-0.239577,0.00141099,-0.00974663,-0.970827,-0.0121208,-0.00236109,0.000147661
1765976277468799,0,-0.0399591,0.0937755,-9.82069,-0.0128012,-0.00268671,0.000136101,0,0,0,-0.239577,0.00141229,-0.00971469,-0.970828,-0.0128012,-0.00268671,0.000136101
1765976277473801,0,-0.0397716,0.0933225,-9.82162,-0.0129167,-0.00283185,0.000126518,0,0,0,-0.239576,0.00141326,-0.00968179,-0.970828,-0.0129167,-0.00283185,0.000126518
1765976277478799,0,-0.0395847,0.0928714,-9.81451,-0.0120147,-0.00237804,0.000118889,0,0,0,-0.239576,0.00141446,-0.00965022,-0.970829,-0.0120147,-0.00237804,0.000118889
1765976277483801,0,-0.0393984,0.0924221,-9.81542,-0.0111035,-0.00201538,0.000112553,0,0,0,-0.239576,0.00141608,-0.0096211,-0.970829,-0.0111035,-0.00201538,0.000112553
1765976277488800,0,-0.0392126,0.0919745,-9.80879,-0.0106139,-0.00181791,0.000105424,0,0,0,-0.239576,0.00141795,-0.00959373,-0.970829,-0.0106139,-0.00181791,0.000105424
1765976277493798,0,-0.0390273,0.0915287,-9.80968,-0.0100123,-0.00163967,9.91743e-05,0,0,0,-0.239575,0.00141994,-0.00956782,-0.97083,-0.0100123,-0.00163967,9.91743e-05
1765976277498803,0,-0.0388424,0.0910844,-9.8031,-0.00947309,-0.00138536,9.25825e-05,0,0,0,-0.239575,0.00142213,-0.00954341,-0.97083,-0.00947309,-0.00138536,9.25825e-05
1765976277503798,0,-0.0386581,0.0906418,-9.80397,-0.00886859,-0.00118087,8.69795e-05,0,0,0,-0.239575,0.00142452,-0.00952055,-0.97083,-0.00886859,-0.00118087,8.69795e-05
1765976277508801,0,-0.0384741,0.0902006,-9.79732,-0.00785334,-0.000637764,8.29023e-05,0,0,0,-0.239575,0.00142739,-0.00949999,-0.97083,-0.00785334,-0.000637764,8.29023e-05
1765976277513782,0,-0.0382905,0.089761,-9.79818,-0.00697605,-0.000261777,7.94233e-05,0,0,0,-0.239574,0.00143077,-0.00948196,-0.970831,-0.00697605,-0.000261777,7.94233e-05
1765976277518787,0,-0.0381074,0.0893228,-9.7922,-0.00733567,-0.000444841,7.31367e-05,0,0,0,-0.239574,0.00143418,-0.00946428,-0.970831,-0.00733567,-0.000444841,7.31367e-05
1765976277523802,0,-0.0379245,0.0888858,-9.79303,-0.00738185,-0.000554279,6.76436e-05,0,0,0,-0.239574,0.00143735,-0.0094461,-0.970831,-0.00738185,-0.000554279,6.76436e-05
1765976277528802,0,-0.0377421,0.0884504,-9.7868,-0.00717887,-0.000533295,6.19917e-05,0,0,0,-0.239574,0.00144038,-0.00942816,-0.970831,-0.00717887,-0.000533295,6.19917e-05
1765976277533796,0,-0.03756,0.0880163,-9.78761,-0.00685682,-0.000505497,5.72554e-05,0,0,0,-0.239574,0.00144331,-0.00941089,-0.970832,-0.00685682,-0.000505497,5.72554e-05
1765976277538798,0,-0.0373784,0.0875836,-9.78172,-0.00704002,-0.000588072,5.14449e-05,0,0,0,-0.239574,0.00144613,-0.00939365,-0.970832,-0.00704002,-0.000588072,5.14449e-05
1765976277543798,0,-0.037197,0.0871522,-9.78251,-0.00697707,-0.000627146,4.64766e-05,0,0,0,-0.239573,0.00144884,-0.00937629,-0.970832,-0.00697707,-0.000627146,4.64766e-05
1765976277548797,0,-0.0370161,0.0867222,-9.77658,-0.00653401,-0.000539482,4.19234e-05,0,0,0,-0.239573,0.00145146,-0.00935965,-0.970832,-0.00653401,-0.000539482,4.19234e-05
1765976277553798,0,-0.0368356,0.0862935,-9.77735,-0.00606994,-0.000467359,3.7834e-05,0,0,0,-0.239573,0.00145401,-0.00934417,-0.970832,-0.00606994,-0.000467359,3.7834e-05
1765976277558798,0,-0.0366555,0.085866,-9.77148,-0.0052804,-0.000191906,3.43672e-05,0,0,0,-0.239573,0.00145662,-0.00933041,-0.970832,-0.0052804,-0.000191906,3.43672e-05
1765976277563795,0,-0.0364756,0.0854398,-9.77223,-0.00461982,-4.5566e-06,3.14131e-05,0,0,0,-0.239573,0.00145936,-0.00931851,-0.970833,-0.00461982,-4.5566e-06,3.14131e-05
1765976277568793,0,-0.0362962,0.0850147,-9.76674,-0.00450033,2.86286e-05,2.81905e-05,0,0,0,-0.239573,0.00146212,-0.00930748,-0.970833,-0.00450033,2.86286e-05,2.81905e-05
1765976277573799,0,-0.036117,0.0845908,-9.76747,-0.00430364,4.98431e-05,2.52242e-05,0,0,0,-0.239573,0.00146484,-0.00929687,-0.970833,-0.00430364,4.98431e-05,2.52242e-05
1765976277578799,0,-0.0359382,0.084168,-9.76201,-0.00403174,0.000249156,2.32588e-05,0,0,0,-0.239573,0.00146773,-0.00928693,-0.970833,-0.00403174,0.000249156,2.32588e-05
1765976277583800,0,-0.0357596,0.0837462,-9.76272,-0.00374635,0.000374582,2.15987e-05,0,0,0,-0.239573,0.00147083,-0.00927776,-0.970833,-0.00374635,0.000374582,2.15987e-05
1765976277588798,0,-0.0355814,0.0833256,-9.75762,-0.00403845,0.000116127,1.87788e-05,0,0,0,-0.239573,0.00147371,-0.00926837,-0.970833,-0.00403845,0.000116127,1.87788e-05
1765976277593797,0,-0.0354035,0.082906,-9.75831,-0.00412626,-5.8026e-05,1.61787e-05,0,0,0,-0.239573,0.00147619,-0.00925845,-0.970833,-0.00412626,-5.8026e-05,1.61787e-05
1765976277598798,0,-0.0352259,0.0824876,-9.75332,-0.00481472,-0.000310267,1.27486e-05,0,0,0,-0.239573,0.0014784,-0.00924731,-0.970833,-0.00481472,-0.000310267,1.27486e-05
1765976277603800,0,-0.0350487,0.0820703,-9.75398,-0.0051446,-0.000468999,9.77005e-06,0,0,0,-0.239573,0.00148042,-0.0092349,-0.970833,-0.0051446,-0.000468999,9.77005e-06
1765976277608778,0,-0.0348718,0.0816542,-9.74884,-0.00483245,-0.000415019,7.43851e-06,0,0,0,-0.239573,0.00148233,-0.00922261,-0.970834,-0.00483245,-0.000415019,7.43851e-06
1765976277613798,0,-0.0346953,0.0812392,-9.74949,-0.00449949,-0.000368434,5.61966e-06,0,0,0,-0.239573,0.00148416,-0.00921114,-0.970834,-0.00449949,-0.000368434,5.61966e-06
1765976277618787,0,-0.0345191,0.0808253,-9.74485,-0.00488332,-0.000585807,3.53226e-06,0,0,0,-0.239573,0.00148579,-0.00919936,-0.970834,-0.00488332,-0.000585807,3.53226e-06
1765976277623802,0,-0.0343433,0.0804125,-9.74548,-0.00500945,-0.000714331,1.59134e-06,0,0,0,-0.239573,0.00148715,-0.00918693,-0.970834,-0.00500945,-0.000714331,1.59134e-06
1765976277628780,0,-0.0341679,0.080001,-9.74098,-0.00577149,-0.00100185,-1.55808e-06,0,0,0,-0.239573,0.00148827,-0.00917313,-0.970834,-0.00577149,-0.00100185,-1.55808e-06
1765976277633796,0,-0.0339928,0.0795905,-9.74159,-0.0061249,-0.00116603,-4.3779e-06,0,0,0,-0.239573,0.00148918,-0.00915795,-0.970834,-0.0061249,-0.00116603,-4.3779e-06
1765976277638805,0,-0.0338182,0.0791814,-9.73691,-0.00580092,-0.00110388,-5.64743e-06,0,0,0,-0.239573,0.00149,-0.00914288,-0.970834,-0.00580092,-0.00110388,-5.64743e-06
1765976277643797,0,-0.033644,0.0787734,-9.73749,-0.00543479,-0.00103388,-6.72165e-06,0,0,0,-0.239573,0.00149076,-0.0091287,-0.970834,-0.00543479,-0.00103388,-6.72165e-06
1765976277648795,0,-0.0334701,0.0783667,-9.7333,-0.00590568,-0.00130751,-8.5527e-06,0,0,0,-0.239573,0.00149128,-0.00911411,-0.970834,-0.00590568,-0.00130751,-8.5527e-06
1765976277653796,0,-0.0332967,0.0779611,-9.73387,-0.00606286,-0.00145451,-1.00908e-05,0,0,0,-0.239573,0.00149148,-0.00909871,-0.970835,-0.00606286,-0.00145451,-1.00908e-05
1765976277658796,0,-0.0331237,0.0775568,-9.72954,-0.00573903,-0.00138425,-1.02007e-05,0,0,0,-0.239573,0.00149157,-0.00908363,-0.970835,-0.00573903,-0.00138425,-1.02007e-05
1765976277663799,0,-0.0329512,0.0771536,-9.73008,-0.0053746,-0.00130157,-1.02739e-05,0,0,0,-0.239573,0.00149164,-0.00906943,-0.970835,-0.0053746,-0.00130157,-1.02739e-05
1765976277668795,0,-0.0327791,0.0767516,-9.72641,-0.00650411,-0.00181582,-1.30083e-05,0,0,0,-0.239573,0.00149136,-0.00905378,-0.970835,-0.00650411,-0.00181582,-1.30083e-05
1765976277673798,0,-0.0326073,0.0763508,-9.72694,-0.00708159,-0.0021087,-1.51079e-05,0,0,0,-0.239573,0.00149063,-0.00903596,-0.970835,-0.00708159,-0.0021087,-1.51079e-05
1765976277678794,0,-0.0324361,0.0759514,-9.72285,-0.00702491,-0.00210186,-1.58647e-05,0,0,0,-0.239573,0.00148974,-0.00901759,-0.970835,-0.00702491,-0.00210186,-1.58647e-05
1765976277683802,0,-0.0322654,0.0755532,-9.72336,-0.0068037,-0.00204237,-1.64995e-05,0,0,0,-0.239573,0.00148885,-0.00899962,-0.970836,-0.0068037,-0.00204237,-1.64995e-05
1765976277688797,0,-0.0320951,0.0751563,-9.71964,-0.00704953,-0.00214455,-1.81474e-05,0,0,0,-0.239573,0.00148791,-0.00898149,-0.970836,-0.00704953,-0.00214455,-1.81474e-05
1765976277693814,0,-0.0319253,0.0747606,-9.72012,-0.00702777,-0.0021561,-1.93315e-05,0,0,0,-0.239573,0.0014869,-0.00896312,-0.970836,-0.00702777,-0.0021561,-1.93315e-05
1765976277698817,0,-0.031756,0.0743662,-9.7166,-0.00722846,-0.00232296,-2.00151e-05,0,0,0,-0.239573,0.00148571,-0.00894442,-0.970836,-0.00722846,-0.00232296,-2.00151e-05
1765976277703910,0,-0.0315872,0.073973,-9.71708,-0.00717215,-0.00237277,-2.02837e-05,0,0,0,-0.239573,0.00148431,-0.00892555,-0.970836,-0.00717215,-0.00237277,-2.02837e-05
1765976277708913,0,-0.0314188,0.0735812,-9.7137,-0.00761501,-0.00254197,-2.13579e-05,0,0,0,-0.239573,0.00148276,-0.00890602,-0.970836,-0.00761501,-0.00254197,-2.13579e-05
1765976277713924,0,-0.031251,0.0731907,-9.71416,-0.00770912,-0.00258752,-2.2188e-05,0,0,0,-0.239573,0.00148112,-0.00888586,-0.970836,-0.00770912,-0.00258752,-2.2188e-05
1765976277718864,0,-0.0310837,0.0728015,-9.71108,-0.00856198,-0.00305178,-2.45927e-05,0,0,0,-0.239573,0.00147908,-0.00886419,-0.970837,-0.00856198,-0.00305178,-2.45927e-05
1765976277723916,0,-0.0309169,0.0724137,-9.71151,-0.00890249,-0.00327927,-2.67534e-05,0,0,0,-0.239574,0.0014766,-0.008841,-0.970837,-0.00890249,-0.00327927,-2.67534e-05
1765976277728817,0,-0.0307506,0.0720272,-9.708,-0.00835999,-0.00291587,-2.57524e-05,0,0,0,-0.239574,0.0014743,-0.00881835,-0.970837,-0.00835999,-0.00291587,-2.57524e-05
1765976277733923,0,-0.0305849,0.0716421,-9.70841,-0.00778232,-0.00259901,-2.51176e-05,0,0,0,-0.239574,0.00147249,-0.00879727,-0.970837,-0.00778232,-0.00259901,-2.51176e-05
1765976277738819,0,-0.0304197,0.0712584,-9.70577,-0.00870216,-0.00309339,-2.63139e-05,0,0,0,-0.239574,0.00147045,-0.0087753,-0.970837,-0.00870216,-0.00309339,-2.63139e-05
1765976277743801,0,-0.030255,0.0708759,-9.70616,-0.00908339,-0.00333976,-2.73637e-05,0,0,0,-0.239574,0.00146794,-0.00875168,-0.970838,-0.00908339,-0.00333976,-2.73637e-05
1765976277748798,0,-0.0300909,0.0704949,-9.70294,-0.00845393,-0.00315178,-2.70097e-05,0,0,0,-0.239574,0.00146532,-0.00872862,-0.970838,-0.00845393,-0.00315178,-2.70097e-05
1765976277753795,0,-0.0299273,0.0701153,-9.70333,-0.00781622,-0.00294498,-2.66923e-05,0,0,0,-0.239574,0.0014628,-0.00870721,-0.970838,-0.00781622,-0.00294498,-2.66923e-05
1765976277758796,0,-0.0297643,0.0697369,-9.70052,-0.00745515,-0.00277818,-2.57524e-05,0,0,0,-0.239574,0.00146045,-0.00868706,-0.970838,-0.00745515,-0.00277818,-2.57524e-05
1765976277763797,0,-0.0296018,0.0693598,-9.70089,-0.00702114,-0.00259509,-2.53129e-05,0,0,0,-0.239574,0.00145828,-0.00866801,-0.970838,-0.00702114,-0.00259509,-2.53129e-05
1765976277768798,0,-0.0294397,0.0689839,-9.69845,-0.00743454,-0.00287028,-2.59965e-05,0,0,0,-0.239574,0.00145594,-0.00864871,-0.970838,-0.00743454,-0.00287028,-2.59965e-05
1765976277773797,0,-0.0292782,0.0686093,-9.6988,-0.00751366,-0.00297727,-2.64116e-05,0,0,0,-0.239574,0.0014533,-0.00862879,-0.970839,-0.00751366,-0.00297727,-2.64116e-05
1765976277778795,0,-0.0291172,0.068236,-9.69646,-0.00809424,-0.0032695,-2.72295e-05,0,0,0,-0.239574,0.00145036,-0.00860782,-0.970839,-0.00809424,-0.0032695,-2.72295e-05
1765976277783798,0,-0.0289567,0.0678639,-9.69679,-0.0082669,-0.00337755,-2.81816e-05,0,0,0,-0.239574,0.00144717,-0.00858593,-0.970839,-0.0082669,-0.00337755,-2.81816e-05
1765976277788798,0,-0.0287968,0.0674932,-9.69447,-0.0084302,-0.00359926,-2.90727e-05,0,0,0,-0.239574,0.00144366,-0.00856352,-0.970839,-0.0084302,-0.00359926,-2.90727e-05
1765976277793798,0,-0.0286375,0.0671237,-9.69479,-0.00831793,-0.00365194,-2.96831e-05,0,0,0,-0.239574,0.00143986,-0.00854105,-0.970839,-0.00831793,-0.00365194,-2.96831e-05
1765976277798797,0,-0.0284787,0.0667556,-9.69283,-0.00933798,-0.00392736,-3.05254e-05,0,0,0,-0.239574,0.00143595,-0.00851709,-0.97084,-0.00933798,-0.00392736,-3.05254e-05
1765976277803799,0,-0.0283205,0.0663889,-9.69313,-0.00976883,-0.00400703,-3.12944e-05,0,0,0,-0.239575,0.00143205,-0.00849141,-0.97084,-0.00976883,-0.00400703,-3.12944e-05
1765976277808798,0,-0.0281629,0.0660236,-9.69104,-0.0100388,-0.00410002,-3.10991e-05,0,0,0,-0.239575,0.00142813,-0.00846488,-0.97084,-0.0100388,-0.00410002,-3.10991e-05
1765976277813801,0,-0.028006,0.0656597,-9.69132,-0.00995502,-0.00405438,-3.09038e-05,0,0,0,-0.239575,0.00142423,-0.00843819,-0.97084,-0.00995502,-0.00405438,-3.09038e-05
1765976277818789,0,-0.0278496,0.0652973,-9.68959,-0.0107307,-0.00437222,-3.16362e-05,0,0,0,-0.239575,0.00142017,-0.00841036,-0.97084,-0.0107307,-0.00437222,-3.16362e-05
1765976277823800,0,-0.0276938,0.0649363,-9.68986,-0.0109632,-0.00446823,-3.20757e-05,0,0,0,-0.239575,0.00141593,-0.00838132,-0.970841,-0.0109632,-0.00446823,-3.20757e-05
1765976277828805,0,-0.0275387,0.0645769,-9.68818,-0.0114498,-0.00481054,-3.22588e-05,0,0,0,-0.239575,0.00141133,-0.00835121,-0.970841,-0.0114498,-0.00481054,-3.22588e-05
1765976277833802,0,-0.0273842,0.064219,-9.68844,-0.0114725,-0.00491127,-3.27715e-05,0,0,0,-0.239575,0.00140637,-0.00832047,-0.970841,-0.0114725,-0.00491127,-3.27715e-05
1765976277838798,0,-0.0272304,0.0638626,-9.6869,-0.0118688,-0.00524201,-3.28325e-05,0,0,0,-0.239576,0.00140099,-0.00828898,-0.970841,-0.0118688,-0.00524201,-3.28325e-05
1765976277843806,0,-0.0270773,0.0635078,-9.68714,-0.0118206,-0.00532369,-3.27348e-05,0,0,0,-0.239576,0.00139524,-0.00825708,-0.970842,-0.0118206,-0.00532369,-3.27348e-05
1765976277848892,0,-0.0269248,0.0631546,-9.68575,-0.0124958,-0.00553678,-3.25029e-05,0,0,0,-0.239576,0.00138933,-0.00822414,-0.970842,-0.0124958,-0.00553678,-3.25029e-05
1765976277853931,0,-0.0267731,0.062803,-9.68598,-0.0126158,-0.00553307,-3.23198e-05,0,0,0,-0.239576,0.00138342,-0.00819032,-0.970842,-0.0126158,-0.00553307,-3.23198e-05
1765976277858911,0,-0.0266221,0.0624529,-9.6847,-0.0129862,-0.00581654,-3.2332e-05,0,0,0,-0.239576,0.00137727,-0.00815574,-0.970842,-0.0129862,-0.00581654,-3.2332e-05
1765976277863934,0,-0.0264718,0.0621046,-9.68491,-0.0128918,-0.00585214,-3.2332e-05,0,0,0,-0.239576,0.00137085,-0.00812087,-0.970843,-0.0128918,-0.00585214,-3.2332e-05
1765976277868973,0,-0.0263222,0.0617579,-9.68406,-0.0143167,-0.00652294,-3.39189e-05,0,0,0,-0.239576,0.0013639,-0.00808376,-0.970843,-0.0143167,-0.00652294,-3.39189e-05
1765976277873817,0,-0.0261734,0.0614128,-9.68426,-0.0148852,-0.00679657,-3.54082e-05,0,0,0,-0.239577,0.00135645,-0.00804417,-0.970843,-0.0148852,-0.00679657,-3.54082e-05
1765976277878924,0,-0.0260254,0.0610696,-9.68307,-0.0152343,-0.00691216,-3.52495e-05,0,0,0,-0.239577,0.00134883,-0.00800343,-0.970844,-0.0152343,-0.00691216,-3.52495e-05
1765976277883827,0,-0.0258782,0.0607282,-9.68326,-0.015067,-0.00680793,-3.55058e-05,0,0,0,-0.239577,0.00134127,-0.00796259,-0.970844,-0.015067,-0.00680793,-3.55058e-05
1765976277888919,0,-0.0257318,0.0603886,-9.68225,-0.0151057,-0.0068709,-3.43462e-05,0,0,0,-0.239577,0.00133369,-0.00792187,-0.970844,-0.0151057,-0.0068709,-3.43462e-05
1765976277893814,0,-0.0255862,0.0600508,-9.68242,-0.0147365,-0.00673289,-3.33696e-05,0,0,0,-0.239577,0.00132613,-0.00788167,-0.970844,-0.0147365,-0.00673289,-3.33696e-05
1765976277898929,0,-0.0254414,0.0597147,-9.68157,-0.0146101,-0.00667656,-3.14165e-05,0,0,0,-0.239577,0.00131865,-0.00784208,-0.970845,-0.0146101,-0.00667656,-3.14165e-05
1765976277903821,0,-0.0252974,0.0593804,-9.68174,-0.0141445,-0.00646492,-2.97807e-05,0,0,0,-0.239577,0.00131134,-0.00780337,-0.970845,-0.0141445,-0.00646492,-2.97807e-05
1765976277908910,0,-0.0251541,0.0590478,-9.68106,-0.0143101,-0.00651226,-2.78642e-05,0,0,0,-0.239578,0.00130411,-0.00776491,-0.970845,-0.0143101,-0.00651226,-2.78642e-05
1765976277913804,0,-0.0250117,0.0587169,-9.6812,-0.0140454,-0.00637329,-2.65703e-05,0,0,0,-0.239578,0.00129698,-0.00772672,-0.970846,-0.0140454,-0.00637329,-2.65703e-05
1765976277918797,0,-0.0248699,0.0583877,-9.68073,-0.0147099,-0.00657792,-2.54961e-05,0,0,0,-0.239578,0.00128987,-0.00768777,-0.970846,-0.0147099,-0.00657792,-2.54961e-05
1765976277923810,0,-0.024729,0.0580602,-9.68087,-0.0147651,-0.00654126,-2.45317e-05,0,0,0,-0.239578,0.00128279,-0.00764806,-0.970846,-0.0147651,-0.00654126,-2.45317e-05
1765976277928918,0,-0.0245888,0.0577344,-9.68034,-0.0149518,-0.0066861,-2.27007e-05,0,0,0,-0.239578,0.00127561,-0.00760798,-0.970846,-0.0149518,-0.0066861,-2.27007e-05
1765976277933930,0,-0.0244493,0.0574105,-9.68047,-0.0146845,-0.00660723,-2.1126e-05,0,0,0,-0.239578,0.00126836,-0.0075681,-0.970847,-0.0146845,-0.00660723,-2.1126e-05
1765976277938916,0,-0.0243106,0.0570882,-9.68042,-0.0156965,-0.00711782,-2.09673e-05,0,0,0,-0.239578,0.00126074,-0.00752685,-0.970847,-0.0156965,-0.00711782,-2.09673e-05
1765976277943812,0,-0.0241728,0.0567677,-9.68053,-0.0159558,-0.00726962,-2.07109e-05,0,0,0,-0.239579,0.00125273,-0.00748405,-0.970847,-0.0159558,-0.00726962,-2.07109e-05
1765976277948829,0,-0.0240357,0.0564491,-9.68028,-0.0165885,-0.00741756,-1.98076e-05,0,0,0,-0.239579,0.00124466,-0.00744,-0.970848,-0.0165885,-0.00741756,-1.98076e-05
1765976277953823,0,-0.0238995,0.0561323,-9.68038,-0.0165733,-0.00732157,-1.90508e-05,0,0,0,-0.239579,0.00123673,-0.00739535,-0.970848,-0.0165733,-0.00732157,-1.90508e-05
1765976277958910,0,-0.0237641,0.0558174,-9.68001,-0.0161067,-0.00705557,-1.60112e-05,0,0,0,-0.239579,0.0012291,-0.00735151,-0.970848,-0.0161067,-0.00705557,-1.60112e-05
1765976277963800,0,-0.0236295,0.0555043,-9.6801,-0.0153767,-0.00669495,-1.36308e-05,0,0,0,-0.239579,0.00122189,-0.00730939,-0.970849,-0.0153767,-0.00669495,-1.36308e-05
1765976277968914,0,-0.0234956,0.055193,-9.68029,-0.0157237,-0.00695007,-1.17876e-05,0,0,0,-0.239579,0.0012146,-0.00726746,-0.970849,-0.0157237,-0.00695007,-1.17876e-05
1765976277973919,0,-0.0233626,0.0548835,-9.68037,-0.0155424,-0.00693719,-9.87107e-06,0,0,0,-0.239579,0.0012071,-0.0072254,-0.970849,-0.0155424,-0.00693719,-9.87107e-06
1765976277978911,0,-0.0232303,0.0545757,-9.68046,-0.0159495,-0.00704679,-8.41843e-06,0,0,0,-0.239579,0.00119956,-0.00718289,-0.970849,-0.0159495,-0.00704679,-8.41843e-06
1765976277983823,0,-0.0230988,0.0542697,-9.68053,-0.0158018,-0.00693511,-7.16111e-06,0,0,0,-0.239579,0.00119212,-0.00714022,-0.97085,-0.0158018,-0.00693511,-7.16111e-06
1765976277988915,0,-0.0229681,0.0539655,-9.68087,-0.0165317,-0.00735764,-6.67283e-06,0,0,0,-0.23958,0.0011844,-0.00709649,-0.97085,-0.0165317,-0.00735764,-6.67283e-06
1765976277993814,0,-0.0228381,0.0536631,-9.68093,-0.0165825,-0.00744483,-6.56296e-06,0,0,0,-0.23958,0.00117634,-0.00705186,-0.97085,-0.0165825,-0.00744483,-6.56296e-06
1765976277998934,0,-0.022709,0.0533626,-9.68107,-0.0164226,-0.00739155,-5.63523e-06,0,0,0,-0.23958,0.00116822,-0.0070074,-0.970851,-0.0164226,-0.00739155,-5.63523e-06
1765976278003936,0,-0.0225807,0.0530639,-9.68112,-0.0158874,-0.0071629,-4.76853e-06,0,0,0,-0.23958,0.00116026,-0.00696398,-0.970851,-0.0158874,-0.0071629,-4.76853e-06
1765976278008917,0,-0.0224532,0.052767,-9.6815,-0.0157808,-0.00718089,-3.74314e-06,0,0,0,-0.23958,0.00115232,-0.00692128,-0.970851,-0.0157808,-0.00718089,-3.74314e-06
1765976278013808,0,-0.0223265,0.0524718,-9.68154,-0.0152976,-0.00700501,-2.8154e-06,0,0,0,-0.23958,0.00114443,-0.00687944,-0.970852,-0.0152976,-0.00700501,-2.8154e-06
1765976278018810,0,-0.0222006,0.0521783,-9.6823,-0.0164453,-0.00747999,-3.10837e-06,0,0,0,-0.23958,0.00113631,-0.00683627,-0.970852,-0.0164453,-0.00747999,-3.10837e-06
1765976278023821,0,-0.0220754,0.0518867,-9.68233,-0.0167748,-0.00759885,-3.05954e-06,0,0,0,-0.23958,0.00112795,-0.00679136,-0.970852,-0.0167748,-0.00759885,-3.05954e-06
1765976278028806,0,-0.0219511,0.0515969,-9.68271,-0.0165116,-0.00754807,-2.27829e-06,0,0,0,-0.23958,0.00111953,-0.00674649,-0.970852,-0.0165116,-0.00754807,-2.27829e-06
1765976278033803,0,-0.0218276,0.0513089,-9.68274,-0.0159057,-0.00731714,-1.38718e-06,0,0,0,-0.23958,0.00111122,-0.00670286,-0.970853,-0.0159057,-0.00731714,-1.38718e-06
1765976278038797,0,-0.0217049,0.0510226,-9.68343,-0.015924,-0.00722735,-6.05931e-07,0,0,0,-0.23958,0.00110313,-0.00665988,-0.970853,-0.015924,-0.00722735,-6.05931e-07
1765976278043801,0,-0.0215829,0.0507381,-9.68345,-0.0155197,-0.00697879,-7.78659e-09,0,0,0,-0.23958,0.00109534,-0.00661758,-0.970853,-0.0155197,-0.00697879,-7.78659e-09
1765976278048797,0,-0.0214618,0.0504553,-9.68414,-0.0153075,-0.00692176,1.23733e-06,0,0,0,-0.23958,0.0010877,-0.00657606,-0.970854,-0.0153075,-0.00692176,1.23733e-06
1765976278053800,0,-0.0213414,0.0501742,-9.68415,-0.0147667,-0.00670314,2.29934e-06,0,0,0,-0.239581,0.00108019,-0.00653562,-0.970854,-0.0147667,-0.00670314,2.29934e-06
1765976278058797,0,-0.0212217,0.0498948,-9.68495,-0.0148041,-0.00673416,3.38577e-06,0,0,0,-0.239581,0.00107274,-0.0064957,-0.970854,-0.0148041,-0.00673416,3.38577e-06
1765976278063809,0,-0.0211027,0.049617,-9.68496,-0.0144418,-0.00657867,4.28909e-06,0,0,0,-0.239581,0.00106536,-0.00645632,-0.970854,-0.0144418,-0.00657867,4.28909e-06
1765976278068783,0,-0.0209845,0.0493408,-9.68592,-0.0146375,-0.00665994,5.05813e-06,0,0,0,-0.239581,0.00105799,-0.00641701,-0.970855,-0.0146375,-0.00665994,5.05813e-06
1765976278073800,0,-0.0208671,0.0490663,-9.68591,-0.0143841,-0.00653959,5.58303e-06,0,0,0,-0.239581,0.00105068,-0.00637791,-0.970855,-0.0143841,-0.00653959,5.58303e-06
1765976278078796,0,-0.0207503,0.0487933,-9.68694,-0.0147112,-0.00667812,5.98586e-06,0,0,0,-0.239581,0.00104334,-0.00633855,-0.970855,-0.0147112,-0.00667812,5.98586e-06
1765976278083801,0,-0.0206343,0.048522,-9.68693,-0.0145428,-0.0065953,6.53518e-06,0,0,0,-0.239581,0.001036,-0.00629912,-0.970855,-0.0145428,-0.0065953,6.53518e-06
1765976278088797,0,-0.0205189,0.0482524,-9.68829,-0.015746,-0.00717747,5.92483e-06,0,0,0,-0.239581,0.00102829,-0.00625791,-0.970856,-0.015746,-0.00717747,5.92483e-06
1765976278093797,0,-0.0204044,0.0479844,-9.68826,-0.0161307,-0.00737505,5.39993e-06,0,0,0,-0.239581,0.00102015,-0.00621477,-0.970856,-0.0161307,-0.00737505,5.39993e-06
1765976278098796,0,-0.0202906,0.0477181,-9.68927,-0.0161102,-0.00742556,5.6929e-06,0,0,0,-0.239581,0.00101183,-0.00617121,-0.970856,-0.0161102,-0.00742556,5.6929e-06
1765976278103797,0,-0.0201777,0.0474536,-9.68924,-0.0156753,-0.00726489,5.6929e-06,0,0,0,-0.239581,0.00100353,-0.00612835,-0.970857,-0.0156753,-0.00726489,5.6929e-06
1765976278108796,0,-0.0200654,0.0471908,-9.69043,-0.0154902,-0.00710877,6.42532e-06,0,0,0,-0.239581,0.000995447,-0.00608628,-0.970857,-0.0154902,-0.00710877,6.42532e-06
1765976278113800,0,-0.019954,0.0469297,-9.69039,-0.0149627,-0.00681951,7.03567e-06,0,0,0,-0.239581,0.000987703,-0.00604529,-0.970857,-0.0149627,-0.00681951,7.03567e-06
1765976278118800,0,-0.0198433,0.0466702,-9.69177,-0.0151098,-0.00694581,7.54837e-06,0,0,0,-0.239581,0.000979982,-0.00600463,-0.970857,-0.0151098,-0.00694581,7.54837e-06
1765976278123798,0,-0.0197333,0.0464123,-9.69173,-0.014812,-0.00684792,8.00003e-06,0,0,0,-0.239581,0.000972208,-0.00596427,-0.970858,-0.014812,-0.00684792,8.00003e-06
1765976278128795,0,-0.019624,0.046156,-9.693,-0.0147736,-0.00667565,8.91556e-06,0,0,0,-0.239581,0.000964696,-0.00592433,-0.970858,-0.0147736,-0.00667565,8.91556e-06
1765976278133798,0,-0.0195155,0.0459014,-9.69295,-0.0143618,-0.0063872,1.00386e-05,0,0,0,-0.239582,0.000957614,-0.00588518,-0.970858,-0.0143618,-0.0063872,1.00386e-05
1765976278138797,0,-0.0194076,0.0456483,-9.69444,-0.0147388,-0.00649969,1.05025e-05,0,0,0,-0.239581,0.000950685,-0.00584591,-0.970858,-0.0147388,-0.00649969,1.05025e-05
1765976278143803,0,-0.0193004,0.0453968,-9.6944,-0.0146029,-0.00640406,1.12593e-05,0,0,0,-0.239581,0.000943827,-0.00580647,-0.970859,-0.0146029,-0.00640406,1.12593e-05
1765976278148794,0,-0.019194,0.0451469,-9.69586,-0.0146237,-0.00643507,1.18697e-05,0,0,0,-0.239581,0.000936992,-0.00576715,-0.970859,-0.0146237,-0.00643507,1.18697e-05
1765976278153800,0,-0.0190882,0.0448986,-9.69581,-0.0142551,-0.00628716,1.24068e-05,0,0,0,-0.239581,0.000930215,-0.00572839,-0.970859,-0.0142551,-0.00628716,1.24068e-05
1765976278158796,0,-0.0189831,0.0446518,-9.69739,-0.0144072,-0.00637442,1.23335e-05,0,0,0,-0.239581,0.000923421,-0.00568978,-0.970859,-0.0144072,-0.00637442,1.23335e-05
1765976278163798,0,-0.0188787,0.0444066,-9.69733,-0.0141314,-0.00626542,1.22847e-05,0,0,0,-0.239581,0.000916638,-0.00565143,-0.970859,-0.0141314,-0.00626542,1.22847e-05
1765976278168799,0,-0.018775,0.044163,-9.69892,-0.014178,-0.00623833,1.23824e-05,0,0,0,-0.239581,0.000909951,-0.00561332,-0.97086,-0.014178,-0.00623833,1.23824e-05
1765976278173798,0,-0.0186719,0.0439208,-9.69885,-0.0138382,-0.00605711,1.26997e-05,0,0,0,-0.239581,0.000903443,-0.00557573,-0.97086,-0.0138382,-0.00605711,1.26997e-05
1765976278178796,0,-0.0185695,0.0436802,-9.7006,-0.0141836,-0.00628787,1.20528e-05,0,0,0,-0.239581,0.000896817,-0.00553793,-0.97086,-0.0141836,-0.00628787,1.20528e-05
1765976278183800,0,-0.0184677,0.0434411,-9.70054,-0.0140414,-0.0062763,1.16743e-05,0,0,0,-0.239581,0.000890017,-0.00549995,-0.97086,-0.0140414,-0.0062763,1.16743e-05
1765976278188798,0,-0.0183667,0.0432036,-9.70226,-0.0143697,-0.00647616,1.08443e-05,0,0,0,-0.239581,0.00088302,-0.00546156,-0.970861,-0.0143697,-0.00647616,1.08443e-05
1765976278193797,0,-0.0182663,0.0429675,-9.70219,-0.0142112,-0.00643912,9.64798e-06,0,0,0,-0.239581,0.000875905,-0.00542305,-0.970861,-0.0142112,-0.00643912,9.64798e-06
1765976278198795,0,-0.0181666,0.042733,-9.70396,-0.0143468,-0.00644124,8.74466e-06,0,0,0,-0.239581,0.000868833,-0.0053845,-0.970861,-0.0143468,-0.00644124,8.74466e-06
1765976278203799,0,-0.0180675,0.0425001,-9.70389,-0.0140614,-0.00627424,7.97562e-06,0,0,0,-0.239581,0.000861933,-0.00534629,-0.970861,-0.0140614,-0.00627424,7.97562e-06
1765976278208798,0,-0.0179692,0.0422686,-9.70568,-0.0139925,-0.00616677,7.51175e-06,0,0,0,-0.239581,0.000855258,-0.00530855,-0.970861,-0.0139925,-0.00616677,7.51175e-06
1765976278213802,0,-0.0178715,0.0420386,-9.7056,-0.013581,-0.00593445,6.60843e-06,0,0,0,-0.239581,0.000848862,-0.00527157,-0.970862,-0.013581,-0.00593445,6.60843e-06
1765976278218780,0,-0.0177744,0.0418102,-9.70746,-0.0137545,-0.0060409,6.2056e-06,0,0,0,-0.239581,0.000842499,-0.00523476,-0.970862,-0.0137545,-0.0060409,6.2056e-06
1765976278223798,0,-0.017678,0.0415832,-9.70738,-0.0135096,-0.00595343,5.64408e-06,0,0,0,-0.239581,0.000836115,-0.00519815,-0.970862,-0.0135096,-0.00595343,5.64408e-06
1765976278228788,0,-0.0175822,0.0413576,-9.70935,-0.0140651,-0.00607536,4.26469e-06,0,0,0,-0.239581,0.000829778,-0.00516094,-0.970862,-0.0140651,-0.00607536,4.26469e-06
1765976278233800,0,-0.0174871,0.0411336,-9.70926,-0.0140651,-0.00599712,3.0806e-06,0,0,0,-0.239581,0.000823571,-0.00512319,-0.970862,-0.0140651,-0.00599712,3.0806e-06
1765976278238800,0,-0.0173926,0.040911,-9.71112,-0.0137824,-0.00595928,2.28715e-06,0,0,0,-0.239581,0.000817392,-0.00508589,-0.970863,-0.0137824,-0.00595928,2.28715e-06
1765976278243815,0,-0.0172987,0.0406899,-9.71103,-0.0132348,-0.00577819,1.93314e-06,0,0,0,-0.239581,0.00081125,-0.00504973,-0.970863,-0.0132348,-0.00577819,1.93314e-06
1765976278248923,0,-0.0172055,0.0404702,-9.71301,-0.01311,-0.00574046,1.64017e-06,0,0,0,-0.239581,0.000805162,-0.00501434,-0.970863,-0.01311,-0.00574046,1.64017e-06
1765976278253932,0,-0.0171128,0.040252,-9.71291,-0.0126846,-0.00556536,1.56693e-06,0,0,0,-0.239581,0.000799184,-0.00497976,-0.970863,-0.0126846,-0.00556536,1.56693e-06
1765976278258916,0,-0.0170208,0.0400351,-9.71496,-0.0129859,-0.00561007,1.70121e-06,0,0,0,-0.239581,0.000793316,-0.00494519,-0.970863,-0.0129859,-0.00561007,1.70121e-06
1765976278263822,0,-0.0169294,0.0398196,-9.71487,-0.0128456,-0.00549293,1.59134e-06,0,0,0,-0.239582,0.000787598,-0.00491055,-0.970864,-0.0128456,-0.00549293,1.59134e-06
1765976278268925,0,-0.0168385,0.0396055,-9.71696,-0.0132516,-0.0058245,1.53031e-06,0,0,0,-0.239582,0.000781622,-0.00487537,-0.970864,-0.0132516,-0.0058245,1.53031e-06
1765976278273816,0,-0.0167483,0.0393928,-9.71687,-0.0131738,-0.00589166,1.15189e-06,0,0,0,-0.239582,0.000775297,-0.00483981,-0.970864,-0.0131738,-0.00589166,1.15189e-06
1765976278278820,0,-0.0166587,0.0391816,-9.71891,-0.0132296,-0.00592615,1.32279e-06,0,0,0,-0.239582,0.000768857,-0.00480421,-0.970864,-0.0132296,-0.00592615,1.32279e-06
1765976278283883,0,-0.0165697,0.0389717,-9.71881,-0.0129206,-0.00579411,1.66459e-06,0,0,0,-0.239582,0.000762478,-0.00476905,-0.970864,-0.0129206,-0.00579411,1.66459e-06
1765976278288912,0,-0.0164813,0.0387632,-9.72089,-0.0130251,-0.00570017,1.92093e-06,0,0,0,-0.239582,0.000756328,-0.0047341,-0.970864,-0.0130251,-0.00570017,1.92093e-06
1765976278293826,0,-0.0163936,0.0385561,-9.7208,-0.0127536,-0.00548889,2.043e-06,0,0,0,-0.239582,0.000750504,-0.00469954,-0.970865,-0.0127536,-0.00548889,2.043e-06
1765976278298926,0,-0.0163064,0.0383503,-9.72291,-0.0125795,-0.00539282,2.79984e-06,0,0,0,-0.239582,0.000744898,-0.00466559,-0.970865,-0.0125795,-0.00539282,2.79984e-06
1765976278303907,0,-0.0162198,0.0381459,-9.72282,-0.0121353,-0.00518839,3.30033e-06,0,0,0,-0.239582,0.000739481,-0.00463254,-0.970865,-0.0121353,-0.00518839,3.30033e-06
1765976278308912,0,-0.0161337,0.0379429,-9.72497,-0.0120619,-0.00513686,3.12943e-06,0,0,0,-0.239582,0.000734205,-0.00460011,-0.970865,-0.0120619,-0.00513686,3.12943e-06
1765976278313828,0,-0.0160482,0.0377411,-9.72488,-0.011698,-0.00496842,3.12943e-06,0,0,0,-0.239582,0.000729076,-0.00456835,-0.970865,-0.011698,-0.00496842,3.12943e-06
1765976278318814,0,-0.0159632,0.0375406,-9.72709,-0.0123233,-0.00512051,2.28715e-06,0,0,0,-0.239582,0.000724026,-0.00453601,-0.970865,-0.0123233,-0.00512051,2.28715e-06
1765976278323809,0,-0.0158788,0.0373414,-9.72699,-0.0124149,-0.00508727,1.89652e-06,0,0,0,-0.239582,0.00071906,-0.00450291,-0.970865,-0.0124149,-0.00508727,1.89652e-06
1765976278328933,0,-0.0157949,0.0371435,-9.72909,-0.0117677,-0.00493811,2.18949e-06,0,0,0,-0.239582,0.000714133,-0.00447073,-0.970866,-0.0117677,-0.00493811,2.18949e-06
1765976278333932,0,-0.0157116,0.0369469,-9.72898,-0.0110315,-0.00471018,2.42142e-06,0,0,0,-0.239582,0.000709264,-0.00444037,-0.970866,-0.0110315,-0.00471018,2.42142e-06
1765976278338916,0,-0.0156288,0.0367515,-9.73119,-0.0111167,-0.0047809,2.2139e-06,0,0,0,-0.239582,0.000704366,-0.00441062,-0.970866,-0.0111167,-0.0047809,2.2139e-06
1765976278343815,0,-0.0155465,0.0365573,-9.7311,-0.0108823,-0.00470264,2.06742e-06,0,0,0,-0.239582,0.00069945,-0.00438115,-0.970866,-0.0108823,-0.00470264,2.06742e-06
1765976278348914,0,-0.0154647,0.0363643,-9.73331,-0.0107295,-0.00462552,2.64115e-06,0,0,0,-0.239582,0.000694612,-0.00435217,-0.970866,-0.0107295,-0.00462552,2.64115e-06
1765976278353914,0,-0.0153834,0.0361724,-9.73321,-0.0103477,-0.00445347,3.12943e-06,0,0,0,-0.239582,0.000689925,-0.00432397,-0.970866,-0.0103477,-0.00445347,3.12943e-06
1765976278358944,0,-0.0153026,0.0359818,-9.7354,-0.00988396,-0.00416928,4.06937e-06,0,0,0,-0.239582,0.000685561,-0.00429697,-0.970866,-0.00988396,-0.00416928,4.06937e-06
1765976278363931,0,-0.0152223,0.0357922,-9.7353,-0.00931847,-0.00387215,5.18021e-06,0,0,0,-0.239582,0.000681591,-0.00427141,-0.970867,-0.00931847,-0.00387215,5.18021e-06
1765976278368935,0,-0.0151424,0.0356036,-9.73752,-0.00916777,-0.00391003,5.48539e-06,0,0,0,-0.239582,0.000677664,-0.00424668,-0.970867,-0.00916777,-0.00391003,5.48539e-06
1765976278373815,0,-0.015063,0.0354162,-9.73742,-0.00882846,-0.00383289,5.97367e-06,0,0,0,-0.239582,0.000673656,-0.00422261,-0.970867,-0.00882846,-0.00383289,5.97367e-06
1765976278378931,0,-0.014984,0.0352297,-9.73964,-0.00895681,-0.00383867,6.31547e-06,0,0,0,-0.239582,0.000669678,-0.0041987,-0.970867,-0.00895681,-0.00383867,6.31547e-06
1765976278383825,0,-0.0149054,0.0350443,-9.73954,-0.00880757,-0.00374208,6.80375e-06,0,0,0,-0.239582,0.000665813,-0.00417491,-0.970867,-0.00880757,-0.00374208,6.80375e-06
1765976278388836,0,-0.0148273,0.0348599,-9.7418,-0.00917632,-0.0039038,7.03568e-06,0,0,0,-0.239582,0.000661903,-0.0041507,-0.970867,-0.00917632,-0.0039038,7.03568e-06
1765976278393913,0,-0.0147496,0.0346765,-9.7417,-0.00918032,-0.00390883,6.81595e-06,0,0,0,-0.239582,0.000657918,-0.00412608,-0.970867,-0.00918032,-0.00390883,6.81595e-06
1765976278398919,0,-0.0146724,0.0344941,-9.74395,-0.00915469,-0.00391631,7.04789e-06,0,0,0,-0.239582,0.000653909,-0.0041015,-0.970867,-0.00915469,-0.00391631,7.04789e-06
1765976278403928,0,-0.0145955,0.0343128,-9.74385,-0.0088983,-0.00381876,7.4263e-06,0,0,0,-0.239582,0.000649937,-0.00407734,-0.970867,-0.0088983,-0.00381876,7.4263e-06
1765976278408914,0,-0.0145192,0.0341325,-9.74607,-0.00909458,-0.0038292,7.78031e-06,0,0,0,-0.239582,0.000646053,-0.00405317,-0.970867,-0.00909458,-0.0038292,7.78031e-06
1765976278413920,0,-0.0144432,0.0339532,-9.74597,-0.00898672,-0.00373598,8.03665e-06,0,0,0,-0.239582,0.000642303,-0.00402899,-0.970868,-0.00898672,-0.00373598,8.03665e-06
1765976278418926,0,-0.0143677,0.0337749,-9.74823,-0.0090768,-0.00368634,8.23197e-06,0,0,0,-0.239582,0.000638722,-0.00400483,-0.970868,-0.0090768,-0.00368634,8.23197e-06
1765976278423916,0,-0.0142926,0.0335977,-9.74814,-0.00889914,-0.00355714,8.61039e-06,0,0,0,-0.239582,0.000635336,-0.00398089,-0.970868,-0.00889914,-0.00355714,8.61039e-06
1765976278428931,0,-0.0142179,0.0334214,-9.75039,-0.00883863,-0.00354379,9.13529e-06,0,0,0,-0.239582,0.00063203,-0.00395726,-0.970868,-0.00883863,-0.00354379,9.13529e-06
1765976278433827,0,-0.0141436,0.0332462,-9.75029,-0.00856743,-0.00344213,9.29398e-06,0,0,0,-0.239582,0.000628773,-0.00393411,-0.970868,-0.00856743,-0.00344213,9.29398e-06
1765976278438907,0,-0.0140697,0.0330719,-9.75254,-0.00862123,-0.00344621,9.70902e-06,0,0,0,-0.239582,0.000625563,-0.00391118,-0.970868,-0.00862123,-0.00344621,9.70902e-06
1765976278443817,0,-0.0139962,0.0328986,-9.75245,-0.00843145,-0.00335888,1.02339e-05,0,0,0,-0.239582,0.000622421,-0.0038885,-0.970868,-0.00843145,-0.00335888,1.02339e-05
1765976278448929,0,-0.0139231,0.0327263,-9.75467,-0.00837687,-0.0034127,1.0649e-05,0,0,0,-0.239582,0.000619221,-0.00386608,-0.970868,-0.00837687,-0.0034127,1.0649e-05
1765976278453934,0,-0.0138504,0.0325549,-9.75458,-0.0081217,-0.00335915,1.08199e-05,0,0,0,-0.239582,0.000615941,-0.0038441,-0.970868,-0.0081217,-0.00335915,1.08199e-05
1765976278458954,0,-0.0137781,0.0323845,-9.75681,-0.00830999,-0.00348833,1.09908e-05,0,0,0,-0.239582,0.000612532,-0.00382205,-0.970868,-0.00830999,-0.00348833,1.09908e-05
1765976278463916,0,-0.0137061,0.032215,-9.75672,-0.00821723,-0.00348257,1.11372e-05,0,0,0,-0.239582,0.000609018,-0.00379993,-0.970868,-0.00821723,-0.00348257,1.11372e-05
1765976278468917,0,-0.0136346,0.0320464,-9.75898,-0.008356,-0.00357705,1.07344e-05,0,0,0,-0.239582,0.000605399,-0.00377766,-0.970869,-0.008356,-0.00357705,1.07344e-05
1765976278473908,0,-0.0135635,0.0318788,-9.75889,-0.00822943,-0.003546,1.08809e-05,0,0,0,-0.239582,0.000601721,-0.00375544,-0.970869,-0.00822943,-0.003546,1.08809e-05
1765976278478918,0,-0.0134928,0.0317121,-9.76107,-0.00815768,-0.00354217,1.11861e-05,0,0,0,-0.239582,0.000598024,-0.00373344,-0.970869,-0.00815768,-0.00354217,1.11861e-05
1765976278483929,0,-0.0134225,0.0315464,-9.76098,-0.00789686,-0.00344707,1.16255e-05,0,0,0,-0.239582,0.000594357,-0.00371194,-0.970869,-0.00789686,-0.00344707,1.16255e-05
1765976278488919,0,-0.0133525,0.0313815,-9.7632,-0.00761533,-0.00324393,1.23946e-05,0,0,0,-0.239582,0.000590915,-0.00369119,-0.970869,-0.00761533,-0.00324393,1.23946e-05
1765976278493926,0,-0.013283,0.0312175,-9.76312,-0.00722981,-0.00302468,1.27974e-05,0,0,0,-0.239582,0.000587783,-0.0036714,-0.970869,-0.00722981,-0.00302468,1.27974e-05
1765976278498922,0,-0.0132138,0.0310544,-9.76525,-0.00758855,-0.00318015,1.26509e-05,0,0,0,-0.239582,0.000584675,-0.00365146,-0.970869,-0.00758855,-0.00318015,1.26509e-05
1765976278503919,0,-0.013145,0.0308922,-9.76517,-0.00762754,-0.00319988,1.27119e-05,0,0,0,-0.239582,0.000581487,-0.00363108,-0.970869,-0.00762754,-0.00319988,1.27119e-05
1765976278508919,0,-0.0130765,0.0307308,-9.76737,-0.00760288,-0.00310985,1.3127e-05,0,0,0,-0.239583,0.000578411,-0.00361072,-0.970869,-0.00760288,-0.00310985,1.3127e-05
1765976278513917,0,-0.0130084,0.0305704,-9.76729,-0.0073879,-0.00296877,1.34566e-05,0,0,0,-0.239583,0.000575544,-0.00359076,-0.970869,-0.0073879,-0.00296877,1.34566e-05
1765976278518923,0,-0.0129407,0.0304108,-9.76943,-0.00738393,-0.00307554,1.37618e-05,0,0,0,-0.239583,0.000572607,-0.00357102,-0.970869,-0.00738393,-0.00307554,1.37618e-05
1765976278523909,0,-0.0128733,0.030252,-9.76936,-0.00718817,-0.00306589,1.38472e-05,0,0,0,-0.239583,0.000569508,-0.00355155,-0.970869,-0.00718817,-0.00306589,1.38472e-05
1765976278528818,0,-0.0128062,0.030094,-9.77148,-0.00688764,-0.00301757,1.46529e-05,0,0,0,-0.239583,0.000566335,-0.00353272,-0.970869,-0.00688764,-0.00301757,1.46529e-05
1765976278533822,0,-0.0127396,0.0299369,-9.77141,-0.00650883,-0.00290668,1.49458e-05,0,0,0,-0.239583,0.000563161,-0.00351479,-0.970869,-0.00650883,-0.00290668,1.49458e-05
1765976278538919,0,-0.0126732,0.0297806,-9.77353,-0.00675147,-0.0029576,1.50313e-05,0,0,0,-0.239583,0.000560018,-0.00349688,-0.97087,-0.00675147,-0.0029576,1.50313e-05
1765976278543918,0,-0.0126072,0.029625,-9.77346,-0.00673562,-0.00291397,1.51167e-05,0,0,0,-0.239583,0.000556941,-0.00347876,-0.97087,-0.00673562,-0.00291397,1.51167e-05
1765976278548900,0,-0.0125416,0.0294703,-9.77554,-0.00693165,-0.00296889,1.53365e-05,0,0,0,-0.239583,0.000553893,-0.00346036,-0.97087,-0.00693165,-0.00296889,1.53365e-05
1765976278553905,0,-0.0124763,0.0293164,-9.77547,-0.00688026,-0.00292765,1.5544e-05,0,0,0,-0.239583,0.00055088,-0.00344184,-0.97087,-0.00688026,-0.00292765,1.5544e-05
1765976278558919,0,-0.0124113,0.0291632,-9.77754,-0.00676452,-0.00273973,1.58614e-05,0,0,0,-0.239583,0.000548127,-0.00342363,-0.97087,-0.00676452,-0.00273973,1.58614e-05
1765976278563829,0,-0.0123467,0.0290109,-9.77748,-0.00651101,-0.00254375,1.61543e-05,0,0,0,-0.239583,0.000545723,-0.00340601,-0.97087,-0.00651101,-0.00254375,1.61543e-05
1765976278568805,0,-0.0122824,0.0288593,-9.77951,-0.00663255,-0.00262923,1.64107e-05,0,0,0,-0.239583,0.000543368,-0.00338847,-0.97087,-0.00663255,-0.00262923,1.64107e-05
1765976278573814,0,-0.0122184,0.0287086,-9.77945,-0.00653947,-0.00261713,1.66426e-05,0,0,0,-0.239583,0.000540943,-0.00337094,-0.97087,-0.00653947,-0.00261713,1.66426e-05
1765976278578812,0,-0.0121547,0.0285586,-9.78147,-0.00687323,-0.00270989,1.71309e-05,0,0,0,-0.239583,0.000538492,-0.00335298,-0.97087,-0.00687323,-0.00270989,1.71309e-05
1765976278583805,0,-0.0120913,0.0284094,-9.78141,-0.00691447,-0.00270024,1.75703e-05,0,0,0,-0.239583,0.00053606,-0.00333462,-0.97087,-0.00691447,-0.00270024,1.75703e-05
1765976278588799,0,-0.0120283,0.028261,-9.78341,-0.00681803,-0.00275242,1.78633e-05,0,0,0,-0.239583,0.000533537,-0.00331634,-0.97087,-0.00681803,-0.00275242,1.78633e-05
1765976278593802,0,-0.0119656,0.0281134,-9.78336,-0.00657597,-0.00271489,1.75093e-05,0,0,0,-0.239583,0.000530908,-0.00329851,-0.97087,-0.00657597,-0.00271489,1.75093e-05
1765976278598798,0,-0.0119032,0.0279665,-9.78532,-0.00666859,-0.00281236,1.70332e-05,0,0,0,-0.239583,0.000528148,-0.00328075,-0.97087,-0.00666859,-0.00281236,1.70332e-05
1765976278603809,0,-0.0118411,0.0278205,-9.78527,-0.00655561,-0.00280341,1.64717e-05,0,0,0,-0.239583,0.000525289,-0.00326305,-0.97087,-0.00655561,-0.00280341,1.64717e-05
1765976278608922,0,-0.0117794,0.0276752,-9.78729,-0.00607595,-0.00248759,1.68501e-05,0,0,0,-0.239583,0.000522699,-0.00324627,-0.97087,-0.00607595,-0.00248759,1.68501e-05
1765976278613821,0,-0.0117179,0.0275306,-9.78724,-0.00559957,-0.0022135,1.74971e-05,0,0,0,-0.239583,0.000520528,-0.00323083,-0.97087,-0.00559957,-0.0022135,1.74971e-05
1765976278618926,0,-0.0116568,0.0273867,-9.78913,-0.0056244,-0.00226269,1.78511e-05,0,0,0,-0.239583,0.000518446,-0.00321586,-0.97087,-0.0056244,-0.00226269,1.78511e-05
1765976278623815,0,-0.0115959,0.0272435,-9.78909,-0.00549387,-0.00223596,1.8437e-05,0,0,0,-0.239583,0.000516315,-0.00320105,-0.97087,-0.00549387,-0.00223596,1.8437e-05
1765976278628812,0,-0.0115353,0.027101,-9.79094,-0.00566483,-0.00221517,1.90474e-05,0,0,0,-0.239583,0.00051427,-0.00318614,-0.970871,-0.00566483,-0.00221517,1.90474e-05
1765976278633922,0,-0.011475,0.0269592,-9.7909,-0.00562994,-0.00214344,1.9438e-05,0,0,0,-0.239583,0.000512378,-0.00317114,-0.970871,-0.00562994,-0.00214344,1.9438e-05
1765976278638796,0,-0.0114149,0.0268181,-9.7928,-0.00565307,-0.00235292,1.93526e-05,0,0,0,-0.239583,0.000510251,-0.00315608,-0.970871,-0.00565307,-0.00235292,1.93526e-05
1765976278643927,0,-0.0113552,0.0266776,-9.79276,-0.00552058,-0.00243014,1.94136e-05,0,0,0,-0.239583,0.000507766,-0.00314111,-0.970871,-0.00552058,-0.00243014,1.94136e-05
1765976278648817,0,-0.0112957,0.0265379,-9.79456,-0.00557971,-0.00249305,1.93892e-05,0,0,0,-0.239583,0.000505104,-0.00312615,-0.970871,-0.00557971,-0.00249305,1.93892e-05
1765976278653802,0,-0.0112366,0.0263988,-9.79452,-0.00547291,-0.00246948,1.93526e-05,0,0,0,-0.239583,0.000502391,-0.00311128,-0.970871,-0.00547291,-0.00246948,1.93526e-05
1765976278658801,0,-0.0111777,0.0262604,-9.79633,-0.00557037,-0.00246294,1.94502e-05,0,0,0,-0.239583,0.000499719,-0.00309638,-0.970871,-0.00557037,-0.00246294,1.94502e-05
1765976278663777,0,-0.0111191,0.0261226,-9.7963,-0.00548929,-0.00239408,1.94136e-05,0,0,0,-0.239583,0.000497149,-0.00308152,-0.970871,-0.00548929,-0.00239408,1.94136e-05
1765976278668797,0,-0.0110608,0.0259855,-9.79805,-0.00545434,-0.00233195,1.9731e-05,0,0,0,-0.239583,0.000494704,-0.00306684,-0.970871,-0.00545434,-0.00233195,1.9731e-05
1765976278673802,0,-0.0110028,0.0258491,-9.79802,-0.00528858,-0.00222977,1.98286e-05,0,0,0,-0.239583,0.0004924,-0.00305248,-0.970871,-0.00528858,-0.00222977,1.98286e-05
1765976278678798,0,-0.0109451,0.0257134,-9.79978,-0.00514976,-0.00216828,2.00728e-05,0,0,0,-0.239583,0.000490195,-0.00303853,-0.970871,-0.00514976,-0.00216828,2.00728e-05
1765976278683782,0,-0.0108876,0.0255783,-9.79976,-0.00492321,-0.00207093,2.04512e-05,0,0,0,-0.239583,0.000488077,-0.0030251,-0.970871,-0.00492321,-0.00207093,2.04512e-05
1765976278688781,0,-0.0108304,0.0254437,-9.80143,-0.00483888,-0.00204561,2.02437e-05,0,0,0,-0.239583,0.000486005,-0.00301204,-0.970871,-0.00483888,-0.00204561,2.02437e-05
1765976278693800,0,-0.0107735,0.0253099,-9.80141,-0.00465664,-0.00197542,1.97188e-05,0,0,0,-0.239583,0.000483975,-0.00299936,-0.970871,-0.00465664,-0.00197542,1.97188e-05
1765976278698781,0,-0.0107168,0.0251766,-9.80301,-0.00506107,-0.00204677,1.87422e-05,0,0,0,-0.239583,0.000482011,-0.00298626,-0.970871,-0.00506107,-0.00204677,1.87422e-05
1765976278703798,0,-0.0106604,0.0250439,-9.80299,-0.00519636,-0.00204058,1.79487e-05,0,0,0,-0.239583,0.000480132,-0.00297256,-0.970871,-0.00519636,-0.00204058,1.79487e-05
1765976278708778,0,-0.0106042,0.0249119,-9.80465,-0.00515893,-0.00202132,1.70698e-05,0,0,0,-0.239583,0.000478306,-0.00295879,-0.970871,-0.00515893,-0.00202132,1.70698e-05
1765976278713782,0,-0.0105483,0.0247805,-9.80464,-0.00499916,-0.00195577,1.63252e-05,0,0,0,-0.239583,0.000476528,-0.00294531,-0.970871,-0.00499916,-0.00195577,1.63252e-05
1765976278718798,0,-0.0104926,0.0246497,-9.80625,-0.00511877,-0.00216724,1.60444e-05,0,0,0,-0.239583,0.00047451,-0.00293176,-0.970871,-0.00511877,-0.00216724,1.60444e-05
1765976278723802,0,-0.0104373,0.0245196,-9.80624,-0.0050641,-0.00225047,1.59346e-05,0,0,0,-0.239583,0.000472175,-0.00291808,-0.970871,-0.0050641,-0.00225047,1.59346e-05
1765976278728797,0,-0.0103821,0.02439,-9.80776,-0.00524667,-0.00228404,1.52022e-05,0,0,0,-0.239583,0.000469762,-0.00290417,-0.970872,-0.00524667,-0.00228404,1.52022e-05
1765976278733783,0,-0.0103273,0.0242612,-9.80775,-0.00523018,-0.00224649,1.45186e-05,0,0,0,-0.239583,0.00046741,-0.0028901,-0.970872,-0.00523018,-0.00224649,1.45186e-05
1765976278738779,0,-0.0102727,0.0241329,-9.80926,-0.00532623,-0.0021974,1.48359e-05,0,0,0,-0.239583,0.000465196,-0.00287594,-0.970872,-0.00532623,-0.0021974,1.48359e-05
1765976278743778,0,-0.0102184,0.0240053,-9.80926,-0.00525044,-0.00210733,1.4958e-05,0,0,0,-0.239583,0.000463156,-0.00286184,-0.970872,-0.00525044,-0.00210733,1.4958e-05
1765976278748801,0,-0.0101644,0.0238783,-9.81069,-0.00558806,-0.00228108,1.43843e-05,0,0,0,-0.239583,0.000461054,-0.00284728,-0.970872,-0.00558806,-0.00228108,1.43843e-05
1765976278753777,0,-0.0101106,0.023752,-9.81069,-0.0056654,-0.00233646,1.40303e-05,0,0,0,-0.239583,0.000458812,-0.00283222,-0.970872,-0.0056654,-0.00233646,1.40303e-05
1765976278758798,0,-0.0100571,0.0236264,-9.81222,-0.00548612,-0.0022405,1.41035e-05,0,0,0,-0.239583,0.000456609,-0.00281736,-0.970872,-0.00548612,-0.0022405,1.41035e-05
1765976278763799,0,-0.0100039,0.0235014,-9.81222,-0.00522404,-0.00211839,1.39692e-05,0,0,0,-0.239583,0.000454541,-0.00280313,-0.970872,-0.00522404,-0.00211839,1.39692e-05
1765976278768805,0,-0.00995088,0.023377,-9.81366,-0.00512584,-0.00208334,1.40303e-05,0,0,0,-0.239583,0.000452544,-0.00278934,-0.970872,-0.00512584,-0.00208334,1.40303e-05
1765976278773779,0,-0.00989817,0.0232533,-9.81366,-0.00492697,-0.00200556,1.41157e-05,0,0,0,-0.239583,0.000450599,-0.00277597,-0.970872,-0.00492697,-0.00200556,1.41157e-05
1765976278778795,0,-0.00984572,0.0231301,-9.81497,-0.0050145,-0.00221073,1.39814e-05,0,0,0,-0.239583,0.000448415,-0.00276261,-0.970872,-0.0050145,-0.00221073,1.39814e-05
1765976278783799,0,-0.00979352,0.0230076,-9.81498,-0.00494128,-0.00228852,1.39937e-05,0,0,0,-0.239583,0.000445913,-0.00274919,-0.970872,-0.00494128,-0.00228852,1.39937e-05
1765976278788797,0,-0.0097416,0.0228857,-9.81626,-0.00509881,-0.00232046,1.41768e-05,0,0,0,-0.239583,0.000443328,-0.00273558,-0.970872,-0.00509881,-0.00232046,1.41768e-05
1765976278793796,0,-0.00968995,0.0227644,-9.81628,-0.00506969,-0.00228086,1.45186e-05,0,0,0,-0.239583,0.000440796,-0.00272187,-0.970872,-0.00506969,-0.00228086,1.45186e-05
1765976278798809,0,-0.00963857,0.0226437,-9.81755,-0.00529944,-0.00228894,1.44697e-05,0,0,0,-0.239583,0.000438368,-0.00270787,-0.970872,-0.00529944,-0.00228894,1.44697e-05
1765976278803804,0,-0.00958746,0.0225236,-9.81757,-0.00531305,-0.00223441,1.42988e-05,0,0,0,-0.239583,0.00043607,-0.00269363,-0.970872,-0.00531305,-0.00223441,1.42988e-05
1765976278808784,0,-0.00953661,0.0224041,-9.81885,-0.00518769,-0.00214265,1.45186e-05,0,0,0,-0.239583,0.000433918,-0.00267961,-0.970872,-0.00518769,-0.00214265,1.45186e-05
1765976278813784,0,-0.00948603,0.0222853,-9.81887,-0.0049692,-0.00202574,1.44575e-05,0,0,0,-0.239583,0.000431916,-0.0026661,-0.970872,-0.0049692,-0.00202574,1.44575e-05
1765976278818781,0,-0.00943569,0.0221671,-9.82003,-0.00524516,-0.0022125,1.47261e-05,0,0,0,-0.239583,0.000429803,-0.00265236,-0.970872,-0.00524516,-0.0022125,1.47261e-05
1765976278823808,0,-0.00938561,0.0220495,-9.82006,-0.00529068,-0.00227818,1.46894e-05,0,0,0,-0.239583,0.000427495,-0.00263821,-0.970872,-0.00529068,-0.00227818,1.46894e-05
1765976278828811,0,-0.00933581,0.0219325,-9.82127,-0.00520833,-0.00232101,1.44819e-05,0,0,0,-0.239583,0.000425042,-0.00262411,-0.970872,-0.00520833,-0.00232101,1.44819e-05
1765976278833922,0,-0.00928626,0.0218161,-9.82131,-0.00501784,-0.00228864,1.4604e-05,0,0,0,-0.239583,0.000422507,-0.00261037,-0.970872,-0.00501784,-0.00228864,1.4604e-05
1765976278838818,0,-0.00923699,0.0217004,-9.82243,-0.0050496,-0.00217792,1.49214e-05,0,0,0,-0.239583,0.00042013,-0.00259681,-0.970872,-0.0050496,-0.00217792,1.49214e-05
1765976278843918,0,-0.00918797,0.0215852,-9.82247,-0.00493869,-0.00204757,1.50068e-05,0,0,0,-0.239583,0.000418018,-0.00258346,-0.970872,-0.00493869,-0.00204757,1.50068e-05
1765976278848814,0,-0.00913921,0.0214706,-9.82355,-0.0049893,-0.00216617,1.51167e-05,0,0,0,-0.239583,0.000415852,-0.00257013,-0.970872,-0.0049893,-0.00216617,1.51167e-05
1765976278853804,0,-0.00909071,0.0213566,-9.82359,-0.00489226,-0.002188,1.53608e-05,0,0,0,-0.239583,0.000413516,-0.00255685,-0.970872,-0.00489226,-0.002188,1.53608e-05
1765976278858803,0,-0.00904245,0.0212432,-9.82459,-0.00510935,-0.002165,1.5727e-05,0,0,0,-0.239583,0.000411247,-0.00254336,-0.970873,-0.00510935,-0.002165,1.5727e-05
1765976278863776,0,-0.00899446,0.0211305,-9.82464,-0.0051193,-0.00209324,1.56538e-05,0,0,0,-0.239583,0.00040916,-0.00252967,-0.970873,-0.0051193,-0.00209324,1.56538e-05
1765976278868800,0,-0.00894671,0.0210183,-9.82562,-0.00508354,-0.00209962,1.55928e-05,0,0,0,-0.239583,0.000407124,-0.00251605,-0.970873,-0.00508354,-0.00209962,1.55928e-05
1765976278873786,0,-0.00889922,0.0209067,-9.82566,-0.00492691,-0.00204897,1.57881e-05,0,0,0,-0.239583,0.00040509,-0.0025027,-0.970873,-0.00492691,-0.00204897,1.57881e-05
1765976278878803,0,-0.00885197,0.0207957,-9.82669,-0.00474861,-0.00205242,1.5727e-05,0,0,0,-0.239583,0.000402998,-0.00248977,-0.970873,-0.00474861,-0.00205242,1.5727e-05
1765976278883812,0,-0.00880496,0.0206852,-9.82674,-0.00450647,-0.00200109,1.56538e-05,0,0,0,-0.239583,0.000400848,-0.00247739,-0.970873,-0.00450647,-0.00200109,1.56538e-05
1765976278888785,0,-0.00875819,0.0205753,-9.82769,-0.00450673,-0.00192388,1.59468e-05,0,0,0,-0.239583,0.000398803,-0.00246528,-0.970873,-0.00450673,-0.00192388,1.59468e-05
1765976278893803,0,-0.00871167,0.020466,-9.82775,-0.00438891,-0.00182251,1.59956e-05,0,0,0,-0.239583,0.000396938,-0.00245339,-0.970873,-0.00438891,-0.00182251,1.59956e-05
1765976278898801,0,-0.00866536,0.0203572,-9.82854,-0.00473484,-0.00198196,1.57148e-05,0,0,0,-0.239583,0.000395035,-0.00244109,-0.970873,-0.00473484,-0.00198196,1.57148e-05
1765976278903779,0,-0.00861929,0.0202489,-9.82859,-0.00484015,-0.00203571,1.52754e-05,0,0,0,-0.239583,0.00039302,-0.00242824,-0.970873,-0.00484015,-0.00203571,1.52754e-05
1765976278908797,0,-0.00857346,0.0201413,-9.8295,-0.00473571,-0.00193195,1.51045e-05,0,0,0,-0.239583,0.000391092,-0.00241546,-0.970873,-0.00473571,-0.00193195,1.51045e-05
1765976278913798,0,-0.00852787,0.0200342,-9.82956,-0.00454276,-0.00181268,1.51411e-05,0,0,0,-0.239583,0.000389343,-0.00240313,-0.970873,-0.00454276,-0.00181268,1.51411e-05
1765976278918784,0,-0.0084825,0.0199276,-9.83032,-0.00478169,-0.00200735,1.49702e-05,0,0,0,-0.239583,0.000387467,-0.0023906,-0.970873,-0.00478169,-0.00200735,1.49702e-05
1765976278923799,0,-0.00843737,0.0198216,-9.83038,-0.00481486,-0.00208376,1.48604e-05,0,0,0,-0.239583,0.000385359,-0.00237772,-0.970873,-0.00481486,-0.00208376,1.48604e-05
1765976278928797,0,-0.00839248,0.0197162,-9.8312,-0.00469365,-0.00199177,1.49336e-05,0,0,0,-0.239583,0.000383276,-0.00236499,-0.970873,-0.00469365,-0.00199177,1.49336e-05
1765976278933780,0,-0.00834782,0.0196114,-9.83126,-0.00449063,-0.00187886,1.51777e-05,0,0,0,-0.239583,0.000381344,-0.00235274,-0.970873,-0.00449063,-0.00187886,1.51777e-05
1765976278938800,0,-0.0083034,0.019507,-9.83198,-0.00448419,-0.00188573,1.55806e-05,0,0,0,-0.239583,0.000379461,-0.00234073,-0.970873,-0.00448419,-0.00188573,1.55806e-05
1765976278943802,0,-0.00825921,0.0194032,-9.83205,-0.0043626,-0.00184102,1.5898e-05,0,0,0,-0.239583,0.000377591,-0.00232891,-0.970873,-0.0043626,-0.00184102,1.5898e-05
1765976278948776,0,-0.00821523,0.0193,-9.83271,-0.00443828,-0.00184622,1.62275e-05,0,0,0,-0.239583,0.000375755,-0.0023171,-0.970873,-0.00443828,-0.00184622,1.62275e-05
1765976278953808,0,-0.00817148,0.0191973,-9.83279,-0.00437228,-0.0018013,1.63374e-05,0,0,0,-0.239583,0.000373974,-0.00230534,-0.970873,-0.00437228,-0.0018013,1.63374e-05
1765976278958805,0,-0.00812795,0.0190951,-9.83347,-0.00438126,-0.00183361,1.62031e-05,0,0,0,-0.239583,0.000372177,-0.00229362,-0.970873,-0.00438126,-0.00183361,1.62031e-05
1765976278963778,0,-0.00808464,0.0189934,-9.83355,-0.00427267,-0.00180702,1.62764e-05,0,0,0,-0.239583,0.00037035,-0.00228206,-0.970873,-0.00427267,-0.00180702,1.62764e-05
1765976278968809,0,-0.00804155,0.0188922,-9.83418,-0.00430967,-0.00174299,1.6313e-05,0,0,0,-0.239583,0.00036863,-0.00227057,-0.970873,-0.00430967,-0.00174299,1.6313e-05
1765976278973804,0,-0.00799867,0.0187916,-9.83426,-0.00422152,-0.0016552,1.61543e-05,0,0,0,-0.239583,0.000367077,-0.00225923,-0.970873,-0.00422152,-0.0016552,1.61543e-05
1765976278978778,0,-0.007956,0.0186915,-9.83481,-0.00417367,-0.00170348,1.64107e-05,0,0,0,-0.239583,0.0003655,-0.00224804,-0.970873,-0.00417367,-0.00170348,1.64107e-05
1765976278983817,0,-0.00791353,0.0185919,-9.8349,-0.00403278,-0.00169078,1.6606e-05,0,0,0,-0.239583,0.000363833,-0.0022371,-0.970873,-0.00403278,-0.00169078,1.6606e-05
1765976278988784,0,-0.00787128,0.0184927,-9.83539,-0.00428669,-0.00170197,1.69478e-05,0,0,0,-0.239583,0.00036222,-0.00222593,-0.970873,-0.00428669,-0.00170197,1.69478e-05
1765976278993800,0,-0.00782924,0.0183941,-9.83547,-0.0043428,-0.00166476,1.70332e-05,0,0,0,-0.239583,0.00036073,-0.00221444,-0.970873,-0.0043428,-0.00166476,1.70332e-05
1765976278998802,0,-0.0077874,0.018296,-9.83601,-0.00434516,-0.00170219,1.73384e-05,0,0,0,-0.239583,0.000359237,-0.00220288,-0.970873,-0.00434516,-0.00170219,1.73384e-05
1765976279003800,0,-0.00774577,0.0181984,-9.8361,-0.00423324,-0.00168242,1.72774e-05,0,0,0,-0.239583,0.000357697,-0.00219148,-0.970873,-0.00423324,-0.00168242,1.72774e-05
1765976279008798,0,-0.00770435,0.0181014,-9.83656,-0.00435061,-0.00190937,1.69966e-05,0,0,0,-0.239583,0.00035586,-0.00217995,-0.970873,-0.00435061,-0.00190937,1.69966e-05
1765976279013799,0,-0.00766315,0.0180048,-9.83664,-0.00431453,-0.00200966,1.67769e-05,0,0,0,-0.239583,0.000353673,-0.00216826,-0.970873,-0.00431453,-0.00200966,1.67769e-05
1765976279018807,0,-0.00762218,0.0179088,-9.83704,-0.00438304,-0.0020676,1.68135e-05,0,0,0,-0.239583,0.000351319,-0.00215647,-0.970873,-0.00438304,-0.0020676,1.68135e-05
1765976279023779,0,-0.00758145,0.0178133,-9.83713,-0.00431376,-0.00205186,1.70454e-05,0,0,0,-0.239583,0.000348924,-0.0021447,-0.970873,-0.00431376,-0.00205186,1.70454e-05
1765976279028802,0,-0.00754096,0.0177182,-9.83753,-0.00429319,-0.00200426,1.68623e-05,0,0,0,-0.239583,0.000346589,-0.00213304,-0.970873,-0.00429319,-0.00200426,1.68623e-05
1765976279033798,0,-0.00750069,0.0176237,-9.83762,-0.00416717,-0.00192033,1.64839e-05,0,0,0,-0.239583,0.000344373,-0.00212164,-0.970873,-0.00416717,-0.00192033,1.64839e-05
1765976279038786,0,-0.00746065,0.0175297,-9.83798,-0.00416616,-0.00188631,1.62031e-05,0,0,0,-0.239583,0.000342257,-0.00211039,-0.970873,-0.00416616,-0.00188631,1.62031e-05
1765976279043798,0,-0.00742083,0.0174362,-9.83808,-0.00405646,-0.00181455,1.61665e-05,0,0,0,-0.239583,0.000340239,-0.00209933,-0.970874,-0.00405646,-0.00181455,1.61665e-05
1765976279048801,0,-0.00738123,0.0173432,-9.8384,-0.00418064,-0.00166433,1.64229e-05,0,0,0,-0.239583,0.000338528,-0.00208827,-0.970874,-0.00418064,-0.00166433,1.64229e-05
1765976279053795,0,-0.00734182,0.0172507,-9.8385,-0.0041534,-0.00152135,1.66426e-05,0,0,0,-0.239583,0.00033719,-0.00207722,-0.970874,-0.0041534,-0.00152135,1.66426e-05
1765976279058800,0,-0.0073026,0.0171586,-9.83881,-0.00410817,-0.00161894,1.66426e-05,0,0,0,-0.239583,0.000335827,-0.00206626,-0.970874,-0.00410817,-0.00161894,1.66426e-05
1765976279063923,0,-0.00726358,0.0170671,-9.83891,-0.00397073,-0.00164118,1.66182e-05,0,0,0,-0.239583,0.000334276,-0.00205551,-0.970874,-0.00397073,-0.00164118,1.66182e-05
1765976279068911,0,-0.00722477,0.016976,-9.83912,-0.00407839,-0.00164537,1.69356e-05,0,0,0,-0.239583,0.000332704,-0.00204473,-0.970874,-0.00407839,-0.00164537,1.69356e-05
1765976279073817,0,-0.00718615,0.0168854,-9.83922,-0.00404292,-0.00160508,1.74361e-05,0,0,0,-0.239583,0.000331199,-0.00203391,-0.970874,-0.00404292,-0.00160508,1.74361e-05
1765976279078924,0,-0.00714773,0.0167953,-9.83941,-0.00407273,-0.00172483,1.71187e-05,0,0,0,-0.239583,0.000329561,-0.00202305,-0.970874,-0.00407273,-0.00172483,1.71187e-05
1765976279083932,0,-0.00710951,0.0167057,-9.83953,-0.00398607,-0.00175903,1.7082e-05,0,0,0,-0.239583,0.000327733,-0.00201225,-0.970874,-0.00398607,-0.00175903,1.7082e-05
1765976279088915,0,-0.0070715,0.0166166,-9.83972,-0.00406813,-0.00184612,1.76069e-05,0,0,0,-0.239583,0.000325753,-0.00200137,-0.970874,-0.00406813,-0.00184612,1.76069e-05
1765976279093929,0,-0.0070337,0.0165279,-9.83982,-0.00401597,-0.00185541,1.78511e-05,0,0,0,-0.239583,0.000323676,-0.00199046,-0.970874,-0.00401597,-0.00185541,1.78511e-05
1765976279098930,0,-0.00699612,0.0164397,-9.83994,-0.00415474,-0.00183006,1.78267e-05,0,0,0,-0.239583,0.000321665,-0.00197941,-0.970874,-0.00415474,-0.00183006,1.78267e-05
1765976279103823,0,-0.00695875,0.016352,-9.84006,-0.00413789,-0.00176543,1.79976e-05,0,0,0,-0.239583,0.0003198,-0.00196828,-0.970874,-0.00413789,-0.00176543,1.79976e-05
1765976279108926,0,-0.00692158,0.0162648,-9.84022,-0.00407646,-0.00176384,1.81441e-05,0,0,0,-0.239583,0.000317973,-0.00195726,-0.970874,-0.00407646,-0.00176384,1.81441e-05
1765976279113927,0,-0.00688462,0.0161781,-9.84033,-0.00392921,-0.00171668,1.81319e-05,0,0,0,-0.239583,0.00031615,-0.00194655,-0.970874,-0.00392921,-0.00171668,1.81319e-05
1765976279118816,0,-0.00684786,0.0160918,-9.84035,-0.00402614,-0.00180886,1.68501e-05,0,0,0,-0.239583,0.000314237,-0.00193581,-0.970874,-0.00402614,-0.00180886,1.68501e-05
1765976279123803,0,-0.00681132,0.016006,-9.84047,-0.00398503,-0.00182266,1.59346e-05,0,0,0,-0.239583,0.000312223,-0.00192501,-0.970874,-0.00398503,-0.00182266,1.59346e-05
1765976279128821,0,-0.00677498,0.0159206,-9.84056,-0.00397594,-0.00178292,1.51655e-05,0,0,0,-0.239583,0.00031024,-0.00191427,-0.970874,-0.00397594,-0.00178292,1.51655e-05
1765976279133800,0,-0.00673885,0.0158358,-9.84068,-0.00386606,-0.00171001,1.43233e-05,0,0,0,-0.239583,0.000308361,-0.00190374,-0.970874,-0.00386606,-0.00171001,1.43233e-05
1765976279138796,0,-0.00670292,0.0157514,-9.84071,-0.00374994,-0.00158743,1.37861e-05,0,0,0,-0.239583,0.000306663,-0.00189354,-0.970874,-0.00374994,-0.00158743,1.37861e-05
1765976279143796,0,-0.00666717,0.0156674,-9.84083,-0.003575,-0.00146486,1.33467e-05,0,0,0,-0.239583,0.000305171,-0.00188379,-0.970874,-0.003575,-0.00146486,1.33467e-05
1765976279148797,0,-0.00663162,0.0155839,-9.84083,-0.00360714,-0.00145303,1.33223e-05,0,0,0,-0.239583,0.000303786,-0.00187419,-0.970874,-0.00360714,-0.00145303,1.33223e-05
1765976279153797,0,-0.00659623,0.0155008,-9.84096,-0.00353415,-0.00140719,1.34444e-05,0,0,0,-0.239583,0.00030246,-0.00186469,-0.970874,-0.00353415,-0.00140719,1.34444e-05
1765976279158796,0,-0.00656103,0.0154181,-9.8409,-0.00344677,-0.00146183,1.35908e-05,0,0,0,-0.239583,0.00030105,-0.00185538,-0.970874,-0.00344677,-0.00146183,1.35908e-05
1765976279163797,0,-0.006526,0.0153359,-9.84103,-0.00329882,-0.00145964,1.36641e-05,0,0,0,-0.239583,0.000299517,-0.00184635,-0.970874,-0.00329882,-0.00145964,1.36641e-05
1765976279168798,0,-0.00649115,0.015254,-9.84097,-0.00323751,-0.00147805,1.28218e-05,0,0,0,-0.239583,0.000297901,-0.00183755,-0.970874,-0.00323751,-0.00147805,1.28218e-05
1765976279173798,0,-0.00645647,0.0151726,-9.8411,-0.0031123,-0.00145155,1.20039e-05,0,0,0,-0.239583,0.000296246,-0.001829,-0.970874,-0.0031123,-0.00145155,1.20039e-05
1765976279178805,0,-0.00642197,0.0150915,-9.84101,-0.00324451,-0.00144176,1.16743e-05,0,0,0,-0.239583,0.000294649,-0.00182039,-0.970874,-0.00324451,-0.00144176,1.16743e-05
1765976279183779,0,-0.00638765,0.0150109,-9.84114,-0.00324713,-0.00139774,1.13447e-05,0,0,0,-0.239583,0.000293157,-0.00181166,-0.970874,-0.00324713,-0.00139774,1.13447e-05
1765976279188799,0,-0.00635351,0.0149307,-9.84099,-0.00338339,-0.00145493,1.09053e-05,0,0,0,-0.239583,0.000291675,-0.00180272,-0.970874,-0.00338339,-0.00145493,1.09053e-05
1765976279193799,0,-0.00631953,0.0148508,-9.84112,-0.00338506,-0.00145476,1.06856e-05,0,0,0,-0.239583,0.000290171,-0.00179364,-0.970874,-0.00338506,-0.00145476,1.06856e-05
1765976279198799,0,-0.00628574,0.0147714,-9.84097,-0.00344514,-0.00148172,1.08687e-05,0,0,0,-0.239583,0.00028865,-0.00178445,-0.970874,-0.00344514,-0.00148172,1.08687e-05
1765976279203798,0,-0.00625212,0.0146924,-9.8411,-0.00339485,-0.00146079,1.11738e-05,0,0,0,-0.239583,0.00028713,-0.00177528,-0.970874,-0.00339485,-0.00146079,1.11738e-05
1765976279208800,0,-0.00621867,0.0146138,-9.8409,-0.0034959,-0.00137033,1.16621e-05,0,0,0,-0.239583,0.000285785,-0.00176606,-0.970874,-0.0034959,-0.00137033,1.16621e-05
1765976279213798,0,-0.00618539,0.0145356,-9.84103,-0.00347161,-0.00127469,1.20772e-05,0,0,0,-0.239583,0.000284684,-0.00175682,-0.970874,-0.00347161,-0.00127469,1.20772e-05
1765976279218799,0,-0.00615228,0.0144578,-9.84082,-0.00348125,-0.00133896,1.18941e-05,0,0,0,-0.239583,0.000283579,-0.00174759,-0.970874,-0.00348125,-0.00133896,1.18941e-05
1765976279223809,0,-0.00611933,0.0143805,-9.84095,-0.00339666,-0.00134653,1.1711e-05,0,0,0,-0.239583,0.000282373,-0.00173846,-0.970874,-0.00339666,-0.00134653,1.1711e-05
1765976279228802,0,-0.00608655,0.0143036,-9.84075,-0.00345861,-0.00132699,1.15889e-05,0,0,0,-0.239583,0.00028119,-0.00172933,-0.970874,-0.00345861,-0.00132699,1.15889e-05
1765976279233803,0,-0.00605392,0.014227,-9.84089,-0.0034091,-0.00127948,1.16621e-05,0,0,0,-0.239583,0.000280092,-0.00172023,-0.970874,-0.0034091,-0.00127948,1.16621e-05
1765976279238800,0,-0.00602146,0.0141509,-9.84058,-0.00352945,-0.00135748,1.17598e-05,0,0,0,-0.239583,0.000278958,-0.00171098,-0.970874,-0.00352945,-0.00135748,1.17598e-05
1765976279243931,0,-0.00598916,0.0140752,-9.84072,-0.00351679,-0.00137362,1.19673e-05,0,0,0,-0.239583,0.000277749,-0.00170162,-0.970874,-0.00351679,-0.00137362,1.19673e-05
1765976279248930,0,-0.00595703,0.0139999,-9.84045,-0.00358573,-0.00147498,1.20039e-05,0,0,0,-0.239583,0.000276398,-0.00169212,-0.970874,-0.00358573,-0.00147498,1.20039e-05
1765976279253819,0,-0.00592508,0.013925,-9.84059,-0.00353751,-0.00150343,1.20405e-05,0,0,0,-0.239583,0.000274907,-0.00168259,-0.970874,-0.00353751,-0.00150343,1.20405e-05
1765976279258924,0,-0.0058933,0.0138506,-9.84028,-0.00363859,-0.00167126,1.22114e-05,0,0,0,-0.239583,0.000273169,-0.0016729,-0.970874,-0.00363859,-0.00167126,1.22114e-05
1765976279263912,0,-0.00586171,0.0137765,-9.84042,-0.00361028,-0.00173852,1.2187e-05,0,0,0,-0.239583,0.000271183,-0.00166308,-0.970874,-0.00361028,-0.00173852,1.2187e-05
1765976279268907,0,-0.00583031,0.0137029,-9.84011,-0.00368449,-0.00170629,1.19551e-05,0,0,0,-0.239583,0.0002692,-0.00165318,-0.970874,-0.00368449,-0.00170629,1.19551e-05
1765976279273909,0,-0.00579911,0.0136297,-9.84025,-0.00363719,-0.00164023,1.19551e-05,0,0,0,-0.239583,0.000267344,-0.00164331,-0.970874,-0.00363719,-0.00164023,1.19551e-05
1765976279278919,0,-0.0057681,0.0135569,-9.83991,-0.00358868,-0.00162492,1.16133e-05,0,0,0,-0.239583,0.000265546,-0.00163358,-0.970874,-0.00358868,-0.00162492,1.16133e-05
1765976279283921,0,-0.00573726,0.0134846,-9.84005,-0.0034628,-0.00157223,1.13447e-05,0,0,0,-0.239583,0.000263783,-0.0016241,-0.970874,-0.0034628,-0.00157223,1.13447e-05
1765976279288923,0,-0.00570661,0.0134126,-9.83967,-0.00352866,-0.00151825,1.14302e-05,0,0,0,-0.239583,0.000262144,-0.00161467,-0.970874,-0.00352866,-0.00151825,1.14302e-05
1765976279293828,0,-0.00567614,0.0133411,-9.83981,-0.00348001,-0.00144275,1.15156e-05,0,0,0,-0.239583,0.000260664,-0.0016053,-0.970874,-0.00348001,-0.00144275,1.15156e-05
1765976279298945,0,-0.00564583,0.0132699,-9.83942,-0.00345029,-0.0014113,1.15645e-05,0,0,0,-0.239583,0.000259282,-0.00159604,-0.970875,-0.00345029,-0.0014113,1.15645e-05
1765976279303823,0,-0.00561569,0.0131992,-9.83956,-0.00334053,-0.00135349,1.16133e-05,0,0,0,-0.239583,0.000257968,-0.001587,-0.970875,-0.00334053,-0.00135349,1.16133e-05
1765976279308919,0,-0.00558572,0.0131289,-9.83917,-0.0032154,-0.00140902,1.12837e-05,0,0,0,-0.239583,0.000256558,-0.00157824,-0.970875,-0.0032154,-0.00140902,1.12837e-05
1765976279313927,0,-0.0055559,0.0130589,-9.83932,-0.00304849,-0.00140876,1.10151e-05,0,0,0,-0.239583,0.000255004,-0.00156984,-0.970875,-0.00304849,-0.00140876,1.10151e-05
1765976279318809,0,-0.00552626,0.0129893,-9.83888,-0.00313426,-0.0013486,1.09907e-05,0,0,0,-0.239583,0.000253529,-0.00156149,-0.970875,-0.00313426,-0.0013486,1.09907e-05
1765976279323818,0,-0.00549677,0.0129201,-9.83902,-0.00310903,-0.00127364,1.11128e-05,0,0,0,-0.239583,0.000252233,-0.00155314,-0.970875,-0.00310903,-0.00127364,1.11128e-05
1765976279328801,0,-0.00546744,0.0128512,-9.83859,-0.00299581,-0.0013433,1.12837e-05,0,0,0,-0.239583,0.000250862,-0.00154497,-0.970875,-0.00299581,-0.0013433,1.12837e-05
1765976279333803,0,-0.00543826,0.0127827,-9.83873,-0.00284246,-0.0013542,1.154e-05,0,0,0,-0.239583,0.000249324,-0.00153712,-0.970875,-0.00284246,-0.0013542,1.154e-05
1765976279338807,0,-0.00540925,0.0127146,-9.83825,-0.00299124,-0.00137025,1.19429e-05,0,0,0,-0.239583,0.00024777,-0.00152918,-0.970875,-0.00299124,-0.00137025,1.19429e-05
1765976279343917,0,-0.0053804,0.0126468,-9.8384,-0.00301152,-0.00134504,1.2126e-05,0,0,0,-0.239583,0.00024628,-0.00152108,-0.970875,-0.00301152,-0.00134504,1.2126e-05
1765976279349016,0,-0.0053517,0.0125794,-9.83795,-0.00283501,-0.00133736,1.24189e-05,0,0,0,-0.239583,0.000244767,-0.00151323,-0.970875,-0.00283501,-0.00133736,1.24189e-05
1765976279353823,0,-0.00532316,0.0125123,-9.8381,-0.00264419,-0.00129713,1.26875e-05,0,0,0,-0.239583,0.000243209,-0.00150584,-0.970875,-0.00264419,-0.00129713,1.26875e-05
1765976279358825,0,-0.00529478,0.0124455,-9.83759,-0.00254703,-0.00123653,1.27485e-05,0,0,0,-0.239583,0.000241697,-0.00149881,-0.970875,-0.00254703,-0.00123653,1.27485e-05
1765976279363934,0,-0.00526655,0.0123791,-9.83773,-0.00241609,-0.00116397,1.26143e-05,0,0,0,-0.239583,0.00024028,-0.0014921,-0.970875,-0.00241609,-0.00116397,1.26143e-05
1765976279368925,0,-0.00523846,0.012313,-9.83722,-0.00255952,-0.00116437,1.30415e-05,0,0,0,-0.239583,0.000238953,-0.00148533,-0.970875,-0.00255952,-0.00116437,1.30415e-05
1765976279373811,0,-0.00521051,0.0122472,-9.83737,-0.00258763,-0.00113415,1.33711e-05,0,0,0,-0.239583,0.000237714,-0.00147839,-0.970875,-0.00258763,-0.00113415,1.33711e-05
1765976279378825,0,-0.0051827,0.0121817,-9.83683,-0.00267366,-0.00117711,1.33101e-05,0,0,0,-0.239583,0.00023648,-0.00147129,-0.970875,-0.00267366,-0.00117711,1.33101e-05
1765976279383935,0,-0.00515503,0.0121166,-9.83698,-0.00266057,-0.00117469,1.30537e-05,0,0,0,-0.239583,0.000235223,-0.00146411,-0.970875,-0.00266057,-0.00117469,1.30537e-05
1765976279388817,0,-0.00512751,0.0120518,-9.83643,-0.00279281,-0.00120757,1.32612e-05,0,0,0,-0.239583,0.000233965,-0.00145675,-0.970875,-0.00279281,-0.00120757,1.32612e-05
1765976279393800,0,-0.00510013,0.0119873,-9.83657,-0.00280734,-0.0011977,1.34077e-05,0,0,0,-0.239583,0.000232726,-0.00144923,-0.970875,-0.00280734,-0.0011977,1.34077e-05
1765976279398799,0,-0.0050729,0.0119231,-9.83605,-0.00284578,-0.00114326,1.35054e-05,0,0,0,-0.239583,0.000231593,-0.00144166,-0.970875,-0.00284578,-0.00114326,1.35054e-05
1765976279403796,0,-0.00504581,0.0118593,-9.8362,-0.00279673,-0.0010774,1.36519e-05,0,0,0,-0.239583,0.000230601,-0.00143416,-0.970875,-0.00279673,-0.0010774,1.36519e-05
1765976279408797,0,-0.00501884,0.0117959,-9.8356,-0.00275224,-0.00107725,1.425e-05,0,0,0,-0.239583,0.000229645,-0.0014268,-0.970875,-0.00275224,-0.00107725,1.425e-05
1765976279413795,0,-0.00499202,0.0117327,-9.83574,-0.00265082,-0.00104905,1.47993e-05,0,0,0,-0.239583,0.000228684,-0.00141963,-0.970875,-0.00265082,-0.00104905,1.47993e-05
1765976279418801,0,-0.00496532,0.0116699,-9.83519,-0.00262579,-0.00118031,1.48726e-05,0,0,0,-0.239583,0.000227525,-0.00141255,-0.970875,-0.00262579,-0.00118031,1.48726e-05
1765976279423801,0,-0.00493877,0.0116074,-9.83534,-0.00254046,-0.00123653,1.51411e-05,0,0,0,-0.239583,0.00022612,-0.00140558,-0.970875,-0.00254046,-0.00123653,1.51411e-05
1765976279428785,0,-0.00491236,0.0115452,-9.83471,-0.00261535,-0.00114074,1.48237e-05,0,0,0,-0.239583,0.000224807,-0.0013986,-0.970875,-0.00261535,-0.00114074,1.48237e-05
1765976279433801,0,-0.00488609,0.0114834,-9.83485,-0.00259656,-0.0010476,1.47261e-05,0,0,0,-0.239583,0.000223734,-0.00139163,-0.970875,-0.00259656,-0.0010476,1.47261e-05
1765976279438800,0,-0.00485995,0.0114218,-9.83429,-0.00260865,-0.00112097,1.44819e-05,0,0,0,-0.239583,0.000222644,-0.00138465,-0.970875,-0.00260865,-0.00112097,1.44819e-05
1765976279443807,0,-0.00483394,0.0113606,-9.83443,-0.00254832,-0.00114027,1.44819e-05,0,0,0,-0.239583,0.000221435,-0.00137773,-0.970875,-0.00254832,-0.00114027,1.44819e-05
1765976279448821,0,-0.00480807,0.0112997,-9.83384,-0.00252395,-0.00124071,1.44575e-05,0,0,0,-0.239583,0.000220039,-0.00137086,-0.970875,-0.00252395,-0.00124071,1.44575e-05
1765976279453805,0,-0.00478235,0.0112391,-9.83398,-0.00244177,-0.00127478,1.43843e-05,0,0,0,-0.239583,0.00021846,-0.0013641,-0.970875,-0.00244177,-0.00127478,1.43843e-05
1765976279458805,0,-0.00475678,0.0111788,-9.83334,-0.00247924,-0.00126896,1.43599e-05,0,0,0,-0.239583,0.00021685,-0.00135736,-0.970875,-0.00247924,-0.00126896,1.43599e-05
1765976279463778,0,-0.00473135,0.0111188,-9.83348,-0.0024391,-0.0012319,1.42012e-05,0,0,0,-0.239583,0.000215295,-0.00135065,-0.970875,-0.0024391,-0.0012319,1.42012e-05
1765976279468797,0,-0.00470606,0.0110591,-9.83282,-0.00257819,-0.00108257,1.45674e-05,0,0,0,-0.239583,0.000214033,-0.00134384,-0.970875,-0.00257819,-0.00108257,1.45674e-05
1765976279473799,0,-0.00468091,0.0109997,-9.83296,-0.0026029,-0.000955508,1.4897e-05,0,0,0,-0.239583,0.000213144,-0.00133695,-0.970875,-0.0026029,-0.000955508,1.4897e-05
1765976279478781,0,-0.00465587,0.0109406,-9.83237,-0.00271005,-0.00103371,1.46284e-05,0,0,0,-0.239583,0.000212308,-0.00132987,-0.970875,-0.00271005,-0.00103371,1.46284e-05
1765976279483797,0,-0.00463097,0.0108819,-9.83252,-0.00271008,-0.00105839,1.44209e-05,0,0,0,-0.239583,0.000211386,-0.00132267,-0.970875,-0.00271008,-0.00105839,1.44209e-05
1765976279488801,0,-0.00460619,0.0108234,-9.83184,-0.00270398,-0.00094022,1.44087e-05,0,0,0,-0.239583,0.000210611,-0.00131551,-0.970875,-0.00270398,-0.00094022,1.44087e-05
1765976279493778,0,-0.00458153,0.0107653,-9.83198,-0.00262912,-0.0008375,1.44087e-05,0,0,0,-0.239583,0.000210071,-0.00130853,-0.970875,-0.00262912,-0.0008375,1.44087e-05
1765976279498798,0,-0.00455698,0.0107075,-9.83132,-0.00275258,-0.000938977,1.44331e-05,0,0,0,-0.239583,0.000209509,-0.00130143,-0.970875,-0.00275258,-0.000938977,1.44331e-05
1765976279503778,0,-0.00453255,0.0106501,-9.83146,-0.00276231,-0.000981614,1.44087e-05,0,0,0,-0.239583,0.00020882,-0.00129416,-0.970875,-0.00276231,-0.000981614,1.44087e-05
1765976279508781,0,-0.00450824,0.0105929,-9.8308,-0.00264877,-0.00100198,1.44331e-05,0,0,0,-0.239583,0.000208022,-0.00128702,-0.970875,-0.00264877,-0.00100198,1.44331e-05
1765976279513797,0,-0.00448406,0.0105361,-9.83094,-0.00250428,-0.000989319,1.46284e-05,0,0,0,-0.239583,0.000207143,-0.00128021,-0.970875,-0.00250428,-0.000989319,1.46284e-05
1765976279518800,0,-0.00445999,0.0104795,-9.8303,-0.00251168,-0.00105817,1.47993e-05,0,0,0,-0.239583,0.000206144,-0.0012735,-0.970875,-0.00251168,-0.00105817,1.47993e-05
1765976279523799,0,-0.00443606,0.0104233,-9.83044,-0.00245085,-0.00107595,1.48726e-05,0,0,0,-0.239583,0.000205032,-0.00126685,-0.970875,-0.00245085,-0.00107595,1.48726e-05
1765976279528804,0,-0.00441225,0.0103673,-9.82975,-0.00247704,-0.00104596,1.49458e-05,0,0,0,-0.239583,0.000203941,-0.00126023,-0.970875,-0.00247704,-0.00104596,1.49458e-05
1765976279533798,0,-0.00438856,0.0103117,-9.82988,-0.00242948,-0.000998602,1.48604e-05,0,0,0,-0.239583,0.000202938,-0.00125368,-0.970875,-0.00242948,-0.000998602,1.48604e-05
1765976279538777,0,-0.004365,0.0102563,-9.82923,-0.0023953,-0.00112252,1.47749e-05,0,0,0,-0.239583,0.000201777,-0.00124719,-0.970875,-0.0023953,-0.00112252,1.47749e-05
1765976279543919,0,-0.00434157,0.0102013,-9.82936,-0.00230996,-0.00117506,1.48481e-05,0,0,0,-0.239583,0.000200379,-0.00124081,-0.970875,-0.00230996,-0.00117506,1.48481e-05
1765976279548853,0,-0.00431828,0.0101465,-9.82868,-0.00248501,-0.00105366,1.45918e-05,0,0,0,-0.239583,0.000199151,-0.00123429,-0.970875,-0.00248501,-0.00105366,1.45918e-05
1765976279553814,0,-0.00429511,0.010092,-9.82882,-0.00253565,-0.00094565,1.45186e-05,0,0,0,-0.239583,0.000198257,-0.00122759,-0.970875,-0.00253565,-0.00094565,1.45186e-05
1765976279558882,0,-0.00427205,0.0100378,-9.82818,-0.00259061,-0.0010576,1.46284e-05,0,0,0,-0.239583,0.000197337,-0.00122075,-0.970875,-0.00259061,-0.0010576,1.46284e-05
1765976279563804,0,-0.00424913,0.00998392,-9.82832,-0.00255922,-0.00110395,1.47261e-05,0,0,0,-0.239583,0.000196243,-0.00121386,-0.970875,-0.00255922,-0.00110395,1.47261e-05
1765976279568782,0,-0.00422633,0.00993033,-9.82759,-0.00269318,-0.00110869,1.48604e-05,0,0,0,-0.239583,0.000195138,-0.00120679,-0.970875,-0.00269318,-0.00110869,1.48604e-05
1765976279573806,0,-0.00420366,0.00987706,-9.82773,-0.00271146,-0.00108303,1.49946e-05,0,0,0,-0.239583,0.000194104,-0.00119957,-0.970875,-0.00271146,-0.00108303,1.49946e-05
1765976279578799,0,-0.00418112,0.00982409,-9.82707,-0.00256757,-0.00103546,1.43599e-05,0,0,0,-0.239583,0.000193116,-0.00119256,-0.970875,-0.00256757,-0.00103546,1.43599e-05
1765976279583798,0,-0.0041587,0.00977143,-9.82721,-0.00240538,-0.00097685,1.40181e-05,0,0,0,-0.239583,0.000192168,-0.00118597,-0.970875,-0.00240538,-0.00097685,1.40181e-05
1765976279588798,0,-0.0041364,0.00971905,-9.82651,-0.00235097,-0.00107588,1.39326e-05,0,0,0,-0.239583,0.000191074,-0.00117959,-0.970875,-0.00235097,-0.00107588,1.39326e-05
1765976279593782,0,-0.00411422,0.00966695,-9.82664,-0.00225352,-0.0011134,1.37984e-05,0,0,0,-0.239583,0.000189781,-0.00117337,-0.970875,-0.00225352,-0.0011134,1.37984e-05
1765976279598797,0,-0.00409217,0.00961512,-9.82592,-0.00223747,-0.00111213,1.37495e-05,0,0,0,-0.239583,0.000188424,-0.00116726,-0.970875,-0.00223747,-0.00111213,1.37495e-05
1765976279603781,0,-0.00407025,0.00956357,-9.82606,-0.0021683,-0.00108232,1.36519e-05,0,0,0,-0.239583,0.000187084,-0.00116127,-0.970875,-0.0021683,-0.00108232,1.36519e-05
1765976279608798,0,-0.00404846,0.00951228,-9.82539,-0.002202,-0.00101519,1.33345e-05,0,0,0,-0.239583,0.000185865,-0.00115533,-0.970875,-0.002202,-0.00101519,1.33345e-05
1765976279613782,0,-0.00402678,0.00946125,-9.82552,-0.00216684,-0.00094415,1.31026e-05,0,0,0,-0.239583,0.000184811,-0.00114946,-0.970875,-0.00216684,-0.00094415,1.31026e-05
1765976279618801,0,-0.00400522,0.00941049,-9.82482,-0.0022348,-0.000906716,1.30903e-05,0,0,0,-0.239583,0.000183896,-0.00114355,-0.970875,-0.0022348,-0.000906716,1.30903e-05
1765976279623798,0,-0.00398377,0.00935999,-9.82495,-0.00222139,-0.00085829,1.30781e-05,0,0,0,-0.239583,0.0001831,-0.00113762,-0.970875,-0.00222139,-0.00085829,1.30781e-05
1765976279628779,0,-0.00396243,0.00930977,-9.82425,-0.00220445,-0.000979994,1.34321e-05,0,0,0,-0.239583,0.000182164,-0.00113169,-0.970875,-0.00220445,-0.000979994,1.34321e-05
1765976279633804,0,-0.0039412,0.00925981,-9.82438,-0.00213554,-0.00103486,1.37739e-05,0,0,0,-0.239583,0.000181001,-0.00112584,-0.970875,-0.00213554,-0.00103486,1.37739e-05
1765976279638800,0,-0.00392009,0.00921011,-9.8237,-0.00225644,-0.000964136,1.40425e-05,0,0,0,-0.239583,0.000179914,-0.00111988,-0.970875,-0.00225644,-0.000964136,1.40425e-05
1765976279643813,0,-0.0038991,0.00916068,-9.82383,-0.00227756,-0.000892145,1.42622e-05,0,0,0,-0.239583,0.000179038,-0.00111382,-0.970875,-0.00227756,-0.000892145,1.42622e-05
1765976279648830,0,-0.00387821,0.00911151,-9.82315,-0.00221858,-0.000885554,1.46162e-05,0,0,0,-0.239583,0.000178225,-0.00110785,-0.970875,-0.00221858,-0.000885554,1.46162e-05
1765976279653880,0,-0.00385744,0.00906261,-9.82328,-0.0021215,-0.000857987,1.48848e-05,0,0,0,-0.239583,0.00017741,-0.00110208,-0.970875,-0.0021215,-0.000857987,1.48848e-05
1765976279658874,0,-0.00383676,0.00901397,-9.82259,-0.0021827,-0.000915386,1.4958e-05,0,0,0,-0.239583,0.000176536,-0.00109631,-0.970875,-0.0021827,-0.000915386,1.4958e-05
1765976279663850,0,-0.0038162,0.00896558,-9.82271,-0.00216598,-0.00092951,1.50801e-05,0,0,0,-0.239583,0.000175595,-0.00109048,-0.970875,-0.00216598,-0.00092951,1.50801e-05
1765976279668867,0,-0.00379575,0.00891746,-9.82204,-0.00237148,-0.000935089,1.5251e-05,0,0,0,-0.239583,0.000174702,-0.00108437,-0.970875,-0.00237148,-0.000935089,1.5251e-05
1765976279673877,0,-0.00377541,0.00886961,-9.82216,-0.00244545,-0.00091437,1.54829e-05,0,0,0,-0.239583,0.00017391,-0.00107795,-0.970875,-0.00244545,-0.00091437,1.54829e-05
1765976279678849,0,-0.00375518,0.00882204,-9.82146,-0.00235709,-0.000956893,1.52754e-05,0,0,0,-0.239583,0.000173061,-0.00107158,-0.970875,-0.00235709,-0.000956893,1.52754e-05
1765976279683876,0,-0.00373506,0.00877475,-9.82158,-0.00223709,-0.00095994,1.51167e-05,0,0,0,-0.239583,0.000172103,-0.00106546,-0.970875,-0.00223709,-0.00095994,1.51167e-05
1765976279688877,0,-0.00371505,0.00872771,-9.82091,-0.00218783,-0.000994004,1.48237e-05,0,0,0,-0.239583,0.000171046,-0.00105952,-0.970875,-0.00218783,-0.000994004,1.48237e-05
1765976279693785,0,-0.00369516,0.00868093,-9.82103,-0.00209809,-0.000990578,1.45796e-05,0,0,0,-0.239583,0.000169916,-0.00105374,-0.970875,-0.00209809,-0.000990578,1.45796e-05
1765976279698870,0,-0.00367538,0.00863441,-9.82038,-0.0021645,-0.000932455,1.43599e-05,0,0,0,-0.239583,0.000168877,-0.00104798,-0.970875,-0.0021645,-0.000932455,1.43599e-05
1765976279703789,0,-0.00365571,0.00858814,-9.8205,-0.00215192,-0.000869557,1.41768e-05,0,0,0,-0.239583,0.000167997,-0.00104221,-0.970875,-0.00215192,-0.000869557,1.41768e-05
1765976279708825,0,-0.00363615,0.00854212,-9.81981,-0.00213423,-0.000882473,1.41768e-05,0,0,0,-0.239583,0.00016715,-0.00103649,-0.970875,-0.00213423,-0.000882473,1.41768e-05
1765976279713865,0,-0.00361669,0.00849636,-9.81993,-0.0020667,-0.000868027,1.4189e-05,0,0,0,-0.239583,0.000166283,-0.00103088,-0.970875,-0.0020667,-0.000868027,1.4189e-05
1765976279718900,0,-0.00359734,0.00845084,-9.81929,-0.0021887,-0.000953536,1.45308e-05,0,0,0,-0.239583,0.000165334,-0.00102514,-0.970875,-0.0021887,-0.000953536,1.45308e-05
1765976279723838,0,-0.00357809,0.00840558,-9.81941,-0.00221226,-0.000985183,1.48359e-05,0,0,0,-0.239583,0.000164293,-0.00101921,-0.970875,-0.00221226,-0.000985183,1.48359e-05
1765976279728869,0,-0.00355896,0.00836057,-9.81876,-0.00211688,-0.00104091,1.52266e-05,0,0,0,-0.239583,0.000163111,-0.00101337,-0.970875,-0.00211688,-0.00104091,1.52266e-05
1765976279733874,0,-0.00353995,0.00831581,-9.81888,-0.00199834,-0.00105055,1.52388e-05,0,0,0,-0.239583,0.000161796,-0.00100778,-0.970875,-0.00199834,-0.00105055,1.52388e-05
1765976279738826,0,-0.00352105,0.0082713,-9.81818,-0.00201883,-0.000987851,1.51045e-05,0,0,0,-0.239583,0.000160541,-0.00100229,-0.970875,-0.00201883,-0.000987851,1.51045e-05
1765976279743866,0,-0.00350227,0.00822702,-9.8183,-0.0019797,-0.00092055,1.49946e-05,0,0,0,-0.239583,0.000159437,-0.000996879,-0.970875,-0.0019797,-0.00092055,1.49946e-05
1765976279748872,0,-0.00348359,0.00818298,-9.81768,-0.00208478,-0.000898249,1.50801e-05,0,0,0,-0.239583,0.000158458,-0.000991377,-0.970875,-0.00208478,-0.000898249,1.50801e-05
1765976279753829,0,-0.00346502,0.00813918,-9.8178,-0.00209983,-0.000860009,1.51045e-05,0,0,0,-0.239583,0.000157588,-0.000985771,-0.970875,-0.00209983,-0.000860009,1.51045e-05
1765976279758875,0,-0.00344655,0.00809563,-9.81712,-0.00205497,-0.000770525,1.50923e-05,0,0,0,-0.239583,0.000156872,-0.000980257,-0.970875,-0.00205497,-0.000770525,1.50923e-05
1765976279763871,0,-0.00342817,0.00805232,-9.81723,-0.00197156,-0.000691226,1.51289e-05,0,0,0,-0.239583,0.000156319,-0.000974957,-0.970875,-0.00197156,-0.000691226,1.51289e-05
1765976279768833,0,-0.00340989,0.00800925,-9.81661,-0.0019657,-0.000694792,1.51777e-05,0,0,0,-0.239583,0.000155814,-0.000969765,-0.970875,-0.0019657,-0.000694792,1.51777e-05
1765976279773877,0,-0.00339168,0.0079664,-9.81671,-0.00191037,-0.000678965,1.54097e-05,0,0,0,-0.239583,0.000155308,-0.000964664,-0.970875,-0.00191037,-0.000678965,1.54097e-05
1765976279778878,0,-0.00337357,0.00792379,-9.81608,-0.0019621,-0.000745052,1.53975e-05,0,0,0,-0.239583,0.000154727,-0.000959522,-0.970875,-0.0019621,-0.000745052,1.53975e-05
1765976279783821,0,-0.00335555,0.0078814,-9.8162,-0.00194507,-0.000769247,1.54097e-05,0,0,0,-0.239583,0.000154052,-0.000954329,-0.970875,-0.00194507,-0.000769247,1.54097e-05
1765976279788876,0,-0.00333762,0.00783926,-9.81554,-0.0019697,-0.000696595,1.57637e-05,0,0,0,-0.239583,0.000153465,-0.000949138,-0.970875,-0.0019697,-0.000696595,1.57637e-05
1765976279793888,0,-0.00331977,0.00779734,-9.81565,-0.00193445,-0.000630359,1.60688e-05,0,0,0,-0.239583,0.000153038,-0.000944015,-0.970875,-0.00193445,-0.000630359,1.60688e-05
1765976279798835,0,-0.00330201,0.00775564,-9.81506,-0.00193048,-0.000676536,1.60078e-05,0,0,0,-0.239583,0.000152598,-0.000938931,-0.970875,-0.00193048,-0.000676536,1.60078e-05
1765976279803883,0,-0.00328433,0.00771418,-9.81516,-0.0018774,-0.000689337,1.59102e-05,0,0,0,-0.239583,0.000152074,-0.000933913,-0.970875,-0.0018774,-0.000689337,1.59102e-05
1765976279808812,0,-0.00326674,0.00767294,-9.81454,-0.00192177,-0.000616311,1.53486e-05,0,0,0,-0.239583,0.000151648,-0.000928905,-0.970875,-0.00192177,-0.000616311,1.53486e-05
1765976279813784,0,-0.00324923,0.00763193,-9.81465,-0.00190088,-0.00055183,1.48237e-05,0,0,0,-0.239583,0.000151389,-0.000923925,-0.970875,-0.00190088,-0.00055183,1.48237e-05
1765976279818808,0,-0.0032318,0.00759114,-9.8141,-0.0019182,-0.000689187,1.40669e-05,0,0,0,-0.239583,0.000150995,-0.000918906,-0.970875,-0.0019182,-0.000689187,1.40669e-05
1765976279823786,0,-0.00321445,0.00755057,-9.81421,-0.00187947,-0.000761863,1.34077e-05,0,0,0,-0.239583,0.000150351,-0.000913868,-0.970875,-0.00187947,-0.000761863,1.34077e-05
1765976279828869,0,-0.00319719,0.00751023,-9.81356,-0.0018532,-0.000735909,1.26387e-05,0,0,0,-0.239583,0.000149656,-0.000908897,-0.970875,-0.0018532,-0.000735909,1.26387e-05
1765976279833804,0,-0.00318002,0.00747011,-9.81366,-0.00178735,-0.000699481,1.20649e-05,0,0,0,-0.239583,0.000149009,-0.000904067,-0.970875,-0.00178735,-0.000699481,1.20649e-05
1765976279838783,0,-0.00316294,0.0074302,-9.81307,-0.00166527,-0.00082156,1.15278e-05,0,0,0,-0.239583,0.00014816,-0.000899444,-0.970875,-0.00166527,-0.00082156,1.15278e-05
1765976279843800,0,-0.00314595,0.00739049,-9.81316,-0.00154088,-0.000880887,1.12227e-05,0,0,0,-0.239583,0.000147032,-0.00089507,-0.970875,-0.00154088,-0.000880887,1.12227e-05
1765976279848798,0,-0.00312906,0.00735098,-9.8126,-0.00166846,-0.000868053,1.09785e-05,0,0,0,-0.239583,0.000145882,-0.000890621,-0.970875,-0.00166846,-0.000868053,1.09785e-05
1765976279853781,0,-0.00311228,0.00731167,-9.8127,-0.00170912,-0.000836892,1.07832e-05,0,0,0,-0.239583,0.000144834,-0.000886004,-0.970875,-0.00170912,-0.000836892,1.07832e-05
1765976279858799,0,-0.00309558,0.00727256,-9.8121,-0.00165537,-0.000812808,1.06245e-05,0,0,0,-0.239583,0.000143842,-0.000881441,-0.970875,-0.00165537,-0.000812808,1.06245e-05
1765976279863799,0,-0.00307899,0.00723366,-9.8122,-0.00157662,-0.000775546,1.0478e-05,0,0,0,-0.239583,0.000142887,-0.000877064,-0.970876,-0.00157662,-0.000775546,1.0478e-05
1765976279868777,0,-0.00306248,0.00719495,-9.81169,-0.00168245,-0.000716821,1.03193e-05,0,0,0,-0.239583,0.000142072,-0.00087264,-0.970876,-0.00168245,-0.000716821,1.03193e-05
1765976279873798,0,-0.00304606,0.00715645,-9.81179,-0.00170843,-0.000659218,1.03315e-05,0,0,0,-0.239583,0.000141433,-0.00086811,-0.970876,-0.00170843,-0.000659218,1.03315e-05
1765976279878800,0,-0.00302972,0.00711815,-9.81119,-0.00170653,-0.000694088,1.01851e-05,0,0,0,-0.239583,0.000140805,-0.000863559,-0.970876,-0.00170653,-0.000694088,1.01851e-05
1765976279883783,0,-0.00301347,0.00708004,-9.81128,-0.00166078,-0.000699093,1.0063e-05,0,0,0,-0.239583,0.000140119,-0.000859066,-0.970876,-0.00166078,-0.000699093,1.0063e-05
1765976279888803,0,-0.0029973,0.00704215,-9.81075,-0.00163256,-0.000635591,9.98974e-06,0,0,0,-0.239583,0.000139499,-0.00085468,-0.970876,-0.00163256,-0.000635591,9.98974e-06
1765976279893782,0,-0.00298121,0.00700444,-9.81084,-0.00157122,-0.000577067,9.9165e-06,0,0,0,-0.239583,0.000138997,-0.000850447,-0.970876,-0.00157122,-0.000577067,9.9165e-06
1765976279898799,0,-0.0029652,0.00696693,-9.81033,-0.0016472,-0.000648191,1.00508e-05,0,0,0,-0.239583,0.000138461,-0.000846152,-0.970876,-0.0016472,-0.000648191,1.00508e-05
1765976279903786,0,-0.00294926,0.00692962,-9.81042,-0.00165445,-0.000678199,1.01606e-05,0,0,0,-0.239583,0.000137834,-0.000841744,-0.970876,-0.00165445,-0.000678199,1.01606e-05
1765976279908810,0,-0.00293341,0.00689251,-9.80986,-0.00162134,-0.000731196,1.00996e-05,0,0,0,-0.239583,0.000137089,-0.000837351,-0.970876,-0.00162134,-0.000731196,1.00996e-05
1765976279913859,0,-0.00291764,0.00685559,-9.80995,-0.00155703,-0.000747308,1.00386e-05,0,0,0,-0.239583,0.000136239,-0.000833066,-0.970876,-0.00155703,-0.000747308,1.00386e-05
1765976279918815,0,-0.00290196,0.00681886,-9.80949,-0.00171732,-0.00066732,9.97753e-06,0,0,0,-0.239583,0.000135532,-0.000828634,-0.970876,-0.00171732,-0.00066732,9.97753e-06
1765976279923789,0,-0.00288636,0.00678233,-9.80958,-0.00177846,-0.000597028,9.95312e-06,0,0,0,-0.239583,0.000135065,-0.000824003,-0.970876,-0.00177846,-0.000597028,9.95312e-06
1765976279928809,0,-0.00287084,0.00674601,-9.80907,-0.00172912,-0.000613455,1.00996e-05,0,0,0,-0.239583,0.000134639,-0.000819394,-0.970876,-0.00172912,-0.000613455,1.00996e-05
1765976279933930,0,-0.00285539,0.00670988,-9.80916,-0.00165138,-0.000608246,1.0185e-05,0,0,0,-0.239583,0.000134166,-0.000814945,-0.970876,-0.00165138,-0.000608246,1.0185e-05
1765976279938807,0,-0.00284002,0.00667396,-9.80864,-0.00165843,-0.000664092,1.03071e-05,0,0,0,-0.239583,0.0001336,-0.000810542,-0.970876,-0.00165843,-0.000664092,1.03071e-05
1765976279943802,0,-0.00282473,0.00663823,-9.80872,-0.00161967,-0.000683742,1.03071e-05,0,0,0,-0.239583,0.000132939,-0.000806169,-0.970876,-0.00161967,-0.000683742,1.03071e-05
1765976279948779,0,-0.00280952,0.0066027,-9.80826,-0.001667,-0.000782228,1.0185e-05,0,0,0,-0.239583,0.000132123,-0.000801724,-0.970876,-0.001667,-0.000782228,1.0185e-05
1765976279953798,0,-0.0027944,0.00656736,-9.80834,-0.00165463,-0.00082714,1.00752e-05,0,0,0,-0.239583,0.000131153,-0.000797211,-0.970876,-0.00165463,-0.00082714,1.00752e-05
1765976279958784,0,-0.00277937,0.00653221,-9.80786,-0.00156213,-0.000865464,9.96532e-06,0,0,0,-0.239583,0.000130047,-0.00079282,-0.970876,-0.00156213,-0.000865464,9.96532e-06
1765976279963782,0,-0.00276444,0.00649725,-9.80794,-0.00146002,-0.000868052,9.9287e-06,0,0,0,-0.239583,0.000128842,-0.000788658,-0.970876,-0.00146002,-0.000868052,9.9287e-06
1765976279968801,0,-0.0027496,0.00646247,-9.8075,-0.00154096,-0.000787172,9.87988e-06,0,0,0,-0.239583,0.000127756,-0.000784506,-0.970876,-0.00154096,-0.000787172,9.87988e-06
1765976279973800,0,-0.00273486,0.00642788,-9.80758,-0.00155425,-0.00071314,9.50146e-06,0,0,0,-0.239583,0.000126881,-0.000780301,-0.970876,-0.00155425,-0.00071314,9.50146e-06
1765976279978784,0,-0.00272019,0.00639346,-9.80715,-0.00155411,-0.000752816,9.13525e-06,0,0,0,-0.239583,0.000126023,-0.000776087,-0.970876,-0.00155411,-0.000752816,9.13525e-06
1765976279983806,0,-0.00270562,0.00635924,-9.80722,-0.00151342,-0.000759317,8.84227e-06,0,0,0,-0.239583,0.000125103,-0.000771921,-0.970876,-0.00151342,-0.000759317,8.84227e-06
1765976279988802,0,-0.00269112,0.00632519,-9.80674,-0.00149947,-0.000694579,8.75683e-06,0,0,0,-0.239583,0.000124255,-0.000767837,-0.970876,-0.00149947,-0.000694579,8.75683e-06
1765976279993778,0,-0.00267671,0.00629132,-9.80681,-0.00145116,-0.000633695,8.69579e-06,0,0,0,-0.239583,0.000123539,-0.000763874,-0.970876,-0.00145116,-0.000633695,8.69579e-06
1765976279998816,0,-0.00266238,0.00625763,-9.80642,-0.00158354,-0.000616201,8.63476e-06,0,0,0,-0.239583,0.000122943,-0.000759785,-0.970876,-0.00158354,-0.000616201,8.63476e-06
1765976280003780,0,-0.00264812,0.00622413,-9.80649,-0.00162984,-0.000588406,8.57372e-06,0,0,0,-0.239583,0.000122453,-0.000755515,-0.970876,-0.00162984,-0.000588406,8.57372e-06
1765976280008801,0,-0.00263393,0.00619081,-9.80605,-0.00151153,-0.000693366,8.50048e-06,0,0,0,-0.239583,0.000121806,-0.000751341,-0.970876,-0.00151153,-0.000693366,8.50048e-06
1765976280013799,0,-0.00261983,0.00615767,-9.80612,-0.00139376,-0.000744637,8.46386e-06,0,0,0,-0.239583,0.000120911,-0.000747411,-0.970876,-0.00139376,-0.000744637,8.46386e-06
1765976280018785,0,-0.0026058,0.00612471,-9.80574,-0.00147398,-0.000672389,8.45165e-06,0,0,0,-0.239583,0.000120072,-0.000743491,-0.970876,-0.00147398,-0.000672389,8.45165e-06
1765976280023806,0,-0.00259186,0.00609191,-9.80581,-0.00148842,-0.000607046,8.43945e-06,0,0,0,-0.239583,0.000119424,-0.000739513,-0.970876,-0.00148842,-0.000607046,8.43945e-06
1765976280028804,0,-0.00257799,0.0060593,-9.80543,-0.0015689,-0.000558708,8.47607e-06,0,0,0,-0.239583,0.000118941,-0.000735437,-0.970876,-0.0015689,-0.000558708,8.47607e-06
1765976280033797,0,-0.00256418,0.00602686,-9.8055,-0.00158127,-0.000512125,8.48827e-06,0,0,0,-0.239583,0.000118597,-0.000731293,-0.970876,-0.00158127,-0.000512125,8.48827e-06
1765976280038795,0,-0.00255044,0.00599461,-9.80506,-0.00150269,-0.000619933,8.48827e-06,0,0,0,-0.239583,0.000118116,-0.000727224,-0.970876,-0.00150269,-0.000619933,8.48827e-06
1765976280043801,0,-0.00253678,0.00596254,-9.80513,-0.00141149,-0.000674945,8.48827e-06,0,0,0,-0.239583,0.000117398,-0.000723318,-0.970876,-0.00141149,-0.000674945,8.48827e-06
1765976280048781,0,-0.0025232,0.00593064,-9.80477,-0.00134209,-0.000727395,8.50048e-06,0,0,0,-0.239583,0.000116504,-0.00071957,-0.970876,-0.00134209,-0.000727395,8.50048e-06
1765976280053797,0,-0.00250969,0.00589889,-9.80484,-0.00126107,-0.000743191,8.65917e-06,0,0,0,-0.239583,0.00011549,-0.00071599,-0.970876,-0.00126107,-0.000743191,8.65917e-06
1765976280058799,0,-0.00249627,0.00586731,-9.80447,-0.00130414,-0.000650946,8.79345e-06,0,0,0,-0.239583,0.000114591,-0.000712454,-0.970876,-0.00130414,-0.000650946,8.79345e-06
1765976280063781,0,-0.00248292,0.00583589,-9.80454,-0.00129853,-0.000572915,8.85448e-06,0,0,0,-0.239583,0.000113904,-0.000708935,-0.970876,-0.00129853,-0.000572915,8.85448e-06
1765976280068798,0,-0.00246965,0.00580462,-9.80422,-0.00138447,-0.000622373,8.92773e-06,0,0,0,-0.239583,0.00011325,-0.000705297,-0.970876,-0.00138447,-0.000622373,8.92773e-06
1765976280073798,0,-0.00245645,0.00577352,-9.80428,-0.00140522,-0.000638888,9.01317e-06,0,0,0,-0.239583,0.000112552,-0.000701528,-0.970876,-0.00140522,-0.000638888,9.01317e-06
1765976280078778,0,-0.00244332,0.00574259,-9.80392,-0.00137811,-0.000592678,9.08642e-06,0,0,0,-0.239583,0.000111901,-0.00069779,-0.970876,-0.00137811,-0.000592678,9.08642e-06
1765976280083798,0,-0.00243026,0.00571182,-9.80397,-0.00132425,-0.000546556,9.17186e-06,0,0,0,-0.239583,0.000111336,-0.000694186,-0.970876,-0.00132425,-0.000546556,9.17186e-06
1765976280088799,0,-0.00241726,0.00568121,-9.80365,-0.00135933,-0.000463575,9.2329e-06,0,0,0,-0.239583,0.000110936,-0.000690623,-0.970876,-0.00135933,-0.000463575,9.2329e-06
1765976280093798,0,-0.00240433,0.00565076,-9.8037,-0.00134698,-0.000396679,9.2329e-06,0,0,0,-0.239583,0.000110717,-0.000687088,-0.970876,-0.00134698,-0.000396679,9.2329e-06
1765976280098803,0,-0.00239146,0.00562048,-9.80341,-0.00136828,-0.000444037,9.28172e-06,0,0,0,-0.239583,0.0001105,-0.000683533,-0.970876,-0.00136828,-0.000444037,9.28172e-06
1765976280103784,0,-0.00237864,0.00559035,-9.80346,-0.00134658,-0.000463803,9.12303e-06,0,0,0,-0.239583,0.000110205,-0.00067997,-0.970876,-0.00134658,-0.000463803,9.12303e-06
1765976280108860,0,-0.00236587,0.00556039,-9.80316,-0.00134888,-0.000442136,9.13524e-06,0,0,0,-0.239583,0.000109918,-0.000676428,-0.970876,-0.00134888,-0.000442136,9.13524e-06
1765976280113934,0,-0.00235317,0.00553059,-9.80322,-0.00131525,-0.000416096,9.15965e-06,0,0,0,-0.239583,0.000109679,-0.000672948,-0.970876,-0.00131525,-0.000416096,9.15965e-06
1765976280118878,0,-0.00234052,0.00550094,-9.80299,-0.00137955,-0.00055567,9.57469e-06,0,0,0,-0.239583,0.000109277,-0.000669363,-0.970876,-0.00137955,-0.00055567,9.57469e-06
1765976280123872,0,-0.00232794,0.00547145,-9.80304,-0.00138609,-0.000633555,9.89207e-06,0,0,0,-0.239583,0.000108643,-0.000665644,-0.970876,-0.00138609,-0.000633555,9.89207e-06
1765976280128873,0,-0.00231544,0.00544214,-9.80275,-0.00145399,-0.000675216,1.0185e-05,0,0,0,-0.239583,0.000107899,-0.000661786,-0.970876,-0.00145399,-0.000675216,1.0185e-05
1765976280133793,0,-0.002303,0.00541298,-9.8028,-0.00146092,-0.000685055,1.04414e-05,0,0,0,-0.239583,0.00010712,-0.000657839,-0.970876,-0.00146092,-0.000685055,1.04414e-05
1765976280138807,0,-0.00229065,0.005384,-9.80251,-0.00145416,-0.000659504,1.06733e-05,0,0,0,-0.239583,0.000106367,-0.000653902,-0.970876,-0.00145416,-0.000659504,1.06733e-05
1765976280143802,0,-0.00227836,0.00535518,-9.80256,-0.00141181,-0.000625408,1.08564e-05,0,0,0,-0.239583,0.000105671,-0.000650051,-0.970876,-0.00141181,-0.000625408,1.08564e-05
1765976280148779,0,-0.00226616,0.00532652,-9.80228,-0.00143552,-0.000649575,1.10517e-05,0,0,0,-0.239583,0.000104972,-0.000646206,-0.970876,-0.00143552,-0.000649575,1.10517e-05
1765976280153777,0,-0.00225402,0.00529803,-9.80233,-0.00141368,-0.000648596,1.13325e-05,0,0,0,-0.239583,0.000104249,-0.000642365,-0.970876,-0.00141368,-0.000648596,1.13325e-05
1765976280158799,0,-0.00224196,0.0052697,-9.80206,-0.00129575,-0.000660247,1.15766e-05,0,0,0,-0.239583,0.000103462,-0.000638713,-0.970876,-0.00129575,-0.000660247,1.15766e-05
1765976280163781,0,-0.00222997,0.00524153,-9.80211,-0.00118388,-0.000650693,1.18208e-05,0,0,0,-0.239583,0.000102609,-0.000635339,-0.970876,-0.00118388,-0.000650693,1.18208e-05
1765976280168799,0,-0.00221805,0.0052135,-9.80189,-0.00125072,-0.00054153,1.20039e-05,0,0,0,-0.239583,0.000101922,-0.000632018,-0.970876,-0.00125072,-0.00054153,1.20039e-05
1765976280173800,0,-0.0022062,0.00518562,-9.80194,-0.00126226,-0.00045504,1.2187e-05,0,0,0,-0.239583,0.000101487,-0.000628672,-0.970876,-0.00126226,-0.00045504,1.2187e-05
1765976280178783,0,-0.0021944,0.00515789,-9.80171,-0.00125748,-0.000442667,1.22846e-05,0,0,0,-0.239583,0.000101155,-0.000625347,-0.970876,-0.00125748,-0.000442667,1.22846e-05
1765976280183799,0,-0.00218266,0.0051303,-9.80175,-0.00122149,-0.000422928,1.23945e-05,0,0,0,-0.239583,0.000100849,-0.000622089,-0.970876,-0.00122149,-0.000422928,1.23945e-05
1765976280188800,0,-0.00217098,0.00510287,-9.80157,-0.00121265,-0.000434349,1.24678e-05,0,0,0,-0.239583,0.000100534,-0.00061888,-0.970876,-0.00121265,-0.000434349,1.24678e-05
1765976280193781,0,-0.00215935,0.00507557,-9.80161,-0.00117499,-0.000430636,1.2541e-05,0,0,0,-0.239583,0.000100198,-0.000615733,-0.970876,-0.00117499,-0.000430636,1.2541e-05
1765976280198798,0,-0.00214777,0.00504843,-9.80139,-0.00116869,-0.000486511,1.24555e-05,0,0,0,-0.239583,9.97733e-05,-0.000612612,-0.970876,-0.00116869,-0.000486511,1.24555e-05
1765976280203779,0,-0.00213626,0.00502142,-9.80144,-0.00113385,-0.000510678,1.20283e-05,0,0,0,-0.239583,9.92447e-05,-0.000609526,-0.970876,-0.00113385,-0.000510678,1.20283e-05
1765976280208780,0,-0.0021248,0.00499455,-9.80121,-0.00118619,-0.000462196,1.16621e-05,0,0,0,-0.239583,9.87737e-05,-0.000606409,-0.970876,-0.00118619,-0.000462196,1.16621e-05
1765976280213798,0,-0.0021134,0.00496781,-9.80125,-0.00118978,-0.000417915,1.13691e-05,0,0,0,-0.239583,9.84281e-05,-0.000603264,-0.970876,-0.00118978,-0.000417915,1.13691e-05
1765976280218785,0,-0.00210206,0.00494123,-9.8011,-0.00120339,-0.000445046,1.10761e-05,0,0,0,-0.239583,9.80917e-05,-0.000600096,-0.970876,-0.00120339,-0.000445046,1.10761e-05
1765976280223782,0,-0.00209077,0.00491478,-9.80114,-0.00118095,-0.000451375,1.08808e-05,0,0,0,-0.239583,9.7715e-05,-0.000596939,-0.970876,-0.00118095,-0.000451375,1.08808e-05
1765976280228802,0,-0.00207953,0.00488847,-9.80096,-0.00118288,-0.000522873,1.06367e-05,0,0,0,-0.239583,9.72233e-05,-0.000593774,-0.970876,-0.00118288,-0.000522873,1.06367e-05
1765976280233808,0,-0.00206836,0.00486231,-9.80099,-0.00115342,-0.000556478,1.04414e-05,0,0,0,-0.239583,9.66032e-05,-0.000590621,-0.970876,-0.00115342,-0.000556478,1.04414e-05
1765976280238786,0,-0.00205725,0.00483629,-9.80082,-0.00119424,-0.000479252,1.03071e-05,0,0,0,-0.239583,9.60705e-05,-0.000587456,-0.970876,-0.00119424,-0.000479252,1.03071e-05
1765976280243815,0,-0.0020462,0.0048104,-9.80086,-0.00119007,-0.000415549,1.01484e-05,0,0,0,-0.239583,9.57138e-05,-0.0005843,-0.970876,-0.00119007,-0.000415549,1.01484e-05
1765976280248811,0,-0.0020352,0.00478465,-9.80071,-0.00120276,-0.000465209,9.91647e-06,0,0,0,-0.239583,9.53502e-05,-0.000581126,-0.970876,-0.00120276,-0.000465209,9.91647e-06
1765976280253827,0,-0.00202426,0.00475905,-9.80075,-0.0011796,-0.000485924,9.68454e-06,0,0,0,-0.239583,9.49029e-05,-0.000577954,-0.970876,-0.0011796,-0.000485924,9.68454e-06
1765976280258869,0,-0.00201337,0.00473358,-9.80062,-0.00115296,-0.00055466,9.47702e-06,0,0,0,-0.239583,9.43204e-05,-0.000574814,-0.970876,-0.00115296,-0.00055466,9.47702e-06
1765976280263868,0,-0.00200255,0.00470825,-9.80066,-0.00110508,-0.000585705,9.29392e-06,0,0,0,-0.239583,9.36022e-05,-0.000571742,-0.970876,-0.00110508,-0.000585705,9.29392e-06
1765976280268845,0,-0.0019918,0.00468306,-9.80058,-0.00123389,-0.000599083,9.48923e-06,0,0,0,-0.239583,9.28693e-05,-0.000568516,-0.970876,-0.00123389,-0.000599083,9.48923e-06
1765976280273877,0,-0.00198111,0.00465801,-9.80061,-0.00128689,-0.000592263,9.64792e-06,0,0,0,-0.239583,9.21832e-05,-0.000565088,-0.970876,-0.00128689,-0.000592263,9.64792e-06
1765976280278788,0,-0.00197049,0.0046331,-9.80045,-0.00126094,-0.000579775,9.81882e-06,0,0,0,-0.239583,9.15253e-05,-0.000561652,-0.970876,-0.00126094,-0.000579775,9.81882e-06
1765976280283861,0,-0.00195993,0.00460834,-9.80048,-0.00121091,-0.000556353,9.9531e-06,0,0,0,-0.239583,9.08895e-05,-0.000558325,-0.970876,-0.00121091,-0.000556353,9.9531e-06
1765976280288871,0,-0.00194943,0.00458371,-9.80039,-0.0011973,-0.000500851,1.00752e-05,0,0,0,-0.239583,9.03403e-05,-0.000555093,-0.970876,-0.0011973,-0.000500851,1.00752e-05
1765976280293868,0,-0.001939,0.00455923,-9.80042,-0.00115702,-0.000450901,1.01972e-05,0,0,0,-0.239583,8.99e-05,-0.000551963,-0.970876,-0.00115702,-0.000450901,1.01972e-05
1765976280298858,0,-0.00192862,0.00453488,-9.80029,-0.00117506,-0.000517508,1.02705e-05,0,0,0,-0.239583,8.94081e-05,-0.000548835,-0.970876,-0.00117506,-0.000517508,1.02705e-05
1765976280303863,0,-0.00191829,0.00451067,-9.80032,-0.00115633,-0.000548063,1.03071e-05,0,0,0,-0.239583,8.88046e-05,-0.000545689,-0.970876,-0.00115633,-0.000548063,1.03071e-05
1765976280308875,0,-0.00190804,0.00448659,-9.80026,-0.00115572,-0.00061444,1.03559e-05,0,0,0,-0.239583,8.807e-05,-0.000542531,-0.970876,-0.00115572,-0.00061444,1.03559e-05
1765976280313849,0,-0.00189784,0.00446265,-9.80029,-0.00112499,-0.000642175,1.04048e-05,0,0,0,-0.239583,8.72194e-05,-0.000539393,-0.970876,-0.00112499,-0.000642175,1.04048e-05
1765976280318800,0,-0.00188772,0.00443884,-9.80021,-0.00115446,-0.000633888,1.06001e-05,0,0,0,-0.239583,8.63572e-05,-0.000536238,-0.970876,-0.00115446,-0.000633888,1.06001e-05
1765976280323817,0,-0.00187767,0.00441516,-9.80024,-0.00114378,-0.000611905,1.07832e-05,0,0,0,-0.239583,8.55383e-05,-0.000533079,-0.970876,-0.00114378,-0.000611905,1.07832e-05
1765976280328926,0,-0.00186768,0.00439162,-9.80017,-0.00106279,-0.000670628,1.09541e-05,0,0,0,-0.239583,8.46235e-05,-0.000530034,-0.970876,-0.00106279,-0.000670628,1.09541e-05
1765976280333797,0,-0.00185776,0.0043682,-9.8002,-0.000981251,-0.000691947,1.0771e-05,0,0,0,-0.239583,8.3572e-05,-0.000527164,-0.970876,-0.000981251,-0.000691947,1.0771e-05
1765976280338916,0,-0.00184792,0.0043449,-9.80012,-0.000998543,-0.000623843,1.05757e-05,0,0,0,-0.239583,8.25856e-05,-0.000524367,-0.970876,-0.000998543,-0.000623843,1.05757e-05
1765976280343800,0,-0.00183814,0.00432173,-9.80015,-0.000983841,-0.000562413,1.04292e-05,0,0,0,-0.239583,8.17537e-05,-0.000521613,-0.970876,-0.000983841,-0.000562413,1.04292e-05
1765976280348924,0,-0.00182843,0.00429867,-9.80011,-0.0010598,-0.000500236,1.03193e-05,0,0,0,-0.239583,8.10957e-05,-0.0005188,-0.970876,-0.0010598,-0.000500236,1.03193e-05
1765976280353786,0,-0.00181877,0.00427573,-9.80013,-0.00108244,-0.00044597,1.0185e-05,0,0,0,-0.239583,8.06034e-05,-0.000515914,-0.970876,-0.00108244,-0.00044597,1.0185e-05
1765976280358907,0,-0.00180916,0.00425293,-9.80006,-0.00109154,-0.000458917,1.0063e-05,0,0,0,-0.239583,8.01537e-05,-0.000513002,-0.970876,-0.00109154,-0.000458917,1.0063e-05
1765976280363803,0,-0.00179961,0.00423024,-9.80009,-0.00106907,-0.000455435,1.00141e-05,0,0,0,-0.239583,7.96906e-05,-0.000510112,-0.970876,-0.00106907,-0.000455435,1.00141e-05
1765976280368909,0,-0.00179011,0.00420769,-9.80001,-0.00102551,-0.000449881,9.92869e-06,0,0,0,-0.239583,7.92179e-05,-0.00050731,-0.970876,-0.00102551,-0.000449881,9.92869e-06
1765976280373893,0,-0.00178067,0.00418525,-9.80003,-0.000969918,-0.000434573,9.87986e-06,0,0,0,-0.239583,7.87425e-05,-0.000504637,-0.970876,-0.000969918,-0.000434573,9.87986e-06
1765976280378865,0,-0.00177127,0.00416294,-9.80001,-0.00100039,-0.00036854,9.85545e-06,0,0,0,-0.239583,7.83758e-05,-0.000502002,-0.970876,-0.00100039,-0.00036854,9.85545e-06
1765976280383929,0,-0.00176192,0.00414074,-9.80004,-0.000994346,-0.00031508,9.80662e-06,0,0,0,-0.239583,7.81561e-05,-0.000499382,-0.970876,-0.000994346,-0.00031508,9.80662e-06
1765976280388917,0,-0.00175261,0.00411865,-9.80001,-0.00101791,-0.000256672,9.57469e-06,0,0,0,-0.239583,7.80805e-05,-0.000496766,-0.970876,-0.00101791,-0.000256672,9.57469e-06
1765976280393938,0,-0.00174334,0.00409669,-9.80003,-0.00100686,-0.000211269,9.40379e-06,0,0,0,-0.239583,7.81293e-05,-0.000494174,-0.970876,-0.00100686,-0.000211269,9.40379e-06
1765976280398937,0,-0.0017341,0.00407485,-9.80006,-0.00110702,-0.00025434,9.4282e-06,0,0,0,-0.239583,7.81928e-05,-0.000491442,-0.970876,-0.00110702,-0.00025434,9.4282e-06
1765976280403935,0,-0.0017249,0.00405314,-9.80008,-0.00114434,-0.00027612,9.45262e-06,0,0,0,-0.239583,7.82202e-05,-0.000488541,-0.970876,-0.00114434,-0.00027612,9.45262e-06
1765976280408927,0,-0.00171574,0.00403155,-9.80008,-0.00110132,-0.000355185,9.63572e-06,0,0,0,-0.239583,7.81048e-05,-0.000485632,-0.970876,-0.00110132,-0.000355185,9.63572e-06
1765976280413934,0,-0.00170662,0.00401009,-9.8001,-0.00104412,-0.000398227,9.83104e-06,0,0,0,-0.239583,7.78191e-05,-0.000482814,-0.970876,-0.00104412,-0.000398227,9.83104e-06
1765976280418932,0,-0.00169755,0.00398875,-9.80008,-0.00107385,-0.000374518,1.00141e-05,0,0,0,-0.239583,7.75231e-05,-0.000480007,-0.970876,-0.00107385,-0.000374518,1.00141e-05
1765976280423812,0,-0.00168852,0.00396754,-9.8001,-0.0010655,-0.00034914,1.00874e-05,0,0,0,-0.239583,7.72913e-05,-0.000477197,-0.970876,-0.0010655,-0.00034914,1.00874e-05
1765976280428826,0,-0.00167954,0.00394644,-9.80011,-0.00105391,-0.000433874,1.00141e-05,0,0,0,-0.239583,7.69544e-05,-0.000474388,-0.970876,-0.00105391,-0.000433874,1.00141e-05
1765976280433822,0,-0.00167061,0.00392547,-9.80013,-0.00101863,-0.000478556,9.9531e-06,0,0,0,-0.239583,7.64548e-05,-0.000471606,-0.970876,-0.00101863,-0.000478556,9.9531e-06
1765976280438910,0,-0.00166173,0.00390461,-9.80016,-0.000963275,-0.00044072,1.00874e-05,0,0,0,-0.239583,7.59386e-05,-0.000468941,-0.970876,-0.000963275,-0.00044072,1.00874e-05
1765976280443933,0,-0.0016529,0.00388387,-9.80018,-0.000901588,-0.00040415,1.01728e-05,0,0,0,-0.239583,7.54769e-05,-0.000466442,-0.970876,-0.000901588,-0.00040415,1.01728e-05
1765976280448927,0,-0.00164412,0.00386324,-9.80019,-0.000934244,-0.000387979,1.00874e-05,0,0,0,-0.239583,7.50713e-05,-0.00046397,-0.970876,-0.000934244,-0.000387979,1.00874e-05
1765976280453919,0,-0.00163538,0.00384272,-9.8002,-0.000931425,-0.000367119,1.00019e-05,0,0,0,-0.239583,7.47185e-05,-0.000461481,-0.970876,-0.000931425,-0.000367119,1.00019e-05
1765976280458911,0,-0.00162669,0.0038223,-9.80021,-0.000911832,-0.000306322,9.92869e-06,0,0,0,-0.239583,7.44668e-05,-0.000459051,-0.970876,-0.000911832,-0.000306322,9.92869e-06
1765976280463923,0,-0.00161804,0.003802,-9.80022,-0.000874975,-0.000258185,9.87987e-06,0,0,0,-0.239583,7.43263e-05,-0.000456725,-0.970876,-0.000874975,-0.000258185,9.87987e-06
1765976280468918,0,-0.00160943,0.0037818,-9.80024,-0.000859956,-0.000317053,9.80663e-06,0,0,0,-0.239583,7.41326e-05,-0.000454448,-0.970876,-0.000859956,-0.000317053,9.80663e-06
1765976280473903,0,-0.00160086,0.0037617,-9.80025,-0.000827587,-0.000347723,9.77e-06,0,0,0,-0.239583,7.38218e-05,-0.000452207,-0.970876,-0.000827587,-0.000347723,9.77e-06
1765976280478929,0,-0.00159233,0.00374171,-9.80033,-0.000758246,-0.000488275,9.70897e-06,0,0,0,-0.239583,7.32439e-05,-0.00045004,-0.970876,-0.000758246,-0.000488275,9.70897e-06
1765976280483933,0,-0.00158385,0.00372181,-9.80035,-0.000692387,-0.000568463,9.68455e-06,0,0,0,-0.239583,7.23724e-05,-0.000447974,-0.970876,-0.000692387,-0.000568463,9.68455e-06
1765976280488939,0,-0.00157543,0.003702,-9.80036,-0.000755255,-0.000409841,9.68455e-06,0,0,0,-0.239583,7.1661e-05,-0.000445919,-0.970876,-0.000755255,-0.000409841,9.68455e-06
1765976280493811,0,-0.00156706,0.00368229,-9.80038,-0.00077718,-0.000294118,9.85545e-06,0,0,0,-0.239583,7.1295e-05,-0.00044385,-0.970876,-0.00077718,-0.000294118,9.85545e-06
1765976280498927,0,-0.00155873,0.00366267,-9.80046,-0.000824337,-0.000281458,9.96531e-06,0,0,0,-0.239583,7.10819e-05,-0.000441723,-0.970876,-0.000824337,-0.000281458,9.96531e-06
1765976280503910,0,-0.00155043,0.00364315,-9.80048,-0.000834005,-0.000266006,1.00752e-05,0,0,0,-0.239583,7.09185e-05,-0.000439545,-0.970876,-0.000834005,-0.000266006,1.00752e-05
1765976280508918,0,-0.00154217,0.00362373,-9.80053,-0.000861684,-0.000290549,1.01606e-05,0,0,0,-0.239583,7.07466e-05,-0.000437312,-0.970876,-0.000861684,-0.000290549,1.01606e-05
1765976280513930,0,-0.00153395,0.00360442,-9.80054,-0.000857599,-0.000299122,1.02339e-05,0,0,0,-0.239583,7.05435e-05,-0.00043505,-0.970876,-0.000857599,-0.000299122,1.02339e-05
1765976280518914,0,-0.00152576,0.0035852,-9.80061,-0.000912497,-0.00026448,1.02827e-05,0,0,0,-0.239583,7.04013e-05,-0.000432722,-0.970876,-0.000912497,-0.00026448,1.02827e-05
1765976280523921,0,-0.00151761,0.0035661,-9.80062,-0.000924869,-0.000234699,1.03193e-05,0,0,0,-0.239583,7.03537e-05,-0.000430341,-0.970876,-0.000924869,-0.000234699,1.03193e-05
1765976280528821,0,-0.0015095,0.0035471,-9.80068,-0.000862232,-0.000323605,1.03803e-05,0,0,0,-0.239583,7.0186e-05,-0.000428015,-0.970876,-0.000862232,-0.000323605,1.03803e-05
1765976280533911,0,-0.00150143,0.0035282,-9.80069,-0.000798128,-0.000373898,1.04292e-05,0,0,0,-0.239583,6.98207e-05,-0.000425804,-0.970876,-0.000798128,-0.000373898,1.04292e-05
1765976280538811,0,-0.00149339,0.0035094,-9.80078,-0.000755372,-0.000427903,1.04658e-05,0,0,0,-0.239583,6.92972e-05,-0.000423685,-0.970876,-0.000755372,-0.000427903,1.04658e-05
1765976280543820,0,-0.00148541,0.00349069,-9.80079,-0.000707381,-0.000452301,1.05146e-05,0,0,0,-0.239583,6.86583e-05,-0.000421657,-0.970876,-0.000707381,-0.000452301,1.05146e-05
1765976280548791,0,-0.00147748,0.00347207,-9.80091,-0.000698404,-0.000498595,1.03315e-05,0,0,0,-0.239583,6.79135e-05,-0.000419665,-0.970876,-0.000698404,-0.000498595,1.03315e-05
1765976280553931,0,-0.0014696,0.00345354,-9.80092,-0.000674265,-0.000516261,1.02217e-05,0,0,0,-0.239583,6.70872e-05,-0.0004177,-0.970876,-0.000674265,-0.000516261,1.02217e-05
1765976280558798,0,-0.00146177,0.00343509,-9.80098,-0.000737161,-0.000464212,1.00874e-05,0,0,0,-0.239583,6.63364e-05,-0.000415682,-0.970876,-0.000737161,-0.000464212,1.00874e-05
1765976280563933,0,-0.001454,0.00341674,-9.80098,-0.000759546,-0.000417686,1.00019e-05,0,0,0,-0.239583,6.5727e-05,-0.000413599,-0.970876,-0.000759546,-0.000417686,1.00019e-05
1765976280568922,0,-0.00144627,0.00339847,-9.80109,-0.000788923,-0.000415758,9.92869e-06,0,0,0,-0.239583,6.51815e-05,-0.000411463,-0.970876,-0.000788923,-0.000415758,9.92869e-06
1765976280573814,0,-0.00143859,0.00338031,-9.8011,-0.000787773,-0.000403644,9.89207e-06,0,0,0,-0.239583,6.46621e-05,-0.000409305,-0.970876,-0.000787773,-0.000403644,9.89207e-06
1765976280578920,0,-0.00143096,0.00336224,-9.80118,-0.00077707,-0.000436904,9.84324e-06,0,0,0,-0.239583,6.41019e-05,-0.000407155,-0.970876,-0.00077707,-0.000436904,9.84324e-06
1765976280583910,0,-0.00142337,0.00334426,-9.80118,-0.000749535,-0.000447463,9.79442e-06,0,0,0,-0.239583,6.34816e-05,-0.000405043,-0.970876,-0.000749535,-0.000447463,9.79442e-06
1765976280588820,0,-0.00141583,0.00332637,-9.80131,-0.000809497,-0.000368166,9.74559e-06,0,0,0,-0.239583,6.29815e-05,-0.000402897,-0.970876,-0.000809497,-0.000368166,9.74559e-06
1765976280593936,0,-0.00140834,0.00330857,-9.80132,-0.000827998,-0.00030596,9.70897e-06,0,0,0,-0.239583,6.267e-05,-0.000400707,-0.970876,-0.000827998,-0.00030596,9.70897e-06
1765976280598926,0,-0.00140088,0.00329088,-9.80143,-0.000822617,-0.000309671,9.66014e-06,0,0,0,-0.239583,6.24159e-05,-0.000398521,-0.970876,-0.000822617,-0.000309671,9.66014e-06
1765976280603928,0,-0.00139346,0.00327328,-9.80144,-0.000797557,-0.000303974,9.64794e-06,0,0,0,-0.239583,6.21563e-05,-0.000396377,-0.970876,-0.000797557,-0.000303974,9.64794e-06
1765976280608814,0,-0.00138608,0.00325578,-9.80155,-0.000775633,-0.000287026,9.80663e-06,0,0,0,-0.239583,6.1913e-05,-0.000394297,-0.970876,-0.000775633,-0.000287026,9.80663e-06
1765976280613828,0,-0.00137873,0.00323836,-9.80156,-0.000740847,-0.000268324,9.94091e-06,0,0,0,-0.239583,6.16956e-05,-0.0003923,-0.970876,-0.000740847,-0.000268324,9.94091e-06
1765976280618809,0,-0.00137142,0.00322104,-9.80165,-0.000802737,-0.000214835,1.0063e-05,0,0,0,-0.239583,6.15882e-05,-0.00039027,-0.970876,-0.000802737,-0.000214835,1.0063e-05
1765976280623916,0,-0.00136414,0.00320381,-9.80166,-0.00082282,-0.000173834,1.02217e-05,0,0,0,-0.239583,6.16145e-05,-0.000388179,-0.970876,-0.00082282,-0.000173834,1.02217e-05
1765976280628828,0,-0.00135688,0.00318668,-9.8018,-0.00088022,-0.000107398,1.02949e-05,0,0,0,-0.239583,6.18028e-05,-0.000386018,-0.970876,-0.00088022,-0.000107398,1.02949e-05
1765976280633834,0,-0.00134964,0.00316965,-9.8018,-0.000895326,-6.05853e-05,1.03437e-05,0,0,0,-0.239583,6.21429e-05,-0.000383812,-0.970876,-0.000895326,-6.05853e-05,1.03437e-05
1765976280638819,0,-0.00134243,0.00315272,-9.80188,-0.000792062,-0.00017576,1.071e-05,0,0,0,-0.239583,6.23273e-05,-0.000381711,-0.970876,-0.000792062,-0.00017576,1.071e-05
1765976280643897,0,-0.00133524,0.00313588,-9.80189,-0.000703127,-0.00024746,1.10395e-05,0,0,0,-0.239583,6.22387e-05,-0.000379787,-0.970876,-0.000703127,-0.00024746,1.10395e-05
1765976280648926,0,-0.00132808,0.00311912,-9.80206,-0.000731957,-0.000301004,1.13447e-05,0,0,0,-0.239583,6.19916e-05,-0.000377871,-0.970876,-0.000731957,-0.000301004,1.13447e-05
1765976280653915,0,-0.00132095,0.00310246,-9.80206,-0.000731929,-0.000328625,1.15522e-05,0,0,0,-0.239583,6.16592e-05,-0.000375905,-0.970876,-0.000731929,-0.000328625,1.15522e-05
1765976280658813,0,-0.00131387,0.00308588,-9.80218,-0.000736446,-0.000345111,1.17476e-05,0,0,0,-0.239583,6.12775e-05,-0.000373919,-0.970876,-0.000736446,-0.000345111,1.17476e-05
1765976280663840,0,-0.00130682,0.00306939,-9.80218,-0.000720219,-0.00034721,1.19551e-05,0,0,0,-0.239583,6.08721e-05,-0.000371947,-0.970876,-0.000720219,-0.00034721,1.19551e-05
1765976280668832,0,-0.00129982,0.00305299,-9.80233,-0.000719788,-0.000390742,1.2126e-05,0,0,0,-0.239583,6.03972e-05,-0.000369976,-0.970876,-0.000719788,-0.000390742,1.2126e-05
1765976280673836,0,-0.00129286,0.00303667,-9.80234,-0.000700597,-0.0004093,1.22725e-05,0,0,0,-0.239583,5.98459e-05,-0.000368017,-0.970876,-0.000700597,-0.0004093,1.22725e-05
1765976280678924,0,-0.00128594,0.00302044,-9.80246,-0.000798107,-0.000265725,1.24067e-05,0,0,0,-0.239583,5.95162e-05,-0.000365981,-0.970876,-0.000798107,-0.000265725,1.24067e-05
1765976280683914,0,-0.00127906,0.0030043,-9.80246,-0.000841869,-0.000163813,1.24922e-05,0,0,0,-0.239583,5.95134e-05,-0.000363857,-0.970876,-0.000841869,-0.000163813,1.24922e-05
1765976280688912,0,-0.0012722,0.00298825,-9.8026,-0.0007725,-0.000279045,1.2541e-05,0,0,0,-0.239583,5.94273e-05,-0.000361775,-0.970876,-0.0007725,-0.000279045,1.2541e-05
1765976280693810,0,-0.00126538,0.00297229,-9.80261,-0.000706353,-0.000348098,1.26265e-05,0,0,0,-0.239583,5.90884e-05,-0.000359805,-0.970876,-0.000706353,-0.000348098,1.26265e-05
1765976280698935,0,-0.00125859,0.00295642,-9.80276,-0.00072845,-0.000369043,1.25288e-05,0,0,0,-0.239583,5.8644e-05,-0.000357842,-0.970876,-0.00072845,-0.000369043,1.25288e-05
1765976280703812,0,-0.00125185,0.00294063,-9.80276,-0.000724077,-0.000373071,1.24311e-05,0,0,0,-0.239583,5.81771e-05,-0.000355858,-0.970876,-0.000724077,-0.000373071,1.24311e-05
1765976280708815,0,-0.00124515,0.00292493,-9.80287,-0.000711302,-0.000357763,1.23335e-05,0,0,0,-0.239583,5.7723e-05,-0.000353901,-0.970876,-0.000711302,-0.000357763,1.23335e-05
1765976280713825,0,-0.00123849,0.00290931,-9.80288,-0.000684228,-0.000338284,1.23335e-05,0,0,0,-0.239583,5.72993e-05,-0.000352007,-0.970876,-0.000684228,-0.000338284,1.23335e-05
1765976280718797,0,-0.00123186,0.00289378,-9.80306,-0.000685609,-0.000373731,1.23335e-05,0,0,0,-0.239583,5.68369e-05,-0.000350129,-0.970876,-0.000685609,-0.000373731,1.23335e-05
1765976280723801,0,-0.00122528,0.00287833,-9.80307,-0.000668634,-0.000387368,1.23823e-05,0,0,0,-0.239583,5.63145e-05,-0.00034826,-0.970876,-0.000668634,-0.000387368,1.23823e-05
1765976280728800,0,-0.00121875,0.00286295,-9.80321,-0.000704398,-0.000343835,1.22847e-05,0,0,0,-0.239583,5.5851e-05,-0.000346369,-0.970876,-0.000704398,-0.000343835,1.22847e-05
1765976280733924,0,-0.00121225,0.00284766,-9.80321,-0.000709721,-0.000306056,1.2187e-05,0,0,0,-0.239583,5.54952e-05,-0.000344459,-0.970876,-0.000709721,-0.000306056,1.2187e-05
1765976280738926,0,-0.00120578,0.00283245,-9.80333,-0.000635806,-0.000361989,1.21504e-05,0,0,0,-0.239583,5.50695e-05,-0.000342641,-0.970876,-0.000635806,-0.000361989,1.21504e-05
1765976280743961,0,-0.00119936,0.00281732,-9.80333,-0.000570148,-0.000389552,1.21015e-05,0,0,0,-0.239583,5.45079e-05,-0.000340966,-0.970876,-0.000570148,-0.000389552,1.21015e-05
1765976280748809,0,-0.00119298,0.00280227,-9.80352,-0.000618744,-0.00032608,1.20649e-05,0,0,0,-0.239583,5.40138e-05,-0.000339301,-0.970876,-0.000618744,-0.00032608,1.20649e-05
1765976280753814,0,-0.00118663,0.00278728,-9.80352,-0.000634569,-0.000275498,1.20893e-05,0,0,0,-0.239583,5.36723e-05,-0.000337599,-0.970876,-0.000634569,-0.000275498,1.20893e-05
1765976280758918,0,-0.00118032,0.00277238,-9.80365,-0.000635893,-0.000295379,1.20527e-05,0,0,0,-0.239583,5.33552e-05,-0.000335885,-0.970876,-0.000635893,-0.000295379,1.20527e-05
1765976280763932,0,-0.00117405,0.00275755,-9.80365,-0.000619982,-0.000300787,1.20649e-05,0,0,0,-0.239583,5.30055e-05,-0.000334186,-0.970876,-0.000619982,-0.000300787,1.20649e-05
1765976280768818,0,-0.00116781,0.0027428,-9.80381,-0.00062919,-0.000269281,1.20527e-05,0,0,0,-0.239583,5.2696e-05,-0.000332499,-0.970876,-0.00062919,-0.000269281,1.20527e-05
1765976280773812,0,-0.0011616,0.00272812,-9.80382,-0.000618774,-0.000241602,1.22724e-05,0,0,0,-0.239583,5.24558e-05,-0.000330836,-0.970876,-0.000618774,-0.000241602,1.22724e-05
1765976280778932,0,-0.00115542,0.00271352,-9.80397,-0.000697495,-0.000240249,1.25532e-05,0,0,0,-0.239583,5.22702e-05,-0.000329075,-0.970876,-0.000697495,-0.000240249,1.25532e-05
1765976280783911,0,-0.00114927,0.00269899,-9.80398,-0.000731332,-0.000233112,1.27973e-05,0,0,0,-0.239583,5.21274e-05,-0.000327191,-0.970876,-0.000731332,-0.000233112,1.27973e-05
1765976280788911,0,-0.00114315,0.00268455,-9.80412,-0.000673759,-0.000293418,1.30781e-05,0,0,0,-0.239583,5.18911e-05,-0.000325339,-0.970876,-0.000673759,-0.000293418,1.30781e-05
1765976280793821,0,-0.00113707,0.00267019,-9.80412,-0.000617999,-0.000325786,1.32856e-05,0,0,0,-0.239583,5.15153e-05,-0.000323597,-0.970876,-0.000617999,-0.000325786,1.32856e-05
1765976280798894,0,-0.00113102,0.00265591,-9.80429,-0.000656611,-0.000294654,1.34077e-05,0,0,0,-0.239583,5.11539e-05,-0.000321857,-0.970876,-0.000656611,-0.000294654,1.34077e-05
1765976280803918,0,-0.001125,0.0026417,-9.80429,-0.000665013,-0.000266428,1.35664e-05,0,0,0,-0.239583,5.08761e-05,-0.000320085,-0.970876,-0.000665013,-0.000266428,1.35664e-05
1765976280808909,0,-0.00111902,0.00262757,-9.80442,-0.000670883,-0.000242575,1.36763e-05,0,0,0,-0.239583,5.06646e-05,-0.000318311,-0.970876,-0.000670883,-0.000242575,1.36763e-05
1765976280813826,0,-0.00111306,0.00261352,-9.80443,-0.000657331,-0.000220362,1.37617e-05,0,0,0,-0.239583,5.05051e-05,-0.000316565,-0.970876,-0.000657331,-0.000220362,1.37617e-05
1765976280818846,0,-0.00110714,0.00259955,-9.80464,-0.000672667,-0.000259636,1.38838e-05,0,0,0,-0.239583,5.03123e-05,-0.000314801,-0.970876,-0.000672667,-0.000259636,1.38838e-05
1765976280823814,0,-0.00110125,0.00258565,-9.80464,-0.000665302,-0.000278768,1.39204e-05,0,0,0,-0.239583,5.00545e-05,-0.000313017,-0.970876,-0.000665302,-0.000278768,1.39204e-05
1765976280828815,0,-0.00109538,0.00257183,-9.80474,-0.000648988,-0.000332083,1.39692e-05,0,0,0,-0.239583,4.96928e-05,-0.00031124,-0.970876,-0.000648988,-0.000332083,1.39692e-05
1765976280833811,0,-0.00108956,0.00255809,-9.80474,-0.000621137,-0.000358811,1.40058e-05,0,0,0,-0.239583,4.92266e-05,-0.000309496,-0.970876,-0.000621137,-0.000358811,1.40058e-05
1765976280838907,0,-0.00108378,0.00254442,-9.80493,-0.000595329,-0.000363501,1.40547e-05,0,0,0,-0.239583,4.87116e-05,-0.00030781,-0.970876,-0.000595329,-0.000363501,1.40547e-05
1765976280843927,0,-0.00107803,0.00253082,-9.80494,-0.000562701,-0.000356911,1.39448e-05,0,0,0,-0.239583,4.81838e-05,-0.000306197,-0.970876,-0.000562701,-0.000356911,1.39448e-05
1765976280848826,0,-0.00107232,0.00251729,-9.80508,-0.000603414,-0.000277355,1.38472e-05,0,0,0,-0.239583,4.7785e-05,-0.000304587,-0.970876,-0.000603414,-0.000277355,1.38472e-05
1765976280853804,0,-0.00106664,0.00250384,-9.80509,-0.000614578,-0.000217595,1.37617e-05,0,0,0,-0.239583,4.75642e-05,-0.000302961,-0.970876,-0.000614578,-0.000217595,1.37617e-05
1765976280858802,0,-0.00106099,0.00249045,-9.80524,-0.000684438,-9.73259e-05,1.36396e-05,0,0,0,-0.239583,4.76044e-05,-0.000301281,-0.970876,-0.000684438,-9.73259e-05,1.36396e-05
1765976280863800,0,-0.00105536,0.00247714,-9.80524,-0.000713037,-1.52092e-05,1.35664e-05,0,0,0,-0.239583,4.7908e-05,-0.000299549,-0.970876,-0.000713037,-1.52092e-05,1.35664e-05
1765976280868798,0,-0.00104974,0.00246392,-9.8054,-0.000662772,-9.68065e-05,1.34565e-05,0,0,0,-0.239583,4.81613e-05,-0.000297853,-0.970876,-0.000662772,-9.68065e-05,1.34565e-05
1765976280873799,0,-0.00104414,0.00245077,-9.8054,-0.000612047,-0.000148279,1.34321e-05,0,0,0,-0.239583,4.82301e-05,-0.000296242,-0.970876,-0.000612047,-0.000148279,1.34321e-05
1765976280878799,0,-0.00103856,0.00243769,-9.80556,-0.00057424,-0.000199033,1.33833e-05,0,0,0,-0.239583,4.81493e-05,-0.000294704,-0.970876,-0.00057424,-0.000199033,1.33833e-05
1765976280883805,0,-0.001033,0.00242467,-9.80557,-0.000534046,-0.000227402,1.33467e-05,0,0,0,-0.239583,4.79543e-05,-0.00029324,-0.970876,-0.000534046,-0.000227402,1.33467e-05
1765976280888799,0,-0.00102747,0.00241173,-9.8057,-0.000567019,-0.000153313,1.32856e-05,0,0,0,-0.239583,4.7842e-05,-0.000291786,-0.970876,-0.000567019,-0.000153313,1.32856e-05
1765976280893799,0,-0.00102196,0.00239885,-9.80571,-0.000574155,-0.000100371,1.32612e-05,0,0,0,-0.239583,4.78892e-05,-0.000290326,-0.970876,-0.000574155,-0.000100371,1.32612e-05
1765976280898803,0,-0.00101647,0.00238604,-9.80588,-0.000588426,-9.76372e-05,1.3249e-05,0,0,0,-0.239583,4.79985e-05,-0.000288853,-0.970876,-0.000588426,-9.76372e-05,1.3249e-05
1765976280903800,0,-0.001011,0.0023733,-9.80588,-0.000582499,-9.3292e-05,1.32856e-05,0,0,0,-0.239583,4.81182e-05,-0.000287376,-0.970876,-0.000582499,-9.3292e-05,1.32856e-05
1765976280908805,0,-0.00100555,0.00236063,-9.80605,-0.000547051,-0.000228492,1.3249e-05,0,0,0,-0.239583,4.8031e-05,-0.00028591,-0.970876,-0.000547051,-0.000228492,1.3249e-05
1765976280913802,0,-0.00100012,0.00234803,-9.80605,-0.000509245,-0.000311989,1.32734e-05,0,0,0,-0.239583,4.76689e-05,-0.00028447,-0.970876,-0.000509245,-0.000311989,1.32734e-05
1765976280918801,0,-0.000994725,0.00233549,-9.8062,-0.000542765,-0.000272139,1.32002e-05,0,0,0,-0.239583,4.72867e-05,-0.000283013,-0.970876,-0.000542765,-0.000272139,1.32002e-05
1765976280923800,0,-0.000989361,0.00232301,-9.8062,-0.000550706,-0.000238676,1.32368e-05,0,0,0,-0.239583,4.70028e-05,-0.000281533,-0.970876,-0.000550706,-0.000238676,1.32368e-05
1765976280928783,0,-0.000984029,0.00231059,-9.80635,-0.000561295,-0.000251278,1.32368e-05,0,0,0,-0.239583,4.67388e-05,-0.000280033,-0.970876,-0.000561295,-0.000251278,1.32368e-05
1765976280933797,0,-0.000978724,0.00229825,-9.80635,-0.000553699,-0.000252917,1.32246e-05,0,0,0,-0.239583,4.646e-05,-0.000278531,-0.970876,-0.000553699,-0.000252917,1.32246e-05
1765976280938791,0,-0.000973448,0.00228597,-9.80653,-0.000564374,-0.000260599,1.31758e-05,0,0,0,-0.239583,4.61704e-05,-0.000277017,-0.970876,-0.000564374,-0.000260599,1.31758e-05
1765976280943805,0,-0.000968203,0.00227376,-9.80654,-0.000556692,-0.0002589,1.31758e-05,0,0,0,-0.239583,4.58756e-05,-0.000275503,-0.970876,-0.000556692,-0.0002589,1.31758e-05
1765976280948939,0,-0.000962989,0.00226161,-9.80669,-0.000615272,-0.000208146,1.31514e-05,0,0,0,-0.239583,4.56756e-05,-0.00027393,-0.970876,-0.000615272,-0.000208146,1.31514e-05
1765976280953856,0,-0.000957798,0.00224953,-9.8067,-0.000637945,-0.000169044,1.31392e-05,0,0,0,-0.239583,4.5604e-05,-0.000272293,-0.970876,-0.000637945,-0.000169044,1.31392e-05
1765976280958970,0,-0.00095263,0.00223753,-9.80681,-0.000611389,-0.000217553,1.2956e-05,0,0,0,-0.239583,4.54956e-05,-0.000270664,-0.970876,-0.000611389,-0.000217553,1.2956e-05
1765976280963883,0,-0.000947489,0.00222559,-9.80682,-0.000577956,-0.000243994,1.28218e-05,0,0,0,-0.239583,4.52832e-05,-0.000269089,-0.970876,-0.000577956,-0.000243994,1.28218e-05
1765976280968910,0,-0.000942378,0.00221372,-9.80696,-0.0006252,-0.000233693,1.26997e-05,0,0,0,-0.239583,4.50692e-05,-0.000267475,-0.970876,-0.0006252,-0.000233693,1.26997e-05
1765976280973817,0,-0.000937293,0.00220193,-9.80696,-0.000640248,-0.000220745,1.25654e-05,0,0,0,-0.239583,4.49007e-05,-0.0002658,-0.970876,-0.000640248,-0.000220745,1.25654e-05
1765976280978932,0,-0.000932235,0.0021902,-9.80709,-0.000633343,-0.000229951,1.24678e-05,0,0,0,-0.239583,4.47325e-05,-0.000264121,-0.970876,-0.000633343,-0.000229951,1.24678e-05
1765976280983822,0,-0.000927203,0.00217855,-9.8071,-0.000612138,-0.000229922,1.23945e-05,0,0,0,-0.239583,4.45461e-05,-0.000262477,-0.970876,-0.000612138,-0.000229922,1.23945e-05
1765976280988906,0,-0.000922201,0.00216696,-9.80728,-0.000539747,-0.000318885,1.22969e-05,0,0,0,-0.239583,4.41991e-05,-0.000260927,-0.970876,-0.000539747,-0.000318885,1.22969e-05
1765976280993932,0,-0.000917232,0.00215544,-9.80729,-0.00047757,-0.00036938,1.18818e-05,0,0,0,-0.239583,4.36525e-05,-0.000259498,-0.970876,-0.00047757,-0.00036938,1.18818e-05
1765976280998828,0,-0.0009123,0.00214397,-9.80746,-0.000517852,-0.000346563,1.15522e-05,0,0,0,-0.239583,4.30897e-05,-0.000258067,-0.970876,-0.000517852,-0.000346563,1.15522e-05
1765976281003816,0,-0.000907404,0.00213257,-9.80746,-0.0005308,-0.000322336,1.12837e-05,0,0,0,-0.239583,4.25986e-05,-0.000256593,-0.970876,-0.0005308,-0.000322336,1.12837e-05
1765976281008915,0,-0.000902544,0.00212123,-9.80757,-0.00053641,-0.00030631,1.10395e-05,0,0,0,-0.239583,4.21595e-05,-0.000255109,-0.970876,-0.00053641,-0.00030631,1.10395e-05
1765976281013933,0,-0.000897716,0.00210996,-9.80757,-0.000526081,-0.000287694,1.09663e-05,0,0,0,-0.239583,4.17607e-05,-0.000253645,-0.970876,-0.000526081,-0.000287694,1.09663e-05
1765976281018821,0,-0.000892921,0.00209874,-9.80771,-0.000510919,-0.000287952,1.09175e-05,0,0,0,-0.239583,4.13717e-05,-0.000252218,-0.970876,-0.000510919,-0.000287952,1.09175e-05
1765976281023818,0,-0.000888156,0.00208758,-9.80772,-0.000487527,-0.000280615,1.08442e-05,0,0,0,-0.239583,4.09811e-05,-0.000250842,-0.970876,-0.000487527,-0.000280615,1.08442e-05
1765976281028949,0,-0.000883422,0.00207649,-9.80784,-0.000542684,-0.000213086,1.08686e-05,0,0,0,-0.239583,4.07101e-05,-0.000249434,-0.970876,-0.000542684,-0.000213086,1.08686e-05
1765976281033923,0,-0.000878713,0.00206545,-9.80784,-0.000564983,-0.000162878,1.08931e-05,0,0,0,-0.239583,4.05991e-05,-0.000247975,-0.970876,-0.000564983,-0.000162878,1.08931e-05
1765976281038812,0,-0.000874025,0.00205448,-9.808,-0.000571341,-0.00012087,1.08564e-05,0,0,0,-0.239583,4.06056e-05,-0.000246512,-0.970876,-0.000571341,-0.00012087,1.08564e-05
1765976281043821,0,-0.000869355,0.00204358,-9.80801,-0.000560667,-8.98529e-05,1.07954e-05,0,0,0,-0.239583,4.06958e-05,-0.00024508,-0.970876,-0.000560667,-8.98529e-05,1.07954e-05
1765976281048829,0,-0.000864702,0.00203274,-9.80818,-0.000570191,-0.000129328,1.07588e-05,0,0,0,-0.239583,4.07594e-05,-0.000243637,-0.970876,-0.000570191,-0.000129328,1.07588e-05
1765976281053810,0,-0.000860067,0.00202196,-9.80818,-0.000561617,-0.000152057,1.07588e-05,0,0,0,-0.239583,4.07509e-05,-0.00024218,-0.970876,-0.000561617,-0.000152057,1.07588e-05
1765976281058783,0,-0.000855451,0.00201125,-9.80829,-0.000516473,-0.000153639,1.07588e-05,0,0,0,-0.239583,4.06996e-05,-0.000240791,-0.970876,-0.000516473,-0.000153639,1.07588e-05
1765976281063780,0,-0.000850854,0.0020006,-9.8083,-0.000472941,-0.000150589,1.0771e-05,0,0,0,-0.239583,4.06249e-05,-0.00023951,-0.970876,-0.000472941,-0.000150589,1.0771e-05
1765976281068799,0,-0.00084628,0.00199,-9.80841,-0.000401787,-0.000272411,1.07832e-05,0,0,0,-0.239583,4.03396e-05,-0.000238331,-0.970876,-0.000401787,-0.000272411,1.07832e-05
1765976281073777,0,-0.000841735,0.00197945,-9.80842,-0.000344272,-0.000345952,1.0771e-05,0,0,0,-0.239583,3.97913e-05,-0.00023725,-0.970876,-0.000344272,-0.000345952,1.0771e-05
1765976281078796,0,-0.000837223,0.00196895,-9.80855,-0.000416778,-0.000205457,1.07588e-05,0,0,0,-0.239583,3.93885e-05,-0.000236152,-0.970876,-0.000416778,-0.000205457,1.07588e-05
1765976281083802,0,-0.000832737,0.00195851,-9.80855,-0.000453952,-0.000107199,1.07466e-05,0,0,0,-0.239583,3.92959e-05,-0.000234999,-0.970876,-0.000453952,-0.000107199,1.07466e-05
1765976281088797,0,-0.000828267,0.00194811,-9.80871,-0.000434329,-0.000142387,1.07588e-05,0,0,0,-0.239583,3.92493e-05,-0.000233849,-0.970876,-0.000434329,-0.000142387,1.07588e-05
1765976281093798,0,-0.000823817,0.00193777,-9.80871,-0.000409873,-0.000161866,1.07466e-05,0,0,0,-0.239583,3.91267e-05,-0.000232738,-0.970876,-0.000409873,-0.000161866,1.07466e-05
1765976281098795,0,-0.000819388,0.00192748,-9.80883,-0.000399947,-0.000218547,1.07588e-05,0,0,0,-0.239583,3.88932e-05,-0.00023164,-0.970876,-0.000399947,-0.000218547,1.07588e-05
1765976281103799,0,-0.000814983,0.00191724,-9.80884,-0.000382741,-0.000250196,1.07344e-05,0,0,0,-0.239583,3.855e-05,-0.000230552,-0.970876,-0.000382741,-0.000250196,1.07344e-05
1765976281108806,0,-0.000810607,0.00190704,-9.80896,-0.000360299,-0.000270681,1.07344e-05,0,0,0,-0.239583,3.8134e-05,-0.000229499,-0.970876,-0.000360299,-0.000270681,1.07344e-05
1765976281113804,0,-0.000806259,0.0018969,-9.80896,-0.000336073,-0.000277184,1.07588e-05,0,0,0,-0.239583,3.76747e-05,-0.000228495,-0.970876,-0.000336073,-0.000277184,1.07588e-05
1765976281118803,0,-0.000801941,0.0018868,-9.80906,-0.000347899,-0.000284463,1.07588e-05,0,0,0,-0.239583,3.71968e-05,-0.000227494,-0.970876,-0.000347899,-0.000284463,1.07588e-05
1765976281123798,0,-0.000797654,0.00187674,-9.80907,-0.000346633,-0.000281931,1.07588e-05,0,0,0,-0.239583,3.6718e-05,-0.000226481,-0.970876,-0.000346633,-0.000281931,1.07588e-05
1765976281128800,0,-0.000793396,0.00186673,-9.80921,-0.000420578,-0.000237592,1.0771e-05,0,0,0,-0.239583,3.63325e-05,-0.00022538,-0.970876,-0.000420578,-0.000237592,1.0771e-05
1765976281133800,0,-0.000789165,0.00185677,-9.80921,-0.000458327,-0.000201914,1.0771e-05,0,0,0,-0.239583,3.60732e-05,-0.000224174,-0.970876,-0.000458327,-0.000201914,1.0771e-05
1765976281138800,0,-0.000784959,0.00184686,-9.80932,-0.000412752,-0.000265012,1.09541e-05,0,0,0,-0.239583,3.57494e-05,-0.000222985,-0.970876,-0.000412752,-0.000265012,1.09541e-05
1765976281143799,0,-0.000780781,0.001837,-9.80933,-0.000371608,-0.000299797,1.10884e-05,0,0,0,-0.239583,3.52879e-05,-0.000221871,-0.970876,-0.000371608,-0.000299797,1.10884e-05
1765976281148801,0,-0.000776632,0.00182719,-9.80944,-0.000409559,-0.000248208,1.10884e-05,0,0,0,-0.239583,3.48716e-05,-0.000220753,-0.970876,-0.000409559,-0.000248208,1.10884e-05
1765976281153797,0,-0.000772513,0.00181743,-9.80944,-0.000423945,-0.000207581,1.10395e-05,0,0,0,-0.239583,3.45788e-05,-0.000219604,-0.970876,-0.000423945,-0.000207581,1.10395e-05
1765976281158797,0,-0.000768415,0.00180772,-9.80954,-0.000495646,-9.27507e-05,1.12226e-05,0,0,0,-0.239583,3.45219e-05,-0.000218388,-0.970876,-0.000495646,-9.27507e-05,1.12226e-05
1765976281163921,0,-0.000764332,0.00179807,-9.80955,-0.000530086,-1.4202e-05,1.13569e-05,0,0,0,-0.239583,3.47204e-05,-0.000217107,-0.970876,-0.000530086,-1.4202e-05,1.13569e-05
1765976281168819,0,-0.000760258,0.00178848,-9.80965,-0.000557391,3.24095e-05,1.1418e-05,0,0,0,-0.239583,3.50811e-05,-0.000215789,-0.970876,-0.000557391,3.24095e-05,1.1418e-05
1765976281173813,0,-0.000756188,0.00177895,-9.80966,-0.000560959,6.24195e-05,1.1479e-05,0,0,0,-0.239583,3.55386e-05,-0.000214461,-0.970876,-0.000560959,6.24195e-05,1.1479e-05
1765976281178822,0,-0.000752121,0.00176948,-9.80979,-0.000514032,-6.72278e-05,1.15156e-05,0,0,0,-0.239583,3.58204e-05,-0.000213159,-0.970876,-0.000514032,-6.72278e-05,1.15156e-05
1765976281183802,0,-0.000748067,0.00176006,-9.8098,-0.000469521,-0.000151386,1.154e-05,0,0,0,-0.239583,3.58265e-05,-0.000211905,-0.970876,-0.000469521,-0.000151386,1.154e-05
1765976281188802,0,-0.000744032,0.0017507,-9.80991,-0.000440893,-0.000226712,1.13813e-05,0,0,0,-0.239583,3.56203e-05,-0.00021069,-0.970876,-0.000440893,-0.000226712,1.13813e-05
1765976281193799,0,-0.00074002,0.0017414,-9.80992,-0.000410538,-0.000270589,1.13081e-05,0,0,0,-0.239583,3.52593e-05,-0.000209512,-0.970876,-0.000410538,-0.000270589,1.13081e-05
1765976281198798,0,-0.000736038,0.00173214,-9.81001,-0.000378141,-0.000299648,1.1186e-05,0,0,0,-0.239583,3.47945e-05,-0.00020839,-0.970876,-0.000378141,-0.000299648,1.1186e-05
1765976281203924,0,-0.000732088,0.00172293,-9.81002,-0.000346866,-0.000310984,1.10762e-05,0,0,0,-0.239583,3.42659e-05,-0.000207335,-0.970876,-0.000346866,-0.000310984,1.10762e-05
1765976281208927,0,-0.000728166,0.00171376,-9.81011,-0.000374257,-0.000215201,1.10395e-05,0,0,0,-0.239583,3.38682e-05,-0.000206301,-0.970876,-0.000374257,-0.000215201,1.10395e-05
1765976281213919,0,-0.00072427,0.00170464,-9.81012,-0.000382544,-0.000146263,1.09907e-05,0,0,0,-0.239583,3.36734e-05,-0.000205276,-0.970876,-0.000382544,-0.000146263,1.09907e-05
1765976281218928,0,-0.000720393,0.00169556,-9.8102,-0.000358577,-0.000214337,1.09297e-05,0,0,0,-0.239583,3.34397e-05,-0.000204271,-0.970876,-0.000358577,-0.000214337,1.09297e-05
1765976281223824,0,-0.000716541,0.00168653,-9.81021,-0.000333372,-0.000253698,1.08809e-05,0,0,0,-0.239583,3.30679e-05,-0.000203295,-0.970876,-0.000333372,-0.000253698,1.08809e-05
1765976281228815,0,-0.000712714,0.00167754,-9.81031,-0.00038476,-0.00021638,1.08198e-05,0,0,0,-0.239583,3.27246e-05,-0.000202272,-0.970876,-0.00038476,-0.00021638,1.08198e-05
1765976281233927,0,-0.000708912,0.0016686,-9.81032,-0.000408756,-0.00018614,1.0832e-05,0,0,0,-0.239583,3.24825e-05,-0.000201184,-0.970876,-0.000408756,-0.00018614,1.0832e-05
1765976281238821,0,-0.000705131,0.0016597,-9.81037,-0.000416841,-0.000164704,1.0832e-05,0,0,0,-0.239583,3.23097e-05,-0.000200077,-0.970876,-0.000416841,-0.000164704,1.0832e-05
1765976281243936,0,-0.00070137,0.00165086,-9.81038,-0.000411231,-0.000146203,1.08564e-05,0,0,0,-0.239583,3.21845e-05,-0.000198981,-0.970876,-0.000411231,-0.000146203,1.08564e-05
1765976281248928,0,-0.000697628,0.00164206,-9.8105,-0.000425674,-0.000163408,1.08564e-05,0,0,0,-0.239583,3.20561e-05,-0.000197868,-0.970876,-0.000425674,-0.000163408,1.08564e-05
1765976281253817,0,-0.000693906,0.00163331,-9.8105,-0.000424092,-0.000170486,1.08442e-05,0,0,0,-0.239583,3.19035e-05,-0.000196737,-0.970876,-0.000424092,-0.000170486,1.08442e-05
1765976281258823,0,-0.000690203,0.00162461,-9.81055,-0.000413792,-0.000184009,1.08686e-05,0,0,0,-0.239583,3.17203e-05,-0.000195616,-0.970876,-0.000413792,-0.000184009,1.08686e-05
1765976281263866,0,-0.000686521,0.00161596,-9.81056,-0.000396039,-0.000188065,1.08931e-05,0,0,0,-0.239583,3.15093e-05,-0.000194525,-0.970876,-0.000396039,-0.000188065,1.08931e-05
1765976281268804,0,-0.000682862,0.00160736,-9.81067,-0.000397392,-0.000218679,1.08564e-05,0,0,0,-0.239583,3.12459e-05,-0.000193439,-0.970876,-0.000397392,-0.000218679,1.08564e-05
1765976281273802,0,-0.000679226,0.0015988,-9.81069,-0.000387955,-0.000233266,1.08198e-05,0,0,0,-0.239583,3.09285e-05,-0.000192352,-0.970876,-0.000387955,-0.000233266,1.08198e-05
1765976281278798,0,-0.000675615,0.00159029,-9.81076,-0.000373368,-0.000252917,1.08198e-05,0,0,0,-0.239583,3.05608e-05,-0.000191284,-0.970876,-0.000373368,-0.000252917,1.08198e-05
1765976281283799,0,-0.000672031,0.00158182,-9.81077,-0.000353975,-0.000259304,1.07954e-05,0,0,0,-0.239583,3.01543e-05,-0.000190253,-0.970876,-0.000353975,-0.000259304,1.07954e-05
1765976281288800,0,-0.000668474,0.0015734,-9.81084,-0.000335446,-0.00024768,1.08442e-05,0,0,0,-0.239583,2.97472e-05,-0.000189269,-0.970876,-0.000335446,-0.00024768,1.08442e-05
1765976281293799,0,-0.000664942,0.00156502,-9.81085,-0.000314414,-0.000233466,1.0832e-05,0,0,0,-0.239583,2.93601e-05,-0.000188342,-0.970876,-0.000314414,-0.000233466,1.0832e-05
1765976281298800,0,-0.000661435,0.00155668,-9.81091,-0.000370347,-0.000154572,1.08076e-05,0,0,0,-0.239583,2.91167e-05,-0.000187386,-0.970876,-0.000370347,-0.000154572,1.08076e-05
1765976281303797,0,-0.000657946,0.00154838,-9.81092,-0.000397537,-9.82934e-05,1.08442e-05,0,0,0,-0.239583,2.90551e-05,-0.000186376,-0.970876,-0.000397537,-9.82934e-05,1.08442e-05
1765976281308810,0,-0.000654474,0.00154013,-9.81102,-0.000357112,-0.00017218,1.06611e-05,0,0,0,-0.239583,2.89325e-05,-0.000185384,-0.970876,-0.000357112,-0.00017218,1.06611e-05
1765976281313800,0,-0.00065102,0.00153192,-9.81103,-0.000320859,-0.000216719,1.05146e-05,0,0,0,-0.239583,2.86506e-05,-0.000184451,-0.970876,-0.000320859,-0.000216719,1.05146e-05
1765976281318801,0,-0.000647591,0.00152375,-9.8111,-0.000305524,-0.000256856,1.0417e-05,0,0,0,-0.239583,2.82528e-05,-0.00018355,-0.970876,-0.000305524,-0.000256856,1.0417e-05
1765976281323826,0,-0.000644187,0.00151562,-9.81111,-0.000287426,-0.000276709,1.02827e-05,0,0,0,-0.239583,2.77769e-05,-0.000182674,-0.970876,-0.000287426,-0.000276709,1.02827e-05
1765976281328928,0,-0.00064081,0.00150752,-9.81113,-0.000328168,-0.00020426,1.01606e-05,0,0,0,-0.239583,2.73976e-05,-0.000181777,-0.970876,-0.000328168,-0.00020426,1.01606e-05
1765976281333924,0,-0.000637456,0.00149947,-9.81114,-0.000346554,-0.000150945,1.01118e-05,0,0,0,-0.239583,2.71826e-05,-0.000180851,-0.970876,-0.000346554,-0.000150945,1.01118e-05
1765976281338831,0,-0.000634121,0.00149146,-9.81124,-0.000306906,-0.000209266,1.00019e-05,0,0,0,-0.239583,2.69246e-05,-0.000179956,-0.970876,-0.000306906,-0.000209266,1.00019e-05
1765976281343812,0,-0.000630809,0.00148348,-9.81125,-0.000272667,-0.000242469,9.87988e-06,0,0,0,-0.239583,2.65399e-05,-0.000179124,-0.970876,-0.000272667,-0.000242469,9.87988e-06
1765976281348788,0,-0.000627521,0.00147555,-9.81128,-0.000321925,-0.000194103,9.79443e-06,0,0,0,-0.239583,2.62028e-05,-0.000178262,-0.970876,-0.000321925,-0.000194103,9.79443e-06
1765976281353822,0,-0.000624255,0.00146765,-9.81129,-0.000346152,-0.000156957,9.73339e-06,0,0,0,-0.239583,2.59873e-05,-0.000177343,-0.970876,-0.000346152,-0.000156957,9.73339e-06
1765976281358925,0,-0.000621008,0.00145979,-9.8113,-0.000508053,-0.000222759,9.66015e-06,0,0,0,-0.239583,2.5776e-05,-0.000176149,-0.970876,-0.000508053,-0.000222759,9.66015e-06
1765976281363834,0,-0.000617784,0.00145199,-9.81131,-0.000601908,-0.000260537,9.64795e-06,0,0,0,-0.239583,2.55183e-05,-0.000174632,-0.970876,-0.000601908,-0.000260537,9.64795e-06
1765976281368833,0,-0.000614586,0.00144425,-9.81141,-0.00050791,-0.000210185,9.66015e-06,0,0,0,-0.239583,2.5286e-05,-0.00017317,-0.970876,-0.00050791,-0.000210185,9.66015e-06
1765976281373826,0,-0.00061141,0.00143656,-9.81142,-0.000432555,-0.000171428,9.63574e-06,0,0,0,-0.239583,2.51094e-05,-0.000171935,-0.970876,-0.000432555,-0.000171428,9.63574e-06
1765976281378829,0,-0.000608255,0.00142892,-9.8115,-0.000377744,-0.000162883,9.66015e-06,0,0,0,-0.239583,2.49452e-05,-0.000170866,-0.970876,-0.000377744,-0.000162883,9.66015e-06
1765976281383921,0,-0.000605117,0.00142133,-9.81151,-0.000331565,-0.000153042,9.64795e-06,0,0,0,-0.239583,2.47738e-05,-0.000169922,-0.970876,-0.000331565,-0.000153042,9.64795e-06
1765976281388910,0,-0.000601997,0.00141378,-9.81149,-0.000359704,-5.75758e-05,9.67236e-06,0,0,0,-0.239583,2.47501e-05,-0.000169019,-0.970876,-0.000359704,-5.75758e-05,9.67236e-06
1765976281393923,0,-0.000598887,0.00140627,-9.8115,-0.000368969,7.10453e-06,9.64795e-06,0,0,0,-0.239583,2.49233e-05,-0.000168121,-0.970876,-0.000368969,7.10453e-06,9.64795e-06
1765976281398939,0,-0.000595781,0.0013988,-9.81159,-0.00037645,3.59634e-05,9.61133e-06,0,0,0,-0.239583,2.52063e-05,-0.000167229,-0.970876,-0.00037645,3.59634e-05,9.61133e-06
1765976281403912,0,-0.000592678,0.00139137,-9.8116,-0.00037153,5.42053e-05,9.64795e-06,0,0,0,-0.239583,2.55438e-05,-0.000166351,-0.970876,-0.00037153,5.42053e-05,9.64795e-06
1765976281408917,0,-0.000589576,0.00138398,-9.81159,-0.000360395,5.84638e-05,9.61133e-06,0,0,0,-0.239583,2.59001e-05,-0.000165499,-0.970876,-0.000360395,5.84638e-05,9.61133e-06
1765976281413919,0,-0.000586474,0.00137664,-9.81161,-0.000343649,5.97876e-05,9.63574e-06,0,0,0,-0.239583,2.62538e-05,-0.000164685,-0.970876,-0.000343649,5.97876e-05,9.63574e-06
1765976281418927,0,-0.000583374,0.00136934,-9.81167,-0.000286134,-7.46361e-05,9.62354e-06,0,0,0,-0.239583,2.63883e-05,-0.000163922,-0.970876,-0.000286134,-7.46361e-05,9.62354e-06
1765976281423869,0,-0.000580285,0.00136207,-9.81168,-0.000240558,-0.000161672,9.61133e-06,0,0,0,-0.239583,2.62354e-05,-0.000163218,-0.970876,-0.000240558,-0.000161672,9.61133e-06
1765976281428915,0,-0.000577212,0.00135484,-9.8117,-0.000263749,-0.000120182,9.63575e-06,0,0,0,-0.239583,2.60558e-05,-0.000162518,-0.970876,-0.000263749,-0.000120182,9.63575e-06
1765976281433918,0,-0.000574156,0.00134764,-9.81171,-0.000272122,-8.96259e-05,9.62354e-06,0,0,0,-0.239583,2.59696e-05,-0.000161805,-0.970876,-0.000272122,-8.96259e-05,9.62354e-06
1765976281438922,0,-0.000571112,0.00134047,-9.81174,-0.000234718,-0.000187595,9.66016e-06,0,0,0,-0.239583,2.57589e-05,-0.00016111,-0.970876,-0.000234718,-0.000187595,9.66016e-06
1765976281443913,0,-0.000568089,0.00133334,-9.81176,-0.000203817,-0.000247413,9.67237e-06,0,0,0,-0.239583,2.5346e-05,-0.000160451,-0.970876,-0.000203817,-0.000247413,9.67237e-06
1765976281448926,0,-0.00056509,0.00132623,-9.81182,-0.000194869,-0.000280558,9.68457e-06,0,0,0,-0.239583,2.4816e-05,-0.000159809,-0.970876,-0.000194869,-0.000280558,9.68457e-06
1765976281453810,0,-0.000562121,0.00131915,-9.81183,-0.000183849,-0.000295203,9.68457e-06,0,0,0,-0.239583,2.42265e-05,-0.000159179,-0.970876,-0.000183849,-0.000295203,9.68457e-06
1765976281458825,0,-0.000559177,0.0013121,-9.81184,-0.000236129,-0.000233314,9.68457e-06,0,0,0,-0.239583,2.3729e-05,-0.000158502,-0.970876,-0.000236129,-0.000233314,9.68457e-06
1765976281463831,0,-0.000556259,0.00130508,-9.81185,-0.000264527,-0.000186271,9.7334e-06,0,0,0,-0.239583,2.33829e-05,-0.000157765,-0.970876,-0.000264527,-0.000186271,9.7334e-06
1765976281468880,0,-0.000553361,0.00129809,-9.81188,-0.000293558,-0.000152147,9.72119e-06,0,0,0,-0.239583,2.31493e-05,-0.000156981,-0.970876,-0.000293558,-0.000152147,9.72119e-06
1765976281473894,0,-0.00055048,0.00129114,-9.81189,-0.000305154,-0.000125561,9.68457e-06,0,0,0,-0.239583,2.29987e-05,-0.00015617,-0.970876,-0.000305154,-0.000125561,9.68457e-06
1765976281478807,0,-0.000547614,0.00128422,-9.81192,-0.000359821,-3.47555e-05,9.70899e-06,0,0,0,-0.239583,2.30286e-05,-0.000155307,-0.970876,-0.000359821,-3.47555e-05,9.70899e-06
1765976281483912,0,-0.000544755,0.00127734,-9.81194,-0.000386608,2.61557e-05,9.66016e-06,0,0,0,-0.239583,2.32581e-05,-0.000154396,-0.970876,-0.000386608,2.61557e-05,9.66016e-06
1765976281488830,0,-0.0005419,0.00127051,-9.81194,-0.000362756,-2.59218e-05,9.67237e-06,0,0,0,-0.239583,2.34687e-05,-0.000153489,-0.970876,-0.000362756,-2.59218e-05,9.67237e-06
1765976281493813,0,-0.000539052,0.00126372,-9.81196,-0.000337436,-5.96714e-05,9.63575e-06,0,0,0,-0.239583,2.35648e-05,-0.000152618,-0.970876,-0.000337436,-5.96714e-05,9.63575e-06
1765976281498830,0,-0.000536215,0.00125697,-9.81198,-0.000323338,-0.000132005,9.66016e-06,0,0,0,-0.239583,2.35117e-05,-0.000151758,-0.970876,-0.000323338,-0.000132005,9.66016e-06
1765976281503787,0,-0.000533392,0.00125025,-9.81199,-0.000305557,-0.000176371,9.61133e-06,0,0,0,-0.239583,2.3314e-05,-0.000150904,-0.970876,-0.000305557,-0.000176371,9.61133e-06
1765976281508814,0,-0.000530588,0.00124358,-9.81198,-0.000272555,-0.000180313,9.63575e-06,0,0,0,-0.239583,2.30513e-05,-0.000150103,-0.970876,-0.000272555,-0.000180313,9.63575e-06
1765976281513803,0,-0.000527803,0.00123693,-9.81199,-0.000243553,-0.000178327,9.59913e-06,0,0,0,-0.239583,2.27694e-05,-0.000149377,-0.970876,-0.000243553,-0.000178327,9.59913e-06
1765976281518784,0,-0.000525036,0.00123032,-9.81202,-0.000283057,-9.18952e-05,9.58692e-06,0,0,0,-0.239583,2.26225e-05,-0.000148652,-0.970876,-0.000283057,-9.18952e-05,9.58692e-06
1765976281523806,0,-0.000522282,0.00122374,-9.81204,-0.000301817,-3.22789e-05,9.58692e-06,0,0,0,-0.239583,2.26625e-05,-0.000147904,-0.970876,-0.000301817,-3.22789e-05,9.58692e-06
1765976281528803,0,-0.000519537,0.00121719,-9.81203,-0.000315311,-2.18056e-05,9.5503e-06,0,0,0,-0.239583,2.27851e-05,-0.000147137,-0.970876,-0.000315311,-2.18056e-05,9.5503e-06
1765976281533781,0,-0.000516796,0.00121069,-9.81204,-0.00031603,-1.4267e-05,9.5381e-06,0,0,0,-0.239583,2.29322e-05,-0.00014636,-0.970876,-0.00031603,-1.4267e-05,9.5381e-06
1765976281538802,0,-0.000514062,0.00120421,-9.81206,-0.000310564,-7.72578e-07,9.5503e-06,0,0,0,-0.239583,2.31046e-05,-0.000145597,-0.970876,-0.000310564,-7.72578e-07,9.5503e-06
1765976281543802,0,-0.000511332,0.00119778,-9.81207,-0.000298796,8.14705e-06,9.56251e-06,0,0,0,-0.239583,2.32975e-05,-0.000144863,-0.970876,-0.000298796,8.14705e-06,9.56251e-06
1765976281548777,0,-0.000508607,0.00119138,-9.81209,-0.000299601,-4.62761e-06,9.56251e-06,0,0,0,-0.239583,2.34779e-05,-0.000144137,-0.970876,-0.000299601,-4.62761e-06,9.56251e-06
1765976281553801,0,-0.000505887,0.00118501,-9.81211,-0.000292207,-1.31152e-05,9.58692e-06,0,0,0,-0.239583,2.36311e-05,-0.000143415,-0.970876,-0.000292207,-1.31152e-05,9.58692e-06
1765976281558807,0,-0.000503171,0.00117868,-9.81209,-0.000283546,-2.56309e-05,9.58692e-06,0,0,0,-0.239583,2.37529e-05,-0.000142706,-0.970876,-0.000283546,-2.56309e-05,9.58692e-06
1765976281563798,0,-0.000500464,0.00117239,-9.8121,-0.000270455,-3.31403e-05,9.56251e-06,0,0,0,-0.239583,2.38449e-05,-0.000142019,-0.970876,-0.000270455,-3.31403e-05,9.56251e-06
1765976281568782,0,-0.000497762,0.00116612,-9.81208,-0.000269189,-5.04322e-05,9.5503e-06,0,0,0,-0.239583,2.39008e-05,-0.000141338,-0.970876,-0.000269189,-5.04322e-05,9.5503e-06
1765976281573783,0,-0.000495069,0.00115989,-9.8121,-0.000261363,-6.05598e-05,9.5503e-06,0,0,0,-0.239583,2.39221e-05,-0.000140662,-0.970876,-0.000261363,-6.05598e-05,9.5503e-06
1765976281578781,0,-0.000492387,0.00115369,-9.8121,-0.000270398,-9.91144e-05,9.52589e-06,0,0,0,-0.239583,2.38787e-05,-0.000139964,-0.970876,-0.000270398,-9.91144e-05,9.52589e-06
1765976281583826,0,-0.000489716,0.00114753,-9.81212,-0.000269419,-0.000122103,9.53809e-06,0,0,0,-0.239583,2.37663e-05,-0.000139242,-0.970876,-0.000269419,-0.000122103,9.53809e-06
1765976281588843,0,-0.000487061,0.00114139,-9.81214,-0.000209775,-0.000227611,9.58692e-06,0,0,0,-0.239583,2.34562e-05,-0.000138564,-0.970876,-0.000209775,-0.000227611,9.58692e-06
1765976281593935,0,-0.000484429,0.00113528,-9.81215,-0.000164718,-0.000291428,9.58692e-06,0,0,0,-0.239583,2.29202e-05,-0.000137961,-0.970876,-0.000164718,-0.000291428,9.58692e-06
1765976281598803,0,-0.000481824,0.0011292,-9.81213,-0.000206696,-0.00024427,9.61133e-06,0,0,0,-0.239583,2.23953e-05,-0.000137342,-0.970876,-0.000206696,-0.00024427,9.61133e-06
1765976281603911,0,-0.000479242,0.00112314,-9.81215,-0.000229081,-0.000206693,9.63575e-06,0,0,0,-0.239583,2.1989e-05,-0.000136675,-0.970876,-0.000229081,-0.000206693,9.63575e-06
1765976281608840,0,-0.000476683,0.00111711,-9.81213,-0.000244388,-0.000191386,9.63575e-06,0,0,0,-0.239583,2.16523e-05,-0.000135979,-0.970876,-0.000244388,-0.000191386,9.63575e-06
1765976281613928,0,-0.000474143,0.00111112,-9.81214,-0.000248158,-0.000176194,9.59913e-06,0,0,0,-0.239583,2.13576e-05,-0.000135271,-0.970876,-0.000248158,-0.000176194,9.59913e-06
1765976281618822,0,-0.000471621,0.00110515,-9.81214,-0.000263522,-0.000192709,9.62354e-06,0,0,0,-0.239583,2.10601e-05,-0.000134535,-0.970876,-0.000263522,-0.000192709,9.62354e-06
1765976281623805,0,-0.000469121,0.00109921,-9.81215,-0.000266917,-0.000198521,9.64796e-06,0,0,0,-0.239583,2.07429e-05,-0.000133773,-0.970876,-0.000266917,-0.000198521,9.64796e-06
1765976281628784,0,-0.00046664,0.00109331,-9.81216,-0.000257365,-0.000202549,9.62354e-06,0,0,0,-0.239583,2.04116e-05,-0.000133018,-0.970876,-0.000257365,-0.000202549,9.62354e-06
1765976281633823,0,-0.000464181,0.00108743,-9.81217,-0.000244303,-0.000200046,9.61134e-06,0,0,0,-0.239583,2.00731e-05,-0.000132292,-0.970876,-0.000244303,-0.000200046,9.61134e-06
1765976281638799,0,-0.00046174,0.00108159,-9.81214,-0.000278542,-9.23509e-05,9.59913e-06,0,0,0,-0.239583,1.9903e-05,-0.000131568,-0.970876,-0.000278542,-9.23509e-05,9.59913e-06
1765976281643811,0,-0.000459311,0.00107578,-9.81216,-0.00029382,-1.85498e-05,9.62355e-06,0,0,0,-0.239583,1.99587e-05,-0.000130841,-0.970876,-0.00029382,-1.85498e-05,9.62355e-06
1765976281648868,0,-0.000456888,0.00107,-9.81214,-0.000334734,2.13287e-05,9.64796e-06,0,0,0,-0.239583,2.01624e-05,-0.000130072,-0.970876,-0.000334734,2.13287e-05,9.64796e-06
1765976281653911,0,-0.000454467,0.00106426,-9.81215,-0.000352918,4.72528e-05,9.66017e-06,0,0,0,-0.239583,2.0459e-05,-0.000129255,-0.970876,-0.000352918,4.72528e-05,9.66017e-06
1765976281658822,0,-0.000452048,0.00105856,-9.81212,-0.000372138,2.29693e-05,9.709e-06,0,0,0,-0.239583,2.07566e-05,-0.00012839,-0.970876,-0.000372138,2.29693e-05,9.709e-06
1765976281663914,0,-0.00044963,0.0010529,-9.81214,-0.000374958,6.1378e-06,9.64796e-06,0,0,0,-0.239583,2.10117e-05,-0.00012749,-0.970876,-0.000374958,6.1378e-06,9.64796e-06
1765976281668844,0,-0.000447216,0.00104727,-9.81213,-0.000354501,3.46225e-06,9.64796e-06,0,0,0,-0.239583,2.124e-05,-0.000126613,-0.970876,-0.000354501,3.46225e-06,9.64796e-06
1765976281673821,0,-0.000444806,0.00104169,-9.81214,-0.000331943,1.53477e-06,9.68458e-06,0,0,0,-0.239583,2.14498e-05,-0.000125786,-0.970876,-0.000331943,1.53477e-06,9.68458e-06
1765976281678829,0,-0.000442399,0.00103614,-9.81212,-0.000327167,-2.28926e-05,9.67238e-06,0,0,0,-0.239583,2.1615e-05,-0.00012498,-0.970876,-0.000327167,-2.28926e-05,9.67238e-06
1765976281683805,0,-0.000439999,0.00103063,-9.81213,-0.000315457,-3.85157e-05,9.67238e-06,0,0,0,-0.239583,2.17285e-05,-0.000124183,-0.970876,-0.000315457,-3.85157e-05,9.67238e-06
1765976281688888,0,-0.000437605,0.00102515,-9.81208,-0.000304092,-4.20257e-05,9.68458e-06,0,0,0,-0.239583,2.18147e-05,-0.00012341,-0.970876,-0.000304092,-4.20257e-05,9.68458e-06
1765976281693801,0,-0.000435219,0.00101971,-9.8121,-0.000288584,-4.32051e-05,9.68458e-06,0,0,0,-0.239583,2.18876e-05,-0.000122669,-0.970876,-0.000288584,-4.32051e-05,9.68458e-06
1765976281698801,0,-0.00043284,0.0010143,-9.81206,-0.000291144,-8.51548e-05,9.67238e-06,0,0,0,-0.239583,2.18954e-05,-0.000121924,-0.970876,-0.000291144,-8.51548e-05,9.67238e-06
1765976281703815,0,-0.000430474,0.00100892,-9.81207,-0.000285102,-0.000110733,9.66017e-06,0,0,0,-0.239583,2.18236e-05,-0.000121166,-0.970876,-0.000285102,-0.000110733,9.66017e-06
1765976281708823,0,-0.000428121,0.00100357,-9.81208,-0.000219645,-0.000212356,9.62355e-06,0,0,0,-0.239583,2.15541e-05,-0.000120466,-0.970876,-0.000219645,-0.000212356,9.62355e-06
1765976281713823,0,-0.000425788,0.000998256,-9.81209,-0.000170647,-0.000273986,9.66017e-06,0,0,0,-0.239583,2.10629e-05,-0.000119855,-0.970876,-0.000170647,-0.000273986,9.66017e-06
1765976281718846,0,-0.00042348,0.000992961,-9.81207,-0.000196254,-0.00022985,9.63575e-06,0,0,0,-0.239583,2.05736e-05,-0.000119255,-0.970876,-0.000196254,-0.00022985,9.63575e-06
1765976281723923,0,-0.000421194,0.00098769,-9.81208,-0.000208223,-0.000194632,9.66017e-06,0,0,0,-0.239583,2.01888e-05,-0.000118637,-0.970876,-0.000208223,-0.000194632,9.66017e-06
1765976281728830,0,-0.00041893,0.000982445,-9.81202,-0.000200081,-0.000180275,9.61134e-06,0,0,0,-0.239583,1.98591e-05,-0.000118032,-0.970876,-0.000200081,-0.000180275,9.61134e-06
1765976281733924,0,-0.000416684,0.000977225,-9.81203,-0.000189522,-0.000166119,9.59914e-06,0,0,0,-0.239583,1.95582e-05,-0.000117458,-0.970876,-0.000189522,-0.000166119,9.59914e-06
1765976281738910,0,-0.000414452,0.00097203,-9.81201,-0.000230407,-3.00834e-05,9.56252e-06,0,0,0,-0.239583,1.94813e-05,-0.000116888,-0.970876,-0.000230407,-3.00834e-05,9.56252e-06
1765976281743939,0,-0.000412229,0.000966862,-9.81202,-0.000251526,6.07795e-05,9.5381e-06,0,0,0,-0.239583,1.96862e-05,-0.000116313,-0.970876,-0.000251526,6.07795e-05,9.5381e-06
1765976281748911,0,-0.000410005,0.000961724,-9.81202,-0.000229544,-2.19693e-05,9.5381e-06,0,0,0,-0.239583,1.9856e-05,-0.000115741,-0.970876,-0.000229544,-2.19693e-05,9.5381e-06
1765976281753821,0,-0.000407788,0.000956611,-9.81204,-0.000208972,-7.60034e-05,9.55031e-06,0,0,0,-0.239583,1.9854e-05,-0.000115181,-0.970876,-0.000208972,-7.60034e-05,9.55031e-06
1765976281758929,0,-0.000405578,0.000951526,-9.81196,-0.000245944,-1.14958e-05,9.5381e-06,0,0,0,-0.239583,1.9902e-05,-0.000114598,-0.970876,-0.000245944,-1.14958e-05,9.5381e-06
1765976281763932,0,-0.000403374,0.000946468,-9.81198,-0.000264013,3.13462e-05,9.5259e-06,0,0,0,-0.239583,2.00903e-05,-0.000113983,-0.970876,-0.000264013,3.13462e-05,9.5259e-06
1765976281768922,0,-0.000401172,0.00094144,-9.81196,-0.000221862,-4.57344e-05,9.50148e-06,0,0,0,-0.239583,2.01971e-05,-0.000113395,-0.970876,-0.000221862,-4.57344e-05,9.50148e-06
1765976281773922,0,-0.000398977,0.000936439,-9.81197,-0.000188314,-9.57117e-05,9.48928e-06,0,0,0,-0.239583,2.01341e-05,-0.00011286,-0.970876,-0.000188314,-9.57117e-05,9.48928e-06
1765976281778925,0,-0.000396792,0.000931463,-9.81193,-0.000227588,-4.54464e-05,9.46486e-06,0,0,0,-0.239583,2.01019e-05,-0.000112306,-0.970876,-0.000227588,-4.54464e-05,9.46486e-06
1765976281783927,0,-0.000394615,0.000926513,-9.81194,-0.000247671,-1.09771e-05,9.44044e-06,0,0,0,-0.239583,2.01853e-05,-0.00011171,-0.970876,-0.000247671,-1.09771e-05,9.44044e-06
1765976281788918,0,-0.000392444,0.00092159,-9.81195,-0.000214468,-9.1568e-05,9.42824e-06,0,0,0,-0.239583,2.01777e-05,-0.000111122,-0.970876,-0.000214468,-9.1568e-05,9.42824e-06
1765976281793893,0,-0.000390283,0.000916694,-9.81197,-0.000186933,-0.00014261,9.41603e-06,0,0,0,-0.239583,1.99997e-05,-0.000110568,-0.970876,-0.000186933,-0.00014261,9.41603e-06
1765976281798869,0,-0.000388137,0.000911821,-9.81189,-0.000222495,-8.92371e-05,9.40383e-06,0,0,0,-0.239583,1.9856e-05,-0.000109996,-0.970876,-0.000222495,-8.92371e-05,9.40383e-06
1765976281803907,0,-0.000386001,0.000906976,-9.81191,-0.00024019,-5.17179e-05,9.41603e-06,0,0,0,-0.239583,1.98337e-05,-0.00010939,-0.970876,-0.00024019,-5.17179e-05,9.41603e-06
1765976281808926,0,-0.000383876,0.000902157,-9.81188,-0.000211188,-0.000143156,9.39162e-06,0,0,0,-0.239583,1.97084e-05,-0.000108786,-0.970876,-0.000211188,-0.000143156,9.39162e-06
1765976281813923,0,-0.000381765,0.000897362,-9.8119,-0.000186329,-0.000199981,9.40382e-06,0,0,0,-0.239583,1.93958e-05,-0.000108203,-0.970876,-0.000186329,-0.000199981,9.40382e-06
1765976281818917,0,-0.000379672,0.000892593,-9.81185,-0.00022661,-0.000136567,9.45265e-06,0,0,0,-0.239583,1.91288e-05,-0.000107595,-0.970876,-0.00022661,-0.000136567,9.45265e-06
1765976281823815,0,-0.000377593,0.00088785,-9.81186,-0.000247384,-9.09626e-05,9.39161e-06,0,0,0,-0.239583,1.90069e-05,-0.00010695,-0.970876,-0.000247384,-9.09626e-05,9.39161e-06
1765976281828827,0,-0.000375527,0.000883134,-9.81181,-0.000250894,-7.60872e-05,9.37941e-06,0,0,0,-0.239583,1.89572e-05,-0.000106295,-0.970876,-0.000250894,-7.60872e-05,9.37941e-06
1765976281833836,0,-0.000373469,0.000878447,-9.81183,-0.000246636,-6.43767e-05,9.46486e-06,0,0,0,-0.239583,1.89384e-05,-0.000105651,-0.970876,-0.000246636,-6.43767e-05,9.46486e-06
1765976281838936,0,-0.000371422,0.000873787,-9.8118,-0.000238004,-5.69821e-05,9.45265e-06,0,0,0,-0.239583,1.89375e-05,-0.000105029,-0.970876,-0.000238004,-5.69821e-05,9.45265e-06
1765976281843929,0,-0.000369381,0.000869155,-9.81181,-0.000226092,-5.04506e-05,9.44044e-06,0,0,0,-0.239583,1.8947e-05,-0.000104437,-0.970876,-0.000226092,-5.04506e-05,9.44044e-06
1765976281848926,0,-0.000367348,0.000864549,-9.81176,-0.000210325,-4.08117e-05,9.42824e-06,0,0,0,-0.239583,1.89683e-05,-0.000103884,-0.970876,-0.000210325,-4.08117e-05,9.42824e-06
1765976281853935,0,-0.000365323,0.000859968,-9.81177,-0.000194328,-3.34747e-05,9.41603e-06,0,0,0,-0.239583,1.90002e-05,-0.000103375,-0.970876,-0.000194328,-3.34747e-05,9.41603e-06
1765976281858923,0,-0.000363303,0.00085541,-9.81172,-0.000203247,-5.19463e-05,9.44045e-06,0,0,0,-0.239583,1.90116e-05,-0.000102864,-0.970876,-0.000203247,-5.19463e-05,9.44045e-06
1765976281863910,0,-0.000361291,0.000850877,-9.81173,-0.000203823,-6.28796e-05,9.39162e-06,0,0,0,-0.239583,1.89915e-05,-0.000102335,-0.970876,-0.000203823,-6.28796e-05,9.39162e-06
1765976281868829,0,-0.000359287,0.000846368,-9.8117,-0.000199219,-7.50789e-05,9.39162e-06,0,0,0,-0.239583,1.89416e-05,-0.000101805,-0.970876,-0.000199219,-7.50789e-05,9.39162e-06
1765976281873915,0,-0.000357292,0.000841883,-9.81172,-0.00019076,-8.11209e-05,9.39162e-06,0,0,0,-0.239583,1.88668e-05,-0.000101286,-0.970876,-0.00019076,-8.11209e-05,9.39162e-06
1765976281878924,0,-0.00035531,0.00083742,-9.81165,-0.000193436,-0.000105289,9.37942e-06,0,0,0,-0.239583,1.875e-05,-0.000100762,-0.970876,-0.000193436,-0.000105289,9.37942e-06
1765976281883816,0,-0.000353338,0.000832981,-9.81167,-0.000190041,-0.00011864,9.45266e-06,0,0,0,-0.239583,1.85896e-05,-0.00010023,-0.970876,-0.000190041,-0.00011864,9.45266e-06
1765976281888825,0,-0.000351378,0.000828565,-9.81158,-0.000186704,-0.000115302,9.50149e-06,0,0,0,-0.239583,1.84191e-05,-9.97033e-05,-0.970876,-0.000186704,-0.000115302,9.50149e-06
1765976281893795,0,-0.000349431,0.000824172,-9.8116,-0.000179626,-0.000110065,9.5259e-06,0,0,0,-0.239583,1.82562e-05,-9.91933e-05,-0.970876,-0.000179626,-0.000110065,9.5259e-06
1765976281898799,0,-0.000347497,0.000819801,-9.81159,-0.00018469,-0.00012917,9.5259e-06,0,0,0,-0.239583,1.80706e-05,-9.86772e-05,-0.970876,-0.00018469,-0.00012917,9.5259e-06
1765976281903804,0,-0.000345576,0.000815451,-9.8116,-0.000183309,-0.000138406,9.5137e-06,0,0,0,-0.239583,1.78538e-05,-9.81502e-05,-0.970876,-0.000183309,-0.000138406,9.5137e-06
1765976281908805,0,-0.000343669,0.000811125,-9.81154,-0.000225173,-4.13566e-05,9.56252e-06,0,0,0,-0.239583,1.7784e-05,-9.75963e-05,-0.970876,-0.000225173,-4.13566e-05,9.56252e-06
1765976281913808,0,-0.000341769,0.000806824,-9.81155,-0.000246953,2.39565e-05,9.55032e-06,0,0,0,-0.239583,1.79214e-05,-9.70167e-05,-0.970876,-0.000246953,2.39565e-05,9.55032e-06
1765976281918779,0,-0.000339871,0.00080255,-9.81152,-0.00020155,-3.92559e-05,9.53811e-06,0,0,0,-0.239583,1.80191e-05,-9.64751e-05,-0.970876,-0.00020155,-3.92559e-05,9.53811e-06
1765976281923780,0,-0.00033798,0.000798299,-9.81153,-0.000166218,-8.00548e-05,9.5137e-06,0,0,0,-0.239583,1.79724e-05,-9.59992e-05,-0.970876,-0.000166218,-8.00548e-05,9.5137e-06
1765976281928798,0,-0.000336097,0.000794069,-9.81147,-0.000153616,-0.000117027,9.5259e-06,0,0,0,-0.239583,1.78193e-05,-9.55528e-05,-0.970876,-0.000153616,-0.000117027,9.5259e-06
1765976281933781,0,-0.000334228,0.000789859,-9.81148,-0.000141215,-0.000138491,9.56252e-06,0,0,0,-0.239583,1.75916e-05,-9.51202e-05,-0.970876,-0.000141215,-0.000138491,9.56252e-06
1765976281938799,0,-0.000332373,0.000785668,-9.81143,-0.000128441,-0.000142663,9.55032e-06,0,0,0,-0.239583,1.73293e-05,-9.47116e-05,-0.970876,-0.000128441,-0.000142663,9.55032e-06
1765976281943779,0,-0.000330533,0.000781493,-9.81144,-0.0001165,-0.000141944,9.55032e-06,0,0,0,-0.239583,1.70567e-05,-9.43321e-05,-0.970876,-0.0001165,-0.000141944,9.55032e-06
1765976281948806,0,-0.000328708,0.000777336,-9.81141,-0.000129045,-0.000181218,9.58694e-06,0,0,0,-0.239583,1.67293e-05,-9.39319e-05,-0.970876,-0.000129045,-0.000181218,9.58694e-06
1765976281953782,0,-0.0003269,0.000773196,-9.81142,-0.000134023,-0.000202451,9.57473e-06,0,0,0,-0.239583,1.63376e-05,-9.34953e-05,-0.970876,-0.000134023,-0.000202451,9.57473e-06
1765976281958801,0,-0.000325111,0.000769074,-9.81136,-0.000135461,-0.000206767,9.59915e-06,0,0,0,-0.239583,1.59207e-05,-9.3045e-05,-0.970876,-0.000135461,-0.000206767,9.59915e-06
1765976281963833,0,-0.000323343,0.00076497,-9.81138,-0.000132872,-0.000204264,9.58694e-06,0,0,0,-0.239583,1.55027e-05,-9.25971e-05,-0.970876,-0.000132872,-0.000204264,9.58694e-06
1765976281968807,0,-0.000321594,0.000760883,-9.81134,-0.000142338,-0.000201358,9.56253e-06,0,0,0,-0.239583,1.50941e-05,-9.21395e-05,-0.970876,-0.000142338,-0.000201358,9.56253e-06
1765976281973930,0,-0.000319866,0.000756815,-9.81136,-0.000144784,-0.000194078,9.61135e-06,0,0,0,-0.239583,1.47021e-05,-9.16725e-05,-0.970876,-0.000144784,-0.000194078,9.61135e-06
1765976281978929,0,-0.000318155,0.000752765,-9.81128,-0.000146568,-0.000198509,9.58694e-06,0,0,0,-0.239583,1.4312e-05,-9.12006e-05,-0.970876,-0.000146568,-0.000198509,9.58694e-06
1765976281983816,0,-0.000316463,0.000748735,-9.81129,-0.00014395,-0.000196351,9.61135e-06,0,0,0,-0.239583,1.39202e-05,-9.07305e-05,-0.970876,-0.00014395,-0.000196351,9.61135e-06
1765976281988918,0,-0.000314789,0.000744723,-9.81125,-0.000140123,-0.0001952,9.57473e-06,0,0,0,-0.239583,1.35301e-05,-9.02695e-05,-0.970876,-0.000140123,-0.0001952,9.57473e-06
1765976281993931,0,-0.000313136,0.000740728,-9.81126,-0.000133909,-0.000189445,9.57473e-06,0,0,0,-0.239583,1.31464e-05,-8.98236e-05,-0.970876,-0.000133909,-0.000189445,9.57473e-06
1765976281998939,0,-0.000311499,0.000736752,-9.81122,-0.000141217,-0.000190222,9.56253e-06,0,0,0,-0.239583,1.27683e-05,-8.93742e-05,-0.970876,-0.000141217,-0.000190222,9.56253e-06
1765976282003822,0,-0.000309882,0.000732793,-9.81124,-0.000142483,-0.000185791,9.5137e-06,0,0,0,-0.239583,1.2398e-05,-8.89173e-05,-0.970876,-0.000142483,-0.000185791,9.5137e-06
1765976282008924,0,-0.000308283,0.000728854,-9.81121,-0.000152151,-0.000197991,9.5137e-06,0,0,0,-0.239583,1.20181e-05,-8.84417e-05,-0.970876,-0.000152151,-0.000197991,9.5137e-06
1765976282013922,0,-0.000306702,0.000724932,-9.81122,-0.000154568,-0.00020104,9.48928e-06,0,0,0,-0.239583,1.16251e-05,-8.79492e-05,-0.970876,-0.000154568,-0.00020104,9.48928e-06
1765976282018803,0,-0.00030514,0.000721031,-9.81115,-0.000139721,-0.000197328,9.45266e-06,0,0,0,-0.239583,1.12298e-05,-8.74766e-05,-0.970876,-0.000139721,-0.000197328,9.45266e-06
1765976282023793,0,-0.000303597,0.000717146,-9.81116,-0.000126314,-0.000189589,9.44046e-06,0,0,0,-0.239583,1.0841e-05,-8.70416e-05,-0.970876,-0.000126314,-0.000189589,9.44046e-06
1765976282028929,0,-0.000302072,0.000713279,-9.81108,-0.00011515,-0.000185129,9.47708e-06,0,0,0,-0.239583,1.0459e-05,-8.66393e-05,-0.970876,-0.00011515,-0.000185129,9.47708e-06
1765976282033813,0,-0.000300563,0.000709427,-9.8111,-0.000104677,-0.00017736,9.52591e-06,0,0,0,-0.239583,1.00861e-05,-8.62669e-05,-0.970876,-0.000104677,-0.00017736,9.52591e-06
1765976282038809,0,-0.000299073,0.000705591,-9.81105,-0.000155058,-7.51036e-05,9.56253e-06,0,0,0,-0.239583,9.88538e-06,-8.587e-05,-0.970876,-0.000155058,-7.51036e-05,9.56253e-06
1765976282043937,0,-0.000297591,0.000701774,-9.81106,-0.000184261,-5.61848e-06,9.56253e-06,0,0,0,-0.239583,9.90765e-06,-8.54311e-05,-0.970876,-0.000184261,-5.61848e-06,9.56253e-06
1765976282048927,0,-0.000296111,0.000697978,-9.811,-0.000204028,4.2604e-05,9.57473e-06,0,0,0,-0.239583,1.00817e-05,-8.49691e-05,-0.970876,-0.000204028,4.2604e-05,9.57473e-06
1765976282053814,0,-0.000294631,0.000694206,-9.81101,-0.000211796,7.33041e-05,9.61135e-06,0,0,0,-0.239583,1.03548e-05,-8.44991e-05,-0.970876,-0.000211796,7.33041e-05,9.61135e-06
1765976282058909,0,-0.000293148,0.000690456,-9.811,-0.000228484,6.61687e-05,9.66018e-06,0,0,0,-0.239583,1.06552e-05,-8.40021e-05,-0.970876,-0.000228484,6.61687e-05,9.66018e-06
1765976282063815,0,-0.000291661,0.000686732,-9.81101,-0.000233606,5.97815e-05,9.63576e-06,0,0,0,-0.239583,1.09452e-05,-8.34774e-05,-0.970876,-0.000233606,5.97815e-05,9.63576e-06
1765976282068834,0,-0.000290174,0.000683032,-9.81095,-0.000176291,-3.93675e-05,9.63576e-06,0,0,0,-0.239583,1.10652e-05,-8.2994e-05,-0.970876,-0.000176291,-3.93675e-05,9.63576e-06
1765976282073831,0,-0.000288692,0.000679353,-9.81096,-0.000133852,-0.000103846,9.63576e-06,0,0,0,-0.239583,1.09661e-05,-8.25812e-05,-0.970876,-0.000133852,-0.000103846,9.63576e-06
1765976282078828,0,-0.00028722,0.000675691,-9.81091,-0.000166192,-7.03262e-05,9.67238e-06,0,0,0,-0.239583,1.08547e-05,-8.2159e-05,-0.970876,-0.000166192,-7.03262e-05,9.67238e-06
1765976282083913,0,-0.000285756,0.00067205,-9.81093,-0.000183197,-4.63301e-05,9.68459e-06,0,0,0,-0.239583,1.08246e-05,-8.16974e-05,-0.970876,-0.000183197,-4.63301e-05,9.68459e-06
1765976282088826,0,-0.000284298,0.00066843,-9.81088,-0.000198101,-2.08952e-05,9.70901e-06,0,0,0,-0.239583,1.08642e-05,-8.12124e-05,-0.970876,-0.000198101,-2.08952e-05,9.70901e-06
1765976282093803,0,-0.000282844,0.000664831,-9.81089,-0.000202877,-3.54543e-06,9.72121e-06,0,0,0,-0.239583,1.09591e-05,-8.07183e-05,-0.970876,-0.000202877,-3.54543e-06,9.72121e-06
1765976282098799,0,-0.000281393,0.000661255,-9.81081,-0.000214386,-1.94276e-05,9.67238e-06,0,0,0,-0.239583,1.10531e-05,-8.02013e-05,-0.970876,-0.000214386,-1.94276e-05,9.67238e-06
1765976282103800,0,-0.000279946,0.000657703,-9.81082,-0.000216458,-2.9325e-05,9.67238e-06,0,0,0,-0.239583,1.11206e-05,-7.96628e-05,-0.970876,-0.000216458,-2.9325e-05,9.67238e-06
1765976282108812,0,-0.000278505,0.000654174,-9.81074,-0.000191052,-2.38582e-05,9.68459e-06,0,0,0,-0.239583,1.11779e-05,-7.91588e-05,-0.970876,-0.000191052,-2.38582e-05,9.68459e-06
1765976282113804,0,-0.000277067,0.000650666,-9.81076,-0.000169242,-1.97724e-05,9.73342e-06,0,0,0,-0.239583,1.12326e-05,-7.8714e-05,-0.970876,-0.000169242,-1.97724e-05,9.73342e-06
1765976282118802,0,-0.000275634,0.000647178,-9.81074,-0.000160007,-2.34551e-05,9.64797e-06,0,0,0,-0.239583,1.12773e-05,-7.83035e-05,-0.970876,-0.000160007,-2.34551e-05,9.64797e-06
1765976282123809,0,-0.000274205,0.000643709,-9.81075,-0.000149649,-2.52964e-05,9.64797e-06,0,0,0,-0.239583,1.13098e-05,-7.79155e-05,-0.970876,-0.000149649,-2.52964e-05,9.64797e-06
