1765976261160586,0,-0.384099,4.28139,0,0.855375,0,0,0.51801,-0.384099,4.28139,0,0.855375,0,0,0.51801,0,0,0,-6.00793e-06,0,0,0
1765976261160586,0,-0.384099,4.28139,0,0.855375,0,0,0.51801,-0.384099,4.28139,0,0.855375,0,0,0.51801,0,0,0,-6.00793e-06,0,0,0
1765976261170640,0,-0.384099,4.28139,0,0.855375,0,0,0.51801,-0.384099,4.28139,0,0.855375,0,0,0.51801,0,0,0,0,0,0,0
1765976261170640,0,-0.384099,4.28139,0,0.855375,0,0,0.51801,-0.384099,4.28139,0,0.855375,0,0,0.51801,0,0,0,0,0,0,0
1765976261180637,0,-0.384099,4.28139,0,0.855375,0,0,0.51801,-0.384099,4.28139,0,0.855375,0,0,0.51801,0,0,0,0,0,0,0
1765976261180637,0,-0.384099,4.28139,0,0.855375,0,0,0.51801,-0.384099,4.28139,0,0.855375,0,0,0.51801,0,0,0,0,0,0,0
1765976261190696,0,-0.384099,4.28139,0,0.855375,0,0,0.51801,-0.384099,4.28139,0,0.855375,0,0,0.51801,0,0,0,0,0,0,0
1765976261190696,0,-0.384099,4.28139,0,0.855375,0,0,0.51801,-0.384099,4.28139,0,0.855375,0,0,0.51801,0,0,0,0,0,0,0
1765976261200717,0,-0.384099,4.28139,0,0.855375,0,0,0.51801,-0.384099,4.28139,0,0.855375,0,0,0.51801,0,0,0,0,0,0,0
1765976261200717,0,-0.384099,4.28139,0,0.855375,0,0,0.51801,-0.384099,4.28139,0,0.855375,0,0,0.51801,0,0,0,0,0,0,0
1765976261210646,0,-0.384099,4.28139,0,0.855375,0,0,0.51801,-0.384099,4.28139,0,0.855375,0,0,0.51801,0,0,0,0,0,0,0
1765976261210646,0,-0.384099,4.28139,0,0.855375,0,0,0.51801,-0.384099,4.28139,0,0.855375,0,0,0.51801,0,0,0,0,0,0,0
1765976261220705,0,-0.384099,4.28139,0,0.855375,0,0,0.51801,-0.384099,4.28139,0,0.855375,0,0,0.51801,0,0,0,0,0,0,0
1765976261220705,0,-0.384099,4.28139,0,0.855375,0,0,0.51801,-0.384099,4.28139,0,0.855375,0,0,0.51801,0,0,0,0,0,0,0
1765976261230552,0,-0.384099,4.28139,0,0.855375,0,0,0.51801,-0.384099,4.28139,0,0.855375,0,0,0.51801,-3.02654e-06,0,0,0,0,0,0
1765976261230552,0,-0.384099,4.28139,0,0.855375,0,0,0.51801,-0.384099,4.28139,0,0.855375,0,0,0.51801,-3.02654e-06,0,0,0,0,0,0
1765976261240639,0,-0.384099,4.28139,0,0.855375,0,0,0.51801,-0.384099,4.28139,0,0.855375,0,0,0.51801,-2.95453e-06,0,0,0,0,0,0
1765976261240639,0,-0.384099,4.28139,0,0.855375,0,0,0.51801,-0.384099,4.28139,0,0.855375,0,0,0.51801,-2.95453e-06,0,0,0,0,0,0
1765976261250577,0,-0.384099,4.28139,0,0.855375,0,0,0.51801,-0.384099,4.28139,0,0.855375,0,0,0.51801,0,0,0,5.99765e-06,0,0,0
1765976261250577,0,-0.384099,4.28139,0,0.855375,0,0,0.51801,-0.384099,4.28139,0,0.855375,0,0,0.51801,0,0,0,5.99765e-06,0,0,0
1765976261260517,0,-0.384099,4.28139,0,0.855375,0,0,0.51801,-0.384099,4.28139,0,0.855375,0,0,0.51801,0,0,0,0,0,0,0
1765976261260517,0,-0.384099,4.28139,0,0.855375,0,0,0.51801,-0.384099,4.28139,0,0.855375,0,0,0.51801,0,0,0,0,0,0,0
1765976261270493,0,-0.384099,4.28139,0,0.855375,0,0,0.51801,-0.384099,4.28139,0,0.855375,0,0,0.51801,0,0,0,0,0,0,0
1765976261270493,0,-0.384099,4.28139,0,0.855375,0,0,0.51801,-0.384099,4.28139,0,0.855375,0,0,0.51801,0,0,0,0,0,0,0
1765976261280539,0,-0.384099,4.28139,0,0.855375,0,0,0.51801,-0.384099,4.28139,0,0.855375,0,0,0.51801,0,0,0,0,0,0,0
1765976261280539,0,-0.384099,4.28139,0,0.855375,0,0,0.51801,-0.384099,4.28139,0,0.855375,0,0,0.51801,0,0,0,0,0,0,0
1765976261290470,0,-0.384099,4.28139,0,0.855375,0,0,0.51801,-0.384099,4.28139,0,0.855375,0,0,0.51801,0,0,0,0,0,0,0
1765976261290470,0,-0.384099,4.28139,0,0.855375,0,0,0.51801,-0.384099,4.28139,0,0.855375,0,0,0.51801,0,0,0,0,0,0,0
1765976261300507,0,-0.384099,4.28139,0,0.855375,0,0,0.51801,-0.384099,4.28139,0,0.855375,0,0,0.51801,0,0,0,0,0,0,-5.93849e-06
1765976261300507,0,-0.384099,4.28139,0,0.855375,0,0,0.51801,-0.384099,4.28139,0,0.855375,0,0,0.51801,0,0,0,0,0,0,-5.93849e-06
1765976261310512,0,-0.384099,4.28139,0,0.855375,0,0,0.51801,-0.384099,4.28139,0,0.855375,0,0,0.51801,0,0,0,-5.95749e-06,0,0,0
1765976261310512,0,-0.384099,4.28139,0,0.855375,0,0,0.51801,-0.384099,4.28139,0,0.855375,0,0,0.51801,0,0,0,-5.95749e-06,0,0,0
1765976261320531,0,-0.384099,4.28139,0,0.855375,0,0,0.51801,-0.384099,4.28139,0,0.855375,0,0,0.51801,2.97458e-06,0,0,0,0,0,0
1765976261320531,0,-0.384099,4.28139,0,0.855375,0,0,0.51801,-0.384099,4.28139,0,0.855375,0,0,0.51801,2.97458e-06,0,0,0,0,0,0
1765976261330533,0,-0.384099,4.28139,0,0.855375,0,0,0.51801,-0.384099,4.28139,0,0.855375,0,0,0.51801,0,0,0,0,0,0,0
1765976261330533,0,-0.384099,4.28139,0,0.855375,0,0,0.51801,-0.384099,4.28139,0,0.855375,0,0,0.51801,0,0,0,0,0,0,0
1765976261340464,0,-0.384099,4.28139,0,0.855375,0,0,0.51801,-0.384099,4.28139,0,0.855375,0,0,0.51801,0,0,0,0,0,0,0
1765976261340464,0,-0.384099,4.28139,0,0.855375,0,0,0.51801,-0.384099,4.28139,0,0.855375,0,0,0.51801,0,0,0,0,0,0,0
1765976261350488,0,-0.384099,4.28139,0,0.855375,0,0,0.51801,-0.384099,4.28139,0,0.855375,0,0,0.51801,0,0,0,0,0,0,0
1765976261350488,0,-0.384099,4.28139,0,0.855375,0,0,0.51801,-0.384099,4.28139,0,0.855375,0,0,0.51801,0,0,0,0,0,0,0
1765976261360541,0,-0.384099,4.28139,0,0.855375,0,0,0.51801,-0.384099,4.28139,0,0.855375,0,0,0.51801,0,0,0,0,0,0,0
1765976261360541,0,-0.384099,4.28139,0,0.855375,0,0,0.51801,-0.384099,4.28139,0,0.855375,0,0,0.51801,0,0,0,0,0,0,0
1765976261370520,0,-0.384099,4.28139,0,0.855375,0,0,0.51801,-0.384099,4.28139,0,0.855375,0,0,0.51801,0,0,0,0,0,0,0
1765976261370520,0,-0.384099,4.28139,0,0.855375,0,0,0.51801,-0.384099,4.28139,0,0.855375,0,0,0.51801,0,0,0,0,0,0,0
1765976261380482,0,-0.384099,4.28139,0,0.855375,0,0,0.51801,-0.384099,4.28139,0,0.855375,0,0,0.51801,0,0,0,0,0,0,0
1765976261380482,0,-0.384099,4.28139,0,0.855375,0,0,0.51801,-0.384099,4.28139,0,0.855375,0,0,0.51801,0,0,0,0,0,0,0
1765976261390468,0,-0.384099,4.28139,0,0.855375,0,0,0.51801,-0.384099,4.28139,0,0.855375,0,0,0.51801,0,0,0,-5.96882e-06,0,0,0
1765976261390468,0,-0.384099,4.28139,0,0.855375,0,0,0.51801,-0.384099,4.28139,0,0.855375,0,0,0.51801,0,0,0,-5.96882e-06,0,0,0
1765976261400540,0,-0.384099,4.28139,0,0.855375,0,0,0.51801,-0.384099,4.28139,0,0.855375,0,0,0.51801,0,0,0,0,0,0,0
1765976261400540,0,-0.384099,4.28139,0,0.855375,0,0,0.51801,-0.384099,4.28139,0,0.855375,0,0,0.51801,0,0,0,0,0,0,0
1765976261410558,0,-0.384099,4.28139,0,0.855375,0,0,0.51801,-0.384099,4.28139,0,0.855375,0,0,0.51801,-2.97488e-06,0,0,5.94975e-06,0,0,0
1765976261410558,0,-0.384099,4.28139,0,0.855375,0,0,0.51801,-0.384099,4.28139,0,0.855375,0,0,0.51801,-2.97488e-06,0,0,5.94975e-06,0,0,0
1765976261420555,0,-0.384099,4.28139,0,0.855375,0,0,0.51801,-0.384099,4.28139,0,0.855375,0,0,0.51801,2.98113e-06,0,0,5.96225e-06,0,0,0
1765976261420555,0,-0.384099,4.28139,0,0.855375,0,0,0.51801,-0.384099,4.28139,0,0.855375,0,0,0.51801,2.98113e-06,0,0,5.96225e-06,0,0,0
1765976261430541,0,-0.384099,4.28139,0,0.855375,0,0,0.51801,-0.384099,4.28139,0,0.855375,0,0,0.51801,0,0,0,0,0,0,0
1765976261430541,0,-0.384099,4.28139,0,0.855375,0,0,0.51801,-0.384099,4.28139,0,0.855375,0,0,0.51801,0,0,0,0,0,0,0
1765976261440458,0,-0.384099,4.28139,0,0.855375,0,0,0.51801,-0.384099,4.28139,0,0.855375,0,0,0.51801,-3.00518e-06,0,0,0,0,0,0
1765976261440458,0,-0.384099,4.28139,0,0.855375,0,0,0.51801,-0.384099,4.28139,0,0.855375,0,0,0.51801,-3.00518e-06,0,0,0,0,0,0
1765976261450622,0,-0.384099,4.28139,0,0.855375,0,0,0.51801,-0.384099,4.28139,0,0.855375,0,0,0.51801,0,0,0,-5.86429e-06,0,0,0
1765976261450622,0,-0.384099,4.28139,0,0.855375,0,0,0.51801,-0.384099,4.28139,0,0.855375,0,0,0.51801,0,0,0,-5.86429e-06,0,0,0
1765976261460576,0,-0.384099,4.28139,0,0.855375,0,0,0.51801,-0.384099,4.28139,0,0.855375,0,0,0.51801,0,0,0,0,0,0,0
1765976261460576,0,-0.384099,4.28139,0,0.855375,0,0,0.51801,-0.384099,4.28139,0,0.855375,0,0,0.51801,0,0,0,0,0,0,0
1765976261470553,0,-0.384099,4.28139,0,0.855375,0,0,0.51801,-0.384099,4.28139,0,0.855375,0,0,0.51801,0,0,0,-5.97421e-06,0,0,0
1765976261470553,0,-0.384099,4.28139,0,0.855375,0,0,0.51801,-0.384099,4.28139,0,0.855375,0,0,0.51801,0,0,0,-5.97421e-06,0,0,0
1765976261480481,0,-0.384099,4.28139,0,0.855375,0,0,0.51801,-0.384099,4.28139,0,0.855375,0,0,0.51801,3.00185e-06,0,0,0,0,0,0
1765976261480481,0,-0.384099,4.28139,0,0.855375,0,0,0.51801,-0.384099,4.28139,0,0.855375,0,0,0.51801,3.00185e-06,0,0,0,0,0,0
1765976261490466,0,-0.384099,4.28139,0,0.855375,0,0,0.51801,-0.384099,4.28139,0,0.855375,0,0,0.51801,0,0,0,0,0,0,0
1765976261490466,0,-0.384099,4.28139,0,0.855375,0,0,0.51801,-0.384099,4.28139,0,0.855375,0,0,0.51801,0,0,0,0,0,0,0
1765976261500563,0,-0.384099,4.28139,0,0.855375,0,0,0.51801,-0.384099,4.28139,0,0.855375,0,0,0.51801,0,0,0,0,0,0,0
1765976261500563,0,-0.384099,4.28139,0,0.855375,0,0,0.51801,-0.384099,4.28139,0,0.855375,0,0,0.51801,0,0,0,0,0,0,0
1765976261510495,0,-0.384099,4.28139,0,0.855375,0,0,0.51801,-0.384099,4.28139,0,0.855375,0,0,0.51801,0,0,0,0,0,0,0
1765976261510495,0,-0.384099,4.28139,0,0.855375,0,0,0.51801,-0.384099,4.28139,0,0.855375,0,0,0.51801,0,0,0,0,0,0,0
1765976261520555,0,-0.384099,4.28139,0,0.855375,0,0,0.51801,-0.384099,4.28139,0,0.855375,0,0,0.51801,0,0,0,0,0,0,0
1765976261520555,0,-0.384099,4.28139,0,0.855375,0,0,0.51801,-0.384099,4.28139,0,0.855375,0,0,0.51801,0,0,0,0,0,0,0
1765976261530478,0,-0.384099,4.28139,0,0.855375,0,0,0.51801,-0.384099,4.28139,0,0.855375,0,0,0.51801,0,0,0,0,0,0,0
1765976261530478,0,-0.384099,4.28139,0,0.855375,0,0,0.51801,-0.384099,4.28139,0,0.855375,0,0,0.51801,0,0,0,0,0,0,0
1765976261540466,0,-0.384099,4.28139,0,0.855375,0,0,0.51801,-0.384099,4.28139,0,0.855375,0,0,0.51801,-2.98381e-06,0,0,0,0,0,0
1765976261540466,0,-0.384099,4.28139,0,0.855375,0,0,0.51801,-0.384099,4.28139,0,0.855375,0,0,0.51801,-2.98381e-06,0,0,0,0,0,0
1765976261550466,0,-0.384099,4.28139,0,0.855375,0,0,0.51801,-0.384099,4.28139,0,0.855375,0,0,0.51801,0,0,0,0,0,0,0
1765976261550466,0,-0.384099,4.28139,0,0.855375,0,0,0.51801,-0.384099,4.28139,0,0.855375,0,0,0.51801,0,0,0,0,0,0,0
1765976261560575,0,-0.384099,4.28139,0,0.855375,0,0,0.51801,-0.384099,4.28139,0,0.855375,0,0,0.51801,0,0,0,0,0,0,0
1765976261560575,0,-0.384099,4.28139,0,0.855375,0,0,0.51801,-0.384099,4.28139,0,0.855375,0,0,0.51801,0,0,0,0,0,0,0
1765976261570787,0,-0.384099,4.28139,0,0.855375,0,0,0.51801,-0.384099,4.28139,0,0.855375,0,0,0.51801,2.91836e-06,0,0,0,0,0,0
1765976261570787,0,-0.384099,4.28139,0,0.855375,0,0,0.51801,-0.384099,4.28139,0,0.855375,0,0,0.51801,2.91836e-06,0,0,0,0,0,0
1765976261580723,0,-0.384099,4.28139,0,0.855375,0,0,0.51801,-0.384099,4.28139,0,0.855375,0,0,0.51801,0,0,0,0,0,0,0
1765976261580723,0,-0.384099,4.28139,0,0.855375,0,0,0.51801,-0.384099,4.28139,0,0.855375,0,0,0.51801,0,0,0,0,0,0,0
1765976261590612,0,-0.384099,4.28139,0,0.855375,0,0,0.51801,-0.384099,4.28139,0,0.855375,0,0,0.51801,0,0,0,0,0,0,0
1765976261590612,0,-0.384099,4.28139,0,0.855375,0,0,0.51801,-0.384099,4.28139,0,0.855375,0,0,0.51801,0,0,0,0,0,0,0
1765976261600794,0,-0.384099,4.28139,0,0.855375,0,0,0.51801,-0.384099,4.28139,0,0.855375,0,0,0.51801,2.92696e-06,0,0,0,0,0,0
1765976261600794,0,-0.384099,4.28139,0,0.855375,0,0,0.51801,-0.384099,4.28139,0,0.855375,0,0,0.51801,2.92696e-06,0,0,0,0,0,0
1765976261610721,0,-0.384099,4.28139,0,0.855375,0,0,0.51801,-0.384099,4.28139,0,0.855375,0,0,0.51801,0,0,0,0,0,0,0
1765976261610721,0,-0.384099,4.28139,0,0.855375,0,0,0.51801,-0.384099,4.28139,0,0.855375,0,0,0.51801,0,0,0,0,0,0,0
1765976261620803,0,-0.384099,4.28139,0,0.855375,0,0,0.51801,-0.384099,4.28139,0,0.855375,0,0,0.51801,0,0,0,5.91199e-06,0,0,0
1765976261620803,0,-0.384099,4.28139,0,0.855375,0,0,0.51801,-0.384099,4.28139,0,0.855375,0,0,0.51801,0,0,0,5.91199e-06,0,0,0
1765976261630669,0,-0.384099,4.28139,0,0.855375,0,0,0.51801,-0.384099,4.28139,0,0.855375,0,0,0.51801,0,0,0,0,0,0,0
1765976261630669,0,-0.384099,4.28139,0,0.855375,0,0,0.51801,-0.384099,4.28139,0,0.855375,0,0,0.51801,0,0,0,0,0,0,0
1765976261640560,0,-0.384099,4.28139,0,0.855375,0,0,0.51801,-0.384099,4.28139,0,0.855375,0,0,0.51801,0,0,0,0,0,0,0
1765976261640560,0,-0.384099,4.28139,0,0.855375,0,0,0.51801,-0.384099,4.28139,0,0.855375,0,0,0.51801,0,0,0,0,0,0,0
1765976261650664,0,-0.384099,4.28139,0,0.855375,0,0,0.51801,-0.384099,4.28139,0,0.855375,0,0,0.51801,-2.94956e-06,0,0,0,0,0,0
1765976261650664,0,-0.384099,4.28139,0,0.855375,0,0,0.51801,-0.384099,4.28139,0,0.855375,0,0,0.51801,-2.94956e-06,0,0,0,0,0,0
1765976261660546,0,-0.384099,4.28139,0,0.855375,0,0,0.51801,-0.384099,4.28139,0,0.855375,0,0,0.51801,3.01582e-06,0,0,0,0,0,0
1765976261660546,0,-0.384099,4.28139,0,0.855375,0,0,0.51801,-0.384099,4.28139,0,0.855375,0,0,0.51801,3.01582e-06,0,0,0,0,0,0
1765976261670544,0,-0.384099,4.28139,0,0.855375,0,0,0.51801,-0.384099,4.28139,0,0.855375,0,0,0.51801,0,0,0,0,0,0,0
1765976261670544,0,-0.384099,4.28139,0,0.855375,0,0,0.51801,-0.384099,4.28139,0,0.855375,0,0,0.51801,0,0,0,0,0,0,0
1765976261680629,0,-0.384099,4.28139,0,0.855375,0,0,0.51801,-0.384099,4.28139,0,0.855375,0,0,0.51801,0,0,0,0,0,0,0
1765976261680629,0,-0.384099,4.28139,0,0.855375,0,0,0.51801,-0.384099,4.28139,0,0.855375,0,0,0.51801,0,0,0,0,0,0,0
1765976261690610,0,-0.384099,4.28139,0,0.855375,0,0,0.51801,-0.384099,4.28139,0,0.855375,0,0,0.51801,0,0,0,0,0,0,0
1765976261690610,0,-0.384099,4.28139,0,0.855375,0,0,0.51801,-0.384099,4.28139,0,0.855375,0,0,0.51801,0,0,0,0,0,0,0
1765976261700656,0,-0.384099,4.28139,0,0.855375,0,0,0.51801,-0.384099,4.28139,0,0.855375,0,0,0.51801,0,0,0,0,0,0,0
1765976261700656,0,-0.384099,4.28139,0,0.855375,0,0,0.51801,-0.384099,4.28139,0,0.855375,0,0,0.51801,0,0,0,0,0,0,0
1765976261710578,0,-0.384099,4.28139,0,0.855375,0,0,0.51801,-0.384099,4.28139,0,0.855375,0,0,0.51801,0,0,0,0,0,0,0
1765976261710578,0,-0.384099,4.28139,0,0.855375,0,0,0.51801,-0.384099,4.28139,0,0.855375,0,0,0.51801,0,0,0,0,0,0,0
1765976261720594,0,-0.384099,4.28139,0,0.855375,0,0,0.51801,-0.384099,4.28139,0,0.855375,0,0,0.51801,0,0,0,0,0,0,0
1765976261720594,0,-0.384099,4.28139,0,0.855375,0,0,0.51801,-0.384099,4.28139,0,0.855375,0,0,0.51801,0,0,0,0,0,0,0
1765976261730615,0,-0.384099,4.28139,0,0.855375,0,0,0.51801,-0.384099,4.28139,0,0.855375,0,0,0.51801,0,0,0,0,0,0,0
1765976261730615,0,-0.384099,4.28139,0,0.855375,0,0,0.51801,-0.384099,4.28139,0,0.855375,0,0,0.51801,0,0,0,0,0,0,0
1765976261740526,0,-0.384099,4.28139,0,0.855375,0,0,0.51801,-0.384099,4.28139,0,0.855375,0,0,0.51801,-3.00699e-06,0,0,0,0,0,0
1765976261740526,0,-0.384099,4.28139,0,0.855375,0,0,0.51801,-0.384099,4.28139,0,0.855375,0,0,0.51801,-3.00699e-06,0,0,0,0,0,0
1765976261750504,0,-0.384099,4.28139,0,0.855375,0,0,0.51801,-0.384099,4.28139,0,0.855375,0,0,0.51801,0,0,0,0,0,0,0
1765976261750504,0,-0.384099,4.28139,0,0.855375,0,0,0.51801,-0.384099,4.28139,0,0.855375,0,0,0.51801,0,0,0,0,0,0,0
1765976261760507,0,-0.384099,4.28139,0,0.855375,0,0,0.51801,-0.384099,4.28139,0,0.855375,0,0,0.51801,0,0,0,0,0,0,0
1765976261760507,0,-0.384099,4.28139,0,0.855375,0,0,0.51801,-0.384099,4.28139,0,0.855375,0,0,0.51801,0,0,0,0,0,0,0
1765976261770440,0,-0.384099,4.28139,0,0.855375,0,0,0.51801,-0.384099,4.28139,0,0.855375,0,0,0.51801,0,0,0,0,0,0,0
1765976261770440,0,-0.384099,4.28139,0,0.855375,0,0,0.51801,-0.384099,4.28139,0,0.855375,0,0,0.51801,0,0,0,0,0,0,0
1765976261780475,0,-0.384099,4.28139,0,0.855375,0,0,0.51801,-0.384099,4.28139,0,0.855375,0,0,0.51801,0,0,0,0,0,0,0
1765976261780475,0,-0.384099,4.28139,0,0.855375,0,0,0.51801,-0.384099,4.28139,0,0.855375,0,0,0.51801,0,0,0,0,0,0,0
1765976261790574,0,-0.384099,4.28139,0,0.855375,0,0,0.51801,-0.384099,4.28139,0,0.855375,0,0,0.51801,0,0,0,5.90203e-06,0,0,0
1765976261790574,0,-0.384099,4.28139,0,0.855375,0,0,0.51801,-0.384099,4.28139,0,0.855375,0,0,0.51801,0,0,0,5.90203e-06,0,0,0
1765976261800682,0,-0.384099,4.28139,0,0.855375,0,0,0.51801,-0.384099,4.28139,0,0.855375,0,0,0.51801,0,0,0,0,0,0,0
1765976261800682,0,-0.384099,4.28139,0,0.855375,0,0,0.51801,-0.384099,4.28139,0,0.855375,0,0,0.51801,0,0,0,0,0,0,0
1765976261810620,0,-0.384099,4.28139,0,0.855375,0,0,0.51801,-0.384099,4.28139,0,0.855375,0,0,0.51801,0,0,0,0,0,0,0
1765976261810620,0,-0.384099,4.28139,0,0.855375,0,0,0.51801,-0.384099,4.28139,0,0.855375,0,0,0.51801,0,0,0,0,0,0,0
1765976261820628,0,-0.384099,4.28139,0,0.855375,0,0,0.51801,-0.384099,4.28139,0,0.855375,0,0,0.51801,0,0,0,0,0,0,0
1765976261820628,0,-0.384099,4.28139,0,0.855375,0,0,0.51801,-0.384099,4.28139,0,0.855375,0,0,0.51801,0,0,0,0,0,0,0
1765976261830659,0,-0.384099,4.28139,0,0.855375,0,0,0.51801,-0.384099,4.28139,0,0.855375,0,0,0.51801,0,0,0,0,0,0,0
1765976261830659,0,-0.384099,4.28139,0,0.855375,0,0,0.51801,-0.384099,4.28139,0,0.855375,0,0,0.51801,0,0,0,0,0,0,0
1765976261840566,0,-0.384099,4.28139,0,0.855375,0,0,0.51801,-0.384099,4.28139,0,0.855375,0,0,0.51801,0,0,0,0,0,0,0
1765976261840566,0,-0.384099,4.28139,0,0.855375,0,0,0.51801,-0.384099,4.28139,0,0.855375,0,0,0.51801,0,0,0,0,0,0,0
1765976261850680,0,-0.384099,4.28139,0,0.855375,0,0,0.51801,-0.384099,4.28139,0,0.855375,0,0,0.51801,2.94664e-06,0,0,0,0,0,0
1765976261850680,0,-0.384099,4.28139,0,0.855375,0,0,0.51801,-0.384099,4.28139,0,0.855375,0,0,0.51801,2.94664e-06,0,0,0,0,0,0
1765976261860556,0,-0.384099,4.28139,0,0.855375,0,0,0.51801,-0.384099,4.28139,0,0.855375,0,0,0.51801,0,0,0,0,0,0,0
1765976261860556,0,-0.384099,4.28139,0,0.855375,0,0,0.51801,-0.384099,4.28139,0,0.855375,0,0,0.51801,0,0,0,0,0,0,0
1765976261870491,0,-0.384099,4.28139,0,0.855375,0,0,0.51801,-0.384099,4.28139,0,0.855375,0,0,0.51801,-2.99973e-06,0,0,-5.99946e-06,0,0,0
1765976261870491,0,-0.384099,4.28139,0,0.855375,0,0,0.51801,-0.384099,4.28139,0,0.855375,0,0,0.51801,-2.99973e-06,0,0,-5.99946e-06,0,0,0
1765976261880460,0,-0.384099,4.28139,0,0.855375,0,0,0.51801,-0.384099,4.28139,0,0.855375,0,0,0.51801,2.9895e-06,0,0,-5.979e-06,0,0,0
1765976261880460,0,-0.384099,4.28139,0,0.855375,0,0,0.51801,-0.384099,4.28139,0,0.855375,0,0,0.51801,2.9895e-06,0,0,-5.979e-06,0,0,0
1765976261890465,0,-0.384099,4.28139,0,0.855375,0,0,0.51801,-0.384099,4.28139,0,0.855375,0,0,0.51801,0,0,0,0,0,0,0
1765976261890465,0,-0.384099,4.28139,0,0.855375,0,0,0.51801,-0.384099,4.28139,0,0.855375,0,0,0.51801,0,0,0,0,0,0,0
1765976261900524,0,-0.384099,4.28139,0,0.855375,0,0,0.51801,-0.384099,4.28139,0,0.855375,0,0,0.51801,0,0,0,0,0,0,0
1765976261900524,0,-0.384099,4.28139,0,0.855375,0,0,0.51801,-0.384099,4.28139,0,0.855375,0,0,0.51801,0,0,0,0,0,0,0
1765976261910455,0,-0.384099,4.28139,0,0.855375,0,0,0.51801,-0.384099,4.28139,0,0.855375,0,0,0.51801,0,0,0,0,0,0,0
1765976261910455,0,-0.384099,4.28139,0,0.855375,0,0,0.51801,-0.384099,4.28139,0,0.855375,0,0,0.51801,0,0,0,0,0,0,0
1765976261920489,0,-0.384099,4.28139,0,0.855375,0,0,0.51801,-0.384099,4.28139,0,0.855375,0,0,0.51801,-2.97013e-06,0,0,0,0,0,0
1765976261920489,0,-0.384099,4.28139,0,0.855375,0,0,0.51801,-0.384099,4.28139,0,0.855375,0,0,0.51801,-2.97013e-06,0,0,0,0,0,0
1765976261930570,0,-0.384099,4.28139,0,0.855375,0,0,0.51801,-0.384099,4.28139,0,0.855375,0,0,0.51801,0,0,0,0,0,0,0
1765976261930570,0,-0.384099,4.28139,0,0.855375,0,0,0.51801,-0.384099,4.28139,0,0.855375,0,0,0.51801,0,0,0,0,0,0,0
1765976261940459,0,-0.384099,4.28139,0,0.855375,0,0,0.51801,-0.384099,4.28139,0,0.855375,0,0,0.51801,0,0,0,0,0,0,0
1765976261940459,0,-0.384099,4.28139,0,0.855375,0,0,0.51801,-0.384099,4.28139,0,0.855375,0,0,0.51801,0,0,0,0,0,0,0
1765976261950486,0,-0.384099,4.28139,0,0.855375,0,0,0.51801,-0.384099,4.28139,0,0.855375,0,0,0.51801,0,0,0,0,0,0,0
1765976261950486,0,-0.384099,4.28139,0,0.855375,0,0,0.51801,-0.384099,4.28139,0,0.855375,0,0,0.51801,0,0,0,0,0,0,0
1765976261960501,0,-0.384099,4.28139,0,0.855375,0,0,0.51801,-0.384099,4.28139,0,0.855375,0,0,0.51801,2.97577e-06,0,0,0,0,0,0
1765976261960501,0,-0.384099,4.28139,0,0.855375,0,0,0.51801,-0.384099,4.28139,0,0.855375,0,0,0.51801,2.97577e-06,0,0,0,0,0,0
1765976261970475,0,-0.384099,4.28139,0,0.855375,0,0,0.51801,-0.384099,4.28139,0,0.855375,0,0,0.51801,0,0,0,0,0,0,0
1765976261970475,0,-0.384099,4.28139,0,0.855375,0,0,0.51801,-0.384099,4.28139,0,0.855375,0,0,0.51801,0,0,0,0,0,0,0
1765976261980642,0,-0.384099,4.28139,0,0.855375,0,0,0.51801,-0.384099,4.28139,0,0.855375,0,0,0.51801,0,0,0,0,0,0,0
1765976261980642,0,-0.384099,4.28139,0,0.855375,0,0,0.51801,-0.384099,4.28139,0,0.855375,0,0,0.51801,0,0,0,0,0,0,0
1765976261990606,0,-0.384099,4.28139,0,0.855375,0,0,0.51801,-0.384099,4.28139,0,0.855375,0,0,0.51801,0,0,0,0,0,0,0
1765976261990606,0,-0.384099,4.28139,0,0.855375,0,0,0.51801,-0.384099,4.28139,0,0.855375,0,0,0.51801,0,0,0,0,0,0,0
1765976262000621,0,-0.384099,4.28139,0,0.855375,0,0,0.51801,-0.384099,4.28139,0,0.855375,0,0,0.51801,0,0,0,0,0,0,0
1765976262000621,0,-0.384099,4.28139,0,0.855375,0,0,0.51801,-0.384099,4.28139,0,0.855375,0,0,0.51801,0,0,0,0,0,0,0
1765976262010592,0,-0.384099,4.28139,0,0.855375,0,0,0.51801,-0.384099,4.28139,0,0.855375,0,0,0.51801,0,0,0,0,0,0,0
1765976262010592,0,-0.384099,4.28139,0,0.855375,0,0,0.51801,-0.384099,4.28139,0,0.855375,0,0,0.51801,0,0,0,0,0,0,0
1765976262020621,0,-0.384099,4.28139,0,0.855375,0,0,0.51801,-0.384099,4.28139,0,0.855375,0,0,0.51801,0,0,0,5.94323e-06,0,0,0
1765976262020621,0,-0.384099,4.28139,0,0.855375,0,0,0.51801,-0.384099,4.28139,0,0.855375,0,0,0.51801,0,0,0,5.94323e-06,0,0,0
1765976262030669,0,-0.384099,4.28139,0,0.855375,0,0,0.51801,-0.384099,4.28139,0,0.855375,0,0,0.51801,0,0,0,0,0,0,0
1765976262030669,0,-0.384099,4.28139,0,0.855375,0,0,0.51801,-0.384099,4.28139,0,0.855375,0,0,0.51801,0,0,0,0,0,0,0
1765976262040610,0,-0.384099,4.28139,0,0.855375,0,0,0.51801,-0.384099,4.28139,0,0.855375,0,0,0.51801,-2.99792e-06,0,0,0,0,0,0
1765976262040610,0,-0.384099,4.28139,0,0.855375,0,0,0.51801,-0.384099,4.28139,0,0.855375,0,0,0.51801,-2.99792e-06,0,0,0,0,0,0
1765976262050620,0,-0.384099,4.28139,0,0.855375,0,0,0.51801,-0.384099,4.28139,0,0.855375,0,0,0.51801,0,0,0,0,0,0,0
1765976262050620,0,-0.384099,4.28139,0,0.855375,0,0,0.51801,-0.384099,4.28139,0,0.855375,0,0,0.51801,0,0,0,0,0,0,0
1765976262060638,0,-0.384099,4.28139,0,0.855375,0,0,0.51801,-0.384099,4.28139,0,0.855375,0,0,0.51801,-2.97488e-06,0,0,-5.94975e-06,0,0,0
1765976262060638,0,-0.384099,4.28139,0,0.855375,0,0,0.51801,-0.384099,4.28139,0,0.855375,0,0,0.51801,-2.97488e-06,0,0,-5.94975e-06,0,0,0
1765976262070610,0,-0.384099,4.28139,0,0.855375,0,0,0.51801,-0.384099,4.28139,0,0.855375,0,0,0.51801,0,0,0,0,0,0,0
1765976262070610,0,-0.384099,4.28139,0,0.855375,0,0,0.51801,-0.384099,4.28139,0,0.855375,0,0,0.51801,0,0,0,0,0,0,0
1765976262080701,0,-0.384099,4.28139,0,0.855375,0,0,0.51801,-0.384099,4.28139,0,0.855375,0,0,0.51801,0,0,0,-5.90671e-06,0,0,0
1765976262080701,0,-0.384099,4.28139,0,0.855375,0,0,0.51801,-0.384099,4.28139,0,0.855375,0,0,0.51801,0,0,0,-5.90671e-06,0,0,0
1765976262090628,0,-0.384099,4.28139,0,0.855375,0,0,0.51801,-0.384099,4.28139,0,0.855375,0,0,0.51801,3.00215e-06,0,0,0,0,0,0
1765976262090628,0,-0.384099,4.28139,0,0.855375,0,0,0.51801,-0.384099,4.28139,0,0.855375,0,0,0.51801,3.00215e-06,0,0,0,0,0,0
1765976262100679,0,-0.384099,4.28139,0,0.855375,0,0,0.51801,-0.384099,4.28139,0,0.855375,0,0,0.51801,0,0,0,0,0,0,0
1765976262100679,0,-0.384099,4.28139,0,0.855375,0,0,0.51801,-0.384099,4.28139,0,0.855375,0,0,0.51801,0,0,0,0,0,0,0
1765976262110602,0,-0.384099,4.28139,0,0.855375,0,0,0.51801,-0.384099,4.28139,0,0.855375,0,0,0.51801,0,0,0,0,0,0,0
1765976262110602,0,-0.384099,4.28139,0,0.855375,0,0,0.51801,-0.384099,4.28139,0,0.855375,0,0,0.51801,0,0,0,0,0,0,0
1765976262120622,0,-0.384099,4.28139,0,0.855375,0,0,0.51801,-0.384099,4.28139,0,0.855375,0,0,0.51801,2.97428e-06,0,0,5.94857e-06,0,0,0
1765976262120622,0,-0.384099,4.28139,0,0.855375,0,0,0.51801,-0.384099,4.28139,0,0.855375,0,0,0.51801,2.97428e-06,0,0,5.94857e-06,0,0,0
1765976262130654,0,-0.384099,4.28139,0,0.855375,0,0,0.51801,-0.384099,4.28139,0,0.855375,0,0,0.51801,0,0,0,0,0,0,0
1765976262130654,0,-0.384099,4.28139,0,0.855375,0,0,0.51801,-0.384099,4.28139,0,0.855375,0,0,0.51801,0,0,0,0,0,0,0
1765976262140517,0,-0.384099,4.28139,0,0.855375,0,0,0.51801,-0.384099,4.28139,0,0.855375,0,0,0.51801,0,0,0,0,0,0,0
1765976262140517,0,-0.384099,4.28139,0,0.855375,0,0,0.51801,-0.384099,4.28139,0,0.855375,0,0,0.51801,0,0,0,0,0,0,0
1765976262150452,0,-0.384099,4.28139,0,0.855375,0,0,0.51801,-0.384099,4.28139,0,0.855375,0,0,0.51801,-2.99973e-06,0,0,0,0,0,0
1765976262150452,0,-0.384099,4.28139,0,0.855375,0,0,0.51801,-0.384099,4.28139,0,0.855375,0,0,0.51801,-2.99973e-06,0,0,0,0,0,0
1765976262160560,0,-0.384099,4.28139,0,0.855375,0,0,0.51801,-0.384099,4.28139,0,0.855375,0,0,0.51801,0,0,0,5.89678e-06,0,0,5.89678e-06
1765976262160560,0,-0.384099,4.28139,0,0.855375,0,0,0.51801,-0.384099,4.28139,0,0.855375,0,0,0.51801,0,0,0,5.89678e-06,0,0,5.89678e-06
1765976262170622,0,-0.384099,4.28139,0,0.855375,0,0,0.51801,-0.384099,4.28139,0,0.855375,0,0,0.51801,-2.96187e-06,0,0,0,0,0,0
1765976262170622,0,-0.384099,4.28139,0,0.855375,0,0,0.51801,-0.384099,4.28139,0,0.855375,0,0,0.51801,-2.96187e-06,0,0,0,0,0,0
1765976262180753,0,-0.384099,4.28139,0,0.855375,0,0,0.51801,-0.384099,4.28139,0,0.855375,0,0,0.51801,0,0,0,0,0,0,0
1765976262180753,0,-0.384099,4.28139,0,0.855375,0,0,0.51801,-0.384099,4.28139,0,0.855375,0,0,0.51801,0,0,0,0,0,0,0
1765976262190598,0,-0.384099,4.28139,0,0.855375,0,0,0.51801,-0.384099,4.28139,0,0.855375,0,0,0.51801,0,0,0,0,0,0,0
1765976262190598,0,-0.384099,4.28139,0,0.855375,0,0,0.51801,-0.384099,4.28139,0,0.855375,0,0,0.51801,0,0,0,0,0,0,0
1765976262200732,0,-0.384099,4.28139,0,0.855375,0,0,0.51801,-0.384099,4.28139,0,0.855375,0,0,0.51801,0,0,0,0,0,0,0
1765976262200732,0,-0.384099,4.28139,0,0.855375,0,0,0.51801,-0.384099,4.28139,0,0.855375,0,0,0.51801,0,0,0,0,0,0,0
1765976262210494,0,-0.384099,4.28139,0,0.855375,0,0,0.51801,-0.384099,4.28139,0,0.855375,0,0,0.51801,0,0,0,0,0,0,0
1765976262210494,0,-0.384099,4.28139,0,0.855375,0,0,0.51801,-0.384099,4.28139,0,0.855375,0,0,0.51801,0,0,0,0,0,0,0
1765976262220501,0,-0.384099,4.28139,0,0.855375,0,0,0.51801,-0.384099,4.28139,0,0.855375,0,0,0.51801,0,0,0,-5.9563e-06,0,0,0
1765976262220501,0,-0.384099,4.28139,0,0.855375,0,0,0.51801,-0.384099,4.28139,0,0.855375,0,0,0.51801,0,0,0,-5.9563e-06,0,0,0
1765976262230486,0,-0.384099,4.28139,0,0.855375,0,0,0.51801,-0.384099,4.28139,0,0.855375,0,0,0.51801,0,0,0,0,0,0,0
1765976262230486,0,-0.384099,4.28139,0,0.855375,0,0,0.51801,-0.384099,4.28139,0,0.855375,0,0,0.51801,0,0,0,0,0,0,0
1765976262240560,0,-0.384099,4.28139,0,0.855375,0,0,0.51801,-0.384099,4.28139,0,0.855375,0,0,0.51801,0,0,0,5.91668e-06,0,0,0
1765976262240560,0,-0.384099,4.28139,0,0.855375,0,0,0.51801,-0.384099,4.28139,0,0.855375,0,0,0.51801,0,0,0,5.91668e-06,0,0,0
1765976262250678,0,-0.384099,4.28139,0,0.855375,0,0,0.51801,-0.384099,4.28139,0,0.855375,0,0,0.51801,0,0,0,0,0,0,0
1765976262250678,0,-0.384099,4.28139,0,0.855375,0,0,0.51801,-0.384099,4.28139,0,0.855375,0,0,0.51801,0,0,0,0,0,0,0
1765976262260580,0,-0.384099,4.28139,0,0.855375,0,0,0.51801,-0.384099,4.28139,0,0.855375,0,0,0.51801,0,0,0,0,0,0,0
1765976262260580,0,-0.384099,4.28139,0,0.855375,0,0,0.51801,-0.384099,4.28139,0,0.855375,0,0,0.51801,0,0,0,0,0,0,0
1765976262270530,0,-0.384099,4.28139,0,0.855375,0,0,0.51801,-0.384099,4.28139,0,0.855375,0,0,0.51801,2.99521e-06,0,0,-5.99042e-06,0,0,0
1765976262270530,0,-0.384099,4.28139,0,0.855375,0,0,0.51801,-0.384099,4.28139,0,0.855375,0,0,0.51801,2.99521e-06,0,0,-5.99042e-06,0,0,0
1765976262280584,0,-0.384099,4.28139,0,0.855375,0,0,0.51801,-0.384099,4.28139,0,0.855375,0,0,0.51801,0,0,0,0,0,0,0
1765976262280584,0,-0.384099,4.28139,0,0.855375,0,0,0.51801,-0.384099,4.28139,0,0.855375,0,0,0.51801,0,0,0,0,0,0,0
1765976262290559,0,-0.384099,4.28139,0,0.855375,0,0,0.51801,-0.384099,4.28139,0,0.855375,0,0,0.51801,0,0,0,0,0,0,0
1765976262290559,0,-0.384099,4.28139,0,0.855375,0,0,0.51801,-0.384099,4.28139,0,0.855375,0,0,0.51801,0,0,0,0,0,0,0
1765976262300625,0,-0.384099,4.28139,0,0.855375,0,0,0.51801,-0.384099,4.28139,0,0.855375,0,0,0.51801,0,0,0,0,0,0,0
1765976262300625,0,-0.384099,4.28139,0,0.855375,0,0,0.51801,-0.384099,4.28139,0,0.855375,0,0,0.51801,0,0,0,0,0,0,0
1765976262310569,0,-0.384099,4.28139,0,0.855375,0,0,0.51801,-0.384099,4.28139,0,0.855375,0,0,0.51801,0,0,0,5.99403e-06,0,0,0
1765976262310569,0,-0.384099,4.28139,0,0.855375,0,0,0.51801,-0.384099,4.28139,0,0.855375,0,0,0.51801,0,0,0,5.99403e-06,0,0,0
1765976262320605,0,-0.384099,4.28139,0,0.855375,0,0,0.51801,-0.384099,4.28139,0,0.855375,0,0,0.51801,0,0,0,5.93908e-06,0,0,0
1765976262320605,0,-0.384099,4.28139,0,0.855375,0,0,0.51801,-0.384099,4.28139,0,0.855375,0,0,0.51801,0,0,0,5.93908e-06,0,0,0
1765976262330636,0,-0.384099,4.28139,0,0.855375,0,0,0.51801,-0.384099,4.28139,0,0.855375,0,0,0.51801,0,0,0,-5.94204e-06,0,0,0
1765976262330636,0,-0.384099,4.28139,0,0.855375,0,0,0.51801,-0.384099,4.28139,0,0.855375,0,0,0.51801,0,0,0,-5.94204e-06,0,0,0
1765976262340525,0,-0.384099,4.28139,0,0.855375,0,0,0.51801,-0.384099,4.28139,0,0.855375,0,0,0.51801,0,0,0,0,0,0,0
1765976262340525,0,-0.384099,4.28139,0,0.855375,0,0,0.51801,-0.384099,4.28139,0,0.855375,0,0,0.51801,0,0,0,0,0,0,0
1765976262350510,0,-0.384099,4.28139,0,0.855375,0,0,0.51801,-0.384099,4.28139,0,0.855375,0,0,0.51801,0,0,0,0,0,0,0
1765976262350510,0,-0.384099,4.28139,0,0.855375,0,0,0.51801,-0.384099,4.28139,0,0.855375,0,0,0.51801,0,0,0,0,0,0,0
1765976262360576,0,-0.384099,4.28139,0,0.855375,0,0,0.51801,-0.384099,4.28139,0,0.855375,0,0,0.51801,0,0,0,0,0,0,0
1765976262360576,0,-0.384099,4.28139,0,0.855375,0,0,0.51801,-0.384099,4.28139,0,0.855375,0,0,0.51801,0,0,0,0,0,0,0
1765976262370581,0,-0.384099,4.28139,0,0.855375,0,0,0.51801,-0.384099,4.28139,0,0.855375,0,0,0.51801,0,0,0,5.95749e-06,0,0,0
1765976262370581,0,-0.384099,4.28139,0,0.855375,0,0,0.51801,-0.384099,4.28139,0,0.855375,0,0,0.51801,0,0,0,5.95749e-06,0,0,0
1765976262380637,0,-0.384099,4.28139,0,0.855375,0,0,0.51801,-0.384099,4.28139,0,0.855375,0,0,0.51801,0,0,0,0,0,0,0
1765976262380637,0,-0.384099,4.28139,0,0.855375,0,0,0.51801,-0.384099,4.28139,0,0.855375,0,0,0.51801,0,0,0,0,0,0,0
1765976262390576,0,-0.384099,4.28139,0,0.855375,0,0,0.51801,-0.384099,4.28139,0,0.855375,0,0,0.51801,0,0,0,-5.99705e-06,0,0,0
1765976262390576,0,-0.384099,4.28139,0,0.855375,0,0,0.51801,-0.384099,4.28139,0,0.855375,0,0,0.51801,0,0,0,-5.99705e-06,0,0,0
1765976262400706,0,-0.384099,4.28139,0,0.855375,0,0,0.51801,-0.384099,4.28139,0,0.855375,0,0,0.51801,0,0,0,0,0,0,0
1765976262400706,0,-0.384099,4.28139,0,0.855375,0,0,0.51801,-0.384099,4.28139,0,0.855375,0,0,0.51801,0,0,0,0,0,0,0
1765976262410602,0,-0.384099,4.28139,0,0.855375,0,0,0.51801,-0.384099,4.28139,0,0.855375,0,0,0.51801,-3.01155e-06,0,0,6.02311e-06,0,0,0
1765976262410602,0,-0.384099,4.28139,0,0.855375,0,0,0.51801,-0.384099,4.28139,0,0.855375,0,0,0.51801,-3.01155e-06,0,0,6.02311e-06,0,0,0
1765976262420601,0,-0.384099,4.28139,0,0.855375,0,0,0.51801,-0.384099,4.28139,0,0.855375,0,0,0.51801,0,0,0,0,0,0,0
1765976262420601,0,-0.384099,4.28139,0,0.855375,0,0,0.51801,-0.384099,4.28139,0,0.855375,0,0,0.51801,0,0,0,0,0,0,0
1765976262430675,0,-0.384099,4.28139,0,0.855375,0,0,0.51801,-0.384099,4.28139,0,0.855375,0,0,0.51801,0,0,0,-5.91668e-06,0,0,0
1765976262430675,0,-0.384099,4.28139,0,0.855375,0,0,0.51801,-0.384099,4.28139,0,0.855375,0,0,0.51801,0,0,0,-5.91668e-06,0,0,0
1765976262440611,0,-0.384099,4.28139,0,0.855375,0,0,0.51801,-0.384099,4.28139,0,0.855375,0,0,0.51801,0,0,0,0,0,0,0
1765976262440611,0,-0.384099,4.28139,0,0.855375,0,0,0.51801,-0.384099,4.28139,0,0.855375,0,0,0.51801,0,0,0,0,0,0,0
1765976262450544,0,-0.384099,4.28139,0,0.855375,0,0,0.51801,-0.384099,4.28139,0,0.855375,0,0,0.51801,0,0,0,-6.00067e-06,0,0,0
1765976262450544,0,-0.384099,4.28139,0,0.855375,0,0,0.51801,-0.384099,4.28139,0,0.855375,0,0,0.51801,0,0,0,-6.00067e-06,0,0,0
1765976262460629,0,-0.384099,4.28139,0,0.855375,0,0,0.51801,-0.384099,4.28139,0,0.855375,0,0,0.51801,0,0,0,0,0,0,0
1765976262460629,0,-0.384099,4.28139,0,0.855375,0,0,0.51801,-0.384099,4.28139,0,0.855375,0,0,0.51801,0,0,0,0,0,0,0
1765976262470571,0,-0.384099,4.28139,0,0.855375,0,0,0.51801,-0.384099,4.28139,0,0.855375,0,0,0.51801,0,0,0,5.99524e-06,0,0,0
1765976262470571,0,-0.384099,4.28139,0,0.855375,0,0,0.51801,-0.384099,4.28139,0,0.855375,0,0,0.51801,0,0,0,5.99524e-06,0,0,0
1765976262480754,0,-0.384099,4.28139,0,0.855375,0,0,0.51801,-0.384099,4.28139,0,0.855375,0,0,0.51801,0,0,0,-5.85335e-06,0,0,0
1765976262480754,0,-0.384099,4.28139,0,0.855375,0,0,0.51801,-0.384099,4.28139,0,0.855375,0,0,0.51801,0,0,0,-5.85335e-06,0,0,0
1765976262490537,0,-0.384099,4.28139,0,0.855375,0,0,0.51801,-0.384099,4.28139,0,0.855375,0,0,0.51801,0,0,0,0,0,0,0
1765976262490537,0,-0.384099,4.28139,0,0.855375,0,0,0.51801,-0.384099,4.28139,0,0.855375,0,0,0.51801,0,0,0,0,0,0,0
1765976262500682,0,-0.384099,4.28139,0,0.855375,0,0,0.51801,-0.384099,4.28139,0,0.855375,0,0,0.51801,2.93764e-06,0,0,5.87527e-06,0,0,0
1765976262500682,0,-0.384099,4.28139,0,0.855375,0,0,0.51801,-0.384099,4.28139,0,0.855375,0,0,0.51801,2.93764e-06,0,0,5.87527e-06,0,0,0
1765976262510568,0,-0.384099,4.28139,0,0.855375,0,0,0.51801,-0.384099,4.28139,0,0.855375,0,0,0.51801,0,0,0,6.0292e-06,0,0,0
1765976262510568,0,-0.384099,4.28139,0,0.855375,0,0,0.51801,-0.384099,4.28139,0,0.855375,0,0,0.51801,0,0,0,6.0292e-06,0,0,0
1765976262520672,0,-0.384099,4.28139,0,0.855375,0,0,0.51801,-0.384099,4.28139,0,0.855375,0,0,0.51801,0,0,0,0,0,0,0
1765976262520672,0,-0.384099,4.28139,0,0.855375,0,0,0.51801,-0.384099,4.28139,0,0.855375,0,0,0.51801,0,0,0,0,0,0,0
1765976262530656,0,-0.384099,4.28139,0,0.855375,0,0,0.51801,-0.384099,4.28139,0,0.855375,0,0,0.51801,0,0,0,0,0,0,0
1765976262530656,0,-0.384099,4.28139,0,0.855375,0,0,0.51801,-0.384099,4.28139,0,0.855375,0,0,0.51801,0,0,0,0,0,0,0
1765976262540505,0,-0.384099,4.28139,0,0.855375,0,0,0.51801,-0.384099,4.28139,0,0.855375,0,0,0.51801,0,0,0,0,0,0,0
1765976262540505,0,-0.384099,4.28139,0,0.855375,0,0,0.51801,-0.384099,4.28139,0,0.855375,0,0,0.51801,0,0,0,0,0,0,0
1765976262550546,0,-0.384099,4.28139,0,0.855375,0,0,0.51801,-0.384099,4.28139,0,0.855375,0,0,0.51801,-2.96806e-06,0,0,-5.93613e-06,0,0,0
1765976262550546,0,-0.384099,4.28139,0,0.855375,0,0,0.51801,-0.384099,4.28139,0,0.855375,0,0,0.51801,-2.96806e-06,0,0,-5.93613e-06,0,0,0
1765976262560722,0,-0.384099,4.28139,0,0.855375,0,0,0.51801,-0.384099,4.28139,0,0.855375,0,0,0.51801,0,0,0,0,0,0,0
1765976262560722,0,-0.384099,4.28139,0,0.855375,0,0,0.51801,-0.384099,4.28139,0,0.855375,0,0,0.51801,0,0,0,0,0,0,0
1765976262570580,0,-0.384099,4.28139,0,0.855375,0,0,0.51801,-0.384099,4.28139,0,0.855375,0,0,0.51801,3.02316e-06,0,0,0,0,0,0
1765976262570580,0,-0.384099,4.28139,0,0.855375,0,0,0.51801,-0.384099,4.28139,0,0.855375,0,0,0.51801,3.02316e-06,0,0,0,0,0,0
1765976262580610,0,-0.384099,4.28139,0,0.855375,0,0,0.51801,-0.384099,4.28139,0,0.855375,0,0,0.51801,0,0,0,0,0,0,0
1765976262580610,0,-0.384099,4.28139,0,0.855375,0,0,0.51801,-0.384099,4.28139,0,0.855375,0,0,0.51801,0,0,0,0,0,0,0
1765976262590460,0,-0.384099,4.28139,0,0.855375,0,0,0.51801,-0.384099,4.28139,0,0.855375,0,0,0.51801,3.02562e-06,0,0,0,0,0,0
1765976262590460,0,-0.384099,4.28139,0,0.855375,0,0,0.51801,-0.384099,4.28139,0,0.855375,0,0,0.51801,3.02562e-06,0,0,0,0,0,0
1765976262600573,0,-0.384099,4.28139,0,0.855375,0,0,0.51801,-0.384099,4.28139,0,0.855375,0,0,0.51801,0,0,0,-5.89386e-06,0,0,0
1765976262600573,0,-0.384099,4.28139,0,0.855375,0,0,0.51801,-0.384099,4.28139,0,0.855375,0,0,0.51801,0,0,0,-5.89386e-06,0,0,0
1765976262610583,0,-0.384099,4.28139,0,0.855375,0,0,0.51801,-0.384099,4.28139,0,0.855375,0,0,0.51801,0,0,0,-5.95451e-06,0,0,0
1765976262610583,0,-0.384099,4.28139,0,0.855375,0,0,0.51801,-0.384099,4.28139,0,0.855375,0,0,0.51801,0,0,0,-5.95451e-06,0,0,0
1765976262620474,0,-0.384099,4.28139,0,0.855375,0,0,0.51801,-0.384099,4.28139,0,0.855375,0,0,0.51801,0,0,0,6.02615e-06,0,0,0
1765976262620474,0,-0.384099,4.28139,0,0.855375,0,0,0.51801,-0.384099,4.28139,0,0.855375,0,0,0.51801,0,0,0,6.02615e-06,0,0,0
1765976262630612,0,-0.384099,4.28139,0,0.855375,0,0,0.51801,-0.384099,4.28139,0,0.855375,0,0,0.51801,0,0,0,0,0,0,0
1765976262630612,0,-0.384099,4.28139,0,0.855375,0,0,0.51801,-0.384099,4.28139,0,0.855375,0,0,0.51801,0,0,0,0,0,0,0
1765976262640473,0,-0.384099,4.28139,0,0.855375,0,0,0.51801,-0.384099,4.28139,0,0.855375,0,0,0.51801,0,0,0,6.04448e-06,0,0,0
1765976262640473,0,-0.384099,4.28139,0,0.855375,0,0,0.51801,-0.384099,4.28139,0,0.855375,0,0,0.51801,0,0,0,6.04448e-06,0,0,0
1765976262650669,0,-0.384099,4.28139,0,0.855375,0,0,0.51801,-0.384099,4.28139,0,0.855375,0,0,0.51801,0,0,0,-5.84588e-06,0,0,0
1765976262650669,0,-0.384099,4.28139,0,0.855375,0,0,0.51801,-0.384099,4.28139,0,0.855375,0,0,0.51801,0,0,0,-5.84588e-06,0,0,0
1765976262660822,0,-0.384099,4.28139,0,0.855375,0,0,0.51801,-0.384099,4.28139,0,0.855375,0,0,0.51801,0,0,0,0,0,0,0
1765976262660822,0,-0.384099,4.28139,0,0.855375,0,0,0.51801,-0.384099,4.28139,0,0.855375,0,0,0.51801,0,0,0,0,0,0,0
1765976262670667,0,-0.384099,4.28139,0,0.855375,0,0,0.51801,-0.384099,4.28139,0,0.855375,0,0,0.51801,0,0,0,0,0,0,0
1765976262670667,0,-0.384099,4.28139,0,0.855375,0,0,0.51801,-0.384099,4.28139,0,0.855375,0,0,0.51801,0,0,0,0,0,0,0
1765976262680757,0,-0.384099,4.28139,0,0.855375,0,0,0.51801,-0.384099,4.28139,0,0.855375,0,0,0.51801,0,0,0,0,0,0,0
1765976262680757,0,-0.384099,4.28139,0,0.855375,0,0,0.51801,-0.384099,4.28139,0,0.855375,0,0,0.51801,0,0,0,0,0,0,0
1765976262690622,0,-0.384099,4.28139,0,0.855375,0,0,0.51801,-0.384099,4.28139,0,0.855375,0,0,0.51801,-3.02102e-06,0,0,0,0,0,0
1765976262690622,0,-0.384099,4.28139,0,0.855375,0,0,0.51801,-0.384099,4.28139,0,0.855375,0,0,0.51801,-3.02102e-06,0,0,0,0,0,0
1765976262700790,0,-0.384099,4.28139,0,0.855375,0,0,0.51801,-0.384099,4.28139,0,0.855375,0,0,0.51801,0,0,0,0,0,0,0
1765976262700790,0,-0.384099,4.28139,0,0.855375,0,0,0.51801,-0.384099,4.28139,0,0.855375,0,0,0.51801,0,0,0,0,0,0,0
1765976262710649,0,-0.384099,4.28139,0,0.855375,0,0,0.51801,-0.384099,4.28139,0,0.855375,0,0,0.51801,0,0,0,0,0,0,0
1765976262710649,0,-0.384099,4.28139,0,0.855375,0,0,0.51801,-0.384099,4.28139,0,0.855375,0,0,0.51801,0,0,0,0,0,0,0
1765976262720679,0,-0.384099,4.28139,0,0.855375,0,0,0.51801,-0.384099,4.28139,0,0.855375,0,0,0.51801,0,0,0,0,0,0,0
1765976262720679,0,-0.384099,4.28139,0,0.855375,0,0,0.51801,-0.384099,4.28139,0,0.855375,0,0,0.51801,0,0,0,0,0,0,0
1765976262730632,0,-0.384099,4.28139,0,0.855375,0,0,0.51801,-0.384099,4.28139,0,0.855375,0,0,0.51801,0,0,0,0,0,0,0
1765976262730632,0,-0.384099,4.28139,0,0.855375,0,0,0.51801,-0.384099,4.28139,0,0.855375,0,0,0.51801,0,0,0,0,0,0,0
1765976262740620,0,-0.384099,4.28139,0,0.855375,0,0,0.51801,-0.384099,4.28139,0,0.855375,0,0,0.51801,-2.98381e-06,0,0,0,0,0,0
1765976262740620,0,-0.384099,4.28139,0,0.855375,0,0,0.51801,-0.384099,4.28139,0,0.855375,0,0,0.51801,-2.98381e-06,0,0,0,0,0,0
1765976262750684,0,-0.384099,4.28139,0,0.855375,0,0,0.51801,-0.384099,4.28139,0,0.855375,0,0,0.51801,0,0,0,-5.92256e-06,0,0,0
1765976262750684,0,-0.384099,4.28139,0,0.855375,0,0,0.51801,-0.384099,4.28139,0,0.855375,0,0,0.51801,0,0,0,-5.92256e-06,0,0,0
1765976262760758,0,-0.384099,4.28139,0,0.855375,0,0,0.51801,-0.384099,4.28139,0,0.855375,0,0,0.51801,0,0,0,0,0,0,0
1765976262760758,0,-0.384099,4.28139,0,0.855375,0,0,0.51801,-0.384099,4.28139,0,0.855375,0,0,0.51801,0,0,0,0,0,0,0
1765976262770711,0,-0.384099,4.28139,0,0.855375,0,0,0.51801,-0.384099,4.28139,0,0.855375,0,0,0.51801,0,0,0,0,0,0,0
1765976262770711,0,-0.384099,4.28139,0,0.855375,0,0,0.51801,-0.384099,4.28139,0,0.855375,0,0,0.51801,0,0,0,0,0,0,0
1765976262780792,0,-0.384099,4.28139,0,0.855375,0,0,0.51801,-0.384099,4.28139,0,0.855375,0,0,0.51801,0,0,0,5.91257e-06,0,0,0
1765976262780792,0,-0.384099,4.28139,0,0.855375,0,0,0.51801,-0.384099,4.28139,0,0.855375,0,0,0.51801,0,0,0,5.91257e-06,0,0,0
1765976262790542,0,-0.384099,4.28139,0,0.855375,0,0,0.51801,-0.384099,4.28139,0,0.855375,0,0,0.51801,0,0,0,6.1133e-06,0,0,6.1133e-06
1765976262790542,0,-0.384099,4.28139,0,0.855375,0,0,0.51801,-0.384099,4.28139,0,0.855375,0,0,0.51801,0,0,0,6.1133e-06,0,0,6.1133e-06
1765976262800683,0,-0.384099,4.28139,0,0.855375,0,0,0.51801,-0.384099,4.28139,0,0.855375,0,0,0.51801,0,0,0,0,0,0,0
1765976262800683,0,-0.384099,4.28139,0,0.855375,0,0,0.51801,-0.384099,4.28139,0,0.855375,0,0,0.51801,0,0,0,0,0,0,0
1765976262810646,0,-0.384099,4.28139,0,0.855375,0,0,0.51801,-0.384099,4.28139,0,0.855375,0,0,0.51801,-2.9913e-06,0,0,0,0,0,0
1765976262810646,0,-0.384099,4.28139,0,0.855375,0,0,0.51801,-0.384099,4.28139,0,0.855375,0,0,0.51801,-2.9913e-06,0,0,0,0,0,0
1765976262820490,0,-0.384099,4.28139,0,0.855375,0,0,0.51801,-0.384099,4.28139,0,0.855375,0,0,0.51801,0,0,0,0,0,0,0
1765976262820490,0,-0.384099,4.28139,0,0.855375,0,0,0.51801,-0.384099,4.28139,0,0.855375,0,0,0.51801,0,0,0,0,0,0,0
1765976262830550,0,-0.384099,4.28139,0,0.855375,0,0,0.51801,-0.384099,4.28139,0,0.855375,0,0,0.51801,0,0,0,0,0,0,0
1765976262830550,0,-0.384099,4.28139,0,0.855375,0,0,0.51801,-0.384099,4.28139,0,0.855375,0,0,0.51801,0,0,0,0,0,0,0
1765976262840626,0,-0.384099,4.28139,0,0.855375,0,0,0.51801,-0.384099,4.28139,0,0.855375,0,0,0.51801,0,0,0,0,0,0,0
1765976262840626,0,-0.384099,4.28139,0,0.855375,0,0,0.51801,-0.384099,4.28139,0,0.855375,0,0,0.51801,0,0,0,0,0,0,0
1765976262850707,0,-0.384099,4.28139,0,0.855375,0,0,0.51801,-0.384099,4.28139,0,0.855375,0,0,0.51801,0,0,0,0,0,0,0
1765976262850707,0,-0.384099,4.28139,0,0.855375,0,0,0.51801,-0.384099,4.28139,0,0.855375,0,0,0.51801,0,0,0,0,0,0,0
1765976262860585,0,-0.384099,4.28139,0,0.855375,0,0,0.51801,-0.384099,4.28139,0,0.855375,0,0,0.51801,0,0,0,6.03408e-06,0,0,0
1765976262860585,0,-0.384099,4.28139,0,0.855375,0,0,0.51801,-0.384099,4.28139,0,0.855375,0,0,0.51801,0,0,0,6.03408e-06,0,0,0
1765976262870504,0,-0.384099,4.28139,0,0.855375,0,0,0.51801,-0.384099,4.28139,0,0.855375,0,0,0.51801,3.00457e-06,0,0,0,0,0,0
1765976262870504,0,-0.384099,4.28139,0,0.855375,0,0,0.51801,-0.384099,4.28139,0,0.855375,0,0,0.51801,3.00457e-06,0,0,0,0,0,0
1765976262880702,0,-0.384099,4.28139,0,0.855375,0,0,0.51801,-0.384099,4.28139,0,0.855375,0,0,0.51801,0,0,0,0,0,0,0
1765976262880702,0,-0.384099,4.28139,0,0.855375,0,0,0.51801,-0.384099,4.28139,0,0.855375,0,0,0.51801,0,0,0,0,0,0,0
1765976262890529,0,-0.384099,4.28139,0,0.855375,0,0,0.51801,-0.384099,4.28139,0,0.855375,0,0,0.51801,3.0327e-06,0,0,0,0,0,0
1765976262890529,0,-0.384099,4.28139,0,0.855375,0,0,0.51801,-0.384099,4.28139,0,0.855375,0,0,0.51801,3.0327e-06,0,0,0,0,0,0
1765976262900667,0,-0.384099,4.28139,0,0.855375,0,0,0.51801,-0.384099,4.28139,0,0.855375,0,0,0.51801,2.93966e-06,0,0,-5.87933e-06,0,0,-5.87933e-06
1765976262900667,0,-0.384099,4.28139,0,0.855375,0,0,0.51801,-0.384099,4.28139,0,0.855375,0,0,0.51801,2.93966e-06,0,0,-5.87933e-06,0,0,-5.87933e-06
1765976262910677,0,-0.384099,4.28139,0,0.855375,0,0,0.51801,-0.384099,4.28139,0,0.855375,0,0,0.51801,0,0,0,0,0,0,0
1765976262910677,0,-0.384099,4.28139,0,0.855375,0,0,0.51801,-0.384099,4.28139,0,0.855375,0,0,0.51801,0,0,0,0,0,0,0
1765976262920670,0,-0.384099,4.28139,0,0.855375,0,0,0.51801,-0.384099,4.28139,0,0.855375,0,0,0.51801,0,0,0,0,0,0,0
1765976262920670,0,-0.384099,4.28139,0,0.855375,0,0,0.51801,-0.384099,4.28139,0,0.855375,0,0,0.51801,0,0,0,0,0,0,0
1765976262930671,0,-0.384099,4.28139,0,0.855375,0,0,0.51801,-0.384099,4.28139,0,0.855375,0,0,0.51801,0,0,0,0,0,0,0
1765976262930671,0,-0.384099,4.28139,0,0.855375,0,0,0.51801,-0.384099,4.28139,0,0.855375,0,0,0.51801,0,0,0,0,0,0,0
1765976262940700,0,-0.384099,4.28139,0,0.855375,0,0,0.51801,-0.384099,4.28139,0,0.855375,0,0,0.51801,0,0,0,0,0,0,0
1765976262940700,0,-0.384099,4.28139,0,0.855375,0,0,0.51801,-0.384099,4.28139,0,0.855375,0,0,0.51801,0,0,0,0,0,0,0
1765976262950757,0,-0.384099,4.28139,0,0.855375,0,0,0.51801,-0.384099,4.28139,0,0.855375,0,0,0.51801,-2.96334e-06,0,0,0,0,0,0
1765976262950757,0,-0.384099,4.28139,0,0.855375,0,0,0.51801,-0.384099,4.28139,0,0.855375,0,0,0.51801,-2.96334e-06,0,0,0,0,0,0
1765976262960634,0,-0.384099,4.28139,0,0.855375,0,0,0.51801,-0.384099,4.28139,0,0.855375,0,0,0.51801,0,0,0,0,0,0,0
1765976262960634,0,-0.384099,4.28139,0,0.855375,0,0,0.51801,-0.384099,4.28139,0,0.855375,0,0,0.51801,0,0,0,0,0,0,0
1765976262970657,0,-0.384099,4.28139,0,0.855375,0,0,0.51801,-0.384099,4.28139,0,0.855375,0,0,0.51801,0,0,0,5.94679e-06,0,0,0
1765976262970657,0,-0.384099,4.28139,0,0.855375,0,0,0.51801,-0.384099,4.28139,0,0.855375,0,0,0.51801,0,0,0,5.94679e-06,0,0,0
1765976262980683,0,-0.384099,4.28139,0,0.855375,0,0,0.51801,-0.384099,4.28139,0,0.855375,0,0,0.51801,0,0,0,0,0,0,0
1765976262980683,0,-0.384099,4.28139,0,0.855375,0,0,0.51801,-0.384099,4.28139,0,0.855375,0,0,0.51801,0,0,0,0,0,0,0
1765976262990590,0,-0.384099,4.28139,0,0.855375,0,0,0.51801,-0.384099,4.28139,0,0.855375,0,0,0.51801,0,0,0,0,0,0,0
1765976262990590,0,-0.384099,4.28139,0,0.855375,0,0,0.51801,-0.384099,4.28139,0,0.855375,0,0,0.51801,0,0,0,0,0,0,0
1765976263000608,0,-0.384099,4.28139,0,0.855375,0,0,0.51801,-0.384099,4.28139,0,0.855375,0,0,0.51801,-2.97488e-06,0,0,0,0,0,0
1765976263000608,0,-0.384099,4.28139,0,0.855375,0,0,0.51801,-0.384099,4.28139,0,0.855375,0,0,0.51801,-2.97488e-06,0,0,0,0,0,0
1765976263010596,0,-0.384099,4.28139,0,0.855375,0,0,0.51801,-0.384099,4.28139,0,0.855375,0,0,0.51801,0,0,0,0,0,0,0
1765976263010596,0,-0.384099,4.28139,0,0.855375,0,0,0.51801,-0.384099,4.28139,0,0.855375,0,0,0.51801,0,0,0,0,0,0,0
1765976263020614,0,-0.384099,4.28139,0,0.855375,0,0,0.51801,-0.384099,4.28139,0,0.855375,0,0,0.51801,0,0,0,0,0,0,0
1765976263020614,0,-0.384099,4.28139,0,0.855375,0,0,0.51801,-0.384099,4.28139,0,0.855375,0,0,0.51801,0,0,0,0,0,0,0
1765976263030671,0,-0.384099,4.28139,0,0.855375,0,0,0.51801,-0.384099,4.28139,0,0.855375,0,0,0.51801,0,0,0,0,0,0,0
1765976263030671,0,-0.384099,4.28139,0,0.855375,0,0,0.51801,-0.384099,4.28139,0,0.855375,0,0,0.51801,0,0,0,0,0,0,0
1765976263040648,0,-0.384099,4.28139,0,0.855375,0,0,0.51801,-0.384099,4.28139,0,0.855375,0,0,0.51801,0,0,0,0,0,0,0
1765976263040648,0,-0.384099,4.28139,0,0.855375,0,0,0.51801,-0.384099,4.28139,0,0.855375,0,0,0.51801,0,0,0,0,0,0,0
1765976263050650,0,-0.384099,4.28139,0,0.855375,0,0,0.51801,-0.384099,4.28139,0,0.855375,0,0,0.51801,0,0,0,0,0,0,0
1765976263050650,0,-0.384099,4.28139,0,0.855375,0,0,0.51801,-0.384099,4.28139,0,0.855375,0,0,0.51801,0,0,0,0,0,0,0
1765976263060596,0,-0.384099,4.28139,0,0.855375,0,0,0.51801,-0.384099,4.28139,0,0.855375,0,0,0.51801,0,0,0,0,0,0,0
1765976263060596,0,-0.384099,4.28139,0,0.855375,0,0,0.51801,-0.384099,4.28139,0,0.855375,0,0,0.51801,0,0,0,0,0,0,0
1765976263070505,0,-0.384099,4.28139,0,0.855375,0,0,0.51801,-0.384099,4.28139,0,0.855375,0,0,0.51801,0,0,0,0,0,0,0
1765976263070505,0,-0.384099,4.28139,0,0.855375,0,0,0.51801,-0.384099,4.28139,0,0.855375,0,0,0.51801,0,0,0,0,0,0,0
1765976263080591,0,-0.384099,4.28139,0,0.855375,0,0,0.51801,-0.384099,4.28139,0,0.855375,0,0,0.51801,-2.95482e-06,0,0,0,0,0,0
1765976263080591,0,-0.384099,4.28139,0,0.855375,0,0,0.51801,-0.384099,4.28139,0,0.855375,0,0,0.51801,-2.95482e-06,0,0,0,0,0,0
1765976263090584,0,-0.384099,4.28139,0,0.855375,0,0,0.51801,-0.384099,4.28139,0,0.855375,0,0,0.51801,2.98232e-06,0,0,0,0,0,0
1765976263090584,0,-0.384099,4.28139,0,0.855375,0,0,0.51801,-0.384099,4.28139,0,0.855375,0,0,0.51801,2.98232e-06,0,0,0,0,0,0
1765976263100631,0,-0.384099,4.28139,0,0.855375,0,0,0.51801,-0.384099,4.28139,0,0.855375,0,0,0.51801,0,0,0,0,0,0,0
1765976263100631,0,-0.384099,4.28139,0,0.855375,0,0,0.51801,-0.384099,4.28139,0,0.855375,0,0,0.51801,0,0,0,0,0,0,0
1765976263110539,0,-0.384099,4.28139,0,0.855375,0,0,0.51801,-0.384099,4.28139,0,0.855375,0,0,0.51801,0,0,0,0,0,0,0
1765976263110539,0,-0.384099,4.28139,0,0.855375,0,0,0.51801,-0.384099,4.28139,0,0.855375,0,0,0.51801,0,0,0,0,0,0,0
1765976263120690,0,-0.384099,4.28139,0,0.855375,0,0,0.51801,-0.384099,4.28139,0,0.855375,0,0,0.51801,0,0,0,0,0,0,0
1765976263120690,0,-0.384099,4.28139,0,0.855375,0,0,0.51801,-0.384099,4.28139,0,0.855375,0,0,0.51801,0,0,0,0,0,0,0
1765976263130648,0,-0.384099,4.28139,0,0.855375,0,0,0.51801,-0.384099,4.28139,0,0.855375,0,0,0.51801,0,0,0,0,0,0,0
1765976263130648,0,-0.384099,4.28139,0,0.855375,0,0,0.51801,-0.384099,4.28139,0,0.855375,0,0,0.51801,0,0,0,0,0,0,0
1765976263140606,0,-0.384099,4.28139,0,0.855375,0,0,0.51801,-0.384099,4.28139,0,0.855375,0,0,0.51801,0,0,0,0,0,0,0
1765976263140606,0,-0.384099,4.28139,0,0.855375,0,0,0.51801,-0.384099,4.28139,0,0.855375,0,0,0.51801,0,0,0,0,0,0,0
1765976263150574,0,-0.384099,4.28139,0,0.855375,0,0,0.51801,-0.384099,4.28139,0,0.855375,0,0,0.51801,0,0,0,0,0,0,0
1765976263150574,0,-0.384099,4.28139,0,0.855375,0,0,0.51801,-0.384099,4.28139,0,0.855375,0,0,0.51801,0,0,0,0,0,0,0
1765976263160726,0,-0.384099,4.28139,0,0.855375,0,0,0.51801,-0.384099,4.28139,0,0.855375,0,0,0.51801,0,0,0,0,0,0,0
1765976263160726,0,-0.384099,4.28139,0,0.855375,0,0,0.51801,-0.384099,4.28139,0,0.855375,0,0,0.51801,0,0,0,0,0,0,0
1765976263170649,0,-0.384099,4.28139,0,0.855375,0,0,0.51801,-0.384099,4.28139,0,0.855375,0,0,0.51801,0,0,0,0,0,0,0
1765976263170649,0,-0.384099,4.28139,0,0.855375,0,0,0.51801,-0.384099,4.28139,0,0.855375,0,0,0.51801,0,0,0,0,0,0,0
1765976263180654,0,-0.384099,4.28139,0,0.855375,0,0,0.51801,-0.384099,4.28139,0,0.855375,0,0,0.51801,0,0,0,0,0,0,0
1765976263180654,0,-0.384099,4.28139,0,0.855375,0,0,0.51801,-0.384099,4.28139,0,0.855375,0,0,0.51801,0,0,0,0,0,0,0
1765976263190620,0,-0.384099,4.28139,0,0.855375,0,0,0.51801,-0.384099,4.28139,0,0.855375,0,0,0.51801,0,0,0,-5.9808e-06,0,0,0
1765976263190620,0,-0.384099,4.28139,0,0.855375,0,0,0.51801,-0.384099,4.28139,0,0.855375,0,0,0.51801,0,0,0,-5.9808e-06,0,0,0
1765976263200691,0,-0.384099,4.28139,0,0.855375,0,0,0.51801,-0.384099,4.28139,0,0.855375,0,0,0.51801,0,0,0,0,0,0,0
1765976263200691,0,-0.384099,4.28139,0,0.855375,0,0,0.51801,-0.384099,4.28139,0,0.855375,0,0,0.51801,0,0,0,0,0,0,0
1765976263210584,0,-0.384099,4.28139,0,0.855375,0,0,0.51801,-0.384099,4.28139,0,0.855375,0,0,0.51801,-3.01247e-06,0,0,-6.02493e-06,0,0,0
1765976263210584,0,-0.384099,4.28139,0,0.855375,0,0,0.51801,-0.384099,4.28139,0,0.855375,0,0,0.51801,-3.01247e-06,0,0,-6.02493e-06,0,0,0
1765976263220496,0,-0.384099,4.28139,0,0.855375,0,0,0.51801,-0.384099,4.28139,0,0.855375,0,0,0.51801,0,0,0,6.01338e-06,0,0,0
1765976263220496,0,-0.384099,4.28139,0,0.855375,0,0,0.51801,-0.384099,4.28139,0,0.855375,0,0,0.51801,0,0,0,6.01338e-06,0,0,0
1765976263230632,0,-0.384099,4.28139,0,0.855375,0,0,0.51801,-0.384099,4.28139,0,0.855375,0,0,0.51801,0,0,0,0,0,0,0
1765976263230632,0,-0.384099,4.28139,0,0.855375,0,0,0.51801,-0.384099,4.28139,0,0.855375,0,0,0.51801,0,0,0,0,0,0,0
1765976263240489,0,-0.384099,4.28139,0,0.855375,0,0,0.51801,-0.384099,4.28139,0,0.855375,0,0,0.51801,3.02347e-06,0,0,0,0,0,0
1765976263240489,0,-0.384099,4.28139,0,0.855375,0,0,0.51801,-0.384099,4.28139,0,0.855375,0,0,0.51801,3.02347e-06,0,0,0,0,0,0
1765976263250442,0,-0.384099,4.28139,0,0.855375,0,0,0.51801,-0.384099,4.28139,0,0.855375,0,0,0.51801,0,0,0,-5.98861e-06,0,0,0
1765976263250442,0,-0.384099,4.28139,0,0.855375,0,0,0.51801,-0.384099,4.28139,0,0.855375,0,0,0.51801,0,0,0,-5.98861e-06,0,0,0
1765976263260516,0,-0.384099,4.28139,0,0.855375,0,0,0.51801,-0.384099,4.28139,0,0.855375,0,0,0.51801,0,0,0,0,0,0,0
1765976263260516,0,-0.384099,4.28139,0,0.855375,0,0,0.51801,-0.384099,4.28139,0,0.855375,0,0,0.51801,0,0,0,0,0,0,0
1765976263270648,0,-0.384099,4.28139,0,0.855375,0,0,0.51801,-0.384099,4.28139,0,0.855375,0,0,0.51801,-2.94141e-06,0,0,5.88281e-06,0,0,0
1765976263270648,0,-0.384099,4.28139,0,0.855375,0,0,0.51801,-0.384099,4.28139,0,0.855375,0,0,0.51801,-2.94141e-06,0,0,5.88281e-06,0,0,0
1765976263280784,0,-0.384099,4.28139,0,0.855375,0,0,0.51801,-0.384099,4.28139,0,0.855375,0,0,0.51801,0,0,0,5.88049e-06,0,0,0
1765976263280784,0,-0.384099,4.28139,0,0.855375,0,0,0.51801,-0.384099,4.28139,0,0.855375,0,0,0.51801,0,0,0,5.88049e-06,0,0,0
1765976263290583,0,-0.384099,4.28139,0,0.855375,0,0,0.51801,-0.384099,4.28139,0,0.855375,0,0,0.51801,3.04136e-06,0,0,0,0,0,0
1765976263290583,0,-0.384099,4.28139,0,0.855375,0,0,0.51801,-0.384099,4.28139,0,0.855375,0,0,0.51801,3.04136e-06,0,0,0,0,0,0
1765976263300595,0,-0.384099,4.28139,0,0.855375,0,0,0.51801,-0.384099,4.28139,0,0.855375,0,0,0.51801,0,0,0,0,0,0,0
1765976263300595,0,-0.384099,4.28139,0,0.855375,0,0,0.51801,-0.384099,4.28139,0,0.855375,0,0,0.51801,0,0,0,0,0,0,0
1765976263310630,0,-0.384099,4.28139,0,0.855375,0,0,0.51801,-0.384099,4.28139,0,0.855375,0,0,0.51801,0,0,0,0,0,0,0
1765976263310630,0,-0.384099,4.28139,0,0.855375,0,0,0.51801,-0.384099,4.28139,0,0.855375,0,0,0.51801,0,0,0,0,0,0,0
1765976263320510,0,-0.384099,4.28139,0,0.855375,0,0,0.51801,-0.384099,4.28139,0,0.855375,0,0,0.51801,0,0,0,0,0,0,0
1765976263320510,0,-0.384099,4.28139,0,0.855375,0,0,0.51801,-0.384099,4.28139,0,0.855375,0,0,0.51801,0,0,0,0,0,0,0
1765976263330582,0,-0.384099,4.28139,0,0.855375,0,0,0.51801,-0.384099,4.28139,0,0.855375,0,0,0.51801,0,0,0,0,0,0,0
1765976263330582,0,-0.384099,4.28139,0,0.855375,0,0,0.51801,-0.384099,4.28139,0,0.855375,0,0,0.51801,0,0,0,0,0,0,0
1765976263340516,0,-0.384099,4.28139,0,0.855375,0,0,0.51801,-0.384099,4.28139,0,0.855375,0,0,0.51801,0,0,0,-6.00007e-06,0,0,0
1765976263340516,0,-0.384099,4.28139,0,0.855375,0,0,0.51801,-0.384099,4.28139,0,0.855375,0,0,0.51801,0,0,0,-6.00007e-06,0,0,0
1765976263350527,0,-0.384099,4.28139,0,0.855375,0,0,0.51801,-0.384099,4.28139,0,0.855375,0,0,0.51801,0,0,0,0,0,0,0
1765976263350527,0,-0.384099,4.28139,0,0.855375,0,0,0.51801,-0.384099,4.28139,0,0.855375,0,0,0.51801,0,0,0,0,0,0,0
1765976263360611,0,-0.384099,4.28139,0,0.855375,0,0,0.51801,-0.384099,4.28139,0,0.855375,0,0,0.51801,0,0,0,0,0,0,0
1765976263360611,0,-0.384099,4.28139,0,0.855375,0,0,0.51801,-0.384099,4.28139,0,0.855375,0,0,0.51801,0,0,0,0,0,0,0
1765976263370641,0,-0.384099,4.28139,0,0.855375,0,0,0.51801,-0.384099,4.28139,0,0.855375,0,0,0.51801,0,0,0,0,0,0,0
1765976263370641,0,-0.384099,4.28139,0,0.855375,0,0,0.51801,-0.384099,4.28139,0,0.855375,0,0,0.51801,0,0,0,0,0,0,0
1765976263380575,0,-0.384099,4.28139,0,0.855375,0,0,0.51801,-0.384099,4.28139,0,0.855375,0,0,0.51801,0,0,0,6.00007e-06,0,0,0
1765976263380575,0,-0.384099,4.28139,0,0.855375,0,0,0.51801,-0.384099,4.28139,0,0.855375,0,0,0.51801,0,0,0,6.00007e-06,0,0,0
1765976263390597,0,-0.384099,4.28139,0,0.855375,0,0,0.51801,-0.384099,4.28139,0,0.855375,0,0,0.51801,2.97369e-06,0,0,0,0,0,0
1765976263390597,0,-0.384099,4.28139,0,0.855375,0,0,0.51801,-0.384099,4.28139,0,0.855375,0,0,0.51801,2.97369e-06,0,0,0,0,0,0
1765976263400652,0,-0.384099,4.28139,0,0.855375,0,0,0.51801,-0.384099,4.28139,0,0.855375,0,0,0.51801,0,0,0,-5.92786e-06,0,0,0
1765976263400652,0,-0.384099,4.28139,0,0.855375,0,0,0.51801,-0.384099,4.28139,0,0.855375,0,0,0.51801,0,0,0,-5.92786e-06,0,0,0
1765976263410590,0,-0.384099,4.28139,0,0.855375,0,0,0.51801,-0.384099,4.28139,0,0.855375,0,0,0.51801,0,0,0,0,0,0,0
1765976263410590,0,-0.384099,4.28139,0,0.855375,0,0,0.51801,-0.384099,4.28139,0,0.855375,0,0,0.51801,0,0,0,0,0,0,0
1765976263420581,0,-0.384099,4.28139,0,0.855375,0,0,0.51801,-0.384099,4.28139,0,0.855375,0,0,0.51801,2.98292e-06,0,0,0,0,0,0
1765976263420581,0,-0.384099,4.28139,0,0.855375,0,0,0.51801,-0.384099,4.28139,0,0.855375,0,0,0.51801,2.98292e-06,0,0,0,0,0,0
1765976263430645,0,-0.384099,4.28139,0,0.855375,0,0,0.51801,-0.384099,4.28139,0,0.855375,0,0,0.51801,0,0,0,0,0,0,0
1765976263430645,0,-0.384099,4.28139,0,0.855375,0,0,0.51801,-0.384099,4.28139,0,0.855375,0,0,0.51801,0,0,0,0,0,0,0
1765976263440589,0,-0.384099,4.28139,0,0.855375,0,0,0.51801,-0.384099,4.28139,0,0.855375,0,0,0.51801,0,0,0,0,0,0,0
1765976263440589,0,-0.384099,4.28139,0,0.855375,0,0,0.51801,-0.384099,4.28139,0,0.855375,0,0,0.51801,0,0,0,0,0,0,0
1765976263450701,0,-0.384099,4.28139,0,0.855375,0,0,0.51801,-0.384099,4.28139,0,0.855375,0,0,0.51801,0,0,0,0,0,0,0
1765976263450701,0,-0.384099,4.28139,0,0.855375,0,0,0.51801,-0.384099,4.28139,0,0.855375,0,0,0.51801,0,0,0,0,0,0,0
1765976263460624,0,-0.384099,4.28139,0,0.855375,0,0,0.51801,-0.384099,4.28139,0,0.855375,0,0,0.51801,0,0,0,0,0,0,0
1765976263460624,0,-0.384099,4.28139,0,0.855375,0,0,0.51801,-0.384099,4.28139,0,0.855375,0,0,0.51801,0,0,0,0,0,0,0
1765976263470577,0,-0.384099,4.28139,0,0.855375,0,0,0.51801,-0.384099,4.28139,0,0.855375,0,0,0.51801,0,0,0,5.98861e-06,0,0,0
1765976263470577,0,-0.384099,4.28139,0,0.855375,0,0,0.51801,-0.384099,4.28139,0,0.855375,0,0,0.51801,0,0,0,5.98861e-06,0,0,0
1765976263480615,0,-0.384099,4.28139,0,0.855375,0,0,0.51801,-0.384099,4.28139,0,0.855375,0,0,0.51801,0,0,0,-5.9379e-06,0,0,0
1765976263480615,0,-0.384099,4.28139,0,0.855375,0,0,0.51801,-0.384099,4.28139,0,0.855375,0,0,0.51801,0,0,0,-5.9379e-06,0,0,0
1765976263490649,0,-0.384099,4.28139,0,0.855375,0,0,0.51801,-0.384099,4.28139,0,0.855375,0,0,0.51801,-2.97013e-06,0,0,-5.94027e-06,0,0,0
1765976263490649,0,-0.384099,4.28139,0,0.855375,0,0,0.51801,-0.384099,4.28139,0,0.855375,0,0,0.51801,-2.97013e-06,0,0,-5.94027e-06,0,0,0
1765976263500726,0,-0.384099,4.28139,0,0.855375,0,0,0.51801,-0.384099,4.28139,0,0.855375,0,0,0.51801,0,0,0,0,0,0,0
1765976263500726,0,-0.384099,4.28139,0,0.855375,0,0,0.51801,-0.384099,4.28139,0,0.855375,0,0,0.51801,0,0,0,0,0,0,0
1765976263510622,0,-0.384099,4.28139,0,0.855375,0,0,0.51801,-0.384099,4.28139,0,0.855375,0,0,0.51801,-3.01155e-06,0,0,6.02311e-06,0,0,0
1765976263510622,0,-0.384099,4.28139,0,0.855375,0,0,0.51801,-0.384099,4.28139,0,0.855375,0,0,0.51801,-3.01155e-06,0,0,6.02311e-06,0,0,0
1765976263520617,0,-0.384099,4.28139,0,0.855375,0,0,0.51801,-0.384099,4.28139,0,0.855375,0,0,0.51801,0,0,0,0,0,0,0
1765976263520617,0,-0.384099,4.28139,0,0.855375,0,0,0.51801,-0.384099,4.28139,0,0.855375,0,0,0.51801,0,0,0,0,0,0,0
1765976263530614,0,-0.384099,4.28139,0,0.855375,0,0,0.51801,-0.384099,4.28139,0,0.855375,0,0,0.51801,2.98113e-06,0,0,0,0,0,0
1765976263530614,0,-0.384099,4.28139,0,0.855375,0,0,0.51801,-0.384099,4.28139,0,0.855375,0,0,0.51801,2.98113e-06,0,0,0,0,0,0
1765976263540585,0,-0.384099,4.28139,0,0.855375,0,0,0.51801,-0.384099,4.28139,0,0.855375,0,0,0.51801,-2.9889e-06,0,0,5.9778e-06,0,0,0
1765976263540585,0,-0.384099,4.28139,0,0.855375,0,0,0.51801,-0.384099,4.28139,0,0.855375,0,0,0.51801,-2.9889e-06,0,0,5.9778e-06,0,0,0
1765976263550510,0,-0.384099,4.28139,0,0.855375,0,0,0.51801,-0.384099,4.28139,0,0.855375,0,0,0.51801,0,0,0,0,0,0,0
1765976263550510,0,-0.384099,4.28139,0,0.855375,0,0,0.51801,-0.384099,4.28139,0,0.855375,0,0,0.51801,0,0,0,0,0,0,0
1765976263560682,0,-0.384099,4.28139,0,0.855375,0,0,0.51801,-0.384099,4.28139,0,0.855375,0,0,0.51801,0,0,0,-5.85968e-06,0,0,0
1765976263560682,0,-0.384099,4.28139,0,0.855375,0,0,0.51801,-0.384099,4.28139,0,0.855375,0,0,0.51801,0,0,0,-5.85968e-06,0,0,0
1765976263570722,0,-0.384099,4.28139,0,0.855375,0,0,0.51801,-0.384099,4.28139,0,0.855375,0,0,0.51801,0,0,0,-5.93672e-06,0,0,0
1765976263570722,0,-0.384099,4.28139,0,0.855375,0,0,0.51801,-0.384099,4.28139,0,0.855375,0,0,0.51801,0,0,0,-5.93672e-06,0,0,0
1765976263580647,0,-0.384099,4.28139,0,0.855375,0,0,0.51801,-0.384099,4.28139,0,0.855375,0,0,0.51801,0,0,0,-6.00551e-06,0,0,0
1765976263580647,0,-0.384099,4.28139,0,0.855375,0,0,0.51801,-0.384099,4.28139,0,0.855375,0,0,0.51801,0,0,0,-6.00551e-06,0,0,0
1765976263590535,0,-0.384099,4.28139,0,0.855375,0,0,0.51801,-0.384099,4.28139,0,0.855375,0,0,0.51801,0,0,0,6.02798e-06,0,0,0
1765976263590535,0,-0.384099,4.28139,0,0.855375,0,0,0.51801,-0.384099,4.28139,0,0.855375,0,0,0.51801,0,0,0,6.02798e-06,0,0,0
1765976263600620,0,-0.384099,4.28139,0,0.855375,0,0,0.51801,-0.384099,4.28139,0,0.855375,0,0,0.51801,0,0,0,5.91023e-06,0,0,0
1765976263600620,0,-0.384099,4.28139,0,0.855375,0,0,0.51801,-0.384099,4.28139,0,0.855375,0,0,0.51801,0,0,0,5.91023e-06,0,0,0
1765976263610653,0,-0.384099,4.28139,0,0.855375,0,0,0.51801,-0.384099,4.28139,0,0.855375,0,0,0.51801,-2.97043e-06,0,0,0,0,0,0
1765976263610653,0,-0.384099,4.28139,0,0.855375,0,0,0.51801,-0.384099,4.28139,0,0.855375,0,0,0.51801,-2.97043e-06,0,0,0,0,0,0
1765976263620653,0,-0.384099,4.28139,0,0.855375,0,0,0.51801,-0.384099,4.28139,0,0.855375,0,0,0.51801,0,0,0,0,0,0,0
1765976263620653,0,-0.384099,4.28139,0,0.855375,0,0,0.51801,-0.384099,4.28139,0,0.855375,0,0,0.51801,0,0,0,0,0,0,0
1765976263630638,0,-0.384099,4.28139,0,0.855375,0,0,0.51801,-0.384099,4.28139,0,0.855375,0,0,0.51801,0,0,0,0,0,0,0
1765976263630638,0,-0.384099,4.28139,0,0.855375,0,0,0.51801,-0.384099,4.28139,0,0.855375,0,0,0.51801,0,0,0,0,0,0,0
1765976263640755,0,-0.384099,4.28139,0,0.855375,0,0,0.51801,-0.384099,4.28139,0,0.855375,0,0,0.51801,0,0,0,5.89153e-06,0,0,0
1765976263640755,0,-0.384099,4.28139,0,0.855375,0,0,0.51801,-0.384099,4.28139,0,0.855375,0,0,0.51801,0,0,0,5.89153e-06,0,0,0
1765976263650767,0,-0.384099,4.28139,0,0.855375,0,0,0.51801,-0.384099,4.28139,0,0.855375,0,0,0.51801,2.97666e-06,0,0,0,0,0,0
1765976263650767,0,-0.384099,4.28139,0,0.855375,0,0,0.51801,-0.384099,4.28139,0,0.855375,0,0,0.51801,2.97666e-06,0,0,0,0,0,0
1765976263660545,0,-0.384099,4.28139,0,0.855375,0,0,0.51801,-0.384099,4.28139,0,0.855375,0,0,0.51801,0,0,0,6.09579e-06,0,0,0
1765976263660545,0,-0.384099,4.28139,0,0.855375,0,0,0.51801,-0.384099,4.28139,0,0.855375,0,0,0.51801,0,0,0,6.09579e-06,0,0,0
1765976263670583,0,-0.384099,4.28139,0,0.855375,0,0,0.51801,-0.384099,4.28139,0,0.855375,0,0,0.51801,0,0,0,0,0,0,0
1765976263670583,0,-0.384099,4.28139,0,0.855375,0,0,0.51801,-0.384099,4.28139,0,0.855375,0,0,0.51801,0,0,0,0,0,0,0
1765976263680791,0,-0.384099,4.28139,0,0.855375,0,0,0.51801,-0.384099,4.28139,0,0.855375,0,0,0.51801,0,0,0,0,0,0,0
1765976263680791,0,-0.384099,4.28139,0,0.855375,0,0,0.51801,-0.384099,4.28139,0,0.855375,0,0,0.51801,0,0,0,0,0,0,0
1765976263690617,0,-0.384099,4.28139,0,0.855375,0,0,0.51801,-0.384099,4.28139,0,0.855375,0,0,0.51801,3.03301e-06,0,0,-6.06601e-06,0,0,0
1765976263690617,0,-0.384099,4.28139,0,0.855375,0,0,0.51801,-0.384099,4.28139,0,0.855375,0,0,0.51801,3.03301e-06,0,0,-6.06601e-06,0,0,0
1765976263700674,0,-0.384099,4.28139,0,0.855375,0,0,0.51801,-0.384099,4.28139,0,0.855375,0,0,0.51801,-2.96334e-06,0,0,0,0,0,0
1765976263700674,0,-0.384099,4.28139,0,0.855375,0,0,0.51801,-0.384099,4.28139,0,0.855375,0,0,0.51801,-2.96334e-06,0,0,0,0,0,0
1765976263710597,0,-0.384099,4.28139,0,0.855375,0,0,0.51801,-0.384099,4.28139,0,0.855375,0,0,0.51801,0,0,0,0,0,0,0
1765976263710597,0,-0.384099,4.28139,0,0.855375,0,0,0.51801,-0.384099,4.28139,0,0.855375,0,0,0.51801,0,0,0,0,0,0,0
1765976263720660,0,-0.384099,4.28139,0,0.855375,0,0,0.51801,-0.384099,4.28139,0,0.855375,0,0,0.51801,0,0,0,0,0,0,0
1765976263720660,0,-0.384099,4.28139,0,0.855375,0,0,0.51801,-0.384099,4.28139,0,0.855375,0,0,0.51801,0,0,0,0,0,0,0
1765976263730730,0,-0.384099,4.28139,0,0.855375,0,0,0.51801,-0.384099,4.28139,0,0.855375,0,0,0.51801,0,0,0,0,0,0,0
1765976263730730,0,-0.384099,4.28139,0,0.855375,0,0,0.51801,-0.384099,4.28139,0,0.855375,0,0,0.51801,0,0,0,0,0,0,0
1765976263740598,0,-0.384099,4.28139,0,0.855375,0,0,0.51801,-0.384099,4.28139,0,0.855375,0,0,0.51801,0,0,0,0,0,0,0
1765976263740598,0,-0.384099,4.28139,0,0.855375,0,0,0.51801,-0.384099,4.28139,0,0.855375,0,0,0.51801,0,0,0,0,0,0,0
1765976263750561,0,-0.384099,4.28139,0,0.855375,0,0,0.51801,-0.384099,4.28139,0,0.855375,0,0,0.51801,-2.9913e-06,0,0,0,0,0,0
1765976263750561,0,-0.384099,4.28139,0,0.855375,0,0,0.51801,-0.384099,4.28139,0,0.855375,0,0,0.51801,-2.9913e-06,0,0,0,0,0,0
1765976263760756,0,-0.384099,4.28139,0,0.855375,0,0,0.51801,-0.384099,4.28139,0,0.855375,0,0,0.51801,0,0,0,0,0,0,0
1765976263760756,0,-0.384099,4.28139,0,0.855375,0,0,0.51801,-0.384099,4.28139,0,0.855375,0,0,0.51801,0,0,0,0,0,0,0
1765976263770686,0,-0.384099,4.28139,0,0.855375,0,0,0.51801,-0.384099,4.28139,0,0.855375,0,0,0.51801,0,0,0,-6.00248e-06,0,0,0
1765976263770686,0,-0.384099,4.28139,0,0.855375,0,0,0.51801,-0.384099,4.28139,0,0.855375,0,0,0.51801,0,0,0,-6.00248e-06,0,0,0
1765976263780728,0,-0.384099,4.28139,0,0.855375,0,0,0.51801,-0.384099,4.28139,0,0.855375,0,0,0.51801,2.96777e-06,0,0,0,0,0,0
1765976263780728,0,-0.384099,4.28139,0,0.855375,0,0,0.51801,-0.384099,4.28139,0,0.855375,0,0,0.51801,2.96777e-06,0,0,0,0,0,0
1765976263790557,0,-0.384099,4.28139,0,0.855375,0,0,0.51801,-0.384099,4.28139,0,0.855375,0,0,0.51801,0,0,0,0,0,0,0
1765976263790557,0,-0.384099,4.28139,0,0.855375,0,0,0.51801,-0.384099,4.28139,0,0.855375,0,0,0.51801,0,0,0,0,0,0,0
1765976263800710,0,-0.384099,4.28139,0,0.855375,0,0,0.51801,-0.384099,4.28139,0,0.855375,0,0,0.51801,0,0,0,-5.87064e-06,0,0,0
1765976263800710,0,-0.384099,4.28139,0,0.855375,0,0,0.51801,-0.384099,4.28139,0,0.855375,0,0,0.51801,0,0,0,-5.87064e-06,0,0,0
1765976263810710,0,-0.384099,4.28139,0,0.855375,0,0,0.51801,-0.384099,4.28139,0,0.855375,0,0,0.51801,0,0,0,0,0,0,0
1765976263810710,0,-0.384099,4.28139,0,0.855375,0,0,0.51801,-0.384099,4.28139,0,0.855375,0,0,0.51801,0,0,0,0,0,0,0
1765976263820583,0,-0.384099,4.28139,0,0.855375,0,0,0.51801,-0.384099,4.28139,0,0.855375,0,0,0.51801,0,0,0,0,0,0,0
1765976263820583,0,-0.384099,4.28139,0,0.855375,0,0,0.51801,-0.384099,4.28139,0,0.855375,0,0,0.51801,0,0,0,0,0,0,0
1765976263830709,0,-0.384099,4.28139,0,0.855375,0,0,0.51801,-0.384099,4.28139,0,0.855375,0,0,0.51801,0,0,0,0,0,0,0
1765976263830709,0,-0.384099,4.28139,0,0.855375,0,0,0.51801,-0.384099,4.28139,0,0.855375,0,0,0.51801,0,0,0,0,0,0,0
1765976263840615,0,-0.384099,4.28139,0,0.855375,0,0,0.51801,-0.384099,4.28139,0,0.855375,0,0,0.51801,0,0,0,6.01702e-06,0,0,0
1765976263840615,0,-0.384099,4.28139,0,0.855375,0,0,0.51801,-0.384099,4.28139,0,0.855375,0,0,0.51801,0,0,0,6.01702e-06,0,0,0
1765976263850708,0,-0.384099,4.28139,0,0.855375,0,0,0.51801,-0.384099,4.28139,0,0.855375,0,0,0.51801,0,0,0,0,0,0,0
1765976263850708,0,-0.384099,4.28139,0,0.855375,0,0,0.51801,-0.384099,4.28139,0,0.855375,0,0,0.51801,0,0,0,0,0,0,0
1765976263860599,0,-0.384099,4.28139,0,0.855375,0,0,0.51801,-0.384099,4.28139,0,0.855375,0,0,0.51801,0,0,0,0,0,0,0
1765976263860599,0,-0.384099,4.28139,0,0.855375,0,0,0.51801,-0.384099,4.28139,0,0.855375,0,0,0.51801,0,0,0,0,0,0,0
1765976263870551,0,-0.384099,4.28139,0,0.855375,0,0,0.51801,-0.384099,4.28139,0,0.855375,0,0,0.51801,2.99461e-06,0,0,0,0,0,0
1765976263870551,0,-0.384099,4.28139,0,0.855375,0,0,0.51801,-0.384099,4.28139,0,0.855375,0,0,0.51801,2.99461e-06,0,0,0,0,0,0
1765976263880567,0,-0.384099,4.28139,0,0.855375,0,0,0.51801,-0.384099,4.28139,0,0.855375,0,0,0.51801,-2.97547e-06,0,0,0,0,0,0
1765976263880567,0,-0.384099,4.28139,0,0.855375,0,0,0.51801,-0.384099,4.28139,0,0.855375,0,0,0.51801,-2.97547e-06,0,0,0,0,0,0
1765976263890601,0,-0.384099,4.28139,0,0.855375,0,0,0.51801,-0.384099,4.28139,0,0.855375,0,0,0.51801,0,0,0,0,0,0,-5.94027e-06
1765976263890601,0,-0.384099,4.28139,0,0.855375,0,0,0.51801,-0.384099,4.28139,0,0.855375,0,0,0.51801,0,0,0,0,0,0,-5.94027e-06
1765976263900623,0,-0.384099,4.28139,0,0.855375,0,0,0.51801,-0.384099,4.28139,0,0.855375,0,0,0.51801,2.97369e-06,0,0,0,0,0,0
1765976263900623,0,-0.384099,4.28139,0,0.855375,0,0,0.51801,-0.384099,4.28139,0,0.855375,0,0,0.51801,2.97369e-06,0,0,0,0,0,0
1765976263910620,0,-0.384099,4.28139,0,0.855375,0,0,0.51801,-0.384099,4.28139,0,0.855375,0,0,0.51801,2.98113e-06,0,0,0,0,0,0
1765976263910620,0,-0.384099,4.28139,0,0.855375,0,0,0.51801,-0.384099,4.28139,0,0.855375,0,0,0.51801,2.98113e-06,0,0,0,0,0,0
1765976263920554,0,-0.384099,4.28139,0,0.855375,0,0,0.51801,-0.384099,4.28139,0,0.855375,0,0,0.51801,-3.00003e-06,0,0,-6.00007e-06,0,0,0
1765976263920554,0,-0.384099,4.28139,0,0.855375,0,0,0.51801,-0.384099,4.28139,0,0.855375,0,0,0.51801,-3.00003e-06,0,0,-6.00007e-06,0,0,0
1765976263930623,0,-0.384099,4.28139,0,0.855375,0,0,0.51801,-0.384099,4.28139,0,0.855375,0,0,0.51801,0,0,0,5.91962e-06,0,0,0
1765976263930623,0,-0.384099,4.28139,0,0.855375,0,0,0.51801,-0.384099,4.28139,0,0.855375,0,0,0.51801,0,0,0,5.91962e-06,0,0,0
1765976263940612,0,-0.384099,4.28139,0,0.855375,0,0,0.51801,-0.384099,4.28139,0,0.855375,0,0,0.51801,0,0,0,0,0,0,0
1765976263940612,0,-0.384099,4.28139,0,0.855375,0,0,0.51801,-0.384099,4.28139,0,0.855375,0,0,0.51801,0,0,0,0,0,0,0
1765976263951259,0,-0.384099,4.28139,0,0.855375,0,0,0.51801,-0.384099,4.28139,0,0.855375,0,0,0.51801,0,0,0,0,0,0,0
1765976263951259,0,-0.384099,4.28139,0,0.855375,0,0,0.51801,-0.384099,4.28139,0,0.855375,0,0,0.51801,0,0,0,0,0,0,0
1765976263960633,0,-0.384099,4.28139,0,0.855375,0,0,0.51801,-0.384099,4.28139,0,0.855375,0,0,0.51801,0,0,0,0,0,0,0
1765976263960633,0,-0.384099,4.28139,0,0.855375,0,0,0.51801,-0.384099,4.28139,0,0.855375,0,0,0.51801,0,0,0,0,0,0,0
1765976263970537,0,-0.384099,4.28139,0,0.855375,0,0,0.51801,-0.384099,4.28139,0,0.855375,0,0,0.51801,0,0,0,0,0,0,0
1765976263970537,0,-0.384099,4.28139,0,0.855375,0,0,0.51801,-0.384099,4.28139,0,0.855375,0,0,0.51801,0,0,0,0,0,0,0
1765976263980704,0,-0.384099,4.28139,0,0.855375,0,0,0.51801,-0.384099,4.28139,0,0.855375,0,0,0.51801,2.93128e-06,0,0,0,0,0,0
1765976263980704,0,-0.384099,4.28139,0,0.855375,0,0,0.51801,-0.384099,4.28139,0,0.855375,0,0,0.51801,2.93128e-06,0,0,0,0,0,0
1765976263990727,0,-0.384099,4.28139,0,0.855375,0,0,0.51801,-0.384099,4.28139,0,0.855375,0,0,0.51801,0,0,0,5.94679e-06,0,0,0
1765976263990727,0,-0.384099,4.28139,0,0.855375,0,0,0.51801,-0.384099,4.28139,0,0.855375,0,0,0.51801,0,0,0,5.94679e-06,0,0,0
1765976264000724,0,-0.384099,4.28139,0,0.855375,0,0,0.51801,-0.384099,4.28139,0,0.855375,0,0,0.51801,0,0,0,0,0,0,0
1765976264000724,0,-0.384099,4.28139,0,0.855375,0,0,0.51801,-0.384099,4.28139,0,0.855375,0,0,0.51801,0,0,0,0,0,0,0
1765976264010685,0,-0.384099,4.28139,0,0.855375,0,0,0.51801,-0.384099,4.28139,0,0.855375,0,0,0.51801,0,0,0,0,0,0,0
1765976264010685,0,-0.384099,4.28139,0,0.855375,0,0,0.51801,-0.384099,4.28139,0,0.855375,0,0,0.51801,0,0,0,0,0,0,0
1765976264020592,0,-0.384099,4.28139,0,0.855375,0,0,0.51801,-0.384099,4.28139,0,0.855375,0,0,0.51801,0,0,0,0,0,0,0
1765976264020592,0,-0.384099,4.28139,0,0.855375,0,0,0.51801,-0.384099,4.28139,0,0.855375,0,0,0.51801,0,0,0,0,0,0,0
1765976264030623,0,-0.384099,4.28139,0,0.855375,0,0,0.51801,-0.384099,4.28139,0,0.855375,0,0,0.51801,0,0,0,0,0,0,0
1765976264030623,0,-0.384099,4.28139,0,0.855375,0,0,0.51801,-0.384099,4.28139,0,0.855375,0,0,0.51801,0,0,0,0,0,0,0
1765976264040538,0,-0.384099,4.28139,0,0.855375,0,0,0.51801,-0.384099,4.28139,0,0.855375,0,0,0.51801,0,0,0,0,0,0,0
1765976264040538,0,-0.384099,4.28139,0,0.855375,0,0,0.51801,-0.384099,4.28139,0,0.855375,0,0,0.51801,0,0,0,0,0,0,0
1765976264050753,0,-0.384099,4.28139,0,0.855375,0,0,0.51801,-0.384099,4.28139,0,0.855375,0,0,0.51801,2.91751e-06,0,0,-5.83501e-06,0,0,0
1765976264050753,0,-0.384099,4.28139,0,0.855375,0,0,0.51801,-0.384099,4.28139,0,0.855375,0,0,0.51801,2.91751e-06,0,0,-5.83501e-06,0,0,0
1765976264060705,0,-0.384099,4.28139,0,0.855375,0,0,0.51801,-0.384099,4.28139,0,0.855375,0,0,0.51801,0,0,0,-5.98921e-06,0,0,0
1765976264060705,0,-0.384099,4.28139,0,0.855375,0,0,0.51801,-0.384099,4.28139,0,0.855375,0,0,0.51801,0,0,0,-5.98921e-06,0,0,0
1765976264070557,0,-0.384099,4.28139,0,0.855375,0,0,0.51801,-0.384099,4.28139,0,0.855375,0,0,0.51801,0,0,0,0,0,0,0
1765976264070557,0,-0.384099,4.28139,0,0.855375,0,0,0.51801,-0.384099,4.28139,0,0.855375,0,0,0.51801,0,0,0,0,0,0,0
1765976264080627,0,-0.384099,4.28139,0,0.855375,0,0,0.51801,-0.384099,4.28139,0,0.855375,0,0,0.51801,0,0,0,-5.91903e-06,0,0,0
1765976264080627,0,-0.384099,4.28139,0,0.855375,0,0,0.51801,-0.384099,4.28139,0,0.855375,0,0,0.51801,0,0,0,-5.91903e-06,0,0,0
1765976264090461,0,-0.384099,4.28139,0,0.855375,0,0,0.51801,-0.384099,4.28139,0,0.855375,0,0,0.51801,0,0,0,0,0,0,0
1765976264090461,0,-0.384099,4.28139,0,0.855375,0,0,0.51801,-0.384099,4.28139,0,0.855375,0,0,0.51801,0,0,0,0,0,0,0
1765976264100516,0,-0.384099,4.28139,0,0.855375,0,0,0.51801,-0.384099,4.28139,0,0.855375,0,0,0.51801,0,0,0,0,0,0,0
1765976264100516,0,-0.384099,4.28139,0,0.855375,0,0,0.51801,-0.384099,4.28139,0,0.855375,0,0,0.51801,0,0,0,0,0,0,0
1765976264110470,0,-0.384099,4.28139,0,0.855375,0,0,0.51801,-0.384099,4.28139,0,0.855375,0,0,0.51801,0,0,0,5.98801e-06,0,0,0
1765976264110470,0,-0.384099,4.28139,0,0.855375,0,0,0.51801,-0.384099,4.28139,0,0.855375,0,0,0.51801,0,0,0,5.98801e-06,0,0,0
1765976264120523,0,-0.384099,4.28139,0,0.855375,0,0,0.51801,-0.384099,4.28139,0,0.855375,0,0,0.51801,0,0,0,0,0,0,0
1765976264120523,0,-0.384099,4.28139,0,0.855375,0,0,0.51801,-0.384099,4.28139,0,0.855375,0,0,0.51801,0,0,0,0,0,0,0
1765976264130497,0,-0.384099,4.28139,0,0.855375,0,0,0.51801,-0.384099,4.28139,0,0.855375,0,0,0.51801,0,0,0,0,0,0,0
1765976264130497,0,-0.384099,4.28139,0,0.855375,0,0,0.51801,-0.384099,4.28139,0,0.855375,0,0,0.51801,0,0,0,0,0,0,0
1765976264140463,0,-0.384099,4.28139,0,0.855375,0,0,0.51801,-0.384099,4.28139,0,0.855375,0,0,0.51801,-2.9904e-06,0,0,0,0,0,0
1765976264140463,0,-0.384099,4.28139,0,0.855375,0,0,0.51801,-0.384099,4.28139,0,0.855375,0,0,0.51801,-2.9904e-06,0,0,0,0,0,0
1765976264150595,0,-0.384099,4.28139,0,0.855375,0,0,0.51801,-0.384099,4.28139,0,0.855375,0,0,0.51801,-2.94141e-06,0,0,0,0,0,0
1765976264150595,0,-0.384099,4.28139,0,0.855375,0,0,0.51801,-0.384099,4.28139,0,0.855375,0,0,0.51801,-2.94141e-06,0,0,0,0,0,0
1765976264160717,0,-0.384099,4.28139,0,0.855375,0,0,0.51801,-0.384099,4.28139,0,0.855375,0,0,0.51801,0,0,0,0,0,0,0
1765976264160717,0,-0.384099,4.28139,0,0.855375,0,0,0.51801,-0.384099,4.28139,0,0.855375,0,0,0.51801,0,0,0,0,0,0,0
1765976264170649,0,-0.384099,4.28139,0,0.855375,0,0,0.51801,-0.384099,4.28139,0,0.855375,0,0,0.51801,0,0,0,0,0,0,0
1765976264170649,0,-0.384099,4.28139,0,0.855375,0,0,0.51801,-0.384099,4.28139,0,0.855375,0,0,0.51801,0,0,0,0,0,0,0
1765976264180624,0,-0.384099,4.28139,0,0.855375,0,0,0.51801,-0.384099,4.28139,0,0.855375,0,0,0.51801,0,0,0,0,0,0,0
1765976264180624,0,-0.384099,4.28139,0,0.855375,0,0,0.51801,-0.384099,4.28139,0,0.855375,0,0,0.51801,0,0,0,0,0,0,0
1765976264190666,0,-0.384099,4.28139,0,0.855375,0,0,0.51801,-0.384099,4.28139,0,0.855375,0,0,0.51801,0,0,0,5.93554e-06,0,0,0
1765976264190666,0,-0.384099,4.28139,0,0.855375,0,0,0.51801,-0.384099,4.28139,0,0.855375,0,0,0.51801,0,0,0,5.93554e-06,0,0,0
1765976264200776,0,-0.384099,4.28139,0,0.855375,0,0,0.51801,-0.384099,4.28139,0,0.855375,0,0,0.51801,-2.94781e-06,0,0,0,0,0,0
1765976264200776,0,-0.384099,4.28139,0,0.855375,0,0,0.51801,-0.384099,4.28139,0,0.855375,0,0,0.51801,-2.94781e-06,0,0,0,0,0,0
1765976264210717,0,-0.384099,4.28139,0,0.855375,0,0,0.51801,-0.384099,4.28139,0,0.855375,0,0,0.51801,0,0,0,0,0,0,0
1765976264210717,0,-0.384099,4.28139,0,0.855375,0,0,0.51801,-0.384099,4.28139,0,0.855375,0,0,0.51801,0,0,0,0,0,0,0
1765976264220474,0,-0.384099,4.28139,0,0.855375,0,0,0.51801,-0.384099,4.28139,0,0.855375,0,0,0.51801,3.05446e-06,0,0,0,0,0,0
1765976264220474,0,-0.384099,4.28139,0,0.855375,0,0,0.51801,-0.384099,4.28139,0,0.855375,0,0,0.51801,3.05446e-06,0,0,0,0,0,0
1765976264230590,0,-0.384099,4.28139,0,0.855375,0,0,0.51801,-0.384099,4.28139,0,0.855375,0,0,0.51801,0,0,0,0,0,0,0
1765976264230590,0,-0.384099,4.28139,0,0.855375,0,0,0.51801,-0.384099,4.28139,0,0.855375,0,0,0.51801,0,0,0,0,0,0,0
1765976264240616,0,-0.384099,4.28139,0,0.855375,0,0,0.51801,-0.384099,4.28139,0,0.855375,0,0,0.51801,0,0,0,0,0,0,0
1765976264240616,0,-0.384099,4.28139,0,0.855375,0,0,0.51801,-0.384099,4.28139,0,0.855375,0,0,0.51801,0,0,0,0,0,0,0
1765976264250649,0,-0.384099,4.28139,0,0.855375,0,0,0.51801,-0.384099,4.28139,0,0.855375,0,0,0.51801,-2.97043e-06,0,0,5.94086e-06,0,0,0
1765976264250649,0,-0.384099,4.28139,0,0.855375,0,0,0.51801,-0.384099,4.28139,0,0.855375,0,0,0.51801,-2.97043e-06,0,0,5.94086e-06,0,0,0
1765976264260658,0,-0.384099,4.28139,0,0.855375,0,0,0.51801,-0.384099,4.28139,0,0.855375,0,0,0.51801,0,0,0,0,0,0,0
1765976264260658,0,-0.384099,4.28139,0,0.855375,0,0,0.51801,-0.384099,4.28139,0,0.855375,0,0,0.51801,0,0,0,0,0,0,0
1765976264270602,0,-0.384099,4.28139,0,0.855375,0,0,0.51801,-0.384099,4.28139,0,0.855375,0,0,0.51801,0,0,0,0,0,0,0
1765976264270602,0,-0.384099,4.28139,0,0.855375,0,0,0.51801,-0.384099,4.28139,0,0.855375,0,0,0.51801,0,0,0,0,0,0,0
1765976264280643,0,-0.384099,4.28139,0,0.855375,0,0,0.51801,-0.384099,4.28139,0,0.855375,0,0,0.51801,0,0,0,0,0,0,0
1765976264280643,0,-0.384099,4.28139,0,0.855375,0,0,0.51801,-0.384099,4.28139,0,0.855375,0,0,0.51801,0,0,0,0,0,0,0
1765976264290648,0,-0.384099,4.28139,0,0.855375,0,0,0.51801,-0.384099,4.28139,0,0.855375,0,0,0.51801,0,0,0,-5.95749e-06,0,0,0
1765976264290648,0,-0.384099,4.28139,0,0.855375,0,0,0.51801,-0.384099,4.28139,0,0.855375,0,0,0.51801,0,0,0,-5.95749e-06,0,0,0
1765976264300614,0,-0.384099,4.28139,0,0.855375,0,0,0.51801,-0.384099,4.28139,0,0.855375,0,0,0.51801,0,0,0,0,0,0,0
1765976264300614,0,-0.384099,4.28139,0,0.855375,0,0,0.51801,-0.384099,4.28139,0,0.855375,0,0,0.51801,0,0,0,0,0,0,0
1765976264310793,0,-0.384099,4.28139,0,0.855375,0,0,0.51801,-0.384099,4.28139,0,0.855375,0,0,0.51801,0,0,0,-5.85565e-06,0,0,0
1765976264310793,0,-0.384099,4.28139,0,0.855375,0,0,0.51801,-0.384099,4.28139,0,0.855375,0,0,0.51801,0,0,0,-5.85565e-06,0,0,0
1765976264320571,0,-0.384099,4.28139,0,0.855375,0,0,0.51801,-0.384099,4.28139,0,0.855375,0,0,0.51801,0,0,0,0,0,0,0
1765976264320571,0,-0.384099,4.28139,0,0.855375,0,0,0.51801,-0.384099,4.28139,0,0.855375,0,0,0.51801,0,0,0,0,0,0,0
1765976264330643,0,-0.384099,4.28139,0,0.855375,0,0,0.51801,-0.384099,4.28139,0,0.855375,0,0,0.51801,0,0,0,0,0,0,0
1765976264330643,0,-0.384099,4.28139,0,0.855375,0,0,0.51801,-0.384099,4.28139,0,0.855375,0,0,0.51801,0,0,0,0,0,0,0
1765976264340596,0,-0.384099,4.28139,0,0.855375,0,0,0.51801,-0.384099,4.28139,0,0.855375,0,0,0.51801,0,0,0,0,0,0,0
1765976264340596,0,-0.384099,4.28139,0,0.855375,0,0,0.51801,-0.384099,4.28139,0,0.855375,0,0,0.51801,0,0,0,0,0,0,0
1765976264350609,0,-0.384099,4.28139,0,0.855375,0,0,0.51801,-0.384099,4.28139,0,0.855375,0,0,0.51801,0,0,0,0,0,0,0
1765976264350609,0,-0.384099,4.28139,0,0.855375,0,0,0.51801,-0.384099,4.28139,0,0.855375,0,0,0.51801,0,0,0,0,0,0,0
1765976264360610,0,-0.384099,4.28139,0,0.855375,0,0,0.51801,-0.384099,4.28139,0,0.855375,0,0,0.51801,0,0,0,0,0,0,0
1765976264360610,0,-0.384099,4.28139,0,0.855375,0,0,0.51801,-0.384099,4.28139,0,0.855375,0,0,0.51801,0,0,0,0,0,0,0
1765976264370637,0,-0.384099,4.28139,0,0.855375,0,0,0.51801,-0.384099,4.28139,0,0.855375,0,0,0.51801,0,0,0,5.94441e-06,0,0,0
1765976264370637,0,-0.384099,4.28139,0,0.855375,0,0,0.51801,-0.384099,4.28139,0,0.855375,0,0,0.51801,0,0,0,5.94441e-06,0,0,0
1765976264380778,0,-0.384099,4.28139,0,0.855375,0,0,0.51801,-0.384099,4.28139,0,0.855375,0,0,0.51801,0,0,0,0,0,0,0
1765976264380778,0,-0.384099,4.28139,0,0.855375,0,0,0.51801,-0.384099,4.28139,0,0.855375,0,0,0.51801,0,0,0,0,0,0,0
1765976264390615,0,-0.384099,4.28139,0,0.855375,0,0,0.51801,-0.384099,4.28139,0,0.855375,0,0,0.51801,0,0,0,0,0,0,0
1765976264390615,0,-0.384099,4.28139,0,0.855375,0,0,0.51801,-0.384099,4.28139,0,0.855375,0,0,0.51801,0,0,0,0,0,0,0
1765976264400600,0,-0.384099,4.28139,0,0.855375,0,0,0.51801,-0.384099,4.28139,0,0.855375,0,0,0.51801,0,0,0,0,0,0,0
1765976264400600,0,-0.384099,4.28139,0,0.855375,0,0,0.51801,-0.384099,4.28139,0,0.855375,0,0,0.51801,0,0,0,0,0,0,0
1765976264410627,0,-0.384099,4.28139,0,0.855375,0,0,0.51801,-0.384099,4.28139,0,0.855375,0,0,0.51801,0,0,0,5.94441e-06,0,0,0
1765976264410627,0,-0.384099,4.28139,0,0.855375,0,0,0.51801,-0.384099,4.28139,0,0.855375,0,0,0.51801,0,0,0,5.94441e-06,0,0,0
1765976264420479,0,-0.384099,4.28139,0,0.855375,0,0,0.51801,-0.384099,4.28139,0,0.855375,0,0,0.51801,0,0,0,0,0,0,0
1765976264420479,0,-0.384099,4.28139,0,0.855375,0,0,0.51801,-0.384099,4.28139,0,0.855375,0,0,0.51801,0,0,0,0,0,0,0
1765976264430581,0,-0.384099,4.28139,0,0.855375,0,0,0.51801,-0.384099,4.28139,0,0.855375,0,0,0.51801,0,0,0,0,0,0,0
1765976264430581,0,-0.384099,4.28139,0,0.855375,0,0,0.51801,-0.384099,4.28139,0,0.855375,0,0,0.51801,0,0,0,0,0,0,0
1765976264440448,0,-0.384099,4.28139,0,0.855375,0,0,0.51801,-0.384099,4.28139,0,0.855375,0,0,0.51801,0,0,0,0,0,0,0
1765976264440448,0,-0.384099,4.28139,0,0.855375,0,0,0.51801,-0.384099,4.28139,0,0.855375,0,0,0.51801,0,0,0,0,0,0,0
1765976264450667,0,-0.384099,4.28139,0,0.855375,0,0,0.51801,-0.384099,4.28139,0,0.855375,0,0,0.51801,0,0,0,0,0,0,0
1765976264450667,0,-0.384099,4.28139,0,0.855375,0,0,0.51801,-0.384099,4.28139,0,0.855375,0,0,0.51801,0,0,0,0,0,0,0
1765976264460587,0,-0.384099,4.28139,0,0.855375,0,0,0.51801,-0.384099,4.28139,0,0.855375,0,0,0.51801,0,0,0,0,0,0,0
1765976264460587,0,-0.384099,4.28139,0,0.855375,0,0,0.51801,-0.384099,4.28139,0,0.855375,0,0,0.51801,0,0,0,0,0,0,0
1765976264470578,0,-0.384099,4.28139,0,0.855375,0,0,0.51801,-0.384099,4.28139,0,0.855375,0,0,0.51801,0,0,0,-5.96583e-06,0,0,0
1765976264470578,0,-0.384099,4.28139,0,0.855375,0,0,0.51801,-0.384099,4.28139,0,0.855375,0,0,0.51801,0,0,0,-5.96583e-06,0,0,0
1765976264480729,0,-0.384099,4.28139,0,0.855375,0,0,0.51801,-0.384099,4.28139,0,0.855375,0,0,0.51801,0,0,0,0,0,0,0
1765976264480729,0,-0.384099,4.28139,0,0.855375,0,0,0.51801,-0.384099,4.28139,0,0.855375,0,0,0.51801,0,0,0,0,0,0,0
1765976264490766,0,-0.384099,4.28139,0,0.855375,0,0,0.51801,-0.384099,4.28139,0,0.855375,0,0,0.51801,0,0,0,0,0,0,0
1765976264490766,0,-0.384099,4.28139,0,0.855375,0,0,0.51801,-0.384099,4.28139,0,0.855375,0,0,0.51801,0,0,0,0,0,0,0
1765976264500708,0,-0.384099,4.28139,0,0.855375,0,0,0.51801,-0.384099,4.28139,0,0.855375,0,0,0.51801,0,0,0,5.99524e-06,0,0,0
1765976264500708,0,-0.384099,4.28139,0,0.855375,0,0,0.51801,-0.384099,4.28139,0,0.855375,0,0,0.51801,0,0,0,5.99524e-06,0,0,0
1765976264510718,0,-0.384099,4.28139,0,0.855375,0,0,0.51801,-0.384099,4.28139,0,0.855375,0,0,0.51801,0,0,0,0,0,0,0
1765976264510718,0,-0.384099,4.28139,0,0.855375,0,0,0.51801,-0.384099,4.28139,0,0.855375,0,0,0.51801,0,0,0,0,0,0,0
1765976264520591,0,-0.384099,4.28139,0,0.855375,0,0,0.51801,-0.384099,4.28139,0,0.855375,0,0,0.51801,0,0,0,0,0,0,0
1765976264520591,0,-0.384099,4.28139,0,0.855375,0,0,0.51801,-0.384099,4.28139,0,0.855375,0,0,0.51801,0,0,0,0,0,0,0
1765976264530573,0,-0.384099,4.28139,0,0.855375,0,0,0.51801,-0.384099,4.28139,0,0.855375,0,0,0.51801,0,0,0,0,0,0,0
1765976264530573,0,-0.384099,4.28139,0,0.855375,0,0,0.51801,-0.384099,4.28139,0,0.855375,0,0,0.51801,0,0,0,0,0,0,0
1765976264540609,0,-0.384099,4.28139,0,0.855375,0,0,0.51801,-0.384099,4.28139,0,0.855375,0,0,0.51801,0,0,0,0,0,0,0
1765976264540609,0,-0.384099,4.28139,0,0.855375,0,0,0.51801,-0.384099,4.28139,0,0.855375,0,0,0.51801,0,0,0,0,0,0,0
1765976264550551,0,-0.384099,4.28139,0,0.855375,0,0,0.51801,-0.384099,4.28139,0,0.855375,0,0,0.51801,0,0,0,0,0,0,0
1765976264550551,0,-0.384099,4.28139,0,0.855375,0,0,0.51801,-0.384099,4.28139,0,0.855375,0,0,0.51801,0,0,0,0,0,0,0
1765976264560622,0,-0.384099,4.28139,0,0.855375,0,0,0.51801,-0.384099,4.28139,0,0.855375,0,0,0.51801,0,0,0,0,0,0,0
1765976264560622,0,-0.384099,4.28139,0,0.855375,0,0,0.51801,-0.384099,4.28139,0,0.855375,0,0,0.51801,0,0,0,0,0,0,0
1765976264570607,0,-0.384099,4.28139,0,0.855375,0,0,0.51801,-0.384099,4.28139,0,0.855375,0,0,0.51801,0,0,0,-5.96942e-06,0,0,0
1765976264570607,0,-0.384099,4.28139,0,0.855375,0,0,0.51801,-0.384099,4.28139,0,0.855375,0,0,0.51801,0,0,0,-5.96942e-06,0,0,0
1765976264580558,0,-0.384099,4.28139,0,0.855375,0,0,0.51801,-0.384099,4.28139,0,0.855375,0,0,0.51801,0,0,0,0,0,0,0
1765976264580558,0,-0.384099,4.28139,0,0.855375,0,0,0.51801,-0.384099,4.28139,0,0.855375,0,0,0.51801,0,0,0,0,0,0,0
1765976264590602,0,-0.384099,4.28139,0,0.855375,0,0,0.51801,-0.384099,4.28139,0,0.855375,0,0,0.51801,2.96718e-06,0,0,5.93435e-06,0,0,0
1765976264590602,0,-0.384099,4.28139,0,0.855375,0,0,0.51801,-0.384099,4.28139,0,0.855375,0,0,0.51801,2.96718e-06,0,0,5.93435e-06,0,0,0
1765976264600628,0,-0.384099,4.28139,0,0.855375,0,0,0.51801,-0.384099,4.28139,0,0.855375,0,0,0.51801,0,0,0,-5.94501e-06,0,0,0
1765976264600628,0,-0.384099,4.28139,0,0.855375,0,0,0.51801,-0.384099,4.28139,0,0.855375,0,0,0.51801,0,0,0,-5.94501e-06,0,0,0
1765976264610647,0,-0.384099,4.28139,0,0.855375,0,0,0.51801,-0.384099,4.28139,0,0.855375,0,0,0.51801,0,0,0,0,0,0,0
1765976264610647,0,-0.384099,4.28139,0,0.855375,0,0,0.51801,-0.384099,4.28139,0,0.855375,0,0,0.51801,0,0,0,0,0,0,0
1765976264620612,0,-0.384099,4.28139,0,0.855375,0,0,0.51801,-0.384099,4.28139,0,0.855375,0,0,0.51801,-2.9907e-06,0,0,5.9814e-06,0,0,0
1765976264620612,0,-0.384099,4.28139,0,0.855375,0,0,0.51801,-0.384099,4.28139,0,0.855375,0,0,0.51801,-2.9907e-06,0,0,5.9814e-06,0,0,0
1765976264630704,0,-0.384099,4.28139,0,0.855375,0,0,0.51801,-0.384099,4.28139,0,0.855375,0,0,0.51801,0,0,0,5.90613e-06,0,0,0
1765976264630704,0,-0.384099,4.28139,0,0.855375,0,0,0.51801,-0.384099,4.28139,0,0.855375,0,0,0.51801,0,0,0,5.90613e-06,0,0,0
1765976264640703,0,-0.384099,4.28139,0,0.855375,0,0,0.51801,-0.384099,4.28139,0,0.855375,0,0,0.51801,0,0,0,0,0,0,0
1765976264640703,0,-0.384099,4.28139,0,0.855375,0,0,0.51801,-0.384099,4.28139,0,0.855375,0,0,0.51801,0,0,0,0,0,0,0
1765976264650769,0,-0.384099,4.28139,0,0.855375,0,0,0.51801,-0.384099,4.28139,0,0.855375,0,0,0.51801,2.96069e-06,0,0,0,0,0,0
1765976264650769,0,-0.384099,4.28139,0,0.855375,0,0,0.51801,-0.384099,4.28139,0,0.855375,0,0,0.51801,2.96069e-06,0,0,0,0,0,0
1765976264660766,0,-0.384099,4.28139,0,0.855375,0,0,0.51801,-0.384099,4.28139,0,0.855375,0,0,0.51801,2.98113e-06,0,0,0,0,0,0
1765976264660766,0,-0.384099,4.28139,0,0.855375,0,0,0.51801,-0.384099,4.28139,0,0.855375,0,0,0.51801,2.98113e-06,0,0,0,0,0,0
1765976264670545,0,-0.384099,4.28139,0,0.855375,0,0,0.51801,-0.384099,4.28139,0,0.855375,0,0,0.51801,0,0,0,-6.09517e-06,0,0,0
1765976264670545,0,-0.384099,4.28139,0,0.855375,0,0,0.51801,-0.384099,4.28139,0,0.855375,0,0,0.51801,0,0,0,-6.09517e-06,0,0,0
1765976264680781,0,-0.384099,4.28139,0,0.855375,0,0,0.51801,-0.384099,4.28139,0,0.855375,0,0,0.51801,0,0,0,0,0,0,0
1765976264680781,0,-0.384099,4.28139,0,0.855375,0,0,0.51801,-0.384099,4.28139,0,0.855375,0,0,0.51801,0,0,0,0,0,0,0
1765976264690683,0,-0.384099,4.28139,0,0.855375,0,0,0.51801,-0.384099,4.28139,0,0.855375,0,0,0.51801,0,0,0,0,0,0,0
1765976264690683,0,-0.384099,4.28139,0,0.855375,0,0,0.51801,-0.384099,4.28139,0,0.855375,0,0,0.51801,0,0,0,0,0,0,0
1765976264700710,0,-0.384099,4.28139,0,0.855375,0,0,0.51801,-0.384099,4.28139,0,0.855375,0,0,0.51801,0,0,0,0,0,0,0
1765976264700710,0,-0.384099,4.28139,0,0.855375,0,0,0.51801,-0.384099,4.28139,0,0.855375,0,0,0.51801,0,0,0,0,0,0,0
1765976264710700,0,-0.384099,4.28139,0,0.855375,0,0,0.51801,-0.384099,4.28139,0,0.855375,0,0,0.51801,0,0,0,0,0,0,0
1765976264710700,0,-0.384099,4.28139,0,0.855375,0,0,0.51801,-0.384099,4.28139,0,0.855375,0,0,0.51801,0,0,0,0,0,0,0
1765976264720500,0,-0.384099,4.28139,0,0.855375,0,0,0.51801,-0.384099,4.28139,0,0.855375,0,0,0.51801,0,0,0,0,0,0,0
1765976264720500,0,-0.384099,4.28139,0,0.855375,0,0,0.51801,-0.384099,4.28139,0,0.855375,0,0,0.51801,0,0,0,0,0,0,0
1765976264730735,0,-0.384099,4.28139,0,0.855375,0,0,0.51801,-0.384099,4.28139,0,0.855375,0,0,0.51801,0,0,0,0,0,0,0
1765976264730735,0,-0.384099,4.28139,0,0.855375,0,0,0.51801,-0.384099,4.28139,0,0.855375,0,0,0.51801,0,0,0,0,0,0,0
1765976264740759,0,-0.384099,4.28139,0,0.855375,0,0,0.51801,-0.384099,4.28139,0,0.855375,0,0,0.51801,0,0,0,0,0,0,0
1765976264740759,0,-0.384099,4.28139,0,0.855375,0,0,0.51801,-0.384099,4.28139,0,0.855375,0,0,0.51801,0,0,0,0,0,0,0
1765976264750473,0,-0.384099,4.28139,0,0.855375,0,0,0.51801,-0.384099,4.28139,0,0.855375,0,0,0.51801,0,0,0,0,0,0,0
1765976264750473,0,-0.384099,4.28139,0,0.855375,0,0,0.51801,-0.384099,4.28139,0,0.855375,0,0,0.51801,0,0,0,0,0,0,0
1765976264760603,0,-0.384099,4.28139,0,0.855375,0,0,0.51801,-0.384099,4.28139,0,0.855375,0,0,0.51801,0,0,0,-5.88397e-06,0,0,0
1765976264760603,0,-0.384099,4.28139,0,0.855375,0,0,0.51801,-0.384099,4.28139,0,0.855375,0,0,0.51801,0,0,0,-5.88397e-06,0,0,0
1765976264770486,0,-0.384099,4.28139,0,0.855375,0,0,0.51801,-0.384099,4.28139,0,0.855375,0,0,0.51801,0,0,0,0,0,0,0
1765976264770486,0,-0.384099,4.28139,0,0.855375,0,0,0.51801,-0.384099,4.28139,0,0.855375,0,0,0.51801,0,0,0,0,0,0,0
1765976264780681,0,-0.384099,4.28139,0,0.855375,0,0,0.51801,-0.384099,4.28139,0,0.855375,0,0,0.51801,0,0,0,0,0,0,0
1765976264780681,0,-0.384099,4.28139,0,0.855375,0,0,0.51801,-0.384099,4.28139,0,0.855375,0,0,0.51801,0,0,0,0,0,0,0
1765976264790634,0,-0.384099,4.28139,0,0.855375,0,0,0.51801,-0.384099,4.28139,0,0.855375,0,0,0.51801,0,0,0,0,0,0,0
1765976264790634,0,-0.384099,4.28139,0,0.855375,0,0,0.51801,-0.384099,4.28139,0,0.855375,0,0,0.51801,0,0,0,0,0,0,0
1765976264800761,0,-0.384099,4.28139,0,0.855375,0,0,0.51801,-0.384099,4.28139,0,0.855375,0,0,0.51801,-2.94286e-06,0,0,0,0,0,0
1765976264800761,0,-0.384099,4.28139,0,0.855375,0,0,0.51801,-0.384099,4.28139,0,0.855375,0,0,0.51801,-2.94286e-06,0,0,0,0,0,0
1765976264810747,0,-0.384099,4.28139,0,0.855375,0,0,0.51801,-0.384099,4.28139,0,0.855375,0,0,0.51801,0,0,0,0,0,0,0
1765976264810747,0,-0.384099,4.28139,0,0.855375,0,0,0.51801,-0.384099,4.28139,0,0.855375,0,0,0.51801,0,0,0,0,0,0,0
1765976264820653,0,-0.384099,4.28139,0,0.855375,0,0,0.51801,-0.384099,4.28139,0,0.855375,0,0,0.51801,0,0,0,0,0,0,0
1765976264820653,0,-0.384099,4.28139,0,0.855375,0,0,0.51801,-0.384099,4.28139,0,0.855375,0,0,0.51801,0,0,0,0,0,0,0
1765976264830590,0,-0.384099,4.28139,0,0.855375,0,0,0.51801,-0.384099,4.28139,0,0.855375,0,0,0.51801,0,0,0,0,0,0,0
1765976264830590,0,-0.384099,4.28139,0,0.855375,0,0,0.51801,-0.384099,4.28139,0,0.855375,0,0,0.51801,0,0,0,0,0,0,0
1765976264840590,0,-0.384099,4.28139,0,0.855375,0,0,0.51801,-0.384099,4.28139,0,0.855375,0,0,0.51801,0,0,0,0,0,0,0
1765976264840590,0,-0.384099,4.28139,0,0.855375,0,0,0.51801,-0.384099,4.28139,0,0.855375,0,0,0.51801,0,0,0,0,0,0,0
1765976264850581,0,-0.384099,4.28139,0,0.855375,0,0,0.51801,-0.384099,4.28139,0,0.855375,0,0,0.51801,2.98292e-06,0,0,5.96583e-06,0,0,0
1765976264850581,0,-0.384099,4.28139,0,0.855375,0,0,0.51801,-0.384099,4.28139,0,0.855375,0,0,0.51801,2.98292e-06,0,0,5.96583e-06,0,0,0
1765976264860651,0,-0.384099,4.28139,0,0.855375,0,0,0.51801,-0.384099,4.28139,0,0.855375,0,0,0.51801,0,0,0,0,0,0,0
1765976264860651,0,-0.384099,4.28139,0,0.855375,0,0,0.51801,-0.384099,4.28139,0,0.855375,0,0,0.51801,0,0,0,0,0,0,0
1765976264870524,0,-0.384099,4.28139,0,0.855375,0,0,0.51801,-0.384099,4.28139,0,0.855375,0,0,0.51801,0,0,0,0,0,0,0
1765976264870524,0,-0.384099,4.28139,0,0.855375,0,0,0.51801,-0.384099,4.28139,0,0.855375,0,0,0.51801,0,0,0,0,0,0,0
1765976264880766,0,-0.384099,4.28139,0,0.855375,0,0,0.51801,-0.384099,4.28139,0,0.855375,0,0,0.51801,0,0,0,-5.81963e-06,0,0,0
1765976264880766,0,-0.384099,4.28139,0,0.855375,0,0,0.51801,-0.384099,4.28139,0,0.855375,0,0,0.51801,0,0,0,-5.81963e-06,0,0,0
1765976264890609,0,-0.384099,4.28139,0,0.855375,0,0,0.51801,-0.384099,4.28139,0,0.855375,0,0,0.51801,0,0,0,0,0,0,0
1765976264890609,0,-0.384099,4.28139,0,0.855375,0,0,0.51801,-0.384099,4.28139,0,0.855375,0,0,0.51801,0,0,0,0,0,0,0
1765976264900672,0,-0.384099,4.28139,0,0.855375,0,0,0.51801,-0.384099,4.28139,0,0.855375,0,0,0.51801,0,0,0,-5.92315e-06,0,0,0
1765976264900672,0,-0.384099,4.28139,0,0.855375,0,0,0.51801,-0.384099,4.28139,0,0.855375,0,0,0.51801,0,0,0,-5.92315e-06,0,0,0
1765976264910670,0,-0.384099,4.28139,0,0.855375,0,0,0.51801,-0.384099,4.28139,0,0.855375,0,0,0.51801,0,0,0,0,0,0,0
1765976264910670,0,-0.384099,4.28139,0,0.855375,0,0,0.51801,-0.384099,4.28139,0,0.855375,0,0,0.51801,0,0,0,0,0,0,0
1765976264920710,0,-0.384099,4.28139,0,0.855375,0,0,0.51801,-0.384099,4.28139,0,0.855375,0,0,0.51801,0,0,0,0,0,0,0
1765976264920710,0,-0.384099,4.28139,0,0.855375,0,0,0.51801,-0.384099,4.28139,0,0.855375,0,0,0.51801,0,0,0,0,0,0,0
1765976264930827,0,-0.384099,4.28139,0,0.855375,0,0,0.51801,-0.384099,4.28139,0,0.855375,0,0,0.51801,0,0,0,0,0,0,0
1765976264930827,0,-0.384099,4.28139,0,0.855375,0,0,0.51801,-0.384099,4.28139,0,0.855375,0,0,0.51801,0,0,0,0,0,0,0
1765976264940593,0,-0.384099,4.28139,0,0.855375,0,0,0.51801,-0.384099,4.28139,0,0.855375,0,0,0.51801,0,0,0,0,0,0,0
1765976264940593,0,-0.384099,4.28139,0,0.855375,0,0,0.51801,-0.384099,4.28139,0,0.855375,0,0,0.51801,0,0,0,0,0,0,0
1765976264950612,0,-0.384099,4.28139,0,0.855375,0,0,0.51801,-0.384099,4.28139,0,0.855375,0,0,0.51801,0,0,0,0,0,0,0
1765976264950612,0,-0.384099,4.28139,0,0.855375,0,0,0.51801,-0.384099,4.28139,0,0.855375,0,0,0.51801,0,0,0,0,0,0,0
1765976264960656,0,-0.384099,4.28139,0,0.855375,0,0,0.51801,-0.384099,4.28139,0,0.855375,0,0,0.51801,0,0,0,5.93435e-06,0,0,0
1765976264960656,0,-0.384099,4.28139,0,0.855375,0,0,0.51801,-0.384099,4.28139,0,0.855375,0,0,0.51801,0,0,0,5.93435e-06,0,0,0
1765976264970566,0,-0.384099,4.28139,0,0.855375,0,0,0.51801,-0.384099,4.28139,0,0.855375,0,0,0.51801,-3.0073e-06,0,0,0,0,0,0
1765976264970566,0,-0.384099,4.28139,0,0.855375,0,0,0.51801,-0.384099,4.28139,0,0.855375,0,0,0.51801,-3.0073e-06,0,0,0,0,0,0
1765976264980719,0,-0.384099,4.28139,0,0.855375,0,0,0.51801,-0.384099,4.28139,0,0.855375,0,0,0.51801,0,0,0,0,0,0,0
1765976264980719,0,-0.384099,4.28139,0,0.855375,0,0,0.51801,-0.384099,4.28139,0,0.855375,0,0,0.51801,0,0,0,0,0,0,0
1765976264990619,0,-0.384099,4.28139,0,0.855375,0,0,0.51801,-0.384099,4.28139,0,0.855375,0,0,0.51801,0,0,0,6.02067e-06,0,0,0
1765976264990619,0,-0.384099,4.28139,0,0.855375,0,0,0.51801,-0.384099,4.28139,0,0.855375,0,0,0.51801,0,0,0,6.02067e-06,0,0,0
1765976265000620,0,-0.384099,4.28139,0,0.855375,0,0,0.51801,-0.384099,4.28139,0,0.855375,0,0,0.51801,0,0,0,0,0,0,0
1765976265000620,0,-0.384099,4.28139,0,0.855375,0,0,0.51801,-0.384099,4.28139,0,0.855375,0,0,0.51801,0,0,0,0,0,0,0
1765976265010809,0,-0.384099,4.28139,0,0.855375,0,0,0.51801,-0.384099,4.28139,0,0.855375,0,0,0.51801,0,0,0,0,0,0,0
1765976265010809,0,-0.384099,4.28139,0,0.855375,0,0,0.51801,-0.384099,4.28139,0,0.855375,0,0,0.51801,0,0,0,0,0,0,0
1765976265020549,0,-0.384099,4.28139,0,0.855375,0,0,0.51801,-0.384099,4.28139,0,0.855375,0,0,0.51801,0,0,0,0,0,0,0
1765976265020549,0,-0.384099,4.28139,0,0.855375,0,0,0.51801,-0.384099,4.28139,0,0.855375,0,0,0.51801,0,0,0,0,0,0,0
1765976265030619,0,-0.384099,4.28139,0,0.855375,0,0,0.51801,-0.384099,4.28139,0,0.855375,0,0,0.51801,0,0,0,0,0,0,5.91903e-06
1765976265030619,0,-0.384099,4.28139,0,0.855375,0,0,0.51801,-0.384099,4.28139,0,0.855375,0,0,0.51801,0,0,0,0,0,0,5.91903e-06
1765976265040610,0,-0.384099,4.28139,0,0.855375,0,0,0.51801,-0.384099,4.28139,0,0.855375,0,0,0.51801,2.98292e-06,0,0,0,0,0,0
1765976265040610,0,-0.384099,4.28139,0,0.855375,0,0,0.51801,-0.384099,4.28139,0,0.855375,0,0,0.51801,2.98292e-06,0,0,0,0,0,0
1765976265050611,0,-0.384099,4.28139,0,0.855375,0,0,0.51801,-0.384099,4.28139,0,0.855375,0,0,0.51801,0,0,0,0,0,0,0
1765976265050611,0,-0.384099,4.28139,0,0.855375,0,0,0.51801,-0.384099,4.28139,0,0.855375,0,0,0.51801,0,0,0,0,0,0,0
1765976265060635,0,-0.384099,4.28139,0,0.855375,0,0,0.51801,-0.384099,4.28139,0,0.855375,0,0,0.51801,0,0,0,0,0,0,0
1765976265060635,0,-0.384099,4.28139,0,0.855375,0,0,0.51801,-0.384099,4.28139,0,0.855375,0,0,0.51801,0,0,0,0,0,0,0
1765976265070596,0,-0.384099,4.28139,0,0.855375,0,0,0.51801,-0.384099,4.28139,0,0.855375,0,0,0.51801,0,0,0,0,0,0,0
1765976265070596,0,-0.384099,4.28139,0,0.855375,0,0,0.51801,-0.384099,4.28139,0,0.855375,0,0,0.51801,0,0,0,0,0,0,0
1765976265080640,0,-0.384099,4.28139,0,0.855375,0,0,0.51801,-0.384099,4.28139,0,0.855375,0,0,0.51801,0,0,0,0,0,0,0
1765976265080640,0,-0.384099,4.28139,0,0.855375,0,0,0.51801,-0.384099,4.28139,0,0.855375,0,0,0.51801,0,0,0,0,0,0,0
1765976265090625,0,-0.384099,4.28139,0,0.855375,0,0,0.51801,-0.384099,4.28139,0,0.855375,0,0,0.51801,0,0,0,0,0,0,0
1765976265090625,0,-0.384099,4.28139,0,0.855375,0,0,0.51801,-0.384099,4.28139,0,0.855375,0,0,0.51801,0,0,0,0,0,0,0
1765976265100636,0,-0.384099,4.28139,0,0.855375,0,0,0.51801,-0.384099,4.28139,0,0.855375,0,0,0.51801,-2.97696e-06,0,0,-5.95392e-06,0,0,0
1765976265100636,0,-0.384099,4.28139,0,0.855375,0,0,0.51801,-0.384099,4.28139,0,0.855375,0,0,0.51801,-2.97696e-06,0,0,-5.95392e-06,0,0,0
1765976265110695,0,-0.384099,4.28139,0,0.855375,0,0,0.51801,-0.384099,4.28139,0,0.855375,0,0,0.51801,0,0,0,0,0,0,0
1765976265110695,0,-0.384099,4.28139,0,0.855375,0,0,0.51801,-0.384099,4.28139,0,0.855375,0,0,0.51801,0,0,0,0,0,0,0
1765976265120597,0,-0.384099,4.28139,0,0.855375,0,0,0.51801,-0.384099,4.28139,0,0.855375,0,0,0.51801,0,0,0,6.01945e-06,0,0,0
1765976265120597,0,-0.384099,4.28139,0,0.855375,0,0,0.51801,-0.384099,4.28139,0,0.855375,0,0,0.51801,0,0,0,6.01945e-06,0,0,0
1765976265130718,0,-0.384099,4.28139,0,0.855375,0,0,0.51801,-0.384099,4.28139,0,0.855375,0,0,0.51801,2.9446e-06,0,0,0,0,0,0
1765976265130718,0,-0.384099,4.28139,0,0.855375,0,0,0.51801,-0.384099,4.28139,0,0.855375,0,0,0.51801,2.9446e-06,0,0,0,0,0,0
1765976265140654,0,-0.384099,4.28139,0,0.855375,0,0,0.51801,-0.384099,4.28139,0,0.855375,0,0,0.51801,0,0,0,-5.99886e-06,0,0,0
1765976265140654,0,-0.384099,4.28139,0,0.855375,0,0,0.51801,-0.384099,4.28139,0,0.855375,0,0,0.51801,0,0,0,-5.99886e-06,0,0,0
1765976265150530,0,-0.384099,4.28139,0,0.855375,0,0,0.51801,-0.384099,4.28139,0,0.855375,0,0,0.51801,0,0,0,0,0,0,0
1765976265150530,0,-0.384099,4.28139,0,0.855375,0,0,0.51801,-0.384099,4.28139,0,0.855375,0,0,0.51801,0,0,0,0,0,0,0
1765976265160617,0,-0.384099,4.28139,0,0.855375,0,0,0.51801,-0.384099,4.28139,0,0.855375,0,0,0.51801,0,0,0,0,0,0,0
1765976265160617,0,-0.384099,4.28139,0,0.855375,0,0,0.51801,-0.384099,4.28139,0,0.855375,0,0,0.51801,0,0,0,0,0,0,0
1765976265170574,0,-0.384099,4.28139,0,0.855375,0,0,0.51801,-0.384099,4.28139,0,0.855375,0,0,0.51801,0,0,0,5.98621e-06,0,0,0
1765976265170574,0,-0.384099,4.28139,0,0.855375,0,0,0.51801,-0.384099,4.28139,0,0.855375,0,0,0.51801,0,0,0,5.98621e-06,0,0,0
1765976265180600,0,-0.384099,4.28139,0,0.855375,0,0,0.51801,-0.384099,4.28139,0,0.855375,0,0,0.51801,0,0,0,0,0,0,0
1765976265180600,0,-0.384099,4.28139,0,0.855375,0,0,0.51801,-0.384099,4.28139,0,0.855375,0,0,0.51801,0,0,0,0,0,0,0
1765976265190699,0,-0.384099,4.28139,0,0.855375,0,0,0.51801,-0.384099,4.28139,0,0.855375,0,0,0.51801,0,0,0,0,0,0,0
1765976265190699,0,-0.384099,4.28139,0,0.855375,0,0,0.51801,-0.384099,4.28139,0,0.855375,0,0,0.51801,0,0,0,0,0,0,0
1765976265200766,0,-0.384099,4.28139,0,0.855375,0,0,0.51801,-0.384099,4.28139,0,0.855375,0,0,0.51801,0,0,0,0,0,0,0
1765976265200766,0,-0.384099,4.28139,0,0.855375,0,0,0.51801,-0.384099,4.28139,0,0.855375,0,0,0.51801,0,0,0,0,0,0,0
1765976265210792,0,-0.384099,4.28139,0,0.855375,0,0,0.51801,-0.384099,4.28139,0,0.855375,0,0,0.51801,0,0,0,0,0,0,0
1765976265210792,0,-0.384099,4.28139,0,0.855375,0,0,0.51801,-0.384099,4.28139,0,0.855375,0,0,0.51801,0,0,0,0,0,0,0
1765976265220567,0,-0.384099,4.28139,0,0.855375,0,0,0.51801,-0.384099,4.28139,0,0.855375,0,0,0.51801,0,0,0,6.09766e-06,0,0,0
1765976265220567,0,-0.384099,4.28139,0,0.855375,0,0,0.51801,-0.384099,4.28139,0,0.855375,0,0,0.51801,0,0,0,6.09766e-06,0,0,0
1765976265230786,0,-0.384099,4.28139,0,0.855375,0,0,0.51801,-0.384099,4.28139,0,0.855375,0,0,0.51801,0,0,0,0,0,0,0
1765976265230786,0,-0.384099,4.28139,0,0.855375,0,0,0.51801,-0.384099,4.28139,0,0.855375,0,0,0.51801,0,0,0,0,0,0,0
1765976265240719,0,-0.384099,4.28139,0,0.855375,0,0,0.51801,-0.384099,4.28139,0,0.855375,0,0,0.51801,0,0,0,-6.00067e-06,0,0,0
1765976265240719,0,-0.384099,4.28139,0,0.855375,0,0,0.51801,-0.384099,4.28139,0,0.855375,0,0,0.51801,0,0,0,-6.00067e-06,0,0,0
1765976265250694,0,-0.384099,4.28139,0,0.855375,0,0,0.51801,-0.384099,4.28139,0,0.855375,0,0,0.51801,0,0,0,0,0,0,0
1765976265250694,0,-0.384099,4.28139,0,0.855375,0,0,0.51801,-0.384099,4.28139,0,0.855375,0,0,0.51801,0,0,0,0,0,0,0
1765976265260810,0,-0.384099,4.28139,0,0.855375,0,0,0.51801,-0.384099,4.28139,0,0.855375,0,0,0.51801,0,0,0,0,0,0,0
1765976265260810,0,-0.384099,4.28139,0,0.855375,0,0,0.51801,-0.384099,4.28139,0,0.855375,0,0,0.51801,0,0,0,0,0,0,0
1765976265270706,0,-0.384099,4.28139,0,0.855375,0,0,0.51801,-0.384099,4.28139,0,0.855375,0,0,0.51801,0,0,0,-6.02311e-06,0,0,0
1765976265270706,0,-0.384099,4.28139,0,0.855375,0,0,0.51801,-0.384099,4.28139,0,0.855375,0,0,0.51801,0,0,0,-6.02311e-06,0,0,0
1765976265280686,0,-0.384099,4.28139,0,0.855375,0,0,0.51801,-0.384099,4.28139,0,0.855375,0,0,0.51801,-2.9862e-06,0,0,0,0,0,0
1765976265280686,0,-0.384099,4.28139,0,0.855375,0,0,0.51801,-0.384099,4.28139,0,0.855375,0,0,0.51801,-2.9862e-06,0,0,0,0,0,0
1765976265290553,0,-0.384099,4.28139,0,0.855375,0,0,0.51801,-0.384099,4.28139,0,0.855375,0,0,0.51801,0,0,0,0,0,0,0
1765976265290553,0,-0.384099,4.28139,0,0.855375,0,0,0.51801,-0.384099,4.28139,0,0.855375,0,0,0.51801,0,0,0,0,0,0,0
1765976265300527,0,-0.384099,4.28139,0,0.855375,0,0,0.51801,-0.384099,4.28139,0,0.855375,0,0,0.51801,2.988e-06,0,0,0,0,0,0
1765976265300527,0,-0.384099,4.28139,0,0.855375,0,0,0.51801,-0.384099,4.28139,0,0.855375,0,0,0.51801,2.988e-06,0,0,0,0,0,0
1765976265310646,0,-0.384099,4.28139,0,0.855375,0,0,0.51801,-0.384099,4.28139,0,0.855375,0,0,0.51801,0,0,0,0,0,0,0
1765976265310646,0,-0.384099,4.28139,0,0.855375,0,0,0.51801,-0.384099,4.28139,0,0.855375,0,0,0.51801,0,0,0,0,0,0,0
1765976265320458,0,-0.384099,4.28139,0,0.855375,0,0,0.51801,-0.384099,4.28139,0,0.855375,0,0,0.51801,0,0,0,0,0,0,0
1765976265320458,0,-0.384099,4.28139,0,0.855375,0,0,0.51801,-0.384099,4.28139,0,0.855375,0,0,0.51801,0,0,0,0,0,0,0
1765976265330639,0,-0.384099,4.28139,0,0.855375,0,0,0.51801,-0.384099,4.28139,0,0.855375,0,0,0.51801,-2.92725e-06,0,0,0,0,0,0
1765976265330639,0,-0.384099,4.28139,0,0.855375,0,0,0.51801,-0.384099,4.28139,0,0.855375,0,0,0.51801,-2.92725e-06,0,0,0,0,0,0
1765976265340540,0,-0.384099,4.28139,0,0.855375,0,0,0.51801,-0.384099,4.28139,0,0.855375,0,0,0.51801,0,0,0,0,0,0,0
1765976265340540,0,-0.384099,4.28139,0,0.855375,0,0,0.51801,-0.384099,4.28139,0,0.855375,0,0,0.51801,0,0,0,0,0,0,0
1765976265350443,0,-0.384099,4.28139,0,0.855375,0,0,0.51801,-0.384099,4.28139,0,0.855375,0,0,0.51801,0,0,0,0,0,0,0
1765976265350443,0,-0.384099,4.28139,0,0.855375,0,0,0.51801,-0.384099,4.28139,0,0.855375,0,0,0.51801,0,0,0,0,0,0,0
1765976265360490,0,-0.384099,4.28139,0,0.855375,0,0,0.51801,-0.384099,4.28139,0,0.855375,0,0,0.51801,0,0,0,0,0,0,0
1765976265360490,0,-0.384099,4.28139,0,0.855375,0,0,0.51801,-0.384099,4.28139,0,0.855375,0,0,0.51801,0,0,0,0,0,0,0
1765976265370463,0,-0.384099,4.28139,0,0.855375,0,0,0.51801,-0.384099,4.28139,0,0.855375,0,0,0.51801,0,0,0,0,0,0,0
1765976265370463,0,-0.384099,4.28139,0,0.855375,0,0,0.51801,-0.384099,4.28139,0,0.855375,0,0,0.51801,0,0,0,0,0,0,0
1765976265380508,0,-0.384099,4.28139,0,0.855375,0,0,0.51801,-0.384099,4.28139,0,0.855375,0,0,0.51801,0,0,0,5.93376e-06,0,0,0
1765976265380508,0,-0.384099,4.28139,0,0.855375,0,0,0.51801,-0.384099,4.28139,0,0.855375,0,0,0.51801,0,0,0,5.93376e-06,0,0,0
1765976265390471,0,-0.384099,4.28139,0,0.855375,0,0,0.51801,-0.384099,4.28139,0,0.855375,0,0,0.51801,-2.9913e-06,0,0,0,0,0,5.9826e-06
1765976265390471,0,-0.384099,4.28139,0,0.855375,0,0,0.51801,-0.384099,4.28139,0,0.855375,0,0,0.51801,-2.9913e-06,0,0,0,0,0,5.9826e-06
1765976265400479,0,-0.384099,4.28139,0,0.855375,0,0,0.51801,-0.384099,4.28139,0,0.855375,0,0,0.51801,0,0,0,0,0,0,0
1765976265400479,0,-0.384099,4.28139,0,0.855375,0,0,0.51801,-0.384099,4.28139,0,0.855375,0,0,0.51801,0,0,0,0,0,0,0
1765976265410593,0,-0.384099,4.28139,0,0.855375,0,0,0.51801,-0.384099,4.28139,0,0.855375,0,0,0.51801,0,0,0,0,0,0,0
1765976265410593,0,-0.384099,4.28139,0,0.855375,0,0,0.51801,-0.384099,4.28139,0,0.855375,0,0,0.51801,0,0,0,0,0,0,0
1765976265420586,0,-0.384099,4.28139,0,0.855375,0,0,0.51801,-0.384099,4.28139,0,0.855375,0,0,0.51801,0,0,0,0,0,0,0
1765976265420586,0,-0.384099,4.28139,0,0.855375,0,0,0.51801,-0.384099,4.28139,0,0.855375,0,0,0.51801,0,0,0,0,0,0,0
1765976265430651,0,-0.384099,4.28139,0,0.855375,0,0,0.51801,-0.384099,4.28139,0,0.855375,0,0,0.51801,2.96099e-06,0,0,0,0,0,-5.92197e-06
1765976265430651,0,-0.384099,4.28139,0,0.855375,0,0,0.51801,-0.384099,4.28139,0,0.855375,0,0,0.51801,2.96099e-06,0,0,0,0,0,-5.92197e-06
1765976265440558,0,-0.384099,4.28139,0,0.855375,0,0,0.51801,-0.384099,4.28139,0,0.855375,0,0,0.51801,0,0,0,0,0,0,0
1765976265440558,0,-0.384099,4.28139,0,0.855375,0,0,0.51801,-0.384099,4.28139,0,0.855375,0,0,0.51801,0,0,0,0,0,0,0
1765976265450516,0,-0.384099,4.28139,0,0.855375,0,0,0.51801,-0.384099,4.28139,0,0.855375,0,0,0.51801,0,0,0,-5.9856e-06,0,0,0
1765976265450516,0,-0.384099,4.28139,0,0.855375,0,0,0.51801,-0.384099,4.28139,0,0.855375,0,0,0.51801,0,0,0,-5.9856e-06,0,0,0
1765976265460490,0,-0.384099,4.28139,0,0.855375,0,0,0.51801,-0.384099,4.28139,0,0.855375,0,0,0.51801,2.988e-06,0,0,0,0,0,0
1765976265460490,0,-0.384099,4.28139,0,0.855375,0,0,0.51801,-0.384099,4.28139,0,0.855375,0,0,0.51801,2.988e-06,0,0,0,0,0,0
1765976265470539,0,-0.384099,4.28139,0,0.855375,0,0,0.51801,-0.384099,4.28139,0,0.855375,0,0,0.51801,0,0,0,5.9314e-06,0,0,0
1765976265470539,0,-0.384099,4.28139,0,0.855375,0,0,0.51801,-0.384099,4.28139,0,0.855375,0,0,0.51801,0,0,0,5.9314e-06,0,0,0
1765976265480603,0,-0.384099,4.28139,0,0.855375,0,0,0.51801,-0.384099,4.28139,0,0.855375,0,0,0.51801,0,0,0,-5.92256e-06,0,0,0
1765976265480603,0,-0.384099,4.28139,0,0.855375,0,0,0.51801,-0.384099,4.28139,0,0.855375,0,0,0.51801,0,0,0,-5.92256e-06,0,0,0
1765976265490612,0,-0.384099,4.28139,0,0.855375,0,0,0.51801,-0.384099,4.28139,0,0.855375,0,0,0.51801,0,0,0,0,0,0,0
1765976265490612,0,-0.384099,4.28139,0,0.855375,0,0,0.51801,-0.384099,4.28139,0,0.855375,0,0,0.51801,0,0,0,0,0,0,0
1765976265500593,0,-0.384099,4.28139,0,0.855375,0,0,0.51801,-0.384099,4.28139,0,0.855375,0,0,0.51801,0,0,0,0,0,0,0
1765976265500593,0,-0.384099,4.28139,0,0.855375,0,0,0.51801,-0.384099,4.28139,0,0.855375,0,0,0.51801,0,0,0,0,0,0,0
1765976265510671,0,-0.384099,4.28139,0,0.855375,0,0,0.51801,-0.384099,4.28139,0,0.855375,0,0,0.51801,0,0,0,0,0,0,0
1765976265510671,0,-0.384099,4.28139,0,0.855375,0,0,0.51801,-0.384099,4.28139,0,0.855375,0,0,0.51801,0,0,0,0,0,0,0
1765976265520619,0,-0.384099,4.28139,0,0.855375,0,0,0.51801,-0.384099,4.28139,0,0.855375,0,0,0.51801,0,0,0,0,0,0,0
1765976265520619,0,-0.384099,4.28139,0,0.855375,0,0,0.51801,-0.384099,4.28139,0,0.855375,0,0,0.51801,0,0,0,0,0,0,0
1765976265530847,0,-0.384099,4.28139,0,0.855375,0,0,0.51801,-0.384099,4.28139,0,0.855375,0,0,0.51801,0,0,0,0,0,0,0
1765976265530847,0,-0.384099,4.28139,0,0.855375,0,0,0.51801,-0.384099,4.28139,0,0.855375,0,0,0.51801,0,0,0,0,0,0,0
1765976265540631,0,-0.384099,4.28139,0,0.855375,0,0,0.51801,-0.384099,4.28139,0,0.855375,0,0,0.51801,0,0,0,-6.09205e-06,0,0,0
1765976265540631,0,-0.384099,4.28139,0,0.855375,0,0,0.51801,-0.384099,4.28139,0,0.855375,0,0,0.51801,0,0,0,-6.09205e-06,0,0,0
1765976265550589,0,-0.384099,4.28139,0,0.855375,0,0,0.51801,-0.384099,4.28139,0,0.855375,0,0,0.51801,-2.9928e-06,0,0,0,0,0,0
1765976265550589,0,-0.384099,4.28139,0,0.855375,0,0,0.51801,-0.384099,4.28139,0,0.855375,0,0,0.51801,-2.9928e-06,0,0,0,0,0,0
1765976265560642,0,-0.384099,4.28139,0,0.855375,0,0,0.51801,-0.384099,4.28139,0,0.855375,0,0,0.51801,0,0,0,5.92904e-06,0,0,0
1765976265560642,0,-0.384099,4.28139,0,0.855375,0,0,0.51801,-0.384099,4.28139,0,0.855375,0,0,0.51801,0,0,0,5.92904e-06,0,0,0
1765976265570598,0,-0.384099,4.28139,0,0.855375,0,0,0.51801,-0.384099,4.28139,0,0.855375,0,0,0.51801,0,0,0,-5.98681e-06,0,0,0
1765976265570598,0,-0.384099,4.28139,0,0.855375,0,0,0.51801,-0.384099,4.28139,0,0.855375,0,0,0.51801,0,0,0,-5.98681e-06,0,0,0
1765976265580688,0,-0.384099,4.28139,0,0.855375,0,0,0.51801,-0.384099,4.28139,0,0.855375,0,0,0.51801,2.95365e-06,0,0,5.9073e-06,0,0,0
1765976265580688,0,-0.384099,4.28139,0,0.855375,0,0,0.51801,-0.384099,4.28139,0,0.855375,0,0,0.51801,2.95365e-06,0,0,5.9073e-06,0,0,0
1765976265590617,0,-0.384099,4.28139,0,0.855375,0,0,0.51801,-0.384099,4.28139,0,0.855375,0,0,0.51801,0,0,0,0,0,0,0
1765976265590617,0,-0.384099,4.28139,0,0.855375,0,0,0.51801,-0.384099,4.28139,0,0.855375,0,0,0.51801,0,0,0,0,0,0,0
1765976265600515,0,-0.384099,4.28139,0,0.855375,0,0,0.51801,-0.384099,4.28139,0,0.855375,0,0,0.51801,0,0,0,6.02189e-06,0,0,0
1765976265600515,0,-0.384099,4.28139,0,0.855375,0,0,0.51801,-0.384099,4.28139,0,0.855375,0,0,0.51801,0,0,0,6.02189e-06,0,0,0
1765976265610665,0,-0.384099,4.28139,0,0.855375,0,0,0.51801,-0.384099,4.28139,0,0.855375,0,0,0.51801,0,0,0,0,0,0,0
1765976265610665,0,-0.384099,4.28139,0,0.855375,0,0,0.51801,-0.384099,4.28139,0,0.855375,0,0,0.51801,0,0,0,0,0,0,0
1765976265620589,0,-0.384099,4.28139,0,0.855375,0,0,0.51801,-0.384099,4.28139,0,0.855375,0,0,0.51801,0,0,0,0,0,0,0
1765976265620589,0,-0.384099,4.28139,0,0.855375,0,0,0.51801,-0.384099,4.28139,0,0.855375,0,0,0.51801,0,0,0,0,0,0,0
1765976265630594,0,-0.384099,4.28139,0,0.855375,0,0,0.51801,-0.384099,4.28139,0,0.855375,0,0,0.51801,0,0,0,-5.95749e-06,0,0,0
1765976265630594,0,-0.384099,4.28139,0,0.855375,0,0,0.51801,-0.384099,4.28139,0,0.855375,0,0,0.51801,0,0,0,-5.95749e-06,0,0,0
1765976265640493,0,-0.384099,4.28139,0,0.855375,0,0,0.51801,-0.384099,4.28139,0,0.855375,0,0,0.51801,0,0,0,6.02128e-06,0,0,0
1765976265640493,0,-0.384099,4.28139,0,0.855375,0,0,0.51801,-0.384099,4.28139,0,0.855375,0,0,0.51801,0,0,0,6.02128e-06,0,0,0
1765976265650606,0,-0.384099,4.28139,0,0.855375,0,0,0.51801,-0.384099,4.28139,0,0.855375,0,0,0.51801,0,0,0,0,0,0,0
1765976265650606,0,-0.384099,4.28139,0,0.855375,0,0,0.51801,-0.384099,4.28139,0,0.855375,0,0,0.51801,0,0,0,0,0,0,0
1765976265660539,0,-0.384099,4.28139,0,0.855375,0,0,0.51801,-0.384099,4.28139,0,0.855375,0,0,0.51801,0,0,0,0,0,0,0
1765976265660539,0,-0.384099,4.28139,0,0.855375,0,0,0.51801,-0.384099,4.28139,0,0.855375,0,0,0.51801,0,0,0,0,0,0,0
1765976265670607,0,-0.384099,4.28139,0,0.855375,0,0,0.51801,-0.384099,4.28139,0,0.855375,0,0,0.51801,2.9601e-06,0,0,0,0,0,0
1765976265670607,0,-0.384099,4.28139,0,0.855375,0,0,0.51801,-0.384099,4.28139,0,0.855375,0,0,0.51801,2.9601e-06,0,0,0,0,0,0
1765976265680687,0,-0.384099,4.28139,0,0.855375,0,0,0.51801,-0.384099,4.28139,0,0.855375,0,0,0.51801,0,0,0,0,0,0,0
1765976265680687,0,-0.384099,4.28139,0,0.855375,0,0,0.51801,-0.384099,4.28139,0,0.855375,0,0,0.51801,0,0,0,0,0,0,0
1765976265690648,0,-0.384099,4.28139,0,0.855375,0,0,0.51801,-0.384099,4.28139,0,0.855375,0,0,0.51801,0,0,0,0,0,0,0
1765976265690648,0,-0.384099,4.28139,0,0.855375,0,0,0.51801,-0.384099,4.28139,0,0.855375,0,0,0.51801,0,0,0,0,0,0,0
1765976265700646,0,-0.384099,4.28139,0,0.855375,0,0,0.51801,-0.384099,4.28139,0,0.855375,0,0,0.51801,0,0,0,0,0,0,0
1765976265700646,0,-0.384099,4.28139,0,0.855375,0,0,0.51801,-0.384099,4.28139,0,0.855375,0,0,0.51801,0,0,0,0,0,0,0
1765976265710711,0,-0.384099,4.28139,0,0.855375,0,0,0.51801,-0.384099,4.28139,0,0.855375,0,0,0.51801,0,0,0,-5.92197e-06,0,0,0
1765976265710711,0,-0.384099,4.28139,0,0.855375,0,0,0.51801,-0.384099,4.28139,0,0.855375,0,0,0.51801,0,0,0,-5.92197e-06,0,0,0
1765976265720641,0,-0.384099,4.28139,0,0.855375,0,0,0.51801,-0.384099,4.28139,0,0.855375,0,0,0.51801,0,0,0,-6.00248e-06,0,0,0
1765976265720641,0,-0.384099,4.28139,0,0.855375,0,0,0.51801,-0.384099,4.28139,0,0.855375,0,0,0.51801,0,0,0,-6.00248e-06,0,0,0
1765976265730754,0,-0.384099,4.28139,0,0.855375,0,0,0.51801,-0.384099,4.28139,0,0.855375,0,0,0.51801,0,0,0,0,0,0,0
1765976265730754,0,-0.384099,4.28139,0,0.855375,0,0,0.51801,-0.384099,4.28139,0,0.855375,0,0,0.51801,0,0,0,0,0,0,0
1765976265740626,0,-0.384099,4.28139,0,0.855375,0,0,0.51801,-0.384099,4.28139,0,0.855375,0,0,0.51801,-3.01887e-06,0,0,0,0,0,0
1765976265740626,0,-0.384099,4.28139,0,0.855375,0,0,0.51801,-0.384099,4.28139,0,0.855375,0,0,0.51801,-3.01887e-06,0,0,0,0,0,0
1765976265750552,0,-0.384099,4.28139,0,0.855375,0,0,0.51801,-0.384099,4.28139,0,0.855375,0,0,0.51801,0,0,0,0,0,0,0
1765976265750552,0,-0.384099,4.28139,0,0.855375,0,0,0.51801,-0.384099,4.28139,0,0.855375,0,0,0.51801,0,0,0,0,0,0,0
1765976265760726,0,-0.384099,4.28139,0,0.855375,0,0,0.51801,-0.384099,4.28139,0,0.855375,0,0,0.51801,-2.92926e-06,0,0,0,0,0,0
1765976265760726,0,-0.384099,4.28139,0,0.855375,0,0,0.51801,-0.384099,4.28139,0,0.855375,0,0,0.51801,-2.92926e-06,0,0,0,0,0,0
1765976265770594,0,-0.384099,4.28139,0,0.855375,0,0,0.51801,-0.384099,4.28139,0,0.855375,0,0,0.51801,0,0,0,-6.0402e-06,0,0,0
1765976265770594,0,-0.384099,4.28139,0,0.855375,0,0,0.51801,-0.384099,4.28139,0,0.855375,0,0,0.51801,0,0,0,-6.0402e-06,0,0,0
1765976265780522,0,-0.384099,4.28139,0,0.855375,0,0,0.51801,-0.384099,4.28139,0,0.855375,0,0,0.51801,3.00185e-06,0,0,6.00369e-06,0,0,0
1765976265780522,0,-0.384099,4.28139,0,0.855375,0,0,0.51801,-0.384099,4.28139,0,0.855375,0,0,0.51801,3.00185e-06,0,0,6.00369e-06,0,0,0
1765976265790540,0,-0.384099,4.28139,0,0.855375,0,0,0.51801,-0.384099,4.28139,0,0.855375,0,0,0.51801,0,0,0,0,0,0,0
1765976265790540,0,-0.384099,4.28139,0,0.855375,0,0,0.51801,-0.384099,4.28139,0,0.855375,0,0,0.51801,0,0,0,0,0,0,0
1765976265800615,0,-0.384099,4.28139,0,0.855375,0,0,0.51801,-0.384099,4.28139,0,0.855375,0,0,0.51801,0,0,0,0,0,0,0
1765976265800615,0,-0.384099,4.28139,0,0.855375,0,0,0.51801,-0.384099,4.28139,0,0.855375,0,0,0.51801,0,0,0,0,0,0,0
1765976265810731,0,-0.384099,4.28139,0,0.855375,0,0,0.51801,-0.384099,4.28139,0,0.855375,0,0,0.51801,0,0,0,0,0,0,0
1765976265810731,0,-0.384099,4.28139,0,0.855375,0,0,0.51801,-0.384099,4.28139,0,0.855375,0,0,0.51801,0,0,0,0,0,0,0
1765976265820587,0,-0.384099,4.28139,0,0.855375,0,0,0.51801,-0.384099,4.28139,0,0.855375,0,0,0.51801,0,0,0,0,0,0,0
1765976265820587,0,-0.384099,4.28139,0,0.855375,0,0,0.51801,-0.384099,4.28139,0,0.855375,0,0,0.51801,0,0,0,0,0,0,0
1765976265830711,0,-0.384099,4.28139,0,0.855375,0,0,0.51801,-0.384099,4.28139,0,0.855375,0,0,0.51801,0,0,0,0,0,0,0
1765976265830711,0,-0.384099,4.28139,0,0.855375,0,0,0.51801,-0.384099,4.28139,0,0.855375,0,0,0.51801,0,0,0,0,0,0,0
1765976265840627,0,-0.384099,4.28139,0,0.855375,0,0,0.51801,-0.384099,4.28139,0,0.855375,0,0,0.51801,0,0,0,0,0,0,0
1765976265840627,0,-0.384099,4.28139,0,0.855375,0,0,0.51801,-0.384099,4.28139,0,0.855375,0,0,0.51801,0,0,0,0,0,0,0
1765976265850628,0,-0.384099,4.28139,0,0.855375,0,0,0.51801,-0.384099,4.28139,0,0.855375,0,0,0.51801,0,0,0,5.95987e-06,0,0,0
1765976265850628,0,-0.384099,4.28139,0,0.855375,0,0,0.51801,-0.384099,4.28139,0,0.855375,0,0,0.51801,0,0,0,5.95987e-06,0,0,0
1765976265860554,0,-0.384099,4.28139,0,0.855375,0,0,0.51801,-0.384099,4.28139,0,0.855375,0,0,0.51801,0,0,0,0,0,0,0
1765976265860554,0,-0.384099,4.28139,0,0.855375,0,0,0.51801,-0.384099,4.28139,0,0.855375,0,0,0.51801,0,0,0,0,0,0,0
1765976265870550,0,-0.384099,4.28139,0,0.855375,0,0,0.51801,-0.384099,4.28139,0,0.855375,0,0,0.51801,0,0,0,0,0,0,0
1765976265870550,0,-0.384099,4.28139,0,0.855375,0,0,0.51801,-0.384099,4.28139,0,0.855375,0,0,0.51801,0,0,0,0,0,0,0
1765976265880686,0,-0.384099,4.28139,0,0.855375,0,0,0.51801,-0.384099,4.28139,0,0.855375,0,0,0.51801,-2.94024e-06,0,0,0,0,0,0
1765976265880686,0,-0.384099,4.28139,0,0.855375,0,0,0.51801,-0.384099,4.28139,0,0.855375,0,0,0.51801,-2.94024e-06,0,0,0,0,0,0
1765976265890542,0,-0.384099,4.28139,0,0.855375,0,0,0.51801,-0.384099,4.28139,0,0.855375,0,0,0.51801,0,0,0,-6.04755e-06,0,0,0
1765976265890542,0,-0.384099,4.28139,0,0.855375,0,0,0.51801,-0.384099,4.28139,0,0.855375,0,0,0.51801,0,0,0,-6.04755e-06,0,0,0
1765976265900656,0,-0.384099,4.28139,0,0.855375,0,0,0.51801,-0.384099,4.28139,0,0.855375,0,0,0.51801,2.94664e-06,0,0,5.89328e-06,0,0,0
1765976265900656,0,-0.384099,4.28139,0,0.855375,0,0,0.51801,-0.384099,4.28139,0,0.855375,0,0,0.51801,2.94664e-06,0,0,5.89328e-06,0,0,0
1765976265910665,0,-0.384099,4.28139,0,0.855375,0,0,0.51801,-0.384099,4.28139,0,0.855375,0,0,0.51801,0,0,0,0,0,0,0
1765976265910665,0,-0.384099,4.28139,0,0.855375,0,0,0.51801,-0.384099,4.28139,0,0.855375,0,0,0.51801,0,0,0,0,0,0,0
1765976265920713,0,-0.384099,4.28139,0,0.855375,0,0,0.51801,-0.384099,4.28139,0,0.855375,0,0,0.51801,0,0,0,0,0,0,0
1765976265920713,0,-0.384099,4.28139,0,0.855375,0,0,0.51801,-0.384099,4.28139,0,0.855375,0,0,0.51801,0,0,0,0,0,0,0
1765976265930682,0,-0.384099,4.28139,0,0.855375,0,0,0.51801,-0.384099,4.28139,0,0.855375,0,0,0.51801,0,0,0,0,0,0,0
1765976265930682,0,-0.384099,4.28139,0,0.855375,0,0,0.51801,-0.384099,4.28139,0,0.855375,0,0,0.51801,0,0,0,0,0,0,0
1765976265940628,0,-0.384099,4.28139,0,0.855375,0,0,0.51801,-0.384099,4.28139,0,0.855375,0,0,0.51801,0,0,0,0,0,0,0
1765976265940628,0,-0.384099,4.28139,0,0.855375,0,0,0.51801,-0.384099,4.28139,0,0.855375,0,0,0.51801,0,0,0,0,0,0,0
1765976265950587,0,-0.384099,4.28139,0,0.855375,0,0,0.51801,-0.384099,4.28139,0,0.855375,0,0,0.51801,0,0,0,0,0,0,0
1765976265950587,0,-0.384099,4.28139,0,0.855375,0,0,0.51801,-0.384099,4.28139,0,0.855375,0,0,0.51801,0,0,0,0,0,0,0
1765976265960716,0,-0.384099,4.28139,0,0.855375,0,0,0.51801,-0.384099,4.28139,0,0.855375,0,0,0.51801,0,0,0,0,0,0,0
1765976265960716,0,-0.384099,4.28139,0,0.855375,0,0,0.51801,-0.384099,4.28139,0,0.855375,0,0,0.51801,0,0,0,0,0,0,0
1765976265970731,0,-0.384099,4.28139,0,0.855375,0,0,0.51801,-0.384099,4.28139,0,0.855375,0,0,0.51801,0,0,0,-5.95154e-06,0,0,0
1765976265970731,0,-0.384099,4.28139,0,0.855375,0,0,0.51801,-0.384099,4.28139,0,0.855375,0,0,0.51801,0,0,0,-5.95154e-06,0,0,0
1765976265980831,0,-0.384099,4.28139,0,0.855375,0,0,0.51801,-0.384099,4.28139,0,0.855375,0,0,0.51801,0,0,0,0,0,0,0
1765976265980831,0,-0.384099,4.28139,0,0.855375,0,0,0.51801,-0.384099,4.28139,0,0.855375,0,0,0.51801,0,0,0,0,0,0,0
1765976265990661,0,-0.384099,4.28139,0,0.855375,0,0,0.51801,-0.384099,4.28139,0,0.855375,0,0,0.51801,0,0,0,0,0,0,0
1765976265990661,0,-0.384099,4.28139,0,0.855375,0,0,0.51801,-0.384099,4.28139,0,0.855375,0,0,0.51801,0,0,0,0,0,0,0
1765976266000625,0,-0.384099,4.28139,0,0.855375,0,0,0.51801,-0.384099,4.28139,0,0.855375,0,0,0.51801,0,0,0,-5.982e-06,0,0,0
1765976266000625,0,-0.384099,4.28139,0,0.855375,0,0,0.51801,-0.384099,4.28139,0,0.855375,0,0,0.51801,0,0,0,-5.982e-06,0,0,0
1765976266010651,0,-0.384099,4.28139,0,0.855375,0,0,0.51801,-0.384099,4.28139,0,0.855375,0,0,0.51801,0,0,0,0,0,0,0
1765976266010651,0,-0.384099,4.28139,0,0.855375,0,0,0.51801,-0.384099,4.28139,0,0.855375,0,0,0.51801,0,0,0,0,0,0,0
1765976266020522,0,-0.384099,4.28139,0,0.855375,0,0,0.51801,-0.384099,4.28139,0,0.855375,0,0,0.51801,-3.01918e-06,0,0,6.03836e-06,0,0,0
1765976266020522,0,-0.384099,4.28139,0,0.855375,0,0,0.51801,-0.384099,4.28139,0,0.855375,0,0,0.51801,-3.01918e-06,0,0,6.03836e-06,0,0,0
1765976266030619,0,-0.384099,4.28139,0,0.855375,0,0,0.51801,-0.384099,4.28139,0,0.855375,0,0,0.51801,0,0,0,0,0,0,0
1765976266030619,0,-0.384099,4.28139,0,0.855375,0,0,0.51801,-0.384099,4.28139,0,0.855375,0,0,0.51801,0,0,0,0,0,0,0
1765976266040690,0,-0.384099,4.28139,0,0.855375,0,0,0.51801,-0.384099,4.28139,0,0.855375,0,0,0.51801,0,0,0,0,0,0,0
1765976266040690,0,-0.384099,4.28139,0,0.855375,0,0,0.51801,-0.384099,4.28139,0,0.855375,0,0,0.51801,0,0,0,0,0,0,0
1765976266050676,0,-0.384099,4.28139,0,0.855375,0,0,0.51801,-0.384099,4.28139,0,0.855375,0,0,0.51801,0,0,0,0,0,0,0
1765976266050676,0,-0.384099,4.28139,0,0.855375,0,0,0.51801,-0.384099,4.28139,0,0.855375,0,0,0.51801,0,0,0,0,0,0,0
1765976266060683,0,-0.384099,4.28139,0,0.855375,0,0,0.51801,-0.384099,4.28139,0,0.855375,0,0,0.51801,0,0,0,0,0,0,0
1765976266060683,0,-0.384099,4.28139,0,0.855375,0,0,0.51801,-0.384099,4.28139,0,0.855375,0,0,0.51801,0,0,0,0,0,0,0
1765976266070607,0,-0.384099,4.28139,0,0.855375,0,0,0.51801,-0.384099,4.28139,0,0.855375,0,0,0.51801,0,0,0,0,0,0,0
1765976266070607,0,-0.384099,4.28139,0,0.855375,0,0,0.51801,-0.384099,4.28139,0,0.855375,0,0,0.51801,0,0,0,0,0,0,0
1765976266080701,0,-0.384099,4.28139,0,0.855375,0,0,0.51801,-0.384099,4.28139,0,0.855375,0,0,0.51801,0,0,0,0,0,0,0
1765976266080701,0,-0.384099,4.28139,0,0.855375,0,0,0.51801,-0.384099,4.28139,0,0.855375,0,0,0.51801,0,0,0,0,0,0,0
1765976266090708,0,-0.384099,4.28139,0,0.855375,0,0,0.51801,-0.384099,4.28139,0,0.855375,0,0,0.51801,0,0,0,0,0,0,0
1765976266090708,0,-0.384099,4.28139,0,0.855375,0,0,0.51801,-0.384099,4.28139,0,0.855375,0,0,0.51801,0,0,0,0,0,0,0
1765976266100645,0,-0.384099,4.28139,0,0.855375,0,0,0.51801,-0.384099,4.28139,0,0.855375,0,0,0.51801,0,0,0,5.99825e-06,0,0,0
1765976266100645,0,-0.384099,4.28139,0,0.855375,0,0,0.51801,-0.384099,4.28139,0,0.855375,0,0,0.51801,0,0,0,5.99825e-06,0,0,0
1765976266110732,0,-0.384099,4.28139,0,0.855375,0,0,0.51801,-0.384099,4.28139,0,0.855375,0,0,0.51801,-2.95453e-06,0,0,-5.90906e-06,0,0,0
1765976266110732,0,-0.384099,4.28139,0,0.855375,0,0,0.51801,-0.384099,4.28139,0,0.855375,0,0,0.51801,-2.95453e-06,0,0,-5.90906e-06,0,0,0
1765976266120594,0,-0.384099,4.28139,0,0.855375,0,0,0.51801,-0.384099,4.28139,0,0.855375,0,0,0.51801,0,0,0,0,0,0,0
1765976266120594,0,-0.384099,4.28139,0,0.855375,0,0,0.51801,-0.384099,4.28139,0,0.855375,0,0,0.51801,0,0,0,0,0,0,0
1765976266130719,0,-0.384099,4.28139,0,0.855375,0,0,0.51801,-0.384099,4.28139,0,0.855375,0,0,0.51801,0,0,0,5.88688e-06,0,0,0
1765976266130719,0,-0.384099,4.28139,0,0.855375,0,0,0.51801,-0.384099,4.28139,0,0.855375,0,0,0.51801,0,0,0,5.88688e-06,0,0,0
1765976266140625,0,-0.384099,4.28139,0,0.855375,0,0,0.51801,-0.384099,4.28139,0,0.855375,0,0,0.51801,0,0,0,6.01702e-06,0,0,0
1765976266140625,0,-0.384099,4.28139,0,0.855375,0,0,0.51801,-0.384099,4.28139,0,0.855375,0,0,0.51801,0,0,0,6.01702e-06,0,0,0
1765976266150476,0,-0.384099,4.28139,0,0.855375,0,0,0.51801,-0.384099,4.28139,0,0.855375,0,0,0.51801,3.02531e-06,0,0,-6.05062e-06,0,0,0
1765976266150476,0,-0.384099,4.28139,0,0.855375,0,0,0.51801,-0.384099,4.28139,0,0.855375,0,0,0.51801,3.02531e-06,0,0,-6.05062e-06,0,0,0
1765976266160552,0,-0.384099,4.28139,0,0.855375,0,0,0.51801,-0.384099,4.28139,0,0.855375,0,0,0.51801,0,0,0,-5.91551e-06,0,0,0
1765976266160552,0,-0.384099,4.28139,0,0.855375,0,0,0.51801,-0.384099,4.28139,0,0.855375,0,0,0.51801,0,0,0,-5.91551e-06,0,0,0
1765976266170481,0,-0.384099,4.28139,0,0.855375,0,0,0.51801,-0.384099,4.28139,0,0.855375,0,0,0.51801,0,0,0,0,0,0,0
1765976266170481,0,-0.384099,4.28139,0,0.855375,0,0,0.51801,-0.384099,4.28139,0,0.855375,0,0,0.51801,0,0,0,0,0,0,0
1765976266180482,0,-0.384099,4.28139,0,0.855375,0,0,0.51801,-0.384099,4.28139,0,0.855375,0,0,0.51801,0,0,0,0,0,0,0
1765976266180482,0,-0.384099,4.28139,0,0.855375,0,0,0.51801,-0.384099,4.28139,0,0.855375,0,0,0.51801,0,0,0,0,0,0,0
1765976266190533,0,-0.384099,4.28139,0,0.855375,0,0,0.51801,-0.384099,4.28139,0,0.855375,0,0,0.51801,0,0,0,0,0,0,0
1765976266190533,0,-0.384099,4.28139,0,0.855375,0,0,0.51801,-0.384099,4.28139,0,0.855375,0,0,0.51801,0,0,0,0,0,0,0
1765976266200617,0,-0.384099,4.28139,0,0.855375,0,0,0.51801,-0.384099,4.28139,0,0.855375,0,0,0.51801,0,0,0,0,0,0,0
1765976266200617,0,-0.384099,4.28139,0,0.855375,0,0,0.51801,-0.384099,4.28139,0,0.855375,0,0,0.51801,0,0,0,0,0,0,0
1765976266210501,0,-0.384099,4.28139,0,0.855375,0,0,0.51801,-0.384099,4.28139,0,0.855375,0,0,0.51801,0,0,0,0,0,0,0
1765976266210501,0,-0.384099,4.28139,0,0.855375,0,0,0.51801,-0.384099,4.28139,0,0.855375,0,0,0.51801,0,0,0,0,0,0,0
1765976266220509,0,-0.384099,4.28139,0,0.855375,0,0,0.51801,-0.384099,4.28139,0,0.855375,0,0,0.51801,0,0,0,0,0,0,0
1765976266220509,0,-0.384099,4.28139,0,0.855375,0,0,0.51801,-0.384099,4.28139,0,0.855375,0,0,0.51801,0,0,0,0,0,0,0
1765976266230653,0,-0.384099,4.28139,0,0.855375,0,0,0.51801,-0.384099,4.28139,0,0.855375,0,0,0.51801,0,0,0,0,0,0,0
1765976266230653,0,-0.384099,4.28139,0,0.855375,0,0,0.51801,-0.384099,4.28139,0,0.855375,0,0,0.51801,0,0,0,0,0,0,0
1765976266240621,0,-0.384099,4.28139,0,0.855375,0,0,0.51801,-0.384099,4.28139,0,0.855375,0,0,0.51801,2.9898e-06,0,0,0,0,0,0
1765976266240621,0,-0.384099,4.28139,0,0.855375,0,0,0.51801,-0.384099,4.28139,0,0.855375,0,0,0.51801,2.9898e-06,0,0,0,0,0,0
1765976266250624,0,-0.384099,4.28139,0,0.855375,0,0,0.51801,-0.384099,4.28139,0,0.855375,0,0,0.51801,0,0,0,0,0,0,0
1765976266250624,0,-0.384099,4.28139,0,0.855375,0,0,0.51801,-0.384099,4.28139,0,0.855375,0,0,0.51801,0,0,0,0,0,0,0
1765976266260668,0,-0.384099,4.28139,0,0.855375,0,0,0.51801,-0.384099,4.28139,0,0.855375,0,0,0.51801,0,0,0,0,0,0,0
1765976266260668,0,-0.384099,4.28139,0,0.855375,0,0,0.51801,-0.384099,4.28139,0,0.855375,0,0,0.51801,0,0,0,0,0,0,0
1765976266270653,0,-0.384099,4.28139,0,0.855375,0,0,0.51801,-0.384099,4.28139,0,0.855375,0,0,0.51801,0,0,0,0,0,0,0
1765976266270653,0,-0.384099,4.28139,0,0.855375,0,0,0.51801,-0.384099,4.28139,0,0.855375,0,0,0.51801,0,0,0,0,0,0,0
1765976266280647,0,-0.384099,4.28139,0,0.855375,0,0,0.51801,-0.384099,4.28139,0,0.855375,0,0,0.51801,0,0,0,0,0,0,0
1765976266280647,0,-0.384099,4.28139,0,0.855375,0,0,0.51801,-0.384099,4.28139,0,0.855375,0,0,0.51801,0,0,0,0,0,0,0
1765976266290648,0,-0.384099,4.28139,0,0.855375,0,0,0.51801,-0.384099,4.28139,0,0.855375,0,0,0.51801,0,0,0,0,0,0,0
1765976266290648,0,-0.384099,4.28139,0,0.855375,0,0,0.51801,-0.384099,4.28139,0,0.855375,0,0,0.51801,0,0,0,0,0,0,0
1765976266300617,0,-0.384099,4.28139,0,0.855375,0,0,0.51801,-0.384099,4.28139,0,0.855375,0,0,0.51801,0,0,0,0,0,0,0
1765976266300617,0,-0.384099,4.28139,0,0.855375,0,0,0.51801,-0.384099,4.28139,0,0.855375,0,0,0.51801,0,0,0,0,0,0,0
1765976266310567,0,-0.384099,4.28139,0,0.855375,0,0,0.51801,-0.384099,4.28139,0,0.855375,0,0,0.51801,0,0,0,0,0,0,0
1765976266310567,0,-0.384099,4.28139,0,0.855375,0,0,0.51801,-0.384099,4.28139,0,0.855375,0,0,0.51801,0,0,0,0,0,0,0
1765976266320512,0,-0.384099,4.28139,0,0.855375,0,0,0.51801,-0.384099,4.28139,0,0.855375,0,0,0.51801,2.99671e-06,0,0,5.99343e-06,0,0,0
1765976266320512,0,-0.384099,4.28139,0,0.855375,0,0,0.51801,-0.384099,4.28139,0,0.855375,0,0,0.51801,2.99671e-06,0,0,5.99343e-06,0,0,0
1765976266330538,0,-0.384099,4.28139,0,0.855375,0,0,0.51801,-0.384099,4.28139,0,0.855375,0,0,0.51801,0,0,0,0,0,0,0
1765976266330538,0,-0.384099,4.28139,0,0.855375,0,0,0.51801,-0.384099,4.28139,0,0.855375,0,0,0.51801,0,0,0,0,0,0,0
1765976266340584,0,-0.384099,4.28139,0,0.855375,0,0,0.51801,-0.384099,4.28139,0,0.855375,0,0,0.51801,0,0,0,0,0,0,0
1765976266340584,0,-0.384099,4.28139,0,0.855375,0,0,0.51801,-0.384099,4.28139,0,0.855375,0,0,0.51801,0,0,0,0,0,0,0
1765976266350584,0,-0.384099,4.28139,0,0.855375,0,0,0.51801,-0.384099,4.28139,0,0.855375,0,0,0.51801,0,0,0,-5.96046e-06,0,0,0
1765976266350584,0,-0.384099,4.28139,0,0.855375,0,0,0.51801,-0.384099,4.28139,0,0.855375,0,0,0.51801,0,0,0,-5.96046e-06,0,0,0
1765976266360487,0,-0.384099,4.28139,0,0.855375,0,0,0.51801,-0.384099,4.28139,0,0.855375,0,0,0.51801,0,0,0,0,0,0,0
1765976266360487,0,-0.384099,4.28139,0,0.855375,0,0,0.51801,-0.384099,4.28139,0,0.855375,0,0,0.51801,0,0,0,0,0,0,0
1765976266370493,0,-0.384099,4.28139,0,0.855375,0,0,0.51801,-0.384099,4.28139,0,0.855375,0,0,0.51801,0,0,0,0,0,0,0
1765976266370493,0,-0.384099,4.28139,0,0.855375,0,0,0.51801,-0.384099,4.28139,0,0.855375,0,0,0.51801,0,0,0,0,0,0,0
1765976266380824,0,-0.384099,4.28139,0,0.855375,0,0,0.51801,-0.384099,4.28139,0,0.855375,0,0,0.51801,0,0,0,0,0,0,0
1765976266380824,0,-0.384099,4.28139,0,0.855375,0,0,0.51801,-0.384099,4.28139,0,0.855375,0,0,0.51801,0,0,0,0,0,0,0
1765976266390582,0,-0.384099,4.28139,0,0.855375,0,0,0.51801,-0.384099,4.28139,0,0.855375,0,0,0.51801,0,0,0,0,0,0,0
1765976266390582,0,-0.384099,4.28139,0,0.855375,0,0,0.51801,-0.384099,4.28139,0,0.855375,0,0,0.51801,0,0,0,0,0,0,0
1765976266400510,0,-0.384099,4.28139,0,0.855375,0,0,0.51801,-0.384099,4.28139,0,0.855375,0,0,0.51801,0,0,0,0,0,0,0
1765976266400510,0,-0.384099,4.28139,0,0.855375,0,0,0.51801,-0.384099,4.28139,0,0.855375,0,0,0.51801,0,0,0,0,0,0,0
1765976266410617,0,-0.384099,4.28139,0,0.855375,0,0,0.51801,-0.384099,4.28139,0,0.855375,0,0,0.51801,0,0,0,0,0,0,0
1765976266410617,0,-0.384099,4.28139,0,0.855375,0,0,0.51801,-0.384099,4.28139,0,0.855375,0,0,0.51801,0,0,0,0,0,0,0
1765976266420496,0,-0.384099,4.28139,0,0.855375,0,0,0.51801,-0.384099,4.28139,0,0.855375,0,0,0.51801,0,0,0,0,0,0,0
1765976266420496,0,-0.384099,4.28139,0,0.855375,0,0,0.51801,-0.384099,4.28139,0,0.855375,0,0,0.51801,0,0,0,0,0,0,0
1765976266430634,0,-0.384099,4.28139,0,0.855375,0,0,0.51801,-0.384099,4.28139,0,0.855375,0,0,0.51801,-2.93966e-06,0,0,0,0,0,0
1765976266430634,0,-0.384099,4.28139,0,0.855375,0,0,0.51801,-0.384099,4.28139,0,0.855375,0,0,0.51801,-2.93966e-06,0,0,0,0,0,0
1765976266440472,0,-0.384099,4.28139,0,0.855375,0,0,0.51801,-0.384099,4.28139,0,0.855375,0,0,0.51801,0,0,0,0,0,0,0
1765976266440472,0,-0.384099,4.28139,0,0.855375,0,0,0.51801,-0.384099,4.28139,0,0.855375,0,0,0.51801,0,0,0,0,0,0,0
1765976266450480,0,-0.384099,4.28139,0,0.855375,0,0,0.51801,-0.384099,4.28139,0,0.855375,0,0,0.51801,0,0,0,0,0,0,0
1765976266450480,0,-0.384099,4.28139,0,0.855375,0,0,0.51801,-0.384099,4.28139,0,0.855375,0,0,0.51801,0,0,0,0,0,0,0
1765976266460521,0,-0.384099,4.28139,0,0.855375,0,0,0.51801,-0.384099,4.28139,0,0.855375,0,0,0.51801,0,0,0,0,0,0,0
1765976266460521,0,-0.384099,4.28139,0,0.855375,0,0,0.51801,-0.384099,4.28139,0,0.855375,0,0,0.51801,0,0,0,0,0,0,0
1765976266470462,0,-0.384099,4.28139,0,0.855375,0,0,0.51801,-0.384099,4.28139,0,0.855375,0,0,0.51801,-2.99792e-06,0,0,0,0,0,0
1765976266470462,0,-0.384099,4.28139,0,0.855375,0,0,0.51801,-0.384099,4.28139,0,0.855375,0,0,0.51801,-2.99792e-06,0,0,0,0,0,0
1765976266480503,0,-0.384099,4.28139,0,0.855375,0,0,0.51801,-0.384099,4.28139,0,0.855375,0,0,0.51801,-2.96806e-06,0,0,0,0,0,0
1765976266480503,0,-0.384099,4.28139,0,0.855375,0,0,0.51801,-0.384099,4.28139,0,0.855375,0,0,0.51801,-2.96806e-06,0,0,0,0,0,0
1765976266490554,0,-0.384099,4.28139,0,0.855375,0,0,0.51801,-0.384099,4.28139,0,0.855375,0,0,0.51801,2.96511e-06,0,0,0,0,0,0
1765976266490554,0,-0.384099,4.28139,0,0.855375,0,0,0.51801,-0.384099,4.28139,0,0.855375,0,0,0.51801,2.96511e-06,0,0,0,0,0,0
1765976266500467,0,-0.384099,4.28139,0,0.855375,0,0,0.51801,-0.384099,4.28139,0,0.855375,0,0,0.51801,0,0,0,0,0,0,0
1765976266500467,0,-0.384099,4.28139,0,0.855375,0,0,0.51801,-0.384099,4.28139,0,0.855375,0,0,0.51801,0,0,0,0,0,0,0
1765976266510581,0,-0.384099,4.28139,0,0.855375,0,0,0.51801,-0.384099,4.28139,0,0.855375,0,0,0.51801,2.94664e-06,0,0,0,0,0,0
1765976266510581,0,-0.384099,4.28139,0,0.855375,0,0,0.51801,-0.384099,4.28139,0,0.855375,0,0,0.51801,2.94664e-06,0,0,0,0,0,0
1765976266520459,0,-0.384099,4.28139,0,0.855375,0,0,0.51801,-0.384099,4.28139,0,0.855375,0,0,0.51801,0,0,0,0,0,0,0
1765976266520459,0,-0.384099,4.28139,0,0.855375,0,0,0.51801,-0.384099,4.28139,0,0.855375,0,0,0.51801,0,0,0,0,0,0,0
1765976266530508,0,-0.384099,4.28139,0,0.855375,0,0,0.51801,-0.384099,4.28139,0,0.855375,0,0,0.51801,0,0,0,0,0,0,0
1765976266530508,0,-0.384099,4.28139,0,0.855375,0,0,0.51801,-0.384099,4.28139,0,0.855375,0,0,0.51801,0,0,0,0,0,0,0
1765976266540552,0,-0.384099,4.28139,0,0.855375,0,0,0.51801,-0.384099,4.28139,0,0.855375,0,0,0.51801,0,0,0,0,0,0,0
1765976266540552,0,-0.384099,4.28139,0,0.855375,0,0,0.51801,-0.384099,4.28139,0,0.855375,0,0,0.51801,0,0,0,0,0,0,0
1765976266550472,0,-0.384099,4.28139,0,0.855375,0,0,0.51801,-0.384099,4.28139,0,0.855375,0,0,0.51801,0,0,0,0,0,0,0
1765976266550472,0,-0.384099,4.28139,0,0.855375,0,0,0.51801,-0.384099,4.28139,0,0.855375,0,0,0.51801,0,0,0,0,0,0,0
1765976266560566,0,-0.384099,4.28139,0,0.855375,0,0,0.51801,-0.384099,4.28139,0,0.855375,0,0,0.51801,0,0,0,5.90496e-06,0,0,0
1765976266560566,0,-0.384099,4.28139,0,0.855375,0,0,0.51801,-0.384099,4.28139,0,0.855375,0,0,0.51801,0,0,0,5.90496e-06,0,0,0
1765976266570502,0,-0.384099,4.28139,0,0.855375,0,0,0.51801,-0.384099,4.28139,0,0.855375,0,0,0.51801,0,0,0,5.99886e-06,0,0,0
1765976266570502,0,-0.384099,4.28139,0,0.855375,0,0,0.51801,-0.384099,4.28139,0,0.855375,0,0,0.51801,0,0,0,5.99886e-06,0,0,0
1765976266580528,0,-0.384099,4.28139,0,0.855375,0,0,0.51801,-0.384099,4.28139,0,0.855375,0,0,0.51801,0,0,0,0,0,0,0
1765976266580528,0,-0.384099,4.28139,0,0.855375,0,0,0.51801,-0.384099,4.28139,0,0.855375,0,0,0.51801,0,0,0,0,0,0,0
1765976266590629,0,-0.384099,4.28139,0,0.855375,0,0,0.51801,-0.384099,4.28139,0,0.855375,0,0,0.51801,0,0,0,0,0,0,0
1765976266590629,0,-0.384099,4.28139,0,0.855375,0,0,0.51801,-0.384099,4.28139,0,0.855375,0,0,0.51801,0,0,0,0,0,0,0
1765976266600538,0,-0.384099,4.28139,0,0.855375,0,0,0.51801,-0.384099,4.28139,0,0.855375,0,0,0.51801,0,0,0,0,0,0,0
1765976266600538,0,-0.384099,4.28139,0,0.855375,0,0,0.51801,-0.384099,4.28139,0,0.855375,0,0,0.51801,0,0,0,0,0,0,0
1765976266610535,0,-0.384099,4.28139,0,0.855375,0,0,0.51801,-0.384099,4.28139,0,0.855375,0,0,0.51801,0,0,0,0,0,0,0
1765976266610535,0,-0.384099,4.28139,0,0.855375,0,0,0.51801,-0.384099,4.28139,0,0.855375,0,0,0.51801,0,0,0,0,0,0,0
1765976266620506,0,-0.384099,4.28139,0,0.855375,0,0,0.51801,-0.384099,4.28139,0,0.855375,0,0,0.51801,0,0,0,0,0,0,0
1765976266620506,0,-0.384099,4.28139,0,0.855375,0,0,0.51801,-0.384099,4.28139,0,0.855375,0,0,0.51801,0,0,0,0,0,0,0
1765976266630488,0,-0.384099,4.28139,0,0.855375,0,0,0.51801,-0.384099,4.28139,0,0.855375,0,0,0.51801,0,0,0,0,0,0,0
1765976266630488,0,-0.384099,4.28139,0,0.855375,0,0,0.51801,-0.384099,4.28139,0,0.855375,0,0,0.51801,0,0,0,0,0,0,0
1765976266640514,0,-0.384099,4.28139,0,0.855375,0,0,0.51801,-0.384099,4.28139,0,0.855375,0,0,0.51801,0,0,0,0,0,0,0
1765976266640514,0,-0.384099,4.28139,0,0.855375,0,0,0.51801,-0.384099,4.28139,0,0.855375,0,0,0.51801,0,0,0,0,0,0,0
1765976266650489,0,-0.384099,4.28139,0,0.855375,0,0,0.51801,-0.384099,4.28139,0,0.855375,0,0,0.51801,0,0,0,0,0,0,0
1765976266650489,0,-0.384099,4.28139,0,0.855375,0,0,0.51801,-0.384099,4.28139,0,0.855375,0,0,0.51801,0,0,0,0,0,0,0
1765976266660520,0,-0.384099,4.28139,0,0.855375,0,0,0.51801,-0.384099,4.28139,0,0.855375,0,0,0.51801,0,0,0,0,0,0,0
1765976266660520,0,-0.384099,4.28139,0,0.855375,0,0,0.51801,-0.384099,4.28139,0,0.855375,0,0,0.51801,0,0,0,0,0,0,0
1765976266670440,0,-0.384099,4.28139,0,0.855375,0,0,0.51801,-0.384099,4.28139,0,0.855375,0,0,0.51801,0,0,0,6.00853e-06,0,0,6.00853e-06
1765976266670440,0,-0.384099,4.28139,0,0.855375,0,0,0.51801,-0.384099,4.28139,0,0.855375,0,0,0.51801,0,0,0,6.00853e-06,0,0,6.00853e-06
1765976266680674,0,-0.384099,4.28139,0,0.855375,0,0,0.51801,-0.384099,4.28139,0,0.855375,0,0,0.51801,0,0,0,0,0,0,0
1765976266680674,0,-0.384099,4.28139,0,0.855375,0,0,0.51801,-0.384099,4.28139,0,0.855375,0,0,0.51801,0,0,0,0,0,0,0
1765976266690485,0,-0.384099,4.28139,0,0.855375,0,0,0.51801,-0.384099,4.28139,0,0.855375,0,0,0.51801,0,0,0,0,0,0,0
1765976266690485,0,-0.384099,4.28139,0,0.855375,0,0,0.51801,-0.384099,4.28139,0,0.855375,0,0,0.51801,0,0,0,0,0,0,0
1765976266700477,0,-0.384099,4.28139,0,0.855375,0,0,0.51801,-0.384099,4.28139,0,0.855375,0,0,0.51801,0,0,0,0,0,0,0
1765976266700477,0,-0.384099,4.28139,0,0.855375,0,0,0.51801,-0.384099,4.28139,0,0.855375,0,0,0.51801,0,0,0,0,0,0,0
1765976266710463,0,-0.384099,4.28139,0,0.855375,0,0,0.51801,-0.384099,4.28139,0,0.855375,0,0,0.51801,0,0,0,0,0,0,0
1765976266710463,0,-0.384099,4.28139,0,0.855375,0,0,0.51801,-0.384099,4.28139,0,0.855375,0,0,0.51801,0,0,0,0,0,0,0
1765976266720469,0,-0.384099,4.28139,0,0.855375,0,0,0.51801,-0.384099,4.28139,0,0.855375,0,0,0.51801,0,0,0,0,0,0,0
1765976266720469,0,-0.384099,4.28139,0,0.855375,0,0,0.51801,-0.384099,4.28139,0,0.855375,0,0,0.51801,0,0,0,0,0,0,0
1765976266730508,0,-0.384099,4.28139,0,0.855375,0,0,0.51801,-0.384099,4.28139,0,0.855375,0,0,0.51801,0,0,0,0,0,0,0
1765976266730508,0,-0.384099,4.28139,0,0.855375,0,0,0.51801,-0.384099,4.28139,0,0.855375,0,0,0.51801,0,0,0,0,0,0,0
1765976266740509,0,-0.384099,4.28139,0,0.855375,0,0,0.51801,-0.384099,4.28139,0,0.855375,0,0,0.51801,0,0,0,0,0,0,0
1765976266740509,0,-0.384099,4.28139,0,0.855375,0,0,0.51801,-0.384099,4.28139,0,0.855375,0,0,0.51801,0,0,0,0,0,0,0
1765976266750426,0,-0.384099,4.28139,0,0.855375,0,0,0.51801,-0.384099,4.28139,0,0.855375,0,0,0.51801,-3.00518e-06,0,0,0,0,0,0
1765976266750426,0,-0.384099,4.28139,0,0.855375,0,0,0.51801,-0.384099,4.28139,0,0.855375,0,0,0.51801,-3.00518e-06,0,0,0,0,0,0
1765976266760505,0,-0.384099,4.28139,0,0.855375,0,0,0.51801,-0.384099,4.28139,0,0.855375,0,0,0.51801,0,0,0,0,0,0,0
1765976266760505,0,-0.384099,4.28139,0,0.855375,0,0,0.51801,-0.384099,4.28139,0,0.855375,0,0,0.51801,0,0,0,0,0,0,0
1765976266770484,0,-0.384099,4.28139,0,0.855375,0,0,0.51801,-0.384099,4.28139,0,0.855375,0,0,0.51801,0,0,0,0,0,0,0
1765976266770484,0,-0.384099,4.28139,0,0.855375,0,0,0.51801,-0.384099,4.28139,0,0.855375,0,0,0.51801,0,0,0,0,0,0,0
1765976266780501,0,-0.384099,4.28139,0,0.855375,0,0,0.51801,-0.384099,4.28139,0,0.855375,0,0,0.51801,0,0,0,0,0,0,0
1765976266780501,0,-0.384099,4.28139,0,0.855375,0,0,0.51801,-0.384099,4.28139,0,0.855375,0,0,0.51801,0,0,0,0,0,0,0
1765976266790498,0,-0.384099,4.28139,0,0.855375,0,0,0.51801,-0.384099,4.28139,0,0.855375,0,0,0.51801,2.98113e-06,0,0,0,0,0,0
1765976266790498,0,-0.384099,4.28139,0,0.855375,0,0,0.51801,-0.384099,4.28139,0,0.855375,0,0,0.51801,2.98113e-06,0,0,0,0,0,0
1765976266800522,0,-0.384099,4.28139,0,0.855375,0,0,0.51801,-0.384099,4.28139,0,0.855375,0,0,0.51801,0,0,0,0,0,0,0
1765976266800522,0,-0.384099,4.28139,0,0.855375,0,0,0.51801,-0.384099,4.28139,0,0.855375,0,0,0.51801,0,0,0,0,0,0,0
1765976266810689,0,-0.384099,4.28139,0,0.855375,0,0,0.51801,-0.384099,4.28139,0,0.855375,0,0,0.51801,0,0,0,0,0,0,0
1765976266810689,0,-0.384099,4.28139,0,0.855375,0,0,0.51801,-0.384099,4.28139,0,0.855375,0,0,0.51801,0,0,0,0,0,0,0
1765976266820616,0,-0.384099,4.28139,0,0.855375,0,0,0.51801,-0.384099,4.28139,0,0.855375,0,0,0.51801,0,0,0,-6.0043e-06,0,0,0
1765976266820616,0,-0.384099,4.28139,0,0.855375,0,0,0.51801,-0.384099,4.28139,0,0.855375,0,0,0.51801,0,0,0,-6.0043e-06,0,0,0
1765976266830706,0,-0.384099,4.28139,0,0.855375,0,0,0.51801,-0.384099,4.28139,0,0.855375,0,0,0.51801,0,0,0,0,0,0,0
1765976266830706,0,-0.384099,4.28139,0,0.855375,0,0,0.51801,-0.384099,4.28139,0,0.855375,0,0,0.51801,0,0,0,0,0,0,0
1765976266840628,0,-0.384099,4.28139,0,0.855375,0,0,0.51801,-0.384099,4.28139,0,0.855375,0,0,0.51801,0,0,0,0,0,0,0
1765976266840628,0,-0.384099,4.28139,0,0.855375,0,0,0.51801,-0.384099,4.28139,0,0.855375,0,0,0.51801,0,0,0,0,0,0,0
1765976266850654,0,-0.384099,4.28139,0,0.855375,0,0,0.51801,-0.384099,4.28139,0,0.855375,0,0,0.51801,0,0,0,0,0,0,0
1765976266850654,0,-0.384099,4.28139,0,0.855375,0,0,0.51801,-0.384099,4.28139,0,0.855375,0,0,0.51801,0,0,0,0,0,0,0
1765976266860640,0,-0.384099,4.28139,0,0.855375,0,0,0.51801,-0.384099,4.28139,0,0.855375,0,0,0.51801,0,0,0,0,0,0,0
1765976266860640,0,-0.384099,4.28139,0,0.855375,0,0,0.51801,-0.384099,4.28139,0,0.855375,0,0,0.51801,0,0,0,0,0,0,0
1765976266870654,0,-0.384099,4.28139,0,0.855375,0,0,0.51801,-0.384099,4.28139,0,0.855375,0,0,0.51801,0,0,0,0,0,0,0
1765976266870654,0,-0.384099,4.28139,0,0.855375,0,0,0.51801,-0.384099,4.28139,0,0.855375,0,0,0.51801,0,0,0,0,0,0,0
1765976266880704,0,-0.384099,4.28139,0,0.855375,0,0,0.51801,-0.384099,4.28139,0,0.855375,0,0,0.51801,-2.96541e-06,0,0,0,0,0,0
1765976266880704,0,-0.384099,4.28139,0,0.855375,0,0,0.51801,-0.384099,4.28139,0,0.855375,0,0,0.51801,-2.96541e-06,0,0,0,0,0,0
1765976266890605,0,-0.384099,4.28139,0,0.855375,0,0,0.51801,-0.384099,4.28139,0,0.855375,0,0,0.51801,0,0,0,-6.02006e-06,0,0,0
1765976266890605,0,-0.384099,4.28139,0,0.855375,0,0,0.51801,-0.384099,4.28139,0,0.855375,0,0,0.51801,0,0,0,-6.02006e-06,0,0,0
1765976266900638,0,-0.384099,4.28139,0,0.855375,0,0,0.51801,-0.384099,4.28139,0,0.855375,0,0,0.51801,-2.97043e-06,0,0,-5.94086e-06,0,0,0
1765976266900638,0,-0.384099,4.28139,0,0.855375,0,0,0.51801,-0.384099,4.28139,0,0.855375,0,0,0.51801,-2.97043e-06,0,0,-5.94086e-06,0,0,0
1765976266910686,0,-0.384099,4.28139,0,0.855375,0,0,0.51801,-0.384099,4.28139,0,0.855375,0,0,0.51801,0,0,0,0,0,0,0
1765976266910686,0,-0.384099,4.28139,0,0.855375,0,0,0.51801,-0.384099,4.28139,0,0.855375,0,0,0.51801,0,0,0,0,0,0,0
1765976266920609,0,-0.384099,4.28139,0,0.855375,0,0,0.51801,-0.384099,4.28139,0,0.855375,0,0,0.51801,0,0,0,0,0,0,0
1765976266920609,0,-0.384099,4.28139,0,0.855375,0,0,0.51801,-0.384099,4.28139,0,0.855375,0,0,0.51801,0,0,0,0,0,0,0
1765976266930799,0,-0.384099,4.28139,0,0.855375,0,0,0.51801,-0.384099,4.28139,0,0.855375,0,0,0.51801,0,0,0,0,0,0,0
1765976266930799,0,-0.384099,4.28139,0,0.855375,0,0,0.51801,-0.384099,4.28139,0,0.855375,0,0,0.51801,0,0,0,0,0,0,0
1765976266940814,0,-0.384099,4.28139,0,0.855375,0,0,0.51801,-0.384099,4.28139,0,0.855375,0,0,0.51801,0,0,0,5.95154e-06,0,0,0
1765976266940814,0,-0.384099,4.28139,0,0.855375,0,0,0.51801,-0.384099,4.28139,0,0.855375,0,0,0.51801,0,0,0,5.95154e-06,0,0,0
1765976266950617,0,-0.384099,4.28139,0,0.855375,0,0,0.51801,-0.384099,4.28139,0,0.855375,0,0,0.51801,3.04012e-06,0,0,0,0,0,0
1765976266950617,0,-0.384099,4.28139,0,0.855375,0,0,0.51801,-0.384099,4.28139,0,0.855375,0,0,0.51801,3.04012e-06,0,0,0,0,0,0
1765976266960701,0,-0.384099,4.28139,0,0.855375,0,0,0.51801,-0.384099,4.28139,0,0.855375,0,0,0.51801,0,0,0,-5.91081e-06,0,0,0
1765976266960701,0,-0.384099,4.28139,0,0.855375,0,0,0.51801,-0.384099,4.28139,0,0.855375,0,0,0.51801,0,0,0,-5.91081e-06,0,0,0
1765976266970611,0,-0.384099,4.28139,0,0.855375,0,0,0.51801,-0.384099,4.28139,0,0.855375,0,0,0.51801,-3.0073e-06,0,0,0,0,0,0
1765976266970611,0,-0.384099,4.28139,0,0.855375,0,0,0.51801,-0.384099,4.28139,0,0.855375,0,0,0.51801,-3.0073e-06,0,0,0,0,0,0
1765976266980644,0,-0.384099,4.28139,0,0.855375,0,0,0.51801,-0.384099,4.28139,0,0.855375,0,0,0.51801,-2.97043e-06,0,0,0,0,0,0
1765976266980644,0,-0.384099,4.28139,0,0.855375,0,0,0.51801,-0.384099,4.28139,0,0.855375,0,0,0.51801,-2.97043e-06,0,0,0,0,0,0
1765976266990633,0,-0.384099,4.28139,0,0.855375,0,0,0.51801,-0.384099,4.28139,0,0.855375,0,0,0.51801,0,0,0,0,0,0,0
1765976266990633,0,-0.384099,4.28139,0,0.855375,0,0,0.51801,-0.384099,4.28139,0,0.855375,0,0,0.51801,0,0,0,0,0,0,0
1765976267000592,0,-0.384099,4.28139,0,0.855375,0,0,0.51801,-0.384099,4.28139,0,0.855375,0,0,0.51801,0,0,0,0,0,0,0
1765976267000592,0,-0.384099,4.28139,0,0.855375,0,0,0.51801,-0.384099,4.28139,0,0.855375,0,0,0.51801,0,0,0,0,0,0,0
1765976267010638,0,-0.384099,4.28139,0,0.855375,0,0,0.51801,-0.384099,4.28139,0,0.855375,0,0,0.51801,0,0,0,0,0,0,0
1765976267010638,0,-0.384099,4.28139,0,0.855375,0,0,0.51801,-0.384099,4.28139,0,0.855375,0,0,0.51801,0,0,0,0,0,0,0
1765976267020587,0,-0.384099,4.28139,0,0.855375,0,0,0.51801,-0.384099,4.28139,0,0.855375,0,0,0.51801,2.99551e-06,0,0,5.99102e-06,0,0,0
1765976267020587,0,-0.384099,4.28139,0,0.855375,0,0,0.51801,-0.384099,4.28139,0,0.855375,0,0,0.51801,2.99551e-06,0,0,5.99102e-06,0,0,0
1765976267030644,0,-0.384099,4.28139,0,0.855375,0,0,0.51801,-0.384099,4.28139,0,0.855375,0,0,0.51801,0,0,0,0,0,0,0
1765976267030644,0,-0.384099,4.28139,0,0.855375,0,0,0.51801,-0.384099,4.28139,0,0.855375,0,0,0.51801,0,0,0,0,0,0,0
1765976267040687,0,-0.384099,4.28139,0,0.855375,0,0,0.51801,-0.384099,4.28139,0,0.855375,0,0,0.51801,2.96747e-06,0,0,0,0,0,0
1765976267040687,0,-0.384099,4.28139,0,0.855375,0,0,0.51801,-0.384099,4.28139,0,0.855375,0,0,0.51801,2.96747e-06,0,0,0,0,0,0
1765976267050604,0,-0.384099,4.28139,0,0.855375,0,0,0.51801,-0.384099,4.28139,0,0.855375,0,0,0.51801,-3.00518e-06,0,0,0,0,0,0
1765976267050604,0,-0.384099,4.28139,0,0.855375,0,0,0.51801,-0.384099,4.28139,0,0.855375,0,0,0.51801,-3.00518e-06,0,0,0,0,0,0
1765976267060753,0,-0.384099,4.28139,0,0.855375,0,0,0.51801,-0.384099,4.28139,0,0.855375,0,0,0.51801,0,0,0,0,0,0,0
1765976267060753,0,-0.384099,4.28139,0,0.855375,0,0,0.51801,-0.384099,4.28139,0,0.855375,0,0,0.51801,0,0,0,0,0,0,0
1765976267070669,0,-0.384099,4.28139,0,0.855375,0,0,0.51801,-0.384099,4.28139,0,0.855375,0,0,0.51801,0,0,0,6.01096e-06,0,0,0
1765976267070669,0,-0.384099,4.28139,0,0.855375,0,0,0.51801,-0.384099,4.28139,0,0.855375,0,0,0.51801,0,0,0,6.01096e-06,0,0,0
1765976267080658,0,-0.384099,4.28139,0,0.855375,0,0,0.51801,-0.384099,4.28139,0,0.855375,0,0,0.51801,0,0,0,5.96703e-06,0,0,0
1765976267080658,0,-0.384099,4.28139,0,0.855375,0,0,0.51801,-0.384099,4.28139,0,0.855375,0,0,0.51801,0,0,0,5.96703e-06,0,0,0
1765976267090650,0,-0.384099,4.28139,0,0.855375,0,0,0.51801,-0.384099,4.28139,0,0.855375,0,0,0.51801,0,0,0,-5.96524e-06,0,0,0
1765976267090650,0,-0.384099,4.28139,0,0.855375,0,0,0.51801,-0.384099,4.28139,0,0.855375,0,0,0.51801,0,0,0,-5.96524e-06,0,0,0
1765976267100606,0,-0.384099,4.28139,0,0.855375,0,0,0.51801,-0.384099,4.28139,0,0.855375,0,0,0.51801,0,0,0,0,0,0,0
1765976267100606,0,-0.384099,4.28139,0,0.855375,0,0,0.51801,-0.384099,4.28139,0,0.855375,0,0,0.51801,0,0,0,0,0,0,0
1765976267110628,0,-0.384099,4.28139,0,0.855375,0,0,0.51801,-0.384099,4.28139,0,0.855375,0,0,0.51801,2.97369e-06,0,0,0,0,0,0
1765976267110628,0,-0.384099,4.28139,0,0.855375,0,0,0.51801,-0.384099,4.28139,0,0.855375,0,0,0.51801,2.97369e-06,0,0,0,0,0,0
1765976267120589,0,-0.384099,4.28139,0,0.855375,0,0,0.51801,-0.384099,4.28139,0,0.855375,0,0,0.51801,0,0,0,0,0,0,0
1765976267120589,0,-0.384099,4.28139,0,0.855375,0,0,0.51801,-0.384099,4.28139,0,0.855375,0,0,0.51801,0,0,0,0,0,0,0
1765976267130614,0,-0.384099,4.28139,0,0.855375,0,0,0.51801,-0.384099,4.28139,0,0.855375,0,0,0.51801,0,0,0,0,0,0,0
1765976267130614,0,-0.384099,4.28139,0,0.855375,0,0,0.51801,-0.384099,4.28139,0,0.855375,0,0,0.51801,0,0,0,0,0,0,0
1765976267140485,0,-0.384099,4.28139,0,0.855375,0,0,0.51801,-0.384099,4.28139,0,0.855375,0,0,0.51801,-3.01918e-06,0,0,0,0,0,0
1765976267140485,0,-0.384099,4.28139,0,0.855375,0,0,0.51801,-0.384099,4.28139,0,0.855375,0,0,0.51801,-3.01918e-06,0,0,0,0,0,0
1765976267150561,0,-0.384099,4.28139,0,0.855375,0,0,0.51801,-0.384099,4.28139,0,0.855375,0,0,0.51801,0,0,0,-5.91551e-06,0,0,0
1765976267150561,0,-0.384099,4.28139,0,0.855375,0,0,0.51801,-0.384099,4.28139,0,0.855375,0,0,0.51801,0,0,0,-5.91551e-06,0,0,0
1765976267160600,0,-0.384099,4.28139,0,0.855375,0,0,0.51801,-0.384099,4.28139,0,0.855375,0,0,0.51801,0,0,0,0,0,0,0
1765976267160600,0,-0.384099,4.28139,0,0.855375,0,0,0.51801,-0.384099,4.28139,0,0.855375,0,0,0.51801,0,0,0,0,0,0,0
1765976267170693,0,-0.384099,4.28139,0,0.855375,0,0,0.51801,-0.384099,4.28139,0,0.855375,0,0,0.51801,0,0,0,-5.90554e-06,0,0,0
1765976267170693,0,-0.384099,4.28139,0,0.855375,0,0,0.51801,-0.384099,4.28139,0,0.855375,0,0,0.51801,0,0,0,-5.90554e-06,0,0,0
1765976267180627,0,-0.384099,4.28139,0,0.855375,0,0,0.51801,-0.384099,4.28139,0,0.855375,0,0,0.51801,0,0,0,-6.00007e-06,0,0,0
1765976267180627,0,-0.384099,4.28139,0,0.855375,0,0,0.51801,-0.384099,4.28139,0,0.855375,0,0,0.51801,0,0,0,-6.00007e-06,0,0,0
1765976267190625,0,-0.384099,4.28139,0,0.855375,0,0,0.51801,-0.384099,4.28139,0,0.855375,0,0,0.51801,2.98083e-06,0,0,-5.96166e-06,0,0,0
1765976267190625,0,-0.384099,4.28139,0,0.855375,0,0,0.51801,-0.384099,4.28139,0,0.855375,0,0,0.51801,2.98083e-06,0,0,-5.96166e-06,0,0,0
1765976267200593,0,-0.384099,4.28139,0,0.855375,0,0,0.51801,-0.384099,4.28139,0,0.855375,0,0,0.51801,2.9898e-06,0,0,5.9796e-06,0,0,0
1765976267200593,0,-0.384099,4.28139,0,0.855375,0,0,0.51801,-0.384099,4.28139,0,0.855375,0,0,0.51801,2.9898e-06,0,0,5.9796e-06,0,0,0
1765976267210481,0,-0.384099,4.28139,0,0.855375,0,0,0.51801,-0.384099,4.28139,0,0.855375,0,0,0.51801,-3.01399e-06,0,0,0,0,0,0
1765976267210481,0,-0.384099,4.28139,0,0.855375,0,0,0.51801,-0.384099,4.28139,0,0.855375,0,0,0.51801,-3.01399e-06,0,0,0,0,0,0
1765976267220439,0,-0.384099,4.28139,0,0.855375,0,0,0.51801,-0.384099,4.28139,0,0.855375,0,0,0.51801,0,0,0,5.9856e-06,0,0,0
1765976267220439,0,-0.384099,4.28139,0,0.855375,0,0,0.51801,-0.384099,4.28139,0,0.855375,0,0,0.51801,0,0,0,5.9856e-06,0,0,0
1765976267230415,0,-0.384099,4.28139,0,0.855375,0,0,0.51801,-0.384099,4.28139,0,0.855375,0,0,0.51801,0,0,0,0,0,0,0
1765976267230415,0,-0.384099,4.28139,0,0.855375,0,0,0.51801,-0.384099,4.28139,0,0.855375,0,0,0.51801,0,0,0,0,0,0,0
1765976267240533,0,-0.384099,4.28139,0,0.855375,0,0,0.51801,-0.384099,4.28139,0,0.855375,0,0,0.51801,0,0,0,0,0,0,0
1765976267240533,0,-0.384099,4.28139,0,0.855375,0,0,0.51801,-0.384099,4.28139,0,0.855375,0,0,0.51801,0,0,0,0,0,0,0
1765976267250470,0,-0.384099,4.28139,0,0.855375,0,0,0.51801,-0.384099,4.28139,0,0.855375,0,0,0.51801,0,0,0,5.99825e-06,0,0,0
1765976267250470,0,-0.384099,4.28139,0,0.855375,0,0,0.51801,-0.384099,4.28139,0,0.855375,0,0,0.51801,0,0,0,5.99825e-06,0,0,0
1765976267260556,0,-0.384099,4.28139,0,0.855375,0,0,0.51801,-0.384099,4.28139,0,0.855375,0,0,0.51801,-2.95482e-06,0,0,0,0,0,0
1765976267260556,0,-0.384099,4.28139,0,0.855375,0,0,0.51801,-0.384099,4.28139,0,0.855375,0,0,0.51801,-2.95482e-06,0,0,0,0,0,0
1765976267270557,0,-0.384099,4.28139,0,0.855375,0,0,0.51801,-0.384099,4.28139,0,0.855375,0,0,0.51801,0,0,0,-5.95987e-06,0,0,0
1765976267270557,0,-0.384099,4.28139,0,0.855375,0,0,0.51801,-0.384099,4.28139,0,0.855375,0,0,0.51801,0,0,0,-5.95987e-06,0,0,0
1765976267280566,0,-0.384099,4.28139,0,0.855375,0,0,0.51801,-0.384099,4.28139,0,0.855375,0,0,0.51801,0,0,0,5.9551e-06,0,0,0
1765976267280566,0,-0.384099,4.28139,0,0.855375,0,0,0.51801,-0.384099,4.28139,0,0.855375,0,0,0.51801,0,0,0,5.9551e-06,0,0,0
1765976267290579,0,-0.384099,4.28139,0,0.855375,0,0,0.51801,-0.384099,4.28139,0,0.855375,0,0,0.51801,0,0,0,5.95273e-06,0,0,0
1765976267290579,0,-0.384099,4.28139,0,0.855375,0,0,0.51801,-0.384099,4.28139,0,0.855375,0,0,0.51801,0,0,0,5.95273e-06,0,0,0
1765976267300445,0,-0.384099,4.28139,0,0.855375,0,0,0.51801,-0.384099,4.28139,0,0.855375,0,0,0.51801,0,0,0,0,0,0,0
1765976267300445,0,-0.384099,4.28139,0,0.855375,0,0,0.51801,-0.384099,4.28139,0,0.855375,0,0,0.51801,0,0,0,0,0,0,0
1765976267310588,0,-0.384099,4.28139,0,0.855375,0,0,0.51801,-0.384099,4.28139,0,0.855375,0,0,0.51801,2.93822e-06,0,0,0,0,0,0
1765976267310588,0,-0.384099,4.28139,0,0.855375,0,0,0.51801,-0.384099,4.28139,0,0.855375,0,0,0.51801,2.93822e-06,0,0,0,0,0,0
1765976267320473,0,-0.384099,4.28139,0,0.855375,0,0,0.51801,-0.384099,4.28139,0,0.855375,0,0,0.51801,0,0,0,0,0,0,0
1765976267320473,0,-0.384099,4.28139,0,0.855375,0,0,0.51801,-0.384099,4.28139,0,0.855375,0,0,0.51801,0,0,0,0,0,0,0
1765976267330545,0,-0.384099,4.28139,0,0.855375,0,0,0.51801,-0.384099,4.28139,0,0.855375,0,0,0.51801,0,0,0,0,0,0,0
1765976267330545,0,-0.384099,4.28139,0,0.855375,0,0,0.51801,-0.384099,4.28139,0,0.855375,0,0,0.51801,0,0,0,0,0,0,0
1765976267340549,0,-0.384099,4.28139,0,0.855375,0,0,0.51801,-0.384099,4.28139,0,0.855375,0,0,0.51801,0,0,0,0,0,0,0
1765976267340549,0,-0.384099,4.28139,0,0.855375,0,0,0.51801,-0.384099,4.28139,0,0.855375,0,0,0.51801,0,0,0,0,0,0,0
1765976267350423,0,-0.384099,4.28139,0,0.855375,0,0,0.51801,-0.384099,4.28139,0,0.855375,0,0,0.51801,3.01826e-06,0,0,0,0,0,0
1765976267350423,0,-0.384099,4.28139,0,0.855375,0,0,0.51801,-0.384099,4.28139,0,0.855375,0,0,0.51801,3.01826e-06,0,0,0,0,0,0
1765976267360513,0,-0.384099,4.28139,0,0.855375,0,0,0.51801,-0.384099,4.28139,0,0.855375,0,0,0.51801,0,0,0,0,0,0,0
1765976267360513,0,-0.384099,4.28139,0,0.855375,0,0,0.51801,-0.384099,4.28139,0,0.855375,0,0,0.51801,0,0,0,0,0,0,0
1765976267370492,0,-0.384099,4.28139,0,0.855375,0,0,0.51801,-0.384099,4.28139,0,0.855375,0,0,0.51801,0,0,0,0,0,0,0
1765976267370492,0,-0.384099,4.28139,0,0.855375,0,0,0.51801,-0.384099,4.28139,0,0.855375,0,0,0.51801,0,0,0,0,0,0,0
1765976267380537,0,-0.384099,4.28139,0,0.855375,0,0,0.51801,-0.384099,4.28139,0,0.855375,0,0,0.51801,0,0,0,-5.93376e-06,0,0,-5.93376e-06
1765976267380537,0,-0.384099,4.28139,0,0.855375,0,0,0.51801,-0.384099,4.28139,0,0.855375,0,0,0.51801,0,0,0,-5.93376e-06,0,0,-5.93376e-06
1765976267390448,0,-0.384099,4.28139,0,0.855375,0,0,0.51801,-0.384099,4.28139,0,0.855375,0,0,0.51801,-3.00699e-06,0,0,6.01399e-06,0,0,6.01399e-06
1765976267390448,0,-0.384099,4.28139,0,0.855375,0,0,0.51801,-0.384099,4.28139,0,0.855375,0,0,0.51801,-3.00699e-06,0,0,6.01399e-06,0,0,6.01399e-06
1765976267400455,0,-0.384099,4.28139,0,0.855375,0,0,0.51801,-0.384099,4.28139,0,0.855375,0,0,0.51801,0,0,0,0,0,0,0
1765976267400455,0,-0.384099,4.28139,0,0.855375,0,0,0.51801,-0.384099,4.28139,0,0.855375,0,0,0.51801,0,0,0,0,0,0,0
1765976267410493,0,-0.384099,4.28139,0,0.855375,0,0,0.51801,-0.384099,4.28139,0,0.855375,0,0,0.51801,-2.96895e-06,0,0,0,0,0,0
1765976267410493,0,-0.384099,4.28139,0,0.855375,0,0,0.51801,-0.384099,4.28139,0,0.855375,0,0,0.51801,-2.96895e-06,0,0,0,0,0,0
1765976267420551,0,-0.384099,4.28139,0,0.855375,0,0,0.51801,-0.384099,4.28139,0,0.855375,0,0,0.51801,0,0,0,0,0,0,0
1765976267420551,0,-0.384099,4.28139,0,0.855375,0,0,0.51801,-0.384099,4.28139,0,0.855375,0,0,0.51801,0,0,0,0,0,0,0
1765976267430600,0,-0.384099,4.28139,0,0.855375,0,0,0.51801,-0.384099,4.28139,0,0.855375,0,0,0.51801,0,0,0,0,0,0,0
1765976267430600,0,-0.384099,4.28139,0,0.855375,0,0,0.51801,-0.384099,4.28139,0,0.855375,0,0,0.51801,0,0,0,0,0,0,0
1765976267440621,0,-0.384099,4.28139,0,0.855375,0,0,0.51801,-0.384099,4.28139,0,0.855375,0,0,0.51801,2.97399e-06,0,0,0,0,0,0
1765976267440621,0,-0.384099,4.28139,0,0.855375,0,0,0.51801,-0.384099,4.28139,0,0.855375,0,0,0.51801,2.97399e-06,0,0,0,0,0,0
1765976267450510,0,-0.384099,4.28139,0,0.855375,0,0,0.51801,-0.384099,4.28139,0,0.855375,0,0,0.51801,0,0,0,-6.02737e-06,0,0,0
1765976267450510,0,-0.384099,4.28139,0,0.855375,0,0,0.51801,-0.384099,4.28139,0,0.855375,0,0,0.51801,0,0,0,-6.02737e-06,0,0,0
1765976267460590,0,-0.384099,4.28139,0,0.855375,0,0,0.51801,-0.384099,4.28139,0,0.855375,0,0,0.51801,0,0,0,0,0,0,0
1765976267460590,0,-0.384099,4.28139,0,0.855375,0,0,0.51801,-0.384099,4.28139,0,0.855375,0,0,0.51801,0,0,0,0,0,0,0
1765976267470549,0,-0.384099,4.28139,0,0.855375,0,0,0.51801,-0.384099,4.28139,0,0.855375,0,0,0.51801,0,0,0,0,0,0,0
1765976267470549,0,-0.384099,4.28139,0,0.855375,0,0,0.51801,-0.384099,4.28139,0,0.855375,0,0,0.51801,0,0,0,0,0,0,0
1765976267480703,0,-0.384099,4.28139,0,0.855375,0,0,0.51801,-0.384099,4.28139,0,0.855375,0,0,0.51801,0,0,0,0,0,0,0
1765976267480703,0,-0.384099,4.28139,0,0.855375,0,0,0.51801,-0.384099,4.28139,0,0.855375,0,0,0.51801,0,0,0,0,0,0,0
1765976267490708,0,-0.384099,4.28139,0,0.855375,0,0,0.51801,-0.384099,4.28139,0,0.855375,0,0,0.51801,0,0,0,0,0,0,0
1765976267490708,0,-0.384099,4.28139,0,0.855375,0,0,0.51801,-0.384099,4.28139,0,0.855375,0,0,0.51801,0,0,0,0,0,0,0
1765976267500604,0,-0.384099,4.28139,0,0.855375,0,0,0.51801,-0.384099,4.28139,0,0.855375,0,0,0.51801,-3.01155e-06,0,0,0,0,0,0
1765976267500604,0,-0.384099,4.28139,0,0.855375,0,0,0.51801,-0.384099,4.28139,0,0.855375,0,0,0.51801,-3.01155e-06,0,0,0,0,0,0
1765976267510751,0,-0.384099,4.28139,0,0.855375,0,0,0.51801,-0.384099,4.28139,0,0.855375,0,0,0.51801,0,0,0,0,0,0,0
1765976267510751,0,-0.384099,4.28139,0,0.855375,0,0,0.51801,-0.384099,4.28139,0,0.855375,0,0,0.51801,0,0,0,0,0,0,0
1765976267520754,0,-0.384099,4.28139,0,0.855375,0,0,0.51801,-0.384099,4.28139,0,0.855375,0,0,0.51801,0,0,0,0,0,0,0
1765976267520754,0,-0.384099,4.28139,0,0.855375,0,0,0.51801,-0.384099,4.28139,0,0.855375,0,0,0.51801,0,0,0,0,0,0,0
1765976267530703,0,-0.384099,4.28139,0,0.855375,0,0,0.51801,-0.384099,4.28139,0,0.855375,0,0,0.51801,0,0,0,0,0,0,0
1765976267530703,0,-0.384099,4.28139,0,0.855375,0,0,0.51801,-0.384099,4.28139,0,0.855375,0,0,0.51801,0,0,0,0,0,0,0
1765976267540726,0,-0.384099,4.28139,0,0.855375,0,0,0.51801,-0.384099,4.28139,0,0.855375,0,0,0.51801,0,0,0,0,0,0,0
1765976267540726,0,-0.384099,4.28139,0,0.855375,0,0,0.51801,-0.384099,4.28139,0,0.855375,0,0,0.51801,0,0,0,0,0,0,0
1765976267550526,0,-0.384099,4.28139,0,0.855375,0,0,0.51801,-0.384099,4.28139,0,0.855375,0,0,0.51801,0,0,0,0,0,0,0
1765976267550526,0,-0.384099,4.28139,0,0.855375,0,0,0.51801,-0.384099,4.28139,0,0.855375,0,0,0.51801,0,0,0,0,0,0,0
1765976267560653,0,-0.384099,4.28139,0,0.855375,0,0,0.51801,-0.384099,4.28139,0,0.855375,0,0,0.51801,0,0,0,0,0,0,0
1765976267560653,0,-0.384099,4.28139,0,0.855375,0,0,0.51801,-0.384099,4.28139,0,0.855375,0,0,0.51801,0,0,0,0,0,0,0
1765976267570606,0,-0.384099,4.28139,0,0.855375,0,0,0.51801,-0.384099,4.28139,0,0.855375,0,0,0.51801,0,0,0,0,0,0,0
1765976267570606,0,-0.384099,4.28139,0,0.855375,0,0,0.51801,-0.384099,4.28139,0,0.855375,0,0,0.51801,0,0,0,0,0,0,0
1765976267580593,0,-0.384099,4.28139,0,0.855375,0,0,0.51801,-0.384099,4.28139,0,0.855375,0,0,0.51801,0,0,0,5.96822e-06,0,0,0
1765976267580593,0,-0.384099,4.28139,0,0.855375,0,0,0.51801,-0.384099,4.28139,0,0.855375,0,0,0.51801,0,0,0,5.96822e-06,0,0,0
1765976267590771,0,-0.384099,4.28139,0,0.855375,0,0,0.51801,-0.384099,4.28139,0,0.855375,0,0,0.51801,0,0,0,0,0,0,0
1765976267590771,0,-0.384099,4.28139,0,0.855375,0,0,0.51801,-0.384099,4.28139,0,0.855375,0,0,0.51801,0,0,0,0,0,0,0
1765976267600539,0,-0.384099,4.28139,0,0.855375,0,0,0.51801,-0.384099,4.28139,0,0.855375,0,0,0.51801,0,0,0,0,0,0,0
1765976267600539,0,-0.384099,4.28139,0,0.855375,0,0,0.51801,-0.384099,4.28139,0,0.855375,0,0,0.51801,0,0,0,0,0,0,0
1765976267610654,0,-0.384099,4.28139,0,0.855375,0,0,0.51801,-0.384099,4.28139,0,0.855375,0,0,0.51801,0,0,0,0,0,0,0
1765976267610654,0,-0.384099,4.28139,0,0.855375,0,0,0.51801,-0.384099,4.28139,0,0.855375,0,0,0.51801,0,0,0,0,0,0,0
1765976267620541,0,-0.384099,4.28139,0,0.855375,0,0,0.51801,-0.384099,4.28139,0,0.855375,0,0,0.51801,0,0,0,0,0,0,0
1765976267620541,0,-0.384099,4.28139,0,0.855375,0,0,0.51801,-0.384099,4.28139,0,0.855375,0,0,0.51801,0,0,0,0,0,0,0
1765976267630549,0,-0.384099,4.28139,0,0.855375,0,0,0.51801,-0.384099,4.28139,0,0.855375,0,0,0.51801,0,0,0,0,0,0,0
1765976267630549,0,-0.384099,4.28139,0,0.855375,0,0,0.51801,-0.384099,4.28139,0,0.855375,0,0,0.51801,0,0,0,0,0,0,0
1765976267640652,0,-0.384099,4.28139,0,0.855375,0,0,0.51801,-0.384099,4.28139,0,0.855375,0,0,0.51801,0,0,0,0,0,0,0
1765976267640652,0,-0.384099,4.28139,0,0.855375,0,0,0.51801,-0.384099,4.28139,0,0.855375,0,0,0.51801,0,0,0,0,0,0,0
1765976267650669,0,-0.384099,4.28139,0,0.855375,0,0,0.51801,-0.384099,4.28139,0,0.855375,0,0,0.51801,0,0,0,0,0,0,0
1765976267650669,0,-0.384099,4.28139,0,0.855375,0,0,0.51801,-0.384099,4.28139,0,0.855375,0,0,0.51801,0,0,0,0,0,0,0
1765976267660573,0,-0.384099,4.28139,0,0.855375,0,0,0.51801,-0.384099,4.28139,0,0.855375,0,0,0.51801,3.00912e-06,0,0,0,0,0,0
1765976267660573,0,-0.384099,4.28139,0,0.855375,0,0,0.51801,-0.384099,4.28139,0,0.855375,0,0,0.51801,3.00912e-06,0,0,0,0,0,0
1765976267670635,0,-0.384099,4.28139,0,0.855375,0,0,0.51801,-0.384099,4.28139,0,0.855375,0,0,0.51801,-2.96187e-06,0,0,0,0,0,0
1765976267670635,0,-0.384099,4.28139,0,0.855375,0,0,0.51801,-0.384099,4.28139,0,0.855375,0,0,0.51801,-2.96187e-06,0,0,0,0,0,0
1765976267680685,0,-0.384099,4.28139,0,0.855375,0,0,0.51801,-0.384099,4.28139,0,0.855375,0,0,0.51801,0,0,0,-5.93081e-06,0,0,0
1765976267680685,0,-0.384099,4.28139,0,0.855375,0,0,0.51801,-0.384099,4.28139,0,0.855375,0,0,0.51801,0,0,0,-5.93081e-06,0,0,0
1765976267690719,0,-0.384099,4.28139,0,0.855375,0,0,0.51801,-0.384099,4.28139,0,0.855375,0,0,0.51801,0,0,0,0,0,0,0
1765976267690719,0,-0.384099,4.28139,0,0.855375,0,0,0.51801,-0.384099,4.28139,0,0.855375,0,0,0.51801,0,0,0,0,0,0,0
1765976267700496,0,-0.384099,4.28139,0,0.855375,0,0,0.51801,-0.384099,4.28139,0,0.855375,0,0,0.51801,0,0,0,0,0,0,0
1765976267700496,0,-0.384099,4.28139,0,0.855375,0,0,0.51801,-0.384099,4.28139,0,0.855375,0,0,0.51801,0,0,0,0,0,0,0
1765976267710584,0,-0.384099,4.28139,0,0.855375,0,0,0.51801,-0.384099,4.28139,0,0.855375,0,0,0.51801,0,0,0,0,0,0,0
1765976267710584,0,-0.384099,4.28139,0,0.855375,0,0,0.51801,-0.384099,4.28139,0,0.855375,0,0,0.51801,0,0,0,0,0,0,0
1765976267720504,0,-0.384099,4.28139,0,0.855375,0,0,0.51801,-0.384099,4.28139,0,0.855375,0,0,0.51801,0,0,0,0,0,0,0
1765976267720504,0,-0.384099,4.28139,0,0.855375,0,0,0.51801,-0.384099,4.28139,0,0.855375,0,0,0.51801,0,0,0,0,0,0,0
1765976267730529,0,-0.384099,4.28139,0,0.855375,0,0,0.51801,-0.384099,4.28139,0,0.855375,0,0,0.51801,0,0,0,0,0,0,0
1765976267730529,0,-0.384099,4.28139,0,0.855375,0,0,0.51801,-0.384099,4.28139,0,0.855375,0,0,0.51801,0,0,0,0,0,0,0
1765976267740637,0,-0.384099,4.28139,0,0.855375,0,0,0.51801,-0.384099,4.28139,0,0.855375,0,0,0.51801,0,0,0,0,0,0,0
1765976267740637,0,-0.384099,4.28139,0,0.855375,0,0,0.51801,-0.384099,4.28139,0,0.855375,0,0,0.51801,0,0,0,0,0,0,0
1765976267750522,0,-0.384099,4.28139,0,0.855375,0,0,0.51801,-0.384099,4.28139,0,0.855375,0,0,0.51801,0,0,0,0,0,0,0
1765976267750522,0,-0.384099,4.28139,0,0.855375,0,0,0.51801,-0.384099,4.28139,0,0.855375,0,0,0.51801,0,0,0,0,0,0,0
1765976267760678,0,-0.384099,4.28139,0,0.855375,0,0,0.51801,-0.384099,4.28139,0,0.855375,0,0,0.51801,-2.93445e-06,0,0,0,0,0,0
1765976267760678,0,-0.384099,4.28139,0,0.855375,0,0,0.51801,-0.384099,4.28139,0,0.855375,0,0,0.51801,-2.93445e-06,0,0,0,0,0,0
1765976267770573,0,-0.384099,4.28139,0,0.855375,0,0,0.51801,-0.384099,4.28139,0,0.855375,0,0,0.51801,3.01186e-06,0,0,6.02371e-06,0,0,0
1765976267770573,0,-0.384099,4.28139,0,0.855375,0,0,0.51801,-0.384099,4.28139,0,0.855375,0,0,0.51801,3.01186e-06,0,0,6.02371e-06,0,0,0
1765976267780658,0,-0.384099,4.28139,0,0.855375,0,0,0.51801,-0.384099,4.28139,0,0.855375,0,0,0.51801,0,0,0,0,0,0,0
1765976267780658,0,-0.384099,4.28139,0,0.855375,0,0,0.51801,-0.384099,4.28139,0,0.855375,0,0,0.51801,0,0,0,0,0,0,0
1765976267790574,0,-0.384099,4.28139,0,0.855375,0,0,0.51801,-0.384099,4.28139,0,0.855375,0,0,0.51801,0,0,0,0,0,0,0
1765976267790574,0,-0.384099,4.28139,0,0.855375,0,0,0.51801,-0.384099,4.28139,0,0.855375,0,0,0.51801,0,0,0,0,0,0,0
1765976267800559,0,-0.384099,4.28139,0,0.855375,0,0,0.51801,-0.384099,4.28139,0,0.855375,0,0,0.51801,0,0,0,0,0,0,0
1765976267800559,0,-0.384099,4.28139,0,0.855375,0,0,0.51801,-0.384099,4.28139,0,0.855375,0,0,0.51801,0,0,0,0,0,0,0
1765976267810749,0,-0.384099,4.28139,0,0.855375,0,0,0.51801,-0.384099,4.28139,0,0.855375,0,0,0.51801,0,0,0,0,0,0,0
1765976267810749,0,-0.384099,4.28139,0,0.855375,0,0,0.51801,-0.384099,4.28139,0,0.855375,0,0,0.51801,0,0,0,0,0,0,0
1765976267820582,0,-0.384099,4.28139,0,0.855375,0,0,0.51801,-0.384099,4.28139,0,0.855375,0,0,0.51801,0,0,0,-6.06169e-06,0,0,0
1765976267820582,0,-0.384099,4.28139,0,0.855375,0,0,0.51801,-0.384099,4.28139,0,0.855375,0,0,0.51801,0,0,0,-6.06169e-06,0,0,0
1765976267830645,0,-0.384099,4.28139,0,0.855375,0,0,0.51801,-0.384099,4.28139,0,0.855375,0,0,0.51801,0,0,0,-5.92315e-06,0,0,0
1765976267830645,0,-0.384099,4.28139,0,0.855375,0,0,0.51801,-0.384099,4.28139,0,0.855375,0,0,0.51801,0,0,0,-5.92315e-06,0,0,0
1765976267840616,0,-0.384099,4.28139,0,0.855375,0,0,0.51801,-0.384099,4.28139,0,0.855375,0,0,0.51801,0,0,0,0,0,0,0
1765976267840616,0,-0.384099,4.28139,0,0.855375,0,0,0.51801,-0.384099,4.28139,0,0.855375,0,0,0.51801,0,0,0,0,0,0,0
1765976267850556,0,-0.384099,4.28139,0,0.855375,0,0,0.51801,-0.384099,4.28139,0,0.855375,0,0,0.51801,0,0,0,0,0,0,0
1765976267850556,0,-0.384099,4.28139,0,0.855375,0,0,0.51801,-0.384099,4.28139,0,0.855375,0,0,0.51801,0,0,0,0,0,0,0
1765976267860682,0,-0.384099,4.28139,0,0.855375,0,0,0.51801,-0.384099,4.28139,0,0.855375,0,0,0.51801,0,0,0,0,0,0,0
1765976267860682,0,-0.384099,4.28139,0,0.855375,0,0,0.51801,-0.384099,4.28139,0,0.855375,0,0,0.51801,0,0,0,0,0,0,0
1765976267870620,0,-0.384099,4.28139,0,0.855375,0,0,0.51801,-0.384099,4.28139,0,0.855375,0,0,0.51801,0,0,0,5.99765e-06,0,0,0
1765976267870620,0,-0.384099,4.28139,0,0.855375,0,0,0.51801,-0.384099,4.28139,0,0.855375,0,0,0.51801,0,0,0,5.99765e-06,0,0,0
1765976267880704,0,-0.384099,4.28139,0,0.855375,0,0,0.51801,-0.384099,4.28139,0,0.855375,0,0,0.51801,0,0,0,0,0,0,-5.91081e-06
1765976267880704,0,-0.384099,4.28139,0,0.855375,0,0,0.51801,-0.384099,4.28139,0,0.855375,0,0,0.51801,0,0,0,0,0,0,-5.91081e-06
1765976267890603,0,-0.384099,4.28139,0,0.855375,0,0,0.51801,-0.384099,4.28139,0,0.855375,0,0,0.51801,0,0,0,-6.02128e-06,0,0,0
1765976267890603,0,-0.384099,4.28139,0,0.855375,0,0,0.51801,-0.384099,4.28139,0,0.855375,0,0,0.51801,0,0,0,-6.02128e-06,0,0,0
1765976267900657,0,-0.384099,4.28139,0,0.855375,0,0,0.51801,-0.384099,4.28139,0,0.855375,0,0,0.51801,0,0,0,0,0,0,0
1765976267900657,0,-0.384099,4.28139,0,0.855375,0,0,0.51801,-0.384099,4.28139,0,0.855375,0,0,0.51801,0,0,0,0,0,0,0
1765976267910741,0,-0.384099,4.28139,0,0.855375,0,0,0.51801,-0.384099,4.28139,0,0.855375,0,0,0.51801,0,0,0,5.91081e-06,0,0,0
1765976267910741,0,-0.384099,4.28139,0,0.855375,0,0,0.51801,-0.384099,4.28139,0,0.855375,0,0,0.51801,0,0,0,5.91081e-06,0,0,0
1765976267920581,0,-0.384099,4.28139,0,0.855375,0,0,0.51801,-0.384099,4.28139,0,0.855375,0,0,0.51801,0,0,0,0,0,0,0
1765976267920581,0,-0.384099,4.28139,0,0.855375,0,0,0.51801,-0.384099,4.28139,0,0.855375,0,0,0.51801,0,0,0,0,0,0,0
1765976267930635,0,-0.384099,4.28139,0,0.855375,0,0,0.51801,-0.384099,4.28139,0,0.855375,0,0,0.51801,0,0,0,0,0,0,0
1765976267930635,0,-0.384099,4.28139,0,0.855375,0,0,0.51801,-0.384099,4.28139,0,0.855375,0,0,0.51801,0,0,0,0,0,0,0
1765976267940823,0,-0.384099,4.28139,0,0.855375,0,0,0.51801,-0.384099,4.28139,0,0.855375,0,0,0.51801,0,0,0,0,0,0,0
1765976267940823,0,-0.384099,4.28139,0,0.855375,0,0,0.51801,-0.384099,4.28139,0,0.855375,0,0,0.51801,0,0,0,0,0,0,0
1765976267950458,0,-0.384099,4.28139,0,0.855375,0,0,0.51801,-0.384099,4.28139,0,0.855375,0,0,0.51801,3.09313e-06,0,0,6.18626e-06,0,0,0
1765976267950458,0,-0.384099,4.28139,0,0.855375,0,0,0.51801,-0.384099,4.28139,0,0.855375,0,0,0.51801,3.09313e-06,0,0,6.18626e-06,0,0,0
1765976267960647,0,-0.384099,4.28139,0,0.855375,0,0,0.51801,-0.384099,4.28139,0,0.855375,0,0,0.51801,0,0,0,0,0,0,0
1765976267960647,0,-0.384099,4.28139,0,0.855375,0,0,0.51801,-0.384099,4.28139,0,0.855375,0,0,0.51801,0,0,0,0,0,0,0
1765976267970585,0,-0.384099,4.28139,0,0.855375,0,0,0.51801,-0.384099,4.28139,0,0.855375,0,0,0.51801,0,0,0,0,0,0,0
1765976267970585,0,-0.384099,4.28139,0,0.855375,0,0,0.51801,-0.384099,4.28139,0,0.855375,0,0,0.51801,0,0,0,0,0,0,0
1765976267980472,0,-0.384099,4.28139,0,0.855375,0,0,0.51801,-0.384099,4.28139,0,0.855375,0,0,0.51801,0,0,0,0,0,0,0
1765976267980472,0,-0.384099,4.28139,0,0.855375,0,0,0.51801,-0.384099,4.28139,0,0.855375,0,0,0.51801,0,0,0,0,0,0,0
1765976267990480,0,-0.384099,4.28139,0,0.855375,0,0,0.51801,-0.384099,4.28139,0,0.855375,0,0,0.51801,0,0,0,-5.9557e-06,0,0,0
1765976267990480,0,-0.384099,4.28139,0,0.855375,0,0,0.51801,-0.384099,4.28139,0,0.855375,0,0,0.51801,0,0,0,-5.9557e-06,0,0,0
1765976268000455,0,-0.384099,4.28139,0,0.855375,0,0,0.51801,-0.384099,4.28139,0,0.855375,0,0,0.51801,0,0,0,5.9754e-06,0,0,0
1765976268000455,0,-0.384099,4.28139,0,0.855375,0,0,0.51801,-0.384099,4.28139,0,0.855375,0,0,0.51801,0,0,0,5.9754e-06,0,0,0
1765976268010592,0,-0.384099,4.28139,0,0.855375,0,0,0.51801,-0.384099,4.28139,0,0.855375,0,0,0.51801,2.93995e-06,0,0,0,0,0,0
1765976268010592,0,-0.384099,4.28139,0,0.855375,0,0,0.51801,-0.384099,4.28139,0,0.855375,0,0,0.51801,2.93995e-06,0,0,0,0,0,0
1765976268020484,0,-0.384099,4.28139,0,0.855375,0,0,0.51801,-0.384099,4.28139,0,0.855375,0,0,0.51801,0,0,0,0,0,0,0
1765976268020484,0,-0.384099,4.28139,0,0.855375,0,0,0.51801,-0.384099,4.28139,0,0.855375,0,0,0.51801,0,0,0,0,0,0,0
1765976268030482,0,-0.384099,4.28139,0,0.855375,0,0,0.51801,-0.384099,4.28139,0,0.855375,0,0,0.51801,0,0,0,0,0,0,0
1765976268030482,0,-0.384099,4.28139,0,0.855375,0,0,0.51801,-0.384099,4.28139,0,0.855375,0,0,0.51801,0,0,0,0,0,0,0
1765976268040607,0,-0.384099,4.28139,0,0.855375,0,0,0.51801,-0.384099,4.28139,0,0.855375,0,0,0.51801,0,0,0,0,0,0,0
1765976268040607,0,-0.384099,4.28139,0,0.855375,0,0,0.51801,-0.384099,4.28139,0,0.855375,0,0,0.51801,0,0,0,0,0,0,0
1765976268050572,0,-0.384099,4.28139,0,0.855375,0,0,0.51801,-0.384099,4.28139,0,0.855375,0,0,0.51801,-2.9907e-06,0,0,0,0,0,0
1765976268050572,0,-0.384099,4.28139,0,0.855375,0,0,0.51801,-0.384099,4.28139,0,0.855375,0,0,0.51801,-2.9907e-06,0,0,0,0,0,0
1765976268060516,0,-0.384099,4.28139,0,0.855375,0,0,0.51801,-0.384099,4.28139,0,0.855375,0,0,0.51801,0,0,0,5.99403e-06,0,0,0
1765976268060516,0,-0.384099,4.28139,0,0.855375,0,0,0.51801,-0.384099,4.28139,0,0.855375,0,0,0.51801,0,0,0,5.99403e-06,0,0,0
1765976268070583,0,-0.384099,4.28139,0,0.855375,0,0,0.51801,-0.384099,4.28139,0,0.855375,0,0,0.51801,2.9604e-06,0,0,0,0,0,0
1765976268070583,0,-0.384099,4.28139,0,0.855375,0,0,0.51801,-0.384099,4.28139,0,0.855375,0,0,0.51801,2.9604e-06,0,0,0,0,0,0
1765976268080492,0,-0.384099,4.28139,0,0.855375,0,0,0.51801,-0.384099,4.28139,0,0.855375,0,0,0.51801,0,0,0,0,0,0,0
1765976268080492,0,-0.384099,4.28139,0,0.855375,0,0,0.51801,-0.384099,4.28139,0,0.855375,0,0,0.51801,0,0,0,0,0,0,0
1765976268090495,0,-0.384099,4.28139,0,0.855375,0,0,0.51801,-0.384099,4.28139,0,0.855375,0,0,0.51801,0,0,0,-5.95868e-06,0,0,0
1765976268090495,0,-0.384099,4.28139,0,0.855375,0,0,0.51801,-0.384099,4.28139,0,0.855375,0,0,0.51801,0,0,0,-5.95868e-06,0,0,0
1765976268100472,0,-0.384099,4.28139,0,0.855375,0,0,0.51801,-0.384099,4.28139,0,0.855375,0,0,0.51801,0,0,0,-5.97421e-06,0,0,0
1765976268100472,0,-0.384099,4.28139,0,0.855375,0,0,0.51801,-0.384099,4.28139,0,0.855375,0,0,0.51801,0,0,0,-5.97421e-06,0,0,0
1765976268110477,0,-0.384099,4.28139,0,0.855375,0,0,0.51801,-0.384099,4.28139,0,0.855375,0,0,0.51801,0,0,0,0,0,0,0
1765976268110477,0,-0.384099,4.28139,0,0.855375,0,0,0.51801,-0.384099,4.28139,0,0.855375,0,0,0.51801,0,0,0,0,0,0,0
1765976268120430,0,-0.384099,4.28139,0,0.855375,0,0,0.51801,-0.384099,4.28139,0,0.855375,0,0,0.51801,0,0,0,5.98861e-06,0,0,0
1765976268120430,0,-0.384099,4.28139,0,0.855375,0,0,0.51801,-0.384099,4.28139,0,0.855375,0,0,0.51801,0,0,0,5.98861e-06,0,0,0
1765976268130437,0,-0.384099,4.28139,0,0.855375,0,0,0.51801,-0.384099,4.28139,0,0.855375,0,0,0.51801,0,0,0,0,0,0,0
1765976268130437,0,-0.384099,4.28139,0,0.855375,0,0,0.51801,-0.384099,4.28139,0,0.855375,0,0,0.51801,0,0,0,0,0,0,0
1765976268140468,0,-0.384099,4.28139,0,0.855375,0,0,0.51801,-0.384099,4.28139,0,0.855375,0,0,0.51801,0,0,0,-5.94204e-06,0,0,0
1765976268140468,0,-0.384099,4.28139,0,0.855375,0,0,0.51801,-0.384099,4.28139,0,0.855375,0,0,0.51801,0,0,0,-5.94204e-06,0,0,0
1765976268150394,0,-0.384099,4.28139,0,0.855375,0,0,0.51801,-0.384099,4.28139,0,0.855375,0,0,0.51801,0,0,0,0,0,0,0
1765976268150394,0,-0.384099,4.28139,0,0.855375,0,0,0.51801,-0.384099,4.28139,0,0.855375,0,0,0.51801,0,0,0,0,0,0,0
1765976268160434,0,-0.384099,4.28139,0,0.855375,0,0,0.51801,-0.384099,4.28139,0,0.855375,0,0,0.51801,0,0,0,5.93672e-06,0,0,0
1765976268160434,0,-0.384099,4.28139,0,0.855375,0,0,0.51801,-0.384099,4.28139,0,0.855375,0,0,0.51801,0,0,0,5.93672e-06,0,0,0
1765976268170467,0,-0.384099,4.28139,0,0.855375,0,0,0.51801,-0.384099,4.28139,0,0.855375,0,0,0.51801,-2.97043e-06,0,0,0,0,0,0
1765976268170467,0,-0.384099,4.28139,0,0.855375,0,0,0.51801,-0.384099,4.28139,0,0.855375,0,0,0.51801,-2.97043e-06,0,0,0,0,0,0
1765976268180507,0,-0.384099,4.28139,0,0.855375,0,0,0.51801,-0.384099,4.28139,0,0.855375,0,0,0.51801,0,0,0,0,0,0,0
1765976268180507,0,-0.384099,4.28139,0,0.855375,0,0,0.51801,-0.384099,4.28139,0,0.855375,0,0,0.51801,0,0,0,0,0,0,0
1765976268190555,0,-0.384099,4.28139,0,0.855375,0,0,0.51801,-0.384099,4.28139,0,0.855375,0,0,0.51801,0,0,0,0,0,0,0
1765976268190555,0,-0.384099,4.28139,0,0.855375,0,0,0.51801,-0.384099,4.28139,0,0.855375,0,0,0.51801,0,0,0,0,0,0,0
1765976268200479,0,-0.384099,4.28139,0,0.855375,0,0,0.51801,-0.384099,4.28139,0,0.855375,0,0,0.51801,0,0,0,-6.00611e-06,0,0,0
1765976268200479,0,-0.384099,4.28139,0,0.855375,0,0,0.51801,-0.384099,4.28139,0,0.855375,0,0,0.51801,0,0,0,-6.00611e-06,0,0,0
1765976268210518,0,-0.384099,4.28139,0,0.855375,0,0,0.51801,-0.384099,4.28139,0,0.855375,0,0,0.51801,2.96865e-06,0,0,0,0,0,0
1765976268210518,0,-0.384099,4.28139,0,0.855375,0,0,0.51801,-0.384099,4.28139,0,0.855375,0,0,0.51801,2.96865e-06,0,0,0,0,0,0
1765976268220496,0,-0.384099,4.28139,0,0.855375,0,0,0.51801,-0.384099,4.28139,0,0.855375,0,0,0.51801,0,0,0,0,0,0,0
1765976268220496,0,-0.384099,4.28139,0,0.855375,0,0,0.51801,-0.384099,4.28139,0,0.855375,0,0,0.51801,0,0,0,0,0,0,0
1765976268230481,0,-0.384099,4.28139,0,0.855375,0,0,0.51801,-0.384099,4.28139,0,0.855375,0,0,0.51801,0,0,0,0,0,0,0
1765976268230481,0,-0.384099,4.28139,0,0.855375,0,0,0.51801,-0.384099,4.28139,0,0.855375,0,0,0.51801,0,0,0,0,0,0,0
1765976268240564,0,-0.384099,4.28139,0,0.855375,0,0,0.51801,-0.384099,4.28139,0,0.855375,0,0,0.51801,0,0,0,0,0,0,0
1765976268240564,0,-0.384099,4.28139,0,0.855375,0,0,0.51801,-0.384099,4.28139,0,0.855375,0,0,0.51801,0,0,0,0,0,0,0
1765976268250468,0,-0.384099,4.28139,0,0.855375,0,0,0.51801,-0.384099,4.28139,0,0.855375,0,0,0.51801,0,0,0,0,0,0,0
1765976268250468,0,-0.384099,4.28139,0,0.855375,0,0,0.51801,-0.384099,4.28139,0,0.855375,0,0,0.51801,0,0,0,0,0,0,0
1765976268260516,0,-0.384099,4.28139,0,0.855375,0,0,0.51801,-0.384099,4.28139,0,0.855375,0,0,0.51801,0,0,0,0,0,0,0
1765976268260516,0,-0.384099,4.28139,0,0.855375,0,0,0.51801,-0.384099,4.28139,0,0.855375,0,0,0.51801,0,0,0,0,0,0,0
1765976268270597,0,-0.384099,4.28139,0,0.855375,0,0,0.51801,-0.384099,4.28139,0,0.855375,0,0,0.51801,-2.95629e-06,0,0,0,0,0,0
1765976268270597,0,-0.384099,4.28139,0,0.855375,0,0,0.51801,-0.384099,4.28139,0,0.855375,0,0,0.51801,-2.95629e-06,0,0,0,0,0,0
1765976268280576,0,-0.384099,4.28139,0,0.855375,0,0,0.51801,-0.384099,4.28139,0,0.855375,0,0,0.51801,0,0,0,5.97301e-06,0,0,0
1765976268280576,0,-0.384099,4.28139,0,0.855375,0,0,0.51801,-0.384099,4.28139,0,0.855375,0,0,0.51801,0,0,0,5.97301e-06,0,0,0
1765976268290693,0,-0.384099,4.28139,0,0.855375,0,0,0.51801,-0.384099,4.28139,0,0.855375,0,0,0.51801,0,0,0,0,0,0,0
1765976268290693,0,-0.384099,4.28139,0,0.855375,0,0,0.51801,-0.384099,4.28139,0,0.855375,0,0,0.51801,0,0,0,0,0,0,0
1765976268300639,0,-0.384099,4.28139,0,0.855375,0,0,0.51801,-0.384099,4.28139,0,0.855375,0,0,0.51801,0,0,0,0,0,0,0
1765976268300639,0,-0.384099,4.28139,0,0.855375,0,0,0.51801,-0.384099,4.28139,0,0.855375,0,0,0.51801,0,0,0,0,0,0,0
1765976268310574,0,-0.384099,4.28139,0,0.855375,0,0,0.51801,-0.384099,4.28139,0,0.855375,0,0,0.51801,0,0,0,0,0,0,0
1765976268310574,0,-0.384099,4.28139,0,0.855375,0,0,0.51801,-0.384099,4.28139,0,0.855375,0,0,0.51801,0,0,0,0,0,0,0
1765976268320504,0,-0.384099,4.28139,0,0.855375,0,0,0.51801,-0.384099,4.28139,0,0.855375,0,0,0.51801,0,0,0,0,0,0,0
1765976268320504,0,-0.384099,4.28139,0,0.855375,0,0,0.51801,-0.384099,4.28139,0,0.855375,0,0,0.51801,0,0,0,0,0,0,0
1765976268330589,0,-0.384099,4.28139,0,0.855375,0,0,0.51801,-0.384099,4.28139,0,0.855375,0,0,0.51801,2.95511e-06,0,0,0,0,0,0
1765976268330589,0,-0.384099,4.28139,0,0.855375,0,0,0.51801,-0.384099,4.28139,0,0.855375,0,0,0.51801,2.95511e-06,0,0,0,0,0,0
1765976268340661,0,-0.384099,4.28139,0,0.855375,0,0,0.51801,-0.384099,4.28139,0,0.855375,0,0,0.51801,0,0,0,0,0,0,0
1765976268340661,0,-0.384099,4.28139,0,0.855375,0,0,0.51801,-0.384099,4.28139,0,0.855375,0,0,0.51801,0,0,0,0,0,0,0
1765976268350578,0,-0.384099,4.28139,0,0.855375,0,0,0.51801,-0.384099,4.28139,0,0.855375,0,0,0.51801,-3.00518e-06,0,0,0,0,0,0
1765976268350578,0,-0.384099,4.28139,0,0.855375,0,0,0.51801,-0.384099,4.28139,0,0.855375,0,0,0.51801,-3.00518e-06,0,0,0,0,0,0
1765976268360708,0,-0.384099,4.28139,0,0.855375,0,0,0.51801,-0.384099,4.28139,0,0.855375,0,0,0.51801,0,0,0,0,0,0,0
1765976268360708,0,-0.384099,4.28139,0,0.855375,0,0,0.51801,-0.384099,4.28139,0,0.855375,0,0,0.51801,0,0,0,0,0,0,0
1765976268370635,0,-0.384099,4.28139,0,0.855375,0,0,0.51801,-0.384099,4.28139,0,0.855375,0,0,0.51801,0,0,0,0,0,0,0
1765976268370635,0,-0.384099,4.28139,0,0.855375,0,0,0.51801,-0.384099,4.28139,0,0.855375,0,0,0.51801,0,0,0,0,0,0,0
1765976268380634,0,-0.384099,4.28139,0,0.855375,0,0,0.51801,-0.384099,4.28139,0,0.855375,0,0,0.51801,0,0,0,0,0,0,0
1765976268380634,0,-0.384099,4.28139,0,0.855375,0,0,0.51801,-0.384099,4.28139,0,0.855375,0,0,0.51801,0,0,0,0,0,0,0
1765976268390701,0,-0.384099,4.28139,0,0.855375,0,0,0.51801,-0.384099,4.28139,0,0.855375,0,0,0.51801,2.9604e-06,0,0,0,0,0,0
1765976268390701,0,-0.384099,4.28139,0,0.855375,0,0,0.51801,-0.384099,4.28139,0,0.855375,0,0,0.51801,2.9604e-06,0,0,0,0,0,0
1765976268400593,0,-0.384099,4.28139,0,0.855375,0,0,0.51801,-0.384099,4.28139,0,0.855375,0,0,0.51801,0,0,0,0,0,0,0
1765976268400593,0,-0.384099,4.28139,0,0.855375,0,0,0.51801,-0.384099,4.28139,0,0.855375,0,0,0.51801,0,0,0,0,0,0,0
1765976268410639,0,-0.384099,4.28139,0,0.855375,0,0,0.51801,-0.384099,4.28139,0,0.855375,0,0,0.51801,0,0,0,0,0,0,0
1765976268410639,0,-0.384099,4.28139,0,0.855375,0,0,0.51801,-0.384099,4.28139,0,0.855375,0,0,0.51801,0,0,0,0,0,0,0
1765976268420566,0,-0.384099,4.28139,0,0.855375,0,0,0.51801,-0.384099,4.28139,0,0.855375,0,0,0.51801,0,0,0,0,0,0,0
1765976268420566,0,-0.384099,4.28139,0,0.855375,0,0,0.51801,-0.384099,4.28139,0,0.855375,0,0,0.51801,0,0,0,0,0,0,0
1765976268430498,0,-0.384099,4.28139,0,0.855375,0,0,0.51801,-0.384099,4.28139,0,0.855375,0,0,0.51801,0,0,0,0,0,0,0
1765976268430498,0,-0.384099,4.28139,0,0.855375,0,0,0.51801,-0.384099,4.28139,0,0.855375,0,0,0.51801,0,0,0,0,0,0,0
1765976268440522,0,-0.384099,4.28139,0,0.855375,0,0,0.51801,-0.384099,4.28139,0,0.855375,0,0,0.51801,0,0,0,0,0,0,0
1765976268440522,0,-0.384099,4.28139,0,0.855375,0,0,0.51801,-0.384099,4.28139,0,0.855375,0,0,0.51801,0,0,0,0,0,0,0
1765976268450490,0,-0.384099,4.28139,0,0.855375,0,0,0.51801,-0.384099,4.28139,0,0.855375,0,0,0.51801,0,0,0,0,0,0,0
1765976268450490,0,-0.384099,4.28139,0,0.855375,0,0,0.51801,-0.384099,4.28139,0,0.855375,0,0,0.51801,0,0,0,0,0,0,0
1765976268460629,0,-0.384099,4.28139,0,0.855375,0,0,0.51801,-0.384099,4.28139,0,0.855375,0,0,0.51801,0,0,0,0,0,0,0
1765976268460629,0,-0.384099,4.28139,0,0.855375,0,0,0.51801,-0.384099,4.28139,0,0.855375,0,0,0.51801,0,0,0,0,0,0,0
1765976268470466,0,-0.384099,4.28139,0,0.855375,0,0,0.51801,-0.384099,4.28139,0,0.855375,0,0,0.51801,0,0,0,-6.05923e-06,0,0,0
1765976268470466,0,-0.384099,4.28139,0,0.855375,0,0,0.51801,-0.384099,4.28139,0,0.855375,0,0,0.51801,0,0,0,-6.05923e-06,0,0,0
1765976268480508,0,-0.384099,4.28139,0,0.855375,0,0,0.51801,-0.384099,4.28139,0,0.855375,0,0,0.51801,0,0,0,-5.93554e-06,0,0,0
1765976268480508,0,-0.384099,4.28139,0,0.855375,0,0,0.51801,-0.384099,4.28139,0,0.855375,0,0,0.51801,0,0,0,-5.93554e-06,0,0,0
1765976268490508,0,-0.384099,4.28139,0,0.855375,0,0,0.51801,-0.384099,4.28139,0,0.855375,0,0,0.51801,0,0,0,-5.96046e-06,0,0,0
1765976268490508,0,-0.384099,4.28139,0,0.855375,0,0,0.51801,-0.384099,4.28139,0,0.855375,0,0,0.51801,0,0,0,-5.96046e-06,0,0,0
1765976268500547,0,-0.384099,4.28139,0,0.855375,0,0,0.51801,-0.384099,4.28139,0,0.855375,0,0,0.51801,0,0,0,-5.93731e-06,0,0,0
1765976268500547,0,-0.384099,4.28139,0,0.855375,0,0,0.51801,-0.384099,4.28139,0,0.855375,0,0,0.51801,0,0,0,-5.93731e-06,0,0,0
1765976268510447,0,-0.384099,4.28139,0,0.855375,0,0,0.51801,-0.384099,4.28139,0,0.855375,0,0,0.51801,0,0,0,6.02067e-06,0,0,0
1765976268510447,0,-0.384099,4.28139,0,0.855375,0,0,0.51801,-0.384099,4.28139,0,0.855375,0,0,0.51801,0,0,0,6.02067e-06,0,0,0
1765976268520489,0,-0.384099,4.28139,0,0.855375,0,0,0.51801,-0.384099,4.28139,0,0.855375,0,0,0.51801,0,0,0,0,0,0,0
1765976268520489,0,-0.384099,4.28139,0,0.855375,0,0,0.51801,-0.384099,4.28139,0,0.855375,0,0,0.51801,0,0,0,0,0,0,0
1765976268530485,0,-0.384099,4.28139,0,0.855375,0,0,0.51801,-0.384099,4.28139,0,0.855375,0,0,0.51801,0,0,0,0,0,0,0
1765976268530485,0,-0.384099,4.28139,0,0.855375,0,0,0.51801,-0.384099,4.28139,0,0.855375,0,0,0.51801,0,0,0,0,0,0,0
1765976268540507,0,-0.384099,4.28139,0,0.855375,0,0,0.51801,-0.384099,4.28139,0,0.855375,0,0,0.51801,2.97369e-06,0,0,0,0,0,0
1765976268540507,0,-0.384099,4.28139,0,0.855375,0,0,0.51801,-0.384099,4.28139,0,0.855375,0,0,0.51801,2.97369e-06,0,0,0,0,0,0
1765976268550446,0,-0.384099,4.28139,0,0.855375,0,0,0.51801,-0.384099,4.28139,0,0.855375,0,0,0.51801,0,0,0,0,0,0,0
1765976268550446,0,-0.384099,4.28139,0,0.855375,0,0,0.51801,-0.384099,4.28139,0,0.855375,0,0,0.51801,0,0,0,0,0,0,0
1765976268560495,0,-0.384099,4.28139,0,0.855375,0,0,0.51801,-0.384099,4.28139,0,0.855375,0,0,0.51801,0,0,0,0,0,0,0
1765976268560495,0,-0.384099,4.28139,0,0.855375,0,0,0.51801,-0.384099,4.28139,0,0.855375,0,0,0.51801,0,0,0,0,0,0,0
1765976268570414,0,-0.384099,4.28139,0,0.855375,0,0,0.51801,-0.384099,4.28139,0,0.855375,0,0,0.51801,-3.00457e-06,0,0,0,0,0,0
1765976268570414,0,-0.384099,4.28139,0,0.855375,0,0,0.51801,-0.384099,4.28139,0,0.855375,0,0,0.51801,-3.00457e-06,0,0,0,0,0,0
1765976268580603,0,-0.384099,4.28139,0,0.855375,0,0,0.51801,-0.384099,4.28139,0,0.855375,0,0,0.51801,0,0,0,0,0,0,0
1765976268580603,0,-0.384099,4.28139,0,0.855375,0,0,0.51801,-0.384099,4.28139,0,0.855375,0,0,0.51801,0,0,0,0,0,0,0
1765976268590467,0,-0.384099,4.28139,0,0.855375,0,0,0.51801,-0.384099,4.28139,0,0.855375,0,0,0.51801,-3.02132e-06,0,0,6.04264e-06,0,0,0
1765976268590467,0,-0.384099,4.28139,0,0.855375,0,0,0.51801,-0.384099,4.28139,0,0.855375,0,0,0.51801,-3.02132e-06,0,0,6.04264e-06,0,0,0
1765976268600596,0,-0.384099,4.28139,0,0.855375,0,0,0.51801,-0.384099,4.28139,0,0.855375,0,0,0.51801,0,0,0,0,0,0,0
1765976268600596,0,-0.384099,4.28139,0,0.855375,0,0,0.51801,-0.384099,4.28139,0,0.855375,0,0,0.51801,0,0,0,0,0,0,0
1765976268610711,0,-0.384099,4.28139,0,0.855375,0,0,0.51801,-0.384099,4.28139,0,0.855375,0,0,0.51801,0,0,0,5.8927e-06,0,0,0
1765976268610711,0,-0.384099,4.28139,0,0.855375,0,0,0.51801,-0.384099,4.28139,0,0.855375,0,0,0.51801,0,0,0,5.8927e-06,0,0,0
1765976268620482,0,-0.384099,4.28139,0,0.855375,0,0,0.51801,-0.384099,4.28139,0,0.855375,0,0,0.51801,-3.05008e-06,0,0,0,0,0,0
1765976268620482,0,-0.384099,4.28139,0,0.855375,0,0,0.51801,-0.384099,4.28139,0,0.855375,0,0,0.51801,-3.05008e-06,0,0,0,0,0,0
1765976268630457,0,-0.384099,4.28139,0,0.855375,0,0,0.51801,-0.384099,4.28139,0,0.855375,0,0,0.51801,0,0,0,0,0,0,0
1765976268630457,0,-0.384099,4.28139,0,0.855375,0,0,0.51801,-0.384099,4.28139,0,0.855375,0,0,0.51801,0,0,0,0,0,0,0
1765976268640495,0,-0.384099,4.28139,0,0.855375,0,0,0.51801,-0.384099,4.28139,0,0.855375,0,0,0.51801,0,0,0,0,0,0,0
1765976268640495,0,-0.384099,4.28139,0,0.855375,0,0,0.51801,-0.384099,4.28139,0,0.855375,0,0,0.51801,0,0,0,0,0,0,0
1765976268650479,0,-0.384099,4.28139,0,0.855375,0,0,0.51801,-0.384099,4.28139,0,0.855375,0,0,0.51801,0,0,0,5.97002e-06,0,0,0
1765976268650479,0,-0.384099,4.28139,0,0.855375,0,0,0.51801,-0.384099,4.28139,0,0.855375,0,0,0.51801,0,0,0,5.97002e-06,0,0,0
1765976268660516,0,-0.384099,4.28139,0,0.855375,0,0,0.51801,-0.384099,4.28139,0,0.855375,0,0,0.51801,0,0,0,0,0,0,0
1765976268660516,0,-0.384099,4.28139,0,0.855375,0,0,0.51801,-0.384099,4.28139,0,0.855375,0,0,0.51801,0,0,0,0,0,0,0
1765976268670487,0,-0.384099,4.28139,0,0.855375,0,0,0.51801,-0.384099,4.28139,0,0.855375,0,0,0.51801,0,0,0,0,0,0,0
1765976268670487,0,-0.384099,4.28139,0,0.855375,0,0,0.51801,-0.384099,4.28139,0,0.855375,0,0,0.51801,0,0,0,0,0,0,0
1765976268680542,0,-0.384099,4.28139,0,0.855375,0,0,0.51801,-0.384099,4.28139,0,0.855375,0,0,0.51801,0,0,0,0,0,0,0
1765976268680542,0,-0.384099,4.28139,0,0.855375,0,0,0.51801,-0.384099,4.28139,0,0.855375,0,0,0.51801,0,0,0,0,0,0,0
1765976268690474,0,-0.384099,4.28139,0,0.855375,0,0,0.51801,-0.384099,4.28139,0,0.855375,0,0,0.51801,0,0,0,0,0,0,0
1765976268690474,0,-0.384099,4.28139,0,0.855375,0,0,0.51801,-0.384099,4.28139,0,0.855375,0,0,0.51801,0,0,0,0,0,0,0
1765976268700485,0,-0.384099,4.28139,0,0.855375,0,0,0.51801,-0.384099,4.28139,0,0.855375,0,0,0.51801,0,0,0,0,0,0,0
1765976268700485,0,-0.384099,4.28139,0,0.855375,0,0,0.51801,-0.384099,4.28139,0,0.855375,0,0,0.51801,0,0,0,0,0,0,0
1765976268710476,0,-0.384099,4.28139,0,0.855375,0,0,0.51801,-0.384099,4.28139,0,0.855375,0,0,0.51801,0,0,0,0,0,0,0
1765976268710476,0,-0.384099,4.28139,0,0.855375,0,0,0.51801,-0.384099,4.28139,0,0.855375,0,0,0.51801,0,0,0,0,0,0,0
1765976268720486,0,-0.384099,4.28139,0,0.855375,0,0,0.51801,-0.384099,4.28139,0,0.855375,0,0,0.51801,0,0,0,0,0,0,0
1765976268720486,0,-0.384099,4.28139,0,0.855375,0,0,0.51801,-0.384099,4.28139,0,0.855375,0,0,0.51801,0,0,0,0,0,0,0
1765976268730531,0,-0.384099,4.28139,0,0.855375,0,0,0.51801,-0.384099,4.28139,0,0.855375,0,0,0.51801,0,0,0,0,0,0,0
1765976268730531,0,-0.384099,4.28139,0,0.855375,0,0,0.51801,-0.384099,4.28139,0,0.855375,0,0,0.51801,0,0,0,0,0,0,0
1765976268740493,0,-0.384099,4.28139,0,0.855375,0,0,0.51801,-0.384099,4.28139,0,0.855375,0,0,0.51801,0,0,0,0,0,0,0
1765976268740493,0,-0.384099,4.28139,0,0.855375,0,0,0.51801,-0.384099,4.28139,0,0.855375,0,0,0.51801,0,0,0,0,0,0,0
1765976268750445,0,-0.384099,4.28139,0,0.855375,0,0,0.51801,-0.384099,4.28139,0,0.855375,0,0,0.51801,2.99461e-06,0,0,0,0,0,0
1765976268750445,0,-0.384099,4.28139,0,0.855375,0,0,0.51801,-0.384099,4.28139,0,0.855375,0,0,0.51801,2.99461e-06,0,0,0,0,0,0
1765976268760455,0,-0.384099,4.28139,0,0.855375,0,0,0.51801,-0.384099,4.28139,0,0.855375,0,0,0.51801,0,0,0,0,0,0,0
1765976268760455,0,-0.384099,4.28139,0,0.855375,0,0,0.51801,-0.384099,4.28139,0,0.855375,0,0,0.51801,0,0,0,0,0,0,0
1765976268770469,0,-0.384099,4.28139,0,0.855375,0,0,0.51801,-0.384099,4.28139,0,0.855375,0,0,0.51801,0,0,0,0,0,0,0
1765976268770469,0,-0.384099,4.28139,0,0.855375,0,0,0.51801,-0.384099,4.28139,0,0.855375,0,0,0.51801,0,0,0,0,0,0,0
1765976268780464,0,-0.384099,4.28139,0,0.855375,0,0,0.51801,-0.384099,4.28139,0,0.855375,0,0,0.51801,-2.98172e-06,0,0,0,0,0,0
1765976268780464,0,-0.384099,4.28139,0,0.855375,0,0,0.51801,-0.384099,4.28139,0,0.855375,0,0,0.51801,-2.98172e-06,0,0,0,0,0,0
1765976268790490,0,-0.384099,4.28139,0,0.855375,0,0,0.51801,-0.384099,4.28139,0,0.855375,0,0,0.51801,0,0,0,0,0,0,0
1765976268790490,0,-0.384099,4.28139,0,0.855375,0,0,0.51801,-0.384099,4.28139,0,0.855375,0,0,0.51801,0,0,0,0,0,0,0
1765976268800562,0,-0.384099,4.28139,0,0.855375,0,0,0.51801,-0.384099,4.28139,0,0.855375,0,0,0.51801,0,0,0,0,0,0,0
1765976268800562,0,-0.384099,4.28139,0,0.855375,0,0,0.51801,-0.384099,4.28139,0,0.855375,0,0,0.51801,0,0,0,0,0,0,0
1765976268810716,0,-0.384099,4.28139,0,0.855375,0,0,0.51801,-0.384099,4.28139,0,0.855375,0,0,0.51801,0,0,0,0,0,0,0
1765976268810716,0,-0.384099,4.28139,0,0.855375,0,0,0.51801,-0.384099,4.28139,0,0.855375,0,0,0.51801,0,0,0,0,0,0,0
1765976268820560,0,-0.384099,4.28139,0,0.855375,0,0,0.51801,-0.384099,4.28139,0,0.855375,0,0,0.51801,0,0,0,0,0,0,0
1765976268820560,0,-0.384099,4.28139,0,0.855375,0,0,0.51801,-0.384099,4.28139,0,0.855375,0,0,0.51801,0,0,0,0,0,0,0
1765976268830579,0,-0.384099,4.28139,0,0.855375,0,0,0.51801,-0.384099,4.28139,0,0.855375,0,0,0.51801,2.97458e-06,0,0,0,0,0,0
1765976268830579,0,-0.384099,4.28139,0,0.855375,0,0,0.51801,-0.384099,4.28139,0,0.855375,0,0,0.51801,2.97458e-06,0,0,0,0,0,0
1765976268840616,0,-0.384099,4.28139,0,0.855375,0,0,0.51801,-0.384099,4.28139,0,0.855375,0,0,0.51801,0,0,0,0,0,0,0
1765976268840616,0,-0.384099,4.28139,0,0.855375,0,0,0.51801,-0.384099,4.28139,0,0.855375,0,0,0.51801,0,0,0,0,0,0,0
1765976268850492,0,-0.384099,4.28139,0,0.855375,0,0,0.51801,-0.384099,4.28139,0,0.855375,0,0,0.51801,0,0,0,0,0,0,0
1765976268850492,0,-0.384099,4.28139,0,0.855375,0,0,0.51801,-0.384099,4.28139,0,0.855375,0,0,0.51801,0,0,0,0,0,0,0
1765976268860486,0,-0.384099,4.28139,0,0.855375,0,0,0.51801,-0.384099,4.28139,0,0.855375,0,0,0.51801,0,0,0,0,0,0,0
1765976268860486,0,-0.384099,4.28139,0,0.855375,0,0,0.51801,-0.384099,4.28139,0,0.855375,0,0,0.51801,0,0,0,0,0,0,0
1765976268870491,0,-0.384099,4.28139,0,0.855375,0,0,0.51801,-0.384099,4.28139,0,0.855375,0,0,0.51801,0,0,0,-5.95749e-06,0,0,0
1765976268870491,0,-0.384099,4.28139,0,0.855375,0,0,0.51801,-0.384099,4.28139,0,0.855375,0,0,0.51801,0,0,0,-5.95749e-06,0,0,0
1765976268880459,0,-0.384099,4.28139,0,0.855375,0,0,0.51801,-0.384099,4.28139,0,0.855375,0,0,0.51801,2.9898e-06,0,0,0,0,0,0
1765976268880459,0,-0.384099,4.28139,0,0.855375,0,0,0.51801,-0.384099,4.28139,0,0.855375,0,0,0.51801,2.9898e-06,0,0,0,0,0,0
1765976268890504,0,-0.384099,4.28139,0,0.855375,0,0,0.51801,-0.384099,4.28139,0,0.855375,0,0,0.51801,0,0,0,0,0,0,0
1765976268890504,0,-0.384099,4.28139,0,0.855375,0,0,0.51801,-0.384099,4.28139,0,0.855375,0,0,0.51801,0,0,0,0,0,0,0
1765976268900472,0,-0.384099,4.28139,0,0.855375,0,0,0.51801,-0.384099,4.28139,0,0.855375,0,0,0.51801,0,0,0,0,0,0,0
1765976268900472,0,-0.384099,4.28139,0,0.855375,0,0,0.51801,-0.384099,4.28139,0,0.855375,0,0,0.51801,0,0,0,0,0,0,0
1765976268910458,0,-0.384099,4.28139,0,0.855375,0,0,0.51801,-0.384099,4.28139,0,0.855375,0,0,0.51801,0,0,0,0,0,0,0
1765976268910458,0,-0.384099,4.28139,0,0.855375,0,0,0.51801,-0.384099,4.28139,0,0.855375,0,0,0.51801,0,0,0,0,0,0,0
1765976268920502,0,-0.384099,4.28139,0,0.855375,0,0,0.51801,-0.384099,4.28139,0,0.855375,0,0,0.51801,0,0,0,0,0,0,-5.93435e-06
1765976268920502,0,-0.384099,4.28139,0,0.855375,0,0,0.51801,-0.384099,4.28139,0,0.855375,0,0,0.51801,0,0,0,0,0,0,-5.93435e-06
1765976268930461,0,-0.384099,4.28139,0,0.855375,0,0,0.51801,-0.384099,4.28139,0,0.855375,0,0,0.51801,0,0,0,5.985e-06,0,0,0
1765976268930461,0,-0.384099,4.28139,0,0.855375,0,0,0.51801,-0.384099,4.28139,0,0.855375,0,0,0.51801,0,0,0,5.985e-06,0,0,0
1765976268940610,0,-0.384099,4.28139,0,0.855375,0,0,0.51801,-0.384099,4.28139,0,0.855375,0,0,0.51801,0,0,0,0,0,0,0
1765976268940610,0,-0.384099,4.28139,0,0.855375,0,0,0.51801,-0.384099,4.28139,0,0.855375,0,0,0.51801,0,0,0,0,0,0,0
1765976268950578,0,-0.384099,4.28139,0,0.855375,0,0,0.51801,-0.384099,4.28139,0,0.855375,0,0,0.51801,0,0,0,0,0,0,0
1765976268950578,0,-0.384099,4.28139,0,0.855375,0,0,0.51801,-0.384099,4.28139,0,0.855375,0,0,0.51801,0,0,0,0,0,0,0
1765976268960608,0,-0.384099,4.28139,0,0.855375,0,0,0.51801,-0.384099,4.28139,0,0.855375,0,0,0.51801,0,0,0,5.94264e-06,0,0,0
1765976268960608,0,-0.384099,4.28139,0,0.855375,0,0,0.51801,-0.384099,4.28139,0,0.855375,0,0,0.51801,0,0,0,5.94264e-06,0,0,0
1765976268970573,0,-0.384099,4.28139,0,0.855375,0,0,0.51801,-0.384099,4.28139,0,0.855375,0,0,0.51801,-2.9907e-06,0,0,-5.9814e-06,0,0,0
1765976268970573,0,-0.384099,4.28139,0,0.855375,0,0,0.51801,-0.384099,4.28139,0,0.855375,0,0,0.51801,-2.9907e-06,0,0,-5.9814e-06,0,0,0
1765976268980500,0,-0.384099,4.28139,0,0.855375,0,0,0.51801,-0.384099,4.28139,0,0.855375,0,0,0.51801,0,0,0,0,0,0,0
1765976268980500,0,-0.384099,4.28139,0,0.855375,0,0,0.51801,-0.384099,4.28139,0,0.855375,0,0,0.51801,0,0,0,0,0,0,0
1765976268990595,0,-0.384099,4.28139,0,0.855375,0,0,0.51801,-0.384099,4.28139,0,0.855375,0,0,0.51801,0,0,0,0,0,0,0
1765976268990595,0,-0.384099,4.28139,0,0.855375,0,0,0.51801,-0.384099,4.28139,0,0.855375,0,0,0.51801,0,0,0,0,0,0,0
1765976269000539,0,-0.384099,4.28139,0,0.855375,0,0,0.51801,-0.384099,4.28139,0,0.855375,0,0,0.51801,0,0,0,0,0,0,0
1765976269000539,0,-0.384099,4.28139,0,0.855375,0,0,0.51801,-0.384099,4.28139,0,0.855375,0,0,0.51801,0,0,0,0,0,0,0
1765976269010617,0,-0.384099,4.28139,0,0.855375,0,0,0.51801,-0.384099,4.28139,0,0.855375,0,0,0.51801,0,0,0,0,0,0,0
1765976269010617,0,-0.384099,4.28139,0,0.855375,0,0,0.51801,-0.384099,4.28139,0,0.855375,0,0,0.51801,0,0,0,0,0,0,0
1765976269020512,0,-0.384099,4.28139,0,0.855375,0,0,0.51801,-0.384099,4.28139,0,0.855375,0,0,0.51801,-3.01186e-06,0,0,-6.02371e-06,0,0,0
1765976269020512,0,-0.384099,4.28139,0,0.855375,0,0,0.51801,-0.384099,4.28139,0,0.855375,0,0,0.51801,-3.01186e-06,0,0,-6.02371e-06,0,0,0
1765976269030477,0,-0.384099,4.28139,0,0.855375,0,0,0.51801,-0.384099,4.28139,0,0.855375,0,0,0.51801,0,0,0,0,0,0,0
1765976269030477,0,-0.384099,4.28139,0,0.855375,0,0,0.51801,-0.384099,4.28139,0,0.855375,0,0,0.51801,0,0,0,0,0,0,0
1765976269040610,0,-0.384099,4.28139,0,0.855375,0,0,0.51801,-0.384099,4.28139,0,0.855375,0,0,0.51801,0,0,0,0,0,0,0
1765976269040610,0,-0.384099,4.28139,0,0.855375,0,0,0.51801,-0.384099,4.28139,0,0.855375,0,0,0.51801,0,0,0,0,0,0,0
1765976269050449,0,-0.384099,4.28139,0,0.855375,0,0,0.51801,-0.384099,4.28139,0,0.855375,0,0,0.51801,0,0,0,0,0,0,0
1765976269050449,0,-0.384099,4.28139,0,0.855375,0,0,0.51801,-0.384099,4.28139,0,0.855375,0,0,0.51801,0,0,0,0,0,0,0
1765976269060659,0,-0.384099,4.28139,0,0.855375,0,0,0.51801,-0.384099,4.28139,0,0.855375,0,0,0.51801,0,0,0,0,0,0,0
1765976269060659,0,-0.384099,4.28139,0,0.855375,0,0,0.51801,-0.384099,4.28139,0,0.855375,0,0,0.51801,0,0,0,0,0,0,0
1765976269070554,0,-0.384099,4.28139,0,0.855375,0,0,0.51801,-0.384099,4.28139,0,0.855375,0,0,0.51801,0,0,0,-6.02371e-06,0,0,0
1765976269070554,0,-0.384099,4.28139,0,0.855375,0,0,0.51801,-0.384099,4.28139,0,0.855375,0,0,0.51801,0,0,0,-6.02371e-06,0,0,0
1765976269080482,0,-0.384099,4.28139,0,0.855375,0,0,0.51801,-0.384099,4.28139,0,0.855375,0,0,0.51801,3.00185e-06,0,0,0,0,0,0
1765976269080482,0,-0.384099,4.28139,0,0.855375,0,0,0.51801,-0.384099,4.28139,0,0.855375,0,0,0.51801,3.00185e-06,0,0,0,0,0,0
1765976269090598,0,-0.384099,4.28139,0,0.855375,0,0,0.51801,-0.384099,4.28139,0,0.855375,0,0,0.51801,0,0,0,0,0,0,0
1765976269090598,0,-0.384099,4.28139,0,0.855375,0,0,0.51801,-0.384099,4.28139,0,0.855375,0,0,0.51801,0,0,0,0,0,0,0
1765976269100486,0,-0.384099,4.28139,0,0.855375,0,0,0.51801,-0.384099,4.28139,0,0.855375,0,0,0.51801,0,0,0,0,0,0,0
1765976269100486,0,-0.384099,4.28139,0,0.855375,0,0,0.51801,-0.384099,4.28139,0,0.855375,0,0,0.51801,0,0,0,0,0,0,0
1765976269110617,0,-0.384099,4.28139,0,0.855375,0,0,0.51801,-0.384099,4.28139,0,0.855375,0,0,0.51801,0,0,0,0,0,0,0
1765976269110617,0,-0.384099,4.28139,0,0.855375,0,0,0.51801,-0.384099,4.28139,0,0.855375,0,0,0.51801,0,0,0,0,0,0,0
1765976269120469,0,-0.384099,4.28139,0,0.855375,0,0,0.51801,-0.384099,4.28139,0,0.855375,0,0,0.51801,0,0,0,0,0,0,0
1765976269120469,0,-0.384099,4.28139,0,0.855375,0,0,0.51801,-0.384099,4.28139,0,0.855375,0,0,0.51801,0,0,0,0,0,0,0
1765976269130523,0,-0.384099,4.28139,0,0.855375,0,0,0.51801,-0.384099,4.28139,0,0.855375,0,0,0.51801,0,0,0,5.92845e-06,0,0,0
1765976269130523,0,-0.384099,4.28139,0,0.855375,0,0,0.51801,-0.384099,4.28139,0,0.855375,0,0,0.51801,0,0,0,5.92845e-06,0,0,0
1765976269140448,0,-0.384099,4.28139,0,0.855375,0,0,0.51801,-0.384099,4.28139,0,0.855375,0,0,0.51801,0,0,0,0,0,0,0
1765976269140448,0,-0.384099,4.28139,0,0.855375,0,0,0.51801,-0.384099,4.28139,0,0.855375,0,0,0.51801,0,0,0,0,0,0,0
1765976269150457,0,-0.384099,4.28139,0,0.855375,0,0,0.51801,-0.384099,4.28139,0,0.855375,0,0,0.51801,0,0,0,0,0,0,0
1765976269150457,0,-0.384099,4.28139,0,0.855375,0,0,0.51801,-0.384099,4.28139,0,0.855375,0,0,0.51801,0,0,0,0,0,0,0
1765976269160609,0,-0.384099,4.28139,0,0.855375,0,0,0.51801,-0.384099,4.28139,0,0.855375,0,0,0.51801,0,0,0,0,0,0,0
1765976269160609,0,-0.384099,4.28139,0,0.855375,0,0,0.51801,-0.384099,4.28139,0,0.855375,0,0,0.51801,0,0,0,0,0,0,0
1765976269170481,0,-0.384099,4.28139,0,0.855375,0,0,0.51801,-0.384099,4.28139,0,0.855375,0,0,0.51801,-3.01887e-06,0,0,0,0,0,0
1765976269170481,0,-0.384099,4.28139,0,0.855375,0,0,0.51801,-0.384099,4.28139,0,0.855375,0,0,0.51801,-3.01887e-06,0,0,0,0,0,0
1765976269180508,0,-0.384099,4.28139,0,0.855375,0,0,0.51801,-0.384099,4.28139,0,0.855375,0,0,0.51801,0,0,0,0,0,0,0
1765976269180508,0,-0.384099,4.28139,0,0.855375,0,0,0.51801,-0.384099,4.28139,0,0.855375,0,0,0.51801,0,0,0,0,0,0,0
1765976269190588,0,-0.384099,4.28139,0,0.855375,0,0,0.51801,-0.384099,4.28139,0,0.855375,0,0,0.51801,0,0,0,0,0,0,0
1765976269190588,0,-0.384099,4.28139,0,0.855375,0,0,0.51801,-0.384099,4.28139,0,0.855375,0,0,0.51801,0,0,0,0,0,0,0
1765976269200548,0,-0.384099,4.28139,0,0.855375,0,0,0.51801,-0.384099,4.28139,0,0.855375,0,0,0.51801,0,0,0,0,0,0,0
1765976269200548,0,-0.384099,4.28139,0,0.855375,0,0,0.51801,-0.384099,4.28139,0,0.855375,0,0,0.51801,0,0,0,0,0,0,0
1765976269210585,0,-0.384099,4.28139,0,0.855375,0,0,0.51801,-0.384099,4.28139,0,0.855375,0,0,0.51801,0,0,0,5.93849e-06,0,0,0
1765976269210585,0,-0.384099,4.28139,0,0.855375,0,0,0.51801,-0.384099,4.28139,0,0.855375,0,0,0.51801,0,0,0,5.93849e-06,0,0,0
1765976269220577,0,-0.384099,4.28139,0,0.855375,0,0,0.51801,-0.384099,4.28139,0,0.855375,0,0,0.51801,0,0,0,0,0,0,0
1765976269220577,0,-0.384099,4.28139,0,0.855375,0,0,0.51801,-0.384099,4.28139,0,0.855375,0,0,0.51801,0,0,0,0,0,0,0
1765976269230458,0,-0.384099,4.28139,0,0.855375,0,0,0.51801,-0.384099,4.28139,0,0.855375,0,0,0.51801,3.01612e-06,0,0,0,0,0,0
1765976269230458,0,-0.384099,4.28139,0,0.855375,0,0,0.51801,-0.384099,4.28139,0,0.855375,0,0,0.51801,3.01612e-06,0,0,0,0,0,0
1765976269240603,0,-0.384099,4.28139,0,0.855375,0,0,0.51801,-0.384099,4.28139,0,0.855375,0,0,0.51801,2.93764e-06,0,0,0,0,0,0
1765976269240603,0,-0.384099,4.28139,0,0.855375,0,0,0.51801,-0.384099,4.28139,0,0.855375,0,0,0.51801,2.93764e-06,0,0,0,0,0,0
1765976269250577,0,-0.384099,4.28139,0,0.855375,0,0,0.51801,-0.384099,4.28139,0,0.855375,0,0,0.51801,0,0,0,0,0,0,0
1765976269250577,0,-0.384099,4.28139,0,0.855375,0,0,0.51801,-0.384099,4.28139,0,0.855375,0,0,0.51801,0,0,0,0,0,0,0
1765976269260594,0,-0.384099,4.28139,0,0.855375,0,0,0.51801,-0.384099,4.28139,0,0.855375,0,0,0.51801,0,0,0,0,0,0,0
1765976269260594,0,-0.384099,4.28139,0,0.855375,0,0,0.51801,-0.384099,4.28139,0,0.855375,0,0,0.51801,0,0,0,0,0,0,0
1765976269270538,0,-0.384099,4.28139,0,0.855375,0,0,0.51801,-0.384099,4.28139,0,0.855375,0,0,0.51801,0,0,0,0,0,0,0
1765976269270538,0,-0.384099,4.28139,0,0.855375,0,0,0.51801,-0.384099,4.28139,0,0.855375,0,0,0.51801,0,0,0,0,0,0,0
1765976269280473,0,-0.384099,4.28139,0,0.855375,0,0,0.51801,-0.384099,4.28139,0,0.855375,0,0,0.51801,-2.99973e-06,0,0,0,0,0,0
1765976269280473,0,-0.384099,4.28139,0,0.855375,0,0,0.51801,-0.384099,4.28139,0,0.855375,0,0,0.51801,-2.99973e-06,0,0,0,0,0,0
1765976269290571,0,-0.384099,4.28139,0,0.855375,0,0,0.51801,-0.384099,4.28139,0,0.855375,0,0,0.51801,0,0,0,0,0,0,0
1765976269290571,0,-0.384099,4.28139,0,0.855375,0,0,0.51801,-0.384099,4.28139,0,0.855375,0,0,0.51801,0,0,0,0,0,0,0
1765976269300475,0,-0.384099,4.28139,0,0.855375,0,0,0.51801,-0.384099,4.28139,0,0.855375,0,0,0.51801,0,0,0,6.01824e-06,0,0,0
1765976269300475,0,-0.384099,4.28139,0,0.855375,0,0,0.51801,-0.384099,4.28139,0,0.855375,0,0,0.51801,0,0,0,6.01824e-06,0,0,0
1765976269310514,0,-0.384099,4.28139,0,0.855375,0,0,0.51801,-0.384099,4.28139,0,0.855375,0,0,0.51801,2.96865e-06,0,0,0,0,0,0
1765976269310514,0,-0.384099,4.28139,0,0.855375,0,0,0.51801,-0.384099,4.28139,0,0.855375,0,0,0.51801,2.96865e-06,0,0,0,0,0,0
1765976269320502,0,-0.384099,4.28139,0,0.855375,0,0,0.51801,-0.384099,4.28139,0,0.855375,0,0,0.51801,-2.98381e-06,0,0,0,0,0,0
1765976269320502,0,-0.384099,4.28139,0,0.855375,0,0,0.51801,-0.384099,4.28139,0,0.855375,0,0,0.51801,-2.98381e-06,0,0,0,0,0,0
1765976269330508,0,-0.384099,4.28139,0,0.855375,0,0,0.51801,-0.384099,4.28139,0,0.855375,0,0,0.51801,0,0,0,0,0,0,0
1765976269330508,0,-0.384099,4.28139,0,0.855375,0,0,0.51801,-0.384099,4.28139,0,0.855375,0,0,0.51801,0,0,0,0,0,0,0
1765976269340561,0,-0.384099,4.28139,0,0.855375,0,0,0.51801,-0.384099,4.28139,0,0.855375,0,0,0.51801,0,0,0,-5.92904e-06,0,0,0
1765976269340561,0,-0.384099,4.28139,0,0.855375,0,0,0.51801,-0.384099,4.28139,0,0.855375,0,0,0.51801,0,0,0,-5.92904e-06,0,0,0
1765976269350517,0,-0.384099,4.28139,0,0.855375,0,0,0.51801,-0.384099,4.28139,0,0.855375,0,0,0.51801,0,0,0,0,0,0,0
1765976269350517,0,-0.384099,4.28139,0,0.855375,0,0,0.51801,-0.384099,4.28139,0,0.855375,0,0,0.51801,0,0,0,0,0,0,0
1765976269360607,0,-0.384099,4.28139,0,0.855375,0,0,0.51801,-0.384099,4.28139,0,0.855375,0,0,0.51801,2.95365e-06,0,0,0,0,0,0
1765976269360607,0,-0.384099,4.28139,0,0.855375,0,0,0.51801,-0.384099,4.28139,0,0.855375,0,0,0.51801,2.95365e-06,0,0,0,0,0,0
1765976269370587,0,-0.384099,4.28139,0,0.855375,0,0,0.51801,-0.384099,4.28139,0,0.855375,0,0,0.51801,-2.9862e-06,0,0,0,0,0,0
1765976269370587,0,-0.384099,4.28139,0,0.855375,0,0,0.51801,-0.384099,4.28139,0,0.855375,0,0,0.51801,-2.9862e-06,0,0,0,0,0,0
1765976269380551,0,-0.384099,4.28139,0,0.855375,0,0,0.51801,-0.384099,4.28139,0,0.855375,0,0,0.51801,0,0,0,0,0,0,0
1765976269380551,0,-0.384099,4.28139,0,0.855375,0,0,0.51801,-0.384099,4.28139,0,0.855375,0,0,0.51801,0,0,0,0,0,0,0
1765976269390683,0,-0.384099,4.28139,0,0.855375,0,0,0.51801,-0.384099,4.28139,0,0.855375,0,0,0.51801,-2.94141e-06,0,0,0,0,0,0
1765976269390683,0,-0.384099,4.28139,0,0.855375,0,0,0.51801,-0.384099,4.28139,0,0.855375,0,0,0.51801,-2.94141e-06,0,0,0,0,0,0
1765976269400567,0,-0.384099,4.28139,0,0.855375,0,0,0.51801,-0.384099,4.28139,0,0.855375,0,0,0.51801,0,0,0,0,0,0,0
1765976269400567,0,-0.384099,4.28139,0,0.855375,0,0,0.51801,-0.384099,4.28139,0,0.855375,0,0,0.51801,0,0,0,0,0,0,0
1765976269410722,0,-0.384099,4.28139,0,0.855375,0,0,0.51801,-0.384099,4.28139,0,0.855375,0,0,0.51801,0,0,0,0,0,0,0
1765976269410722,0,-0.384099,4.28139,0,0.855375,0,0,0.51801,-0.384099,4.28139,0,0.855375,0,0,0.51801,0,0,0,0,0,0,0
1765976269420553,0,-0.384099,4.28139,0,0.855375,0,0,0.51801,-0.384099,4.28139,0,0.855375,0,0,0.51801,0,0,0,6.06293e-06,0,0,0
1765976269420553,0,-0.384099,4.28139,0,0.855375,0,0,0.51801,-0.384099,4.28139,0,0.855375,0,0,0.51801,0,0,0,6.06293e-06,0,0,0
1765976269430458,0,-0.384099,4.28139,0,0.855375,0,0,0.51801,-0.384099,4.28139,0,0.855375,0,0,0.51801,0,0,0,0,0,0,0
1765976269430458,0,-0.384099,4.28139,0,0.855375,0,0,0.51801,-0.384099,4.28139,0,0.855375,0,0,0.51801,0,0,0,0,0,0,0
1765976269440655,0,-0.384099,4.28139,0,0.855375,0,0,0.51801,-0.384099,4.28139,0,0.855375,0,0,0.51801,0,0,0,5.84531e-06,0,0,0
1765976269440655,0,-0.384099,4.28139,0,0.855375,0,0,0.51801,-0.384099,4.28139,0,0.855375,0,0,0.51801,0,0,0,5.84531e-06,0,0,0
1765976269450484,0,-0.384099,4.28139,0,0.855375,0,0,0.51801,-0.384099,4.28139,0,0.855375,0,0,0.51801,0,0,0,-6.06416e-06,0,0,0
1765976269450484,0,-0.384099,4.28139,0,0.855375,0,0,0.51801,-0.384099,4.28139,0,0.855375,0,0,0.51801,0,0,0,-6.06416e-06,0,0,0
1765976269460592,0,-0.384099,4.28139,0,0.855375,0,0,0.51801,-0.384099,4.28139,0,0.855375,0,0,0.51801,0,0,0,-5.89678e-06,0,0,0
1765976269460592,0,-0.384099,4.28139,0,0.855375,0,0,0.51801,-0.384099,4.28139,0,0.855375,0,0,0.51801,0,0,0,-5.89678e-06,0,0,0
1765976269470506,0,-0.384099,4.28139,0,0.855375,0,0,0.51801,-0.384099,4.28139,0,0.855375,0,0,0.51801,0,0,0,-6.01217e-06,0,0,0
1765976269470506,0,-0.384099,4.28139,0,0.855375,0,0,0.51801,-0.384099,4.28139,0,0.855375,0,0,0.51801,0,0,0,-6.01217e-06,0,0,0
1765976269480504,0,-0.384099,4.28139,0,0.855375,0,0,0.51801,-0.384099,4.28139,0,0.855375,0,0,0.51801,2.98083e-06,0,0,-5.96166e-06,0,0,0
1765976269480504,0,-0.384099,4.28139,0,0.855375,0,0,0.51801,-0.384099,4.28139,0,0.855375,0,0,0.51801,2.98083e-06,0,0,-5.96166e-06,0,0,0
1765976269490529,0,-0.384099,4.28139,0,0.855375,0,0,0.51801,-0.384099,4.28139,0,0.855375,0,0,0.51801,0,0,0,0,0,0,0
1765976269490529,0,-0.384099,4.28139,0,0.855375,0,0,0.51801,-0.384099,4.28139,0,0.855375,0,0,0.51801,0,0,0,0,0,0,0
1765976269500496,0,-0.384099,4.28139,0,0.855375,0,0,0.51801,-0.384099,4.28139,0,0.855375,0,0,0.51801,0,0,0,0,0,0,0
1765976269500496,0,-0.384099,4.28139,0,0.855375,0,0,0.51801,-0.384099,4.28139,0,0.855375,0,0,0.51801,0,0,0,0,0,0,0
1765976269510615,0,-0.384099,4.28139,0,0.855375,0,0,0.51801,-0.384099,4.28139,0,0.855375,0,0,0.51801,0,0,0,0,0,0,0
1765976269510615,0,-0.384099,4.28139,0,0.855375,0,0,0.51801,-0.384099,4.28139,0,0.855375,0,0,0.51801,0,0,0,0,0,0,0
1765976269520593,0,-0.384099,4.28139,0,0.855375,0,0,0.51801,-0.384099,4.28139,0,0.855375,0,0,0.51801,0,0,0,0,0,0,0
1765976269520593,0,-0.384099,4.28139,0,0.855375,0,0,0.51801,-0.384099,4.28139,0,0.855375,0,0,0.51801,0,0,0,0,0,0,0
1765976269530537,0,-0.384099,4.28139,0,0.855375,0,0,0.51801,-0.384099,4.28139,0,0.855375,0,0,0.51801,0,0,0,5.99403e-06,0,0,0
1765976269530537,0,-0.384099,4.28139,0,0.855375,0,0,0.51801,-0.384099,4.28139,0,0.855375,0,0,0.51801,0,0,0,5.99403e-06,0,0,0
1765976269540548,0,-0.384099,4.28139,0,0.855375,0,0,0.51801,-0.384099,4.28139,0,0.855375,0,0,0.51801,-2.97696e-06,0,0,0,0,0,0
1765976269540548,0,-0.384099,4.28139,0,0.855375,0,0,0.51801,-0.384099,4.28139,0,0.855375,0,0,0.51801,-2.97696e-06,0,0,0,0,0,0
1765976269550460,0,-0.384099,4.28139,0,0.855375,0,0,0.51801,-0.384099,4.28139,0,0.855375,0,0,0.51801,0,0,0,0,0,0,0
1765976269550460,0,-0.384099,4.28139,0,0.855375,0,0,0.51801,-0.384099,4.28139,0,0.855375,0,0,0.51801,0,0,0,0,0,0,0
1765976269560645,0,-0.384099,4.28139,0,0.855375,0,0,0.51801,-0.384099,4.28139,0,0.855375,0,0,0.51801,0,0,0,-5.8522e-06,0,0,0
1765976269560645,0,-0.384099,4.28139,0,0.855375,0,0,0.51801,-0.384099,4.28139,0,0.855375,0,0,0.51801,0,0,0,-5.8522e-06,0,0,0
1765976269570590,0,-0.384099,4.28139,0,0.855375,0,0,0.51801,-0.384099,4.28139,0,0.855375,0,0,0.51801,2.99671e-06,0,0,0,0,0,0
1765976269570590,0,-0.384099,4.28139,0,0.855375,0,0,0.51801,-0.384099,4.28139,0,0.855375,0,0,0.51801,2.99671e-06,0,0,0,0,0,0
1765976269580504,0,-0.384099,4.28139,0,0.855375,0,0,0.51801,-0.384099,4.28139,0,0.855375,0,0,0.51801,0,0,0,0,0,0,0
1765976269580504,0,-0.384099,4.28139,0,0.855375,0,0,0.51801,-0.384099,4.28139,0,0.855375,0,0,0.51801,0,0,0,0,0,0,0
1765976269590526,0,-0.384099,4.28139,0,0.855375,0,0,0.51801,-0.384099,4.28139,0,0.855375,0,0,0.51801,2.97369e-06,0,0,0,0,0,0
1765976269590526,0,-0.384099,4.28139,0,0.855375,0,0,0.51801,-0.384099,4.28139,0,0.855375,0,0,0.51801,2.97369e-06,0,0,0,0,0,0
1765976269600640,0,-0.384099,4.28139,0,0.855375,0,0,0.51801,-0.384099,4.28139,0,0.855375,0,0,0.51801,0,0,0,0,0,0,0
1765976269600640,0,-0.384099,4.28139,0,0.855375,0,0,0.51801,-0.384099,4.28139,0,0.855375,0,0,0.51801,0,0,0,0,0,0,0
1765976269610598,0,-0.384099,4.28139,0,0.855375,0,0,0.51801,-0.384099,4.28139,0,0.855375,0,0,0.51801,-2.9928e-06,0,0,0,0,0,0
1765976269610598,0,-0.384099,4.28139,0,0.855375,0,0,0.51801,-0.384099,4.28139,0,0.855375,0,0,0.51801,-2.9928e-06,0,0,0,0,0,0
1765976269620502,0,-0.384099,4.28139,0,0.855375,0,0,0.51801,-0.384099,4.28139,0,0.855375,0,0,0.51801,0,0,0,0,0,0,0
1765976269620502,0,-0.384099,4.28139,0,0.855375,0,0,0.51801,-0.384099,4.28139,0,0.855375,0,0,0.51801,0,0,0,0,0,0,0
1765976269630527,0,-0.384099,4.28139,0,0.855375,0,0,0.51801,-0.384099,4.28139,0,0.855375,0,0,0.51801,0,0,0,5.9456e-06,0,0,0
1765976269630527,0,-0.384099,4.28139,0,0.855375,0,0,0.51801,-0.384099,4.28139,0,0.855375,0,0,0.51801,0,0,0,5.9456e-06,0,0,0
1765976269640670,0,-0.384099,4.28139,0,0.855375,0,0,0.51801,-0.384099,4.28139,0,0.855375,0,0,0.51801,0,0,0,0,0,0,0
1765976269640670,0,-0.384099,4.28139,0,0.855375,0,0,0.51801,-0.384099,4.28139,0,0.855375,0,0,0.51801,0,0,0,0,0,0,0
1765976269650563,0,-0.384099,4.28139,0,0.855375,0,0,0.51801,-0.384099,4.28139,0,0.855375,0,0,0.51801,-3.01247e-06,0,0,0,0,0,0
1765976269650563,0,-0.384099,4.28139,0,0.855375,0,0,0.51801,-0.384099,4.28139,0,0.855375,0,0,0.51801,-3.01247e-06,0,0,0,0,0,0
1765976269660708,0,-0.384099,4.28139,0,0.855375,0,0,0.51801,-0.384099,4.28139,0,0.855375,0,0,0.51801,2.93764e-06,0,0,0,0,0,0
1765976269660708,0,-0.384099,4.28139,0,0.855375,0,0,0.51801,-0.384099,4.28139,0,0.855375,0,0,0.51801,2.93764e-06,0,0,0,0,0,0
1765976269670553,0,-0.384099,4.28139,0,0.855375,0,0,0.51801,-0.384099,4.28139,0,0.855375,0,0,0.51801,0,0,0,0,0,0,0
1765976269670553,0,-0.384099,4.28139,0,0.855375,0,0,0.51801,-0.384099,4.28139,0,0.855375,0,0,0.51801,0,0,0,0,0,0,0
1765976269680664,0,-0.384099,4.28139,0,0.855375,0,0,0.51801,-0.384099,4.28139,0,0.855375,0,0,0.51801,-2.94751e-06,0,0,0,0,0,0
1765976269680664,0,-0.384099,4.28139,0,0.855375,0,0,0.51801,-0.384099,4.28139,0,0.855375,0,0,0.51801,-2.94751e-06,0,0,0,0,0,0
1765976269690699,0,-0.384099,4.28139,0,0.855375,0,0,0.51801,-0.384099,4.28139,0,0.855375,0,0,0.51801,0,0,0,0,0,0,0
1765976269690699,0,-0.384099,4.28139,0,0.855375,0,0,0.51801,-0.384099,4.28139,0,0.855375,0,0,0.51801,0,0,0,0,0,0,0
1765976269700544,0,-0.384099,4.28139,0,0.855375,0,0,0.51801,-0.384099,4.28139,0,0.855375,0,0,0.51801,0,0,0,0,0,0,0
1765976269700544,0,-0.384099,4.28139,0,0.855375,0,0,0.51801,-0.384099,4.28139,0,0.855375,0,0,0.51801,0,0,0,0,0,0,0
1765976269710662,0,-0.384099,4.28139,0,0.855375,0,0,0.51801,-0.384099,4.28139,0,0.855375,0,0,0.51801,0,0,0,0,0,0,0
1765976269710662,0,-0.384099,4.28139,0,0.855375,0,0,0.51801,-0.384099,4.28139,0,0.855375,0,0,0.51801,0,0,0,0,0,0,0
1765976269720584,0,-0.384099,4.28139,0,0.855375,0,0,0.51801,-0.384099,4.28139,0,0.855375,0,0,0.51801,0,0,0,0,0,0,0
1765976269720584,0,-0.384099,4.28139,0,0.855375,0,0,0.51801,-0.384099,4.28139,0,0.855375,0,0,0.51801,0,0,0,0,0,0,0
1765976269730595,0,-0.384099,4.28139,0,0.855375,0,0,0.51801,-0.384099,4.28139,0,0.855375,0,0,0.51801,0,0,0,0,0,0,0
1765976269730595,0,-0.384099,4.28139,0,0.855375,0,0,0.51801,-0.384099,4.28139,0,0.855375,0,0,0.51801,0,0,0,0,0,0,0
1765976269740641,0,-0.384099,4.28139,0,0.855375,0,0,0.51801,-0.384099,4.28139,0,0.855375,0,0,0.51801,0,0,0,0,0,0,0
1765976269740641,0,-0.384099,4.28139,0,0.855375,0,0,0.51801,-0.384099,4.28139,0,0.855375,0,0,0.51801,0,0,0,0,0,0,0
1765976269750568,0,-0.384099,4.28139,0,0.855375,0,0,0.51801,-0.384099,4.28139,0,0.855375,0,0,0.51801,3.00215e-06,0,0,0,0,0,0
1765976269750568,0,-0.384099,4.28139,0,0.855375,0,0,0.51801,-0.384099,4.28139,0,0.855375,0,0,0.51801,3.00215e-06,0,0,0,0,0,0
1765976269760730,0,-0.384099,4.28139,0,0.855375,0,0,0.51801,-0.384099,4.28139,0,0.855375,0,0,0.51801,0,0,0,-5.86544e-06,0,0,0
1765976269760730,0,-0.384099,4.28139,0,0.855375,0,0,0.51801,-0.384099,4.28139,0,0.855375,0,0,0.51801,0,0,0,-5.86544e-06,0,0,0
1765976269770708,0,-0.384099,4.28139,0,0.855375,0,0,0.51801,-0.384099,4.28139,0,0.855375,0,0,0.51801,0,0,0,0,0,0,0
1765976269770708,0,-0.384099,4.28139,0,0.855375,0,0,0.51801,-0.384099,4.28139,0,0.855375,0,0,0.51801,0,0,0,0,0,0,0
1765976269780728,0,-0.384099,4.28139,0,0.855375,0,0,0.51801,-0.384099,4.28139,0,0.855375,0,0,0.51801,2.97428e-06,0,0,0,0,0,0
1765976269780728,0,-0.384099,4.28139,0,0.855375,0,0,0.51801,-0.384099,4.28139,0,0.855375,0,0,0.51801,2.97428e-06,0,0,0,0,0,0
1765976269790762,0,-0.384099,4.28139,0,0.855375,0,0,0.51801,-0.384099,4.28139,0,0.855375,0,0,0.51801,-2.97013e-06,0,0,5.94027e-06,0,0,0
1765976269790762,0,-0.384099,4.28139,0,0.855375,0,0,0.51801,-0.384099,4.28139,0,0.855375,0,0,0.51801,-2.97013e-06,0,0,5.94027e-06,0,0,0
1765976269800682,0,-0.384099,4.28139,0,0.855375,0,0,0.51801,-0.384099,4.28139,0,0.855375,0,0,0.51801,3.00427e-06,0,0,0,0,0,0
1765976269800682,0,-0.384099,4.28139,0,0.855375,0,0,0.51801,-0.384099,4.28139,0,0.855375,0,0,0.51801,3.00427e-06,0,0,0,0,0,0
1765976269810848,0,-0.384099,4.28139,0,0.855375,0,0,0.51801,-0.384099,4.28139,0,0.855375,0,0,0.51801,0,0,0,0,0,0,0
1765976269810848,0,-0.384099,4.28139,0,0.855375,0,0,0.51801,-0.384099,4.28139,0,0.855375,0,0,0.51801,0,0,0,0,0,0,0
1765976269820553,0,-0.384099,4.28139,0,0.855375,0,0,0.51801,-0.384099,4.28139,0,0.855375,0,0,0.51801,3.07082e-06,0,0,0,0,0,0
1765976269820553,0,-0.384099,4.28139,0,0.855375,0,0,0.51801,-0.384099,4.28139,0,0.855375,0,0,0.51801,3.07082e-06,0,0,0,0,0,0
1765976269830539,0,-0.384099,4.28139,0,0.855375,0,0,0.51801,-0.384099,4.28139,0,0.855375,0,0,0.51801,0,0,0,5.96882e-06,0,0,0
1765976269830539,0,-0.384099,4.28139,0,0.855375,0,0,0.51801,-0.384099,4.28139,0,0.855375,0,0,0.51801,0,0,0,5.96882e-06,0,0,0
1765976269840503,0,-0.384099,4.28139,0,0.855375,0,0,0.51801,-0.384099,4.28139,0,0.855375,0,0,0.51801,0,0,0,0,0,0,0
1765976269840503,0,-0.384099,4.28139,0,0.855375,0,0,0.51801,-0.384099,4.28139,0,0.855375,0,0,0.51801,0,0,0,0,0,0,0
1765976269850505,0,-0.384099,4.28139,0,0.855375,0,0,0.51801,-0.384099,4.28139,0,0.855375,0,0,0.51801,0,0,0,0,0,0,0
1765976269850505,0,-0.384099,4.28139,0,0.855375,0,0,0.51801,-0.384099,4.28139,0,0.855375,0,0,0.51801,0,0,0,0,0,0,0
1765976269860522,0,-0.384099,4.28139,0,0.855375,0,0,0.51801,-0.384099,4.28139,0,0.855375,0,0,0.51801,0,0,0,0,0,0,0
1765976269860522,0,-0.384099,4.28139,0,0.855375,0,0,0.51801,-0.384099,4.28139,0,0.855375,0,0,0.51801,0,0,0,0,0,0,0
1765976269870453,0,-0.384099,4.28139,0,0.855375,0,0,0.51801,-0.384099,4.28139,0,0.855375,0,0,0.51801,0,0,0,0,0,0,0
1765976269870453,0,-0.384099,4.28139,0,0.855375,0,0,0.51801,-0.384099,4.28139,0,0.855375,0,0,0.51801,0,0,0,0,0,0,0
1765976269880486,0,-0.384099,4.28139,0,0.855375,0,0,0.51801,-0.384099,4.28139,0,0.855375,0,0,0.51801,-2.97043e-06,0,0,0,0,0,0
1765976269880486,0,-0.384099,4.28139,0,0.855375,0,0,0.51801,-0.384099,4.28139,0,0.855375,0,0,0.51801,-2.97043e-06,0,0,0,0,0,0
1765976269890498,0,-0.384099,4.28139,0,0.855375,0,0,0.51801,-0.384099,4.28139,0,0.855375,0,0,0.51801,0,0,0,0,0,0,0
1765976269890498,0,-0.384099,4.28139,0,0.855375,0,0,0.51801,-0.384099,4.28139,0,0.855375,0,0,0.51801,0,0,0,0,0,0,0
1765976269900483,0,-0.384099,4.28139,0,0.855375,0,0,0.51801,-0.384099,4.28139,0,0.855375,0,0,0.51801,0,0,0,0,0,0,0
1765976269900483,0,-0.384099,4.28139,0,0.855375,0,0,0.51801,-0.384099,4.28139,0,0.855375,0,0,0.51801,0,0,0,0,0,0,0
1765976269910616,0,-0.384099,4.28139,0,0.855375,0,0,0.51801,-0.384099,4.28139,0,0.855375,0,0,0.51801,0,0,0,0,0,0,0
1765976269910616,0,-0.384099,4.28139,0,0.855375,0,0,0.51801,-0.384099,4.28139,0,0.855375,0,0,0.51801,0,0,0,0,0,0,0
1765976269920609,0,-0.384099,4.28139,0,0.855375,0,0,0.51801,-0.384099,4.28139,0,0.855375,0,0,0.51801,0,0,0,0,0,0,0
1765976269920609,0,-0.384099,4.28139,0,0.855375,0,0,0.51801,-0.384099,4.28139,0,0.855375,0,0,0.51801,0,0,0,0,0,0,0
1765976269930514,0,-0.384099,4.28139,0,0.855375,0,0,0.51801,-0.384099,4.28139,0,0.855375,0,0,0.51801,0,0,0,6.01763e-06,0,0,0
1765976269930514,0,-0.384099,4.28139,0,0.855375,0,0,0.51801,-0.384099,4.28139,0,0.855375,0,0,0.51801,0,0,0,6.01763e-06,0,0,0
1765976269940597,0,-0.384099,4.28139,0,0.855375,0,0,0.51801,-0.384099,4.28139,0,0.855375,0,0,0.51801,0,0,0,5.9114e-06,0,0,0
1765976269940597,0,-0.384099,4.28139,0,0.855375,0,0,0.51801,-0.384099,4.28139,0,0.855375,0,0,0.51801,0,0,0,5.9114e-06,0,0,0
1765976269950461,0,-0.384099,4.28139,0,0.855375,0,0,0.51801,-0.384099,4.28139,0,0.855375,0,0,0.51801,-3.02132e-06,0,0,0,0,0,0
1765976269950461,0,-0.384099,4.28139,0,0.855375,0,0,0.51801,-0.384099,4.28139,0,0.855375,0,0,0.51801,-3.02132e-06,0,0,0,0,0,0
1765976269960574,0,-0.384099,4.28139,0,0.855375,0,0,0.51801,-0.384099,4.28139,0,0.855375,0,0,0.51801,2.94693e-06,0,0,0,0,0,0
1765976269960574,0,-0.384099,4.28139,0,0.855375,0,0,0.51801,-0.384099,4.28139,0,0.855375,0,0,0.51801,2.94693e-06,0,0,0,0,0,0
1765976269970548,0,-0.384099,4.28139,0,0.855375,0,0,0.51801,-0.384099,4.28139,0,0.855375,0,0,0.51801,0,0,0,0,0,0,0
1765976269970548,0,-0.384099,4.28139,0,0.855375,0,0,0.51801,-0.384099,4.28139,0,0.855375,0,0,0.51801,0,0,0,0,0,0,0
1765976269980543,0,-0.384099,4.28139,0,0.855375,0,0,0.51801,-0.384099,4.28139,0,0.855375,0,0,0.51801,0,0,0,0,0,0,0
1765976269980543,0,-0.384099,4.28139,0,0.855375,0,0,0.51801,-0.384099,4.28139,0,0.855375,0,0,0.51801,0,0,0,0,0,0,0
1765976269990582,0,-0.384099,4.28139,0,0.855375,0,0,0.51801,-0.384099,4.28139,0,0.855375,0,0,0.51801,0,0,0,0,0,0,0
1765976269990582,0,-0.384099,4.28139,0,0.855375,0,0,0.51801,-0.384099,4.28139,0,0.855375,0,0,0.51801,0,0,0,0,0,0,0
1765976270000500,0,-0.384099,4.28139,0,0.855375,0,0,0.51801,-0.384099,4.28139,0,0.855375,0,0,0.51801,0,0,0,0,0,0,0
1765976270000500,0,-0.384099,4.28139,0,0.855375,0,0,0.51801,-0.384099,4.28139,0,0.855375,0,0,0.51801,0,0,0,0,0,0,0
1765976270010552,0,-0.384099,4.28139,0,0.855375,0,0,0.51801,-0.384099,4.28139,0,0.855375,0,0,0.51801,0,0,0,0,0,0,0
1765976270010552,0,-0.384099,4.28139,0,0.855375,0,0,0.51801,-0.384099,4.28139,0,0.855375,0,0,0.51801,0,0,0,0,0,0,0
1765976270020524,0,-0.384099,4.28139,0,0.855375,0,0,0.51801,-0.384099,4.28139,0,0.855375,0,0,0.51801,0,0,0,0,0,0,0
1765976270020524,0,-0.384099,4.28139,0,0.855375,0,0,0.51801,-0.384099,4.28139,0,0.855375,0,0,0.51801,0,0,0,0,0,0,0
1765976270030438,0,-0.384099,4.28139,0,0.855375,0,0,0.51801,-0.384099,4.28139,0,0.855375,0,0,0.51801,0,0,0,0,0,0,0
1765976270030438,0,-0.384099,4.28139,0,0.855375,0,0,0.51801,-0.384099,4.28139,0,0.855375,0,0,0.51801,0,0,0,0,0,0,0
1765976270040507,0,-0.384099,4.28139,0,0.855375,0,0,0.51801,-0.384099,4.28139,0,0.855375,0,0,0.51801,0,0,0,0,0,0,0
1765976270040507,0,-0.384099,4.28139,0,0.855375,0,0,0.51801,-0.384099,4.28139,0,0.855375,0,0,0.51801,0,0,0,0,0,0,0
1765976270050547,0,-0.384099,4.28139,0,0.855375,0,0,0.51801,-0.384099,4.28139,0,0.855375,0,0,0.51801,0,0,0,0,0,0,0
1765976270050547,0,-0.384099,4.28139,0,0.855375,0,0,0.51801,-0.384099,4.28139,0,0.855375,0,0,0.51801,0,0,0,0,0,0,0
1765976270060584,0,-0.384099,4.28139,0,0.855375,0,0,0.51801,-0.384099,4.28139,0,0.855375,0,0,0.51801,0,0,0,0,0,0,0
1765976270060584,0,-0.384099,4.28139,0,0.855375,0,0,0.51801,-0.384099,4.28139,0,0.855375,0,0,0.51801,0,0,0,0,0,0,0
1765976270070457,0,-0.384099,4.28139,0,0.855375,0,0,0.51801,-0.384099,4.28139,0,0.855375,0,0,0.51801,0,0,0,0,0,0,0
1765976270070457,0,-0.384099,4.28139,0,0.855375,0,0,0.51801,-0.384099,4.28139,0,0.855375,0,0,0.51801,0,0,0,0,0,0,0
1765976270080520,0,-0.384099,4.28139,0,0.855375,0,0,0.51801,-0.384099,4.28139,0,0.855375,0,0,0.51801,0,0,0,0,0,0,0
1765976270080520,0,-0.384099,4.28139,0,0.855375,0,0,0.51801,-0.384099,4.28139,0,0.855375,0,0,0.51801,0,0,0,0,0,0,0
1765976270090488,0,-0.384099,4.28139,0,0.855375,0,0,0.51801,-0.384099,4.28139,0,0.855375,0,0,0.51801,0,0,0,0,0,0,0
1765976270090488,0,-0.384099,4.28139,0,0.855375,0,0,0.51801,-0.384099,4.28139,0,0.855375,0,0,0.51801,0,0,0,0,0,0,0
1765976270100475,0,-0.384099,4.28139,0,0.855375,0,0,0.51801,-0.384099,4.28139,0,0.855375,0,0,0.51801,-2.98411e-06,0,0,0,0,0,0
1765976270100475,0,-0.384099,4.28139,0,0.855375,0,0,0.51801,-0.384099,4.28139,0,0.855375,0,0,0.51801,-2.98411e-06,0,0,0,0,0,0
1765976270110488,0,-0.384099,4.28139,0,0.855375,0,0,0.51801,-0.384099,4.28139,0,0.855375,0,0,0.51801,0,0,0,0,0,0,0
1765976270110488,0,-0.384099,4.28139,0,0.855375,0,0,0.51801,-0.384099,4.28139,0,0.855375,0,0,0.51801,0,0,0,0,0,0,0
1765976270120530,0,-0.384099,4.28139,0,0.855375,0,0,0.51801,-0.384099,4.28139,0,0.855375,0,0,0.51801,0,0,0,0,0,0,0
1765976270120530,0,-0.384099,4.28139,0,0.855375,0,0,0.51801,-0.384099,4.28139,0,0.855375,0,0,0.51801,0,0,0,0,0,0,0
1765976270130571,0,-0.384099,4.28139,0,0.855375,0,0,0.51801,-0.384099,4.28139,0,0.855375,0,0,0.51801,-2.96806e-06,0,0,-5.93613e-06,0,0,0
1765976270130571,0,-0.384099,4.28139,0,0.855375,0,0,0.51801,-0.384099,4.28139,0,0.855375,0,0,0.51801,-2.96806e-06,0,0,-5.93613e-06,0,0,0
1765976270140782,0,-0.384099,4.28139,0,0.855375,0,0,0.51801,-0.384099,4.28139,0,0.855375,0,0,0.51801,0,0,0,-5.8373e-06,0,0,0
1765976270140782,0,-0.384099,4.28139,0,0.855375,0,0,0.51801,-0.384099,4.28139,0,0.855375,0,0,0.51801,0,0,0,-5.8373e-06,0,0,0
1765976270150558,0,-0.384099,4.28139,0,0.855375,0,0,0.51801,-0.384099,4.28139,0,0.855375,0,0,0.51801,0,0,0,0,0,0,0
1765976270150558,0,-0.384099,4.28139,0,0.855375,0,0,0.51801,-0.384099,4.28139,0,0.855375,0,0,0.51801,0,0,0,0,0,0,0
1765976270160620,0,-0.384099,4.28139,0,0.855375,0,0,0.51801,-0.384099,4.28139,0,0.855375,0,0,0.51801,0,0,0,0,0,0,0
1765976270160620,0,-0.384099,4.28139,0,0.855375,0,0,0.51801,-0.384099,4.28139,0,0.855375,0,0,0.51801,0,0,0,0,0,0,0
1765976270170652,0,-0.384099,4.28139,0,0.855375,0,0,0.51801,-0.384099,4.28139,0,0.855375,0,0,0.51801,0,0,0,0,0,0,0
1765976270170652,0,-0.384099,4.28139,0,0.855375,0,0,0.51801,-0.384099,4.28139,0,0.855375,0,0,0.51801,0,0,0,0,0,0,0
1765976270180639,0,-0.384099,4.28139,0,0.855375,0,0,0.51801,-0.384099,4.28139,0,0.855375,0,0,0.51801,0,0,0,0,0,0,0
1765976270180639,0,-0.384099,4.28139,0,0.855375,0,0,0.51801,-0.384099,4.28139,0,0.855375,0,0,0.51801,0,0,0,0,0,0,0
1765976270190791,0,-0.384099,4.28139,0,0.855375,0,0,0.51801,-0.384099,4.28139,0,0.855375,0,0,0.51801,0,0,0,0,0,0,0
1765976270190791,0,-0.384099,4.28139,0,0.855375,0,0,0.51801,-0.384099,4.28139,0,0.855375,0,0,0.51801,0,0,0,0,0,0,0
1765976270200607,0,-0.384099,4.28139,0,0.855375,0,0,0.51801,-0.384099,4.28139,0,0.855375,0,0,0.51801,0,0,0,0,0,0,0
1765976270200607,0,-0.384099,4.28139,0,0.855375,0,0,0.51801,-0.384099,4.28139,0,0.855375,0,0,0.51801,0,0,0,0,0,0,0
1765976270210564,0,-0.384099,4.28139,0,0.855375,0,0,0.51801,-0.384099,4.28139,0,0.855375,0,0,0.51801,0,0,0,0,0,0,0
1765976270210564,0,-0.384099,4.28139,0,0.855375,0,0,0.51801,-0.384099,4.28139,0,0.855375,0,0,0.51801,0,0,0,0,0,0,0
1765976270220487,0,-0.384099,4.28139,0,0.855375,0,0,0.51801,-0.384099,4.28139,0,0.855375,0,0,0.51801,0,0,0,0,0,0,0
1765976270220487,0,-0.384099,4.28139,0,0.855375,0,0,0.51801,-0.384099,4.28139,0,0.855375,0,0,0.51801,0,0,0,0,0,0,0
1765976270230468,0,-0.384099,4.28139,0,0.855375,0,0,0.51801,-0.384099,4.28139,0,0.855375,0,0,0.51801,2.98591e-06,0,0,0,0,0,0
1765976270230468,0,-0.384099,4.28139,0,0.855375,0,0,0.51801,-0.384099,4.28139,0,0.855375,0,0,0.51801,2.98591e-06,0,0,0,0,0,0
1765976270240519,0,-0.384099,4.28139,0,0.855375,0,0,0.51801,-0.384099,4.28139,0,0.855375,0,0,0.51801,0,0,0,0,0,0,0
1765976270240519,0,-0.384099,4.28139,0,0.855375,0,0,0.51801,-0.384099,4.28139,0,0.855375,0,0,0.51801,0,0,0,0,0,0,0
1765976270250559,0,-0.384099,4.28139,0,0.855375,0,0,0.51801,-0.384099,4.28139,0,0.855375,0,0,0.51801,0,0,0,0,0,0,0
1765976270250559,0,-0.384099,4.28139,0,0.855375,0,0,0.51801,-0.384099,4.28139,0,0.855375,0,0,0.51801,0,0,0,0,0,0,0
1765976270260549,0,-0.384099,4.28139,0,0.855375,0,0,0.51801,-0.384099,4.28139,0,0.855375,0,0,0.51801,0,0,0,0,0,0,0
1765976270260549,0,-0.384099,4.28139,0,0.855375,0,0,0.51801,-0.384099,4.28139,0,0.855375,0,0,0.51801,0,0,0,0,0,0,0
1765976270270528,0,-0.384099,4.28139,0,0.855375,0,0,0.51801,-0.384099,4.28139,0,0.855375,0,0,0.51801,0,0,0,0,0,0,0
1765976270270528,0,-0.384099,4.28139,0,0.855375,0,0,0.51801,-0.384099,4.28139,0,0.855375,0,0,0.51801,0,0,0,0,0,0,0
1765976270280473,0,-0.384099,4.28139,0,0.855375,0,0,0.51801,-0.384099,4.28139,0,0.855375,0,0,0.51801,2.99671e-06,0,0,0,0,0,0
1765976270280473,0,-0.384099,4.28139,0,0.855375,0,0,0.51801,-0.384099,4.28139,0,0.855375,0,0,0.51801,2.99671e-06,0,0,0,0,0,0
1765976270290510,0,-0.384099,4.28139,0,0.855375,0,0,0.51801,-0.384099,4.28139,0,0.855375,0,0,0.51801,0,0,0,0,0,0,0
1765976270290510,0,-0.384099,4.28139,0,0.855375,0,0,0.51801,-0.384099,4.28139,0,0.855375,0,0,0.51801,0,0,0,0,0,0,0
1765976270300517,0,-0.384099,4.28139,0,0.855375,0,0,0.51801,-0.384099,4.28139,0,0.855375,0,0,0.51801,0,0,0,0,0,0,0
1765976270300517,0,-0.384099,4.28139,0,0.855375,0,0,0.51801,-0.384099,4.28139,0,0.855375,0,0,0.51801,0,0,0,0,0,0,0
1765976270310511,0,-0.384099,4.28139,0,0.855375,0,0,0.51801,-0.384099,4.28139,0,0.855375,0,0,0.51801,0,0,0,0,0,0,0
1765976270310511,0,-0.384099,4.28139,0,0.855375,0,0,0.51801,-0.384099,4.28139,0,0.855375,0,0,0.51801,0,0,0,0,0,0,0
1765976270320516,0,-0.384099,4.28139,0,0.855375,0,0,0.51801,-0.384099,4.28139,0,0.855375,0,0,0.51801,0,0,0,0,0,0,0
1765976270320516,0,-0.384099,4.28139,0,0.855375,0,0,0.51801,-0.384099,4.28139,0,0.855375,0,0,0.51801,0,0,0,0,0,0,0
1765976270330480,0,-0.384099,4.28139,0,0.855375,0,0,0.51801,-0.384099,4.28139,0,0.855375,0,0,0.51801,0,0,0,0,0,0,0
1765976270330480,0,-0.384099,4.28139,0,0.855375,0,0,0.51801,-0.384099,4.28139,0,0.855375,0,0,0.51801,0,0,0,0,0,0,0
1765976270340542,0,-0.384099,4.28139,0,0.855375,0,0,0.51801,-0.384099,4.28139,0,0.855375,0,0,0.51801,0,0,0,-5.92374e-06,0,0,0
1765976270340542,0,-0.384099,4.28139,0,0.855375,0,0,0.51801,-0.384099,4.28139,0,0.855375,0,0,0.51801,0,0,0,-5.92374e-06,0,0,0
1765976270350505,0,-0.384099,4.28139,0,0.855375,0,0,0.51801,-0.384099,4.28139,0,0.855375,0,0,0.51801,-2.9913e-06,0,0,5.9826e-06,0,0,0
1765976270350505,0,-0.384099,4.28139,0,0.855375,0,0,0.51801,-0.384099,4.28139,0,0.855375,0,0,0.51801,-2.9913e-06,0,0,5.9826e-06,0,0,0
1765976270360506,0,-0.384099,4.28139,0,0.855375,0,0,0.51801,-0.384099,4.28139,0,0.855375,0,0,0.51801,0,0,0,0,0,0,0
1765976270360506,0,-0.384099,4.28139,0,0.855375,0,0,0.51801,-0.384099,4.28139,0,0.855375,0,0,0.51801,0,0,0,0,0,0,0
1765976270370488,0,-0.384099,4.28139,0,0.855375,0,0,0.51801,-0.384099,4.28139,0,0.855375,0,0,0.51801,0,0,0,0,0,0,0
1765976270370488,0,-0.384099,4.28139,0,0.855375,0,0,0.51801,-0.384099,4.28139,0,0.855375,0,0,0.51801,0,0,0,0,0,0,0
1765976270380508,0,-0.384099,4.28139,0,0.855375,0,0,0.51801,-0.384099,4.28139,0,0.855375,0,0,0.51801,2.97428e-06,0,0,0,0,0,0
1765976270380508,0,-0.384099,4.28139,0,0.855375,0,0,0.51801,-0.384099,4.28139,0,0.855375,0,0,0.51801,2.97428e-06,0,0,0,0,0,0
1765976270390554,0,-0.384099,4.28139,0,0.855375,0,0,0.51801,-0.384099,4.28139,0,0.855375,0,0,0.51801,0,0,0,-5.93317e-06,0,0,0
1765976270390554,0,-0.384099,4.28139,0,0.855375,0,0,0.51801,-0.384099,4.28139,0,0.855375,0,0,0.51801,0,0,0,-5.93317e-06,0,0,0
1765976270400621,0,-0.384099,4.28139,0,0.855375,0,0,0.51801,-0.384099,4.28139,0,0.855375,0,0,0.51801,0,0,0,5.9208e-06,0,0,0
1765976270400621,0,-0.384099,4.28139,0,0.855375,0,0,0.51801,-0.384099,4.28139,0,0.855375,0,0,0.51801,0,0,0,5.9208e-06,0,0,0
1765976270410626,0,-0.384099,4.28139,0,0.855375,0,0,0.51801,-0.384099,4.28139,0,0.855375,0,0,0.51801,0,0,0,-5.95749e-06,0,0,0
1765976270410626,0,-0.384099,4.28139,0,0.855375,0,0,0.51801,-0.384099,4.28139,0,0.855375,0,0,0.51801,0,0,0,-5.95749e-06,0,0,0
1765976270420576,0,-0.384099,4.28139,0,0.855375,0,0,0.51801,-0.384099,4.28139,0,0.855375,0,0,0.51801,0,0,0,0,0,0,0
1765976270420576,0,-0.384099,4.28139,0,0.855375,0,0,0.51801,-0.384099,4.28139,0,0.855375,0,0,0.51801,0,0,0,0,0,0,0
1765976270430494,0,-0.384099,4.28139,0,0.855375,0,0,0.51801,-0.384099,4.28139,0,0.855375,0,0,0.51801,0,0,0,-6.00974e-06,0,0,0
1765976270430494,0,-0.384099,4.28139,0,0.855375,0,0,0.51801,-0.384099,4.28139,0,0.855375,0,0,0.51801,0,0,0,-6.00974e-06,0,0,0
1765976270440549,0,-0.384099,4.28139,0,0.855375,0,0,0.51801,-0.384099,4.28139,0,0.855375,0,0,0.51801,0,0,0,0,0,0,0
1765976270440549,0,-0.384099,4.28139,0,0.855375,0,0,0.51801,-0.384099,4.28139,0,0.855375,0,0,0.51801,0,0,0,0,0,0,0
1765976270450511,0,-0.384099,4.28139,0,0.855375,0,0,0.51801,-0.384099,4.28139,0,0.855375,0,0,0.51801,0,0,0,0,0,0,0
1765976270450511,0,-0.384099,4.28139,0,0.855375,0,0,0.51801,-0.384099,4.28139,0,0.855375,0,0,0.51801,0,0,0,0,0,0,0
1765976270460516,0,-0.384099,4.28139,0,0.855375,0,0,0.51801,-0.384099,4.28139,0,0.855375,0,0,0.51801,0,0,0,0,0,0,0
1765976270460516,0,-0.384099,4.28139,0,0.855375,0,0,0.51801,-0.384099,4.28139,0,0.855375,0,0,0.51801,0,0,0,0,0,0,0
1765976270470511,0,-0.384099,4.28139,0,0.855375,0,0,0.51801,-0.384099,4.28139,0,0.855375,0,0,0.51801,0,0,0,0,0,0,0
1765976270470511,0,-0.384099,4.28139,0,0.855375,0,0,0.51801,-0.384099,4.28139,0,0.855375,0,0,0.51801,0,0,0,0,0,0,0
1765976270480488,0,-0.384099,4.28139,0,0.855375,0,0,0.51801,-0.384099,4.28139,0,0.855375,0,0,0.51801,0,0,0,0,0,0,0
1765976270480488,0,-0.384099,4.28139,0,0.855375,0,0,0.51801,-0.384099,4.28139,0,0.855375,0,0,0.51801,0,0,0,0,0,0,0
1765976270490515,0,-0.384099,4.28139,0,0.855375,0,0,0.51801,-0.384099,4.28139,0,0.855375,0,0,0.51801,0,0,0,5.94441e-06,0,0,0
1765976270490515,0,-0.384099,4.28139,0,0.855375,0,0,0.51801,-0.384099,4.28139,0,0.855375,0,0,0.51801,0,0,0,5.94441e-06,0,0,0
1765976270500567,0,-0.384099,4.28139,0,0.855375,0,0,0.51801,-0.384099,4.28139,0,0.855375,0,0,0.51801,0,0,0,0,0,0,0
1765976270500567,0,-0.384099,4.28139,0,0.855375,0,0,0.51801,-0.384099,4.28139,0,0.855375,0,0,0.51801,0,0,0,0,0,0,0
1765976270510642,0,-0.384099,4.28139,0,0.855375,0,0,0.51801,-0.384099,4.28139,0,0.855375,0,0,0.51801,0,0,0,0,0,0,0
1765976270510642,0,-0.384099,4.28139,0,0.855375,0,0,0.51801,-0.384099,4.28139,0,0.855375,0,0,0.51801,0,0,0,0,0,0,0
1765976270520682,0,-0.384099,4.28139,0,0.855375,0,0,0.51801,-0.384099,4.28139,0,0.855375,0,0,0.51801,0,0,0,0,0,0,0
1765976270520682,0,-0.384099,4.28139,0,0.855375,0,0,0.51801,-0.384099,4.28139,0,0.855375,0,0,0.51801,0,0,0,0,0,0,0
1765976270530605,0,-0.384099,4.28139,0,0.855375,0,0,0.51801,-0.384099,4.28139,0,0.855375,0,0,0.51801,0,0,0,0,0,0,0
1765976270530605,0,-0.384099,4.28139,0,0.855375,0,0,0.51801,-0.384099,4.28139,0,0.855375,0,0,0.51801,0,0,0,0,0,0,0
1765976270540760,0,-0.384099,4.28139,0,0.855375,0,0,0.51801,-0.384099,4.28139,0,0.855375,0,0,0.51801,0,0,0,0,0,0,0
1765976270540760,0,-0.384099,4.28139,0,0.855375,0,0,0.51801,-0.384099,4.28139,0,0.855375,0,0,0.51801,0,0,0,0,0,0,0
1765976270550511,0,-0.384099,4.28139,0,0.855375,0,0,0.51801,-0.384099,4.28139,0,0.855375,0,0,0.51801,0,0,0,0,0,0,0
1765976270550511,0,-0.384099,4.28139,0,0.855375,0,0,0.51801,-0.384099,4.28139,0,0.855375,0,0,0.51801,0,0,0,0,0,0,0
1765976270560479,0,-0.384099,4.28139,0,0.855375,0,0,0.51801,-0.384099,4.28139,0,0.855375,0,0,0.51801,0,0,0,5.9796e-06,0,0,0
1765976270560479,0,-0.384099,4.28139,0,0.855375,0,0,0.51801,-0.384099,4.28139,0,0.855375,0,0,0.51801,0,0,0,5.9796e-06,0,0,0
1765976270570506,0,-0.384099,4.28139,0,0.855375,0,0,0.51801,-0.384099,4.28139,0,0.855375,0,0,0.51801,0,0,0,0,0,0,0
1765976270570506,0,-0.384099,4.28139,0,0.855375,0,0,0.51801,-0.384099,4.28139,0,0.855375,0,0,0.51801,0,0,0,0,0,0,0
1765976270580470,0,-0.384099,4.28139,0,0.855375,0,0,0.51801,-0.384099,4.28139,0,0.855375,0,0,0.51801,0,0,0,0,0,0,0
1765976270580470,0,-0.384099,4.28139,0,0.855375,0,0,0.51801,-0.384099,4.28139,0,0.855375,0,0,0.51801,0,0,0,0,0,0,0
1765976270590589,0,-0.384099,4.28139,0,0.855375,0,0,0.51801,-0.384099,4.28139,0,0.855375,0,0,0.51801,0,0,0,0,0,0,0
1765976270590589,0,-0.384099,4.28139,0,0.855375,0,0,0.51801,-0.384099,4.28139,0,0.855375,0,0,0.51801,0,0,0,0,0,0,0
1765976270600478,0,-0.384099,4.28139,0,0.855375,0,0,0.51801,-0.384099,4.28139,0,0.855375,0,0,0.51801,0,0,0,-6.02737e-06,0,0,0
1765976270600478,0,-0.384099,4.28139,0,0.855375,0,0,0.51801,-0.384099,4.28139,0,0.855375,0,0,0.51801,0,0,0,-6.02737e-06,0,0,0
1765976270610664,0,-0.384099,4.28139,0,0.855375,0,0,0.51801,-0.384099,4.28139,0,0.855375,0,0,0.51801,0,0,0,0,0,0,0
1765976270610664,0,-0.384099,4.28139,0,0.855375,0,0,0.51801,-0.384099,4.28139,0,0.855375,0,0,0.51801,0,0,0,0,0,0,0
1765976270620500,0,-0.384099,4.28139,0,0.855375,0,0,0.51801,-0.384099,4.28139,0,0.855375,0,0,0.51801,0,0,0,0,0,0,0
1765976270620500,0,-0.384099,4.28139,0,0.855375,0,0,0.51801,-0.384099,4.28139,0,0.855375,0,0,0.51801,0,0,0,0,0,0,0
1765976270630471,0,-0.384099,4.28139,0,0.855375,0,0,0.51801,-0.384099,4.28139,0,0.855375,0,0,0.51801,0,0,0,0,0,0,0
1765976270630471,0,-0.384099,4.28139,0,0.855375,0,0,0.51801,-0.384099,4.28139,0,0.855375,0,0,0.51801,0,0,0,0,0,0,0
1765976270640575,0,-0.384099,4.28139,0,0.855375,0,0,0.51801,-0.384099,4.28139,0,0.855375,0,0,0.51801,-2.94956e-06,0,0,5.89911e-06,0,0,0
1765976270640575,0,-0.384099,4.28139,0,0.855375,0,0,0.51801,-0.384099,4.28139,0,0.855375,0,0,0.51801,-2.94956e-06,0,0,5.89911e-06,0,0,0
1765976270650505,0,-0.384099,4.28139,0,0.855375,0,0,0.51801,-0.384099,4.28139,0,0.855375,0,0,0.51801,0,0,0,0,0,0,0
1765976270650505,0,-0.384099,4.28139,0,0.855375,0,0,0.51801,-0.384099,4.28139,0,0.855375,0,0,0.51801,0,0,0,0,0,0,0
1765976270660484,0,-0.384099,4.28139,0,0.855375,0,0,0.51801,-0.384099,4.28139,0,0.855375,0,0,0.51801,0,0,0,0,0,0,0
1765976270660484,0,-0.384099,4.28139,0,0.855375,0,0,0.51801,-0.384099,4.28139,0,0.855375,0,0,0.51801,0,0,0,0,0,0,0
1765976270670569,0,-0.384099,4.28139,0,0.855375,0,0,0.51801,-0.384099,4.28139,0,0.855375,0,0,0.51801,2.95511e-06,0,0,0,0,0,0
1765976270670569,0,-0.384099,4.28139,0,0.855375,0,0,0.51801,-0.384099,4.28139,0,0.855375,0,0,0.51801,2.95511e-06,0,0,0,0,0,0
1765976270680444,0,-0.384099,4.28139,0,0.855375,0,0,0.51801,-0.384099,4.28139,0,0.855375,0,0,0.51801,0,0,0,0,0,0,0
1765976270680444,0,-0.384099,4.28139,0,0.855375,0,0,0.51801,-0.384099,4.28139,0,0.855375,0,0,0.51801,0,0,0,0,0,0,0
1765976270690515,0,-0.384099,4.28139,0,0.855375,0,0,0.51801,-0.384099,4.28139,0,0.855375,0,0,0.51801,0,0,0,0,0,0,0
1765976270690515,0,-0.384099,4.28139,0,0.855375,0,0,0.51801,-0.384099,4.28139,0,0.855375,0,0,0.51801,0,0,0,0,0,0,0
1765976270700446,0,-0.384099,4.28139,0,0.855375,0,0,0.51801,-0.384099,4.28139,0,0.855375,0,0,0.51801,0,0,0,0,0,0,0
1765976270700446,0,-0.384099,4.28139,0,0.855375,0,0,0.51801,-0.384099,4.28139,0,0.855375,0,0,0.51801,0,0,0,0,0,0,0
1765976270710616,0,-0.384099,4.28139,0,0.855375,0,0,0.51801,-0.384099,4.28139,0,0.855375,0,0,0.51801,0,0,0,0,0,0,0
1765976270710616,0,-0.384099,4.28139,0,0.855375,0,0,0.51801,-0.384099,4.28139,0,0.855375,0,0,0.51801,0,0,0,0,0,0,0
1765976270720768,0,-0.384099,4.28139,0,0.855375,0,0,0.51801,-0.384099,4.28139,0,0.855375,0,0,0.51801,0,0,0,-5.87122e-06,0,0,0
1765976270720768,0,-0.384099,4.28139,0,0.855375,0,0,0.51801,-0.384099,4.28139,0,0.855375,0,0,0.51801,0,0,0,-5.87122e-06,0,0,0
1765976270730585,0,-0.384099,4.28139,0,0.855375,0,0,0.51801,-0.384099,4.28139,0,0.855375,0,0,0.51801,0,0,0,0,0,0,0
1765976270730585,0,-0.384099,4.28139,0,0.855375,0,0,0.51801,-0.384099,4.28139,0,0.855375,0,0,0.51801,0,0,0,0,0,0,0
1765976270740746,0,-0.384099,4.28139,0,0.855375,0,0,0.51801,-0.384099,4.28139,0,0.855375,0,0,0.51801,0,0,0,0,0,0,0
1765976270740746,0,-0.384099,4.28139,0,0.855375,0,0,0.51801,-0.384099,4.28139,0,0.855375,0,0,0.51801,0,0,0,0,0,0,0
1765976270750624,0,-0.384099,4.28139,0,0.855375,0,0,0.51801,-0.384099,4.28139,0,0.855375,0,0,0.51801,0,0,0,0,0,0,0
1765976270750624,0,-0.384099,4.28139,0,0.855375,0,0,0.51801,-0.384099,4.28139,0,0.855375,0,0,0.51801,0,0,0,0,0,0,0
1765976270760806,0,-0.384099,4.28139,0,0.855375,0,0,0.51801,-0.384099,4.28139,0,0.855375,0,0,0.51801,0,0,0,0,0,0,0
1765976270760806,0,-0.384099,4.28139,0,0.855375,0,0,0.51801,-0.384099,4.28139,0,0.855375,0,0,0.51801,0,0,0,0,0,0,0
1765976270770636,0,-0.384099,4.28139,0,0.855375,0,0,0.51801,-0.384099,4.28139,0,0.855375,0,0,0.51801,0,0,0,6.06354e-06,0,0,0
1765976270770636,0,-0.384099,4.28139,0,0.855375,0,0,0.51801,-0.384099,4.28139,0,0.855375,0,0,0.51801,0,0,0,6.06354e-06,0,0,0
1765976270780494,0,-0.384099,4.28139,0,0.855375,0,0,0.51801,-0.384099,4.28139,0,0.855375,0,0,0.51801,0,0,0,0,0,0,0
1765976270780494,0,-0.384099,4.28139,0,0.855375,0,0,0.51801,-0.384099,4.28139,0,0.855375,0,0,0.51801,0,0,0,0,0,0,0
1765976270790611,0,-0.384099,4.28139,0,0.855375,0,0,0.51801,-0.384099,4.28139,0,0.855375,0,0,0.51801,0,0,0,0,0,0,0
1765976270790611,0,-0.384099,4.28139,0,0.855375,0,0,0.51801,-0.384099,4.28139,0,0.855375,0,0,0.51801,0,0,0,0,0,0,0
1765976270800581,0,-0.384099,4.28139,0,0.855375,0,0,0.51801,-0.384099,4.28139,0,0.855375,0,0,0.51801,0,0,0,-5.9784e-06,0,0,0
1765976270800581,0,-0.384099,4.28139,0,0.855375,0,0,0.51801,-0.384099,4.28139,0,0.855375,0,0,0.51801,0,0,0,-5.9784e-06,0,0,0
1765976270810698,0,-0.384099,4.28139,0,0.855375,0,0,0.51801,-0.384099,4.28139,0,0.855375,0,0,0.51801,0,0,0,0,0,0,0
1765976270810698,0,-0.384099,4.28139,0,0.855375,0,0,0.51801,-0.384099,4.28139,0,0.855375,0,0,0.51801,0,0,0,0,0,0,0
1765976270820602,0,-0.384099,4.28139,0,0.855375,0,0,0.51801,-0.384099,4.28139,0,0.855375,0,0,0.51801,0,0,0,0,0,0,0
1765976270820602,0,-0.384099,4.28139,0,0.855375,0,0,0.51801,-0.384099,4.28139,0,0.855375,0,0,0.51801,0,0,0,0,0,0,0
1765976270830606,0,-0.384099,4.28139,0,0.855375,0,0,0.51801,-0.384099,4.28139,0,0.855375,0,0,0.51801,-2.97904e-06,0,0,0,0,0,0
1765976270830606,0,-0.384099,4.28139,0,0.855375,0,0,0.51801,-0.384099,4.28139,0,0.855375,0,0,0.51801,-2.97904e-06,0,0,0,0,0,0
1765976270840701,0,-0.384099,4.28139,0,0.855375,0,0,0.51801,-0.384099,4.28139,0,0.855375,0,0,0.51801,0,0,0,0,0,0,0
1765976270840701,0,-0.384099,4.28139,0,0.855375,0,0,0.51801,-0.384099,4.28139,0,0.855375,0,0,0.51801,0,0,0,0,0,0,0
1765976270850650,0,-0.384099,4.28139,0,0.855375,0,0,0.51801,-0.384099,4.28139,0,0.855375,0,0,0.51801,0,0,0,0,0,0,0
1765976270850650,0,-0.384099,4.28139,0,0.855375,0,0,0.51801,-0.384099,4.28139,0,0.855375,0,0,0.51801,0,0,0,0,0,0,0
1765976270860676,0,-0.384099,4.28139,0,0.855375,0,0,0.51801,-0.384099,4.28139,0,0.855375,0,0,0.51801,0,0,0,-5.94501e-06,0,0,0
1765976270860676,0,-0.384099,4.28139,0,0.855375,0,0,0.51801,-0.384099,4.28139,0,0.855375,0,0,0.51801,0,0,0,-5.94501e-06,0,0,0
1765976270870683,0,-0.384099,4.28139,0,0.855375,0,0,0.51801,-0.384099,4.28139,0,0.855375,0,0,0.51801,0,0,0,0,0,0,0
1765976270870683,0,-0.384099,4.28139,0,0.855375,0,0,0.51801,-0.384099,4.28139,0,0.855375,0,0,0.51801,0,0,0,0,0,0,0
1765976270880526,0,-0.384099,4.28139,0,0.855375,0,0,0.51801,-0.384099,4.28139,0,0.855375,0,0,0.51801,0,0,0,0,0,0,0
1765976270880526,0,-0.384099,4.28139,0,0.855375,0,0,0.51801,-0.384099,4.28139,0,0.855375,0,0,0.51801,0,0,0,0,0,0,0
1765976270890548,0,-0.384099,4.28139,0,0.855375,0,0,0.51801,-0.384099,4.28139,0,0.855375,0,0,0.51801,2.97369e-06,0,0,0,0,0,0
1765976270890548,0,-0.384099,4.28139,0,0.855375,0,0,0.51801,-0.384099,4.28139,0,0.855375,0,0,0.51801,2.97369e-06,0,0,0,0,0,0
1765976270900452,0,-0.384099,4.28139,0,0.855375,0,0,0.51801,-0.384099,4.28139,0,0.855375,0,0,0.51801,0,0,0,6.01824e-06,0,0,0
1765976270900452,0,-0.384099,4.28139,0,0.855375,0,0,0.51801,-0.384099,4.28139,0,0.855375,0,0,0.51801,0,0,0,6.01824e-06,0,0,0
1765976270910384,0,-0.384099,4.28139,0,0.855375,0,0,0.51801,-0.384099,4.28139,0,0.855375,0,0,0.51801,0,0,0,0,0,0,0
1765976270910384,0,-0.384099,4.28139,0,0.855375,0,0,0.51801,-0.384099,4.28139,0,0.855375,0,0,0.51801,0,0,0,0,0,0,0
1765976270920441,0,-0.384099,4.28139,0,0.855375,0,0,0.51801,-0.384099,4.28139,0,0.855375,0,0,0.51801,-2.96334e-06,0,0,0,0,0,0
1765976270920441,0,-0.384099,4.28139,0,0.855375,0,0,0.51801,-0.384099,4.28139,0,0.855375,0,0,0.51801,-2.96334e-06,0,0,0,0,0,0
1765976270930438,0,-0.384099,4.28139,0,0.855375,0,0,0.51801,-0.384099,4.28139,0,0.855375,0,0,0.51801,2.98113e-06,0,0,0,0,0,0
1765976270930438,0,-0.384099,4.28139,0,0.855375,0,0,0.51801,-0.384099,4.28139,0,0.855375,0,0,0.51801,2.98113e-06,0,0,0,0,0,0
1765976270940551,0,-0.384099,4.28139,0,0.855375,0,0,0.51801,-0.384099,4.28139,0,0.855375,0,0,0.51801,0,0,0,-5.89386e-06,0,0,0
1765976270940551,0,-0.384099,4.28139,0,0.855375,0,0,0.51801,-0.384099,4.28139,0,0.855375,0,0,0.51801,0,0,0,-5.89386e-06,0,0,0
1765976270950491,0,-0.384099,4.28139,0,0.855375,0,0,0.51801,-0.384099,4.28139,0,0.855375,0,0,0.51801,0,0,0,0,0,0,0
1765976270950491,0,-0.384099,4.28139,0,0.855375,0,0,0.51801,-0.384099,4.28139,0,0.855375,0,0,0.51801,0,0,0,0,0,0,0
1765976270960736,0,-0.384099,4.28139,0,0.855375,0,0,0.51801,-0.384099,4.28139,0,0.855375,0,0,0.51801,0,0,0,0,0,0,0
1765976270960736,0,-0.384099,4.28139,0,0.855375,0,0,0.51801,-0.384099,4.28139,0,0.855375,0,0,0.51801,0,0,0,0,0,0,0
1765976270970771,0,-0.384099,4.28139,0,0.855375,0,0,0.51801,-0.384099,4.28139,0,0.855375,0,0,0.51801,-2.96984e-06,0,0,0,0,0,0
1765976270970771,0,-0.384099,4.28139,0,0.855375,0,0,0.51801,-0.384099,4.28139,0,0.855375,0,0,0.51801,-2.96984e-06,0,0,0,0,0,0
1765976270980604,0,-0.384099,4.28139,0,0.855375,0,0,0.51801,-0.384099,4.28139,0,0.855375,0,0,0.51801,0,0,0,0,0,0,0
1765976270980604,0,-0.384099,4.28139,0,0.855375,0,0,0.51801,-0.384099,4.28139,0,0.855375,0,0,0.51801,0,0,0,0,0,0,0
1765976270990811,0,-0.384099,4.28139,0,0.855375,0,0,0.51801,-0.384099,4.28139,0,0.855375,0,0,0.51801,2.91979e-06,0,0,-5.83958e-06,0,0,0
1765976270990811,0,-0.384099,4.28139,0,0.855375,0,0,0.51801,-0.384099,4.28139,0,0.855375,0,0,0.51801,2.91979e-06,0,0,-5.83958e-06,0,0,0
1765976271000700,0,-0.384099,4.28139,0,0.855375,0,0,0.51801,-0.384099,4.28139,0,0.855375,0,0,0.51801,0,0,0,0,0,0,0
1765976271000700,0,-0.384099,4.28139,0,0.855375,0,0,0.51801,-0.384099,4.28139,0,0.855375,0,0,0.51801,0,0,0,0,0,0,0
1765976271010677,0,-0.384099,4.28139,0,0.855375,0,0,0.51801,-0.384099,4.28139,0,0.855375,0,0,0.51801,0,0,0,5.97421e-06,0,0,0
1765976271010677,0,-0.384099,4.28139,0,0.855375,0,0,0.51801,-0.384099,4.28139,0,0.855375,0,0,0.51801,0,0,0,5.97421e-06,0,0,0
1765976271020736,0,-0.384099,4.28139,0,0.855375,0,0,0.51801,-0.384099,4.28139,0,0.855375,0,0,0.51801,0,0,0,0,0,0,0
1765976271020736,0,-0.384099,4.28139,0,0.855375,0,0,0.51801,-0.384099,4.28139,0,0.855375,0,0,0.51801,0,0,0,0,0,0,0
1765976271030529,0,-0.384099,4.28139,0,0.855375,0,0,0.51801,-0.384099,4.28139,0,0.855375,0,0,0.51801,0,0,0,0,0,0,0
1765976271030529,0,-0.384099,4.28139,0,0.855375,0,0,0.51801,-0.384099,4.28139,0,0.855375,0,0,0.51801,0,0,0,0,0,0,0
1765976271040665,0,-0.384099,4.28139,0,0.855375,0,0,0.51801,-0.384099,4.28139,0,0.855375,0,0,0.51801,-2.94024e-06,0,0,5.88049e-06,0,0,0
1765976271040665,0,-0.384099,4.28139,0,0.855375,0,0,0.51801,-0.384099,4.28139,0,0.855375,0,0,0.51801,-2.94024e-06,0,0,5.88049e-06,0,0,0
1765976271050699,0,-0.384099,4.28139,0,0.855375,0,0,0.51801,-0.384099,4.28139,0,0.855375,0,0,0.51801,-2.97013e-06,0,0,5.94027e-06,0,0,0
1765976271050699,0,-0.384099,4.28139,0,0.855375,0,0,0.51801,-0.384099,4.28139,0,0.855375,0,0,0.51801,-2.97013e-06,0,0,5.94027e-06,0,0,0
1765976271060697,0,-0.384099,4.28139,0,0.855375,0,0,0.51801,-0.384099,4.28139,0,0.855375,0,0,0.51801,2.98083e-06,0,0,0,0,0,0
1765976271060697,0,-0.384099,4.28139,0,0.855375,0,0,0.51801,-0.384099,4.28139,0,0.855375,0,0,0.51801,2.98083e-06,0,0,0,0,0,0
1765976271070759,0,-0.384099,4.28139,0,0.855375,0,0,0.51801,-0.384099,4.28139,0,0.855375,0,0,0.51801,-2.96187e-06,0,0,-5.92374e-06,0,0,0
1765976271070759,0,-0.384099,4.28139,0,0.855375,0,0,0.51801,-0.384099,4.28139,0,0.855375,0,0,0.51801,-2.96187e-06,0,0,-5.92374e-06,0,0,0
1765976271080619,0,-0.384099,4.28139,0,0.855375,0,0,0.51801,-0.384099,4.28139,0,0.855375,0,0,0.51801,0,0,0,0,0,0,0
1765976271080619,0,-0.384099,4.28139,0,0.855375,0,0,0.51801,-0.384099,4.28139,0,0.855375,0,0,0.51801,0,0,0,0,0,0,0
1765976271090678,0,-0.384099,4.28139,0,0.855375,0,0,0.51801,-0.384099,4.28139,0,0.855375,0,0,0.51801,0,0,0,0,0,0,0
1765976271090678,0,-0.384099,4.28139,0,0.855375,0,0,0.51801,-0.384099,4.28139,0,0.855375,0,0,0.51801,0,0,0,0,0,0,0
1765976271100737,0,-0.384099,4.28139,0,0.855375,0,0,0.51801,-0.384099,4.28139,0,0.855375,0,0,0.51801,0,0,0,0,0,0,0
1765976271100737,0,-0.384099,4.28139,0,0.855375,0,0,0.51801,-0.384099,4.28139,0,0.855375,0,0,0.51801,0,0,0,0,0,0,0
1765976271110811,0,-0.384099,4.28139,0,0.855375,0,0,0.51801,-0.384099,4.28139,0,0.855375,0,0,0.51801,0,0,0,5.91668e-06,0,0,0
1765976271110811,0,-0.384099,4.28139,0,0.855375,0,0,0.51801,-0.384099,4.28139,0,0.855375,0,0,0.51801,0,0,0,5.91668e-06,0,0,0
1765976271120662,0,-0.384099,4.28139,0,0.855375,0,0,0.51801,-0.384099,4.28139,0,0.855375,0,0,0.51801,3.02531e-06,0,0,-6.05062e-06,0,0,0
1765976271120662,0,-0.384099,4.28139,0,0.855375,0,0,0.51801,-0.384099,4.28139,0,0.855375,0,0,0.51801,3.02531e-06,0,0,-6.05062e-06,0,0,0
1765976271130473,0,-0.384099,4.28139,0,0.855375,0,0,0.51801,-0.384099,4.28139,0,0.855375,0,0,0.51801,0,0,0,0,0,0,0
1765976271130473,0,-0.384099,4.28139,0,0.855375,0,0,0.51801,-0.384099,4.28139,0,0.855375,0,0,0.51801,0,0,0,0,0,0,0
1765976271140603,0,-0.384099,4.28139,0,0.855375,0,0,0.51801,-0.384099,4.28139,0,0.855375,0,0,0.51801,0,0,0,-5.88397e-06,0,0,0
1765976271140603,0,-0.384099,4.28139,0,0.855375,0,0,0.51801,-0.384099,4.28139,0,0.855375,0,0,0.51801,0,0,0,-5.88397e-06,0,0,0
1765976271150469,0,-0.384099,4.28139,0,0.855375,0,0,0.51801,-0.384099,4.28139,0,0.855375,0,0,0.51801,0,0,0,0,0,0,0
1765976271150469,0,-0.384099,4.28139,0,0.855375,0,0,0.51801,-0.384099,4.28139,0,0.855375,0,0,0.51801,0,0,0,0,0,0,0
1765976271160459,0,-0.384099,4.28139,0,0.855375,0,0,0.51801,-0.384099,4.28139,0,0.855375,0,0,0.51801,0,0,0,0,0,0,0
1765976271160459,0,-0.384099,4.28139,0,0.855375,0,0,0.51801,-0.384099,4.28139,0,0.855375,0,0,0.51801,0,0,0,0,0,0,0
1765976271170481,0,-0.384099,4.28139,0,0.855375,0,0,0.51801,-0.384099,4.28139,0,0.855375,0,0,0.51801,2.97369e-06,0,0,0,0,0,0
1765976271170481,0,-0.384099,4.28139,0,0.855375,0,0,0.51801,-0.384099,4.28139,0,0.855375,0,0,0.51801,2.97369e-06,0,0,0,0,0,0
1765976271180464,0,-0.384099,4.28139,0,0.855375,0,0,0.51801,-0.384099,4.28139,0,0.855375,0,0,0.51801,0,0,0,5.97061e-06,0,0,0
1765976271180464,0,-0.384099,4.28139,0,0.855375,0,0,0.51801,-0.384099,4.28139,0,0.855375,0,0,0.51801,0,0,0,5.97061e-06,0,0,0
1765976271190533,0,-0.384099,4.28139,0,0.855375,0,0,0.51801,-0.384099,4.28139,0,0.855375,0,0,0.51801,0,0,0,5.91962e-06,0,0,0
1765976271190533,0,-0.384099,4.28139,0,0.855375,0,0,0.51801,-0.384099,4.28139,0,0.855375,0,0,0.51801,0,0,0,5.91962e-06,0,0,0
1765976271200478,0,-0.384099,4.28139,0,0.855375,0,0,0.51801,-0.384099,4.28139,0,0.855375,0,0,0.51801,2.99671e-06,0,0,0,0,0,0
1765976271200478,0,-0.384099,4.28139,0,0.855375,0,0,0.51801,-0.384099,4.28139,0,0.855375,0,0,0.51801,2.99671e-06,0,0,0,0,0,0
1765976271210450,0,-0.384099,4.28139,0,0.855375,0,0,0.51801,-0.384099,4.28139,0,0.855375,0,0,0.51801,0,0,0,0,0,0,0
1765976271210450,0,-0.384099,4.28139,0,0.855375,0,0,0.51801,-0.384099,4.28139,0,0.855375,0,0,0.51801,0,0,0,0,0,0,0
1765976271220485,0,-0.384099,4.28139,0,0.855375,0,0,0.51801,-0.384099,4.28139,0,0.855375,0,0,0.51801,-2.96984e-06,0,0,0,0,0,0
1765976271220485,0,-0.384099,4.28139,0,0.855375,0,0,0.51801,-0.384099,4.28139,0,0.855375,0,0,0.51801,-2.96984e-06,0,0,0,0,0,0
1765976271230468,0,-0.384099,4.28139,0,0.855375,0,0,0.51801,-0.384099,4.28139,0,0.855375,0,0,0.51801,0,0,0,0,0,0,0
1765976271230468,0,-0.384099,4.28139,0,0.855375,0,0,0.51801,-0.384099,4.28139,0,0.855375,0,0,0.51801,0,0,0,0,0,0,0
1765976271240470,0,-0.384099,4.28139,0,0.855375,0,0,0.51801,-0.384099,4.28139,0,0.855375,0,0,0.51801,0,0,0,0,0,0,0
1765976271240470,0,-0.384099,4.28139,0,0.855375,0,0,0.51801,-0.384099,4.28139,0,0.855375,0,0,0.51801,0,0,0,0,0,0,0
1765976271250465,0,-0.384099,4.28139,0,0.855375,0,0,0.51801,-0.384099,4.28139,0,0.855375,0,0,0.51801,0,0,0,0,0,0,0
1765976271250465,0,-0.384099,4.28139,0,0.855375,0,0,0.51801,-0.384099,4.28139,0,0.855375,0,0,0.51801,0,0,0,0,0,0,0
1765976271260489,0,-0.384099,4.28139,0,0.855375,0,0,0.51801,-0.384099,4.28139,0,0.855375,0,0,0.51801,0,0,0,0,0,0,0
1765976271260489,0,-0.384099,4.28139,0,0.855375,0,0,0.51801,-0.384099,4.28139,0,0.855375,0,0,0.51801,0,0,0,0,0,0,0
1765976271270547,0,-0.384099,4.28139,0,0.855375,0,0,0.51801,-0.384099,4.28139,0,0.855375,0,0,0.51801,-2.96305e-06,0,0,0,0,0,0
1765976271270547,0,-0.384099,4.28139,0,0.855375,0,0,0.51801,-0.384099,4.28139,0,0.855375,0,0,0.51801,-2.96305e-06,0,0,0,0,0,0
1765976271280617,0,-0.384099,4.28139,0,0.855375,0,0,0.51801,-0.384099,4.28139,0,0.855375,0,0,0.51801,0,0,0,0,0,0,0
1765976271280617,0,-0.384099,4.28139,0,0.855375,0,0,0.51801,-0.384099,4.28139,0,0.855375,0,0,0.51801,0,0,0,0,0,0,0
1765976271290665,0,-0.384099,4.28139,0,0.855375,0,0,0.51801,-0.384099,4.28139,0,0.855375,0,0,0.51801,0,0,0,0,0,0,0
1765976271290665,0,-0.384099,4.28139,0,0.855375,0,0,0.51801,-0.384099,4.28139,0,0.855375,0,0,0.51801,0,0,0,0,0,0,0
1765976271300494,0,-0.384099,4.28139,0,0.855375,0,0,0.51801,-0.384099,4.28139,0,0.855375,0,0,0.51801,0,0,0,-6.06416e-06,0,0,0
1765976271300494,0,-0.384099,4.28139,0,0.855375,0,0,0.51801,-0.384099,4.28139,0,0.855375,0,0,0.51801,0,0,0,-6.06416e-06,0,0,0
1765976271310694,0,-0.384099,4.28139,0,0.855375,0,0,0.51801,-0.384099,4.28139,0,0.855375,0,0,0.51801,0,0,0,0,0,0,0
1765976271310694,0,-0.384099,4.28139,0,0.855375,0,0,0.51801,-0.384099,4.28139,0,0.855375,0,0,0.51801,0,0,0,0,0,0,0
1765976271320626,0,-0.384099,4.28139,0,0.855375,0,0,0.51801,-0.384099,4.28139,0,0.855375,0,0,0.51801,0,0,0,6.00127e-06,0,0,0
1765976271320626,0,-0.384099,4.28139,0,0.855375,0,0,0.51801,-0.384099,4.28139,0,0.855375,0,0,0.51801,0,0,0,6.00127e-06,0,0,0
1765976271330497,0,-0.384099,4.28139,0,0.855375,0,0,0.51801,-0.384099,4.28139,0,0.855375,0,0,0.51801,-3.01918e-06,0,0,0,0,0,0
1765976271330497,0,-0.384099,4.28139,0,0.855375,0,0,0.51801,-0.384099,4.28139,0,0.855375,0,0,0.51801,-3.01918e-06,0,0,0,0,0,0
1765976271340600,0,-0.384099,4.28139,0,0.855375,0,0,0.51801,-0.384099,4.28139,0,0.855375,0,0,0.51801,0,0,0,0,0,0,0
1765976271340600,0,-0.384099,4.28139,0,0.855375,0,0,0.51801,-0.384099,4.28139,0,0.855375,0,0,0.51801,0,0,0,0,0,0,0
1765976271350514,0,-0.384099,4.28139,0,0.855375,0,0,0.51801,-0.384099,4.28139,0,0.855375,0,0,0.51801,0,0,0,0,0,0,0
1765976271350514,0,-0.384099,4.28139,0,0.855375,0,0,0.51801,-0.384099,4.28139,0,0.855375,0,0,0.51801,0,0,0,0,0,0,0
1765976271360559,0,-0.384099,4.28139,0,0.855375,0,0,0.51801,-0.384099,4.28139,0,0.855375,0,0,0.51801,0,0,0,0,0,0,0
1765976271360559,0,-0.384099,4.28139,0,0.855375,0,0,0.51801,-0.384099,4.28139,0,0.855375,0,0,0.51801,0,0,0,0,0,0,0
1765976271370639,0,-0.384099,4.28139,0,0.855375,0,0,0.51801,-0.384099,4.28139,0,0.855375,0,0,0.51801,0,0,0,0,0,0,0
1765976271370639,0,-0.384099,4.28139,0,0.855375,0,0,0.51801,-0.384099,4.28139,0,0.855375,0,0,0.51801,0,0,0,0,0,0,0
1765976271380495,0,-0.384099,4.28139,0,0.855375,0,0,0.51801,-0.384099,4.28139,0,0.855375,0,0,0.51801,0,0,0,-6.04755e-06,0,0,0
1765976271380495,0,-0.384099,4.28139,0,0.855375,0,0,0.51801,-0.384099,4.28139,0,0.855375,0,0,0.51801,0,0,0,-6.04755e-06,0,0,0
1765976271390498,0,-0.384099,4.28139,0,0.855375,0,0,0.51801,-0.384099,4.28139,0,0.855375,0,0,0.51801,0,0,0,0,0,0,0
1765976271390498,0,-0.384099,4.28139,0,0.855375,0,0,0.51801,-0.384099,4.28139,0,0.855375,0,0,0.51801,0,0,0,0,0,0,0
1765976271400478,0,-0.384099,4.28139,0,0.855375,0,0,0.51801,-0.384099,4.28139,0,0.855375,0,0,0.51801,0,0,0,0,0,0,0
1765976271400478,0,-0.384099,4.28139,0,0.855375,0,0,0.51801,-0.384099,4.28139,0,0.855375,0,0,0.51801,0,0,0,0,0,0,0
1765976271410458,0,-0.384099,4.28139,0,0.855375,0,0,0.51801,-0.384099,4.28139,0,0.855375,0,0,0.51801,0,0,0,5.97241e-06,0,0,0
1765976271410458,0,-0.384099,4.28139,0,0.855375,0,0,0.51801,-0.384099,4.28139,0,0.855375,0,0,0.51801,0,0,0,5.97241e-06,0,0,0
1765976271420631,0,-0.384099,4.28139,0,0.855375,0,0,0.51801,-0.384099,4.28139,0,0.855375,0,0,0.51801,0,0,0,0,0,0,0
1765976271420631,0,-0.384099,4.28139,0,0.855375,0,0,0.51801,-0.384099,4.28139,0,0.855375,0,0,0.51801,0,0,0,0,0,0,0
1765976271430571,0,-0.384099,4.28139,0,0.855375,0,0,0.51801,-0.384099,4.28139,0,0.855375,0,0,0.51801,0,0,0,0,0,0,0
1765976271430571,0,-0.384099,4.28139,0,0.855375,0,0,0.51801,-0.384099,4.28139,0,0.855375,0,0,0.51801,0,0,0,0,0,0,0
1765976271440506,0,-0.384099,4.28139,0,0.855375,0,0,0.51801,-0.384099,4.28139,0,0.855375,0,0,0.51801,0,0,0,0,0,0,0
1765976271440506,0,-0.384099,4.28139,0,0.855375,0,0,0.51801,-0.384099,4.28139,0,0.855375,0,0,0.51801,0,0,0,0,0,0,0
1765976271450499,0,-0.384099,4.28139,0,0.855375,0,0,0.51801,-0.384099,4.28139,0,0.855375,0,0,0.51801,0,0,0,0,0,0,0
1765976271450499,0,-0.384099,4.28139,0,0.855375,0,0,0.51801,-0.384099,4.28139,0,0.855375,0,0,0.51801,0,0,0,0,0,0,0
1765976271460703,0,-0.384099,4.28139,0,0.855375,0,0,0.51801,-0.384099,4.28139,0,0.855375,0,0,0.51801,0,0,0,0,0,0,0
1765976271460703,0,-0.384099,4.28139,0,0.855375,0,0,0.51801,-0.384099,4.28139,0,0.855375,0,0,0.51801,0,0,0,0,0,0,0
1765976271470732,0,-0.384099,4.28139,0,0.855375,0,0,0.51801,-0.384099,4.28139,0,0.855375,0,0,0.51801,0,0,0,0,0,0,0
1765976271470732,0,-0.384099,4.28139,0,0.855375,0,0,0.51801,-0.384099,4.28139,0,0.855375,0,0,0.51801,0,0,0,0,0,0,0
1765976271480580,0,-0.384099,4.28139,0,0.855375,0,0,0.51801,-0.384099,4.28139,0,0.855375,0,0,0.51801,0,0,0,-6.05246e-06,0,0,0
1765976271480580,0,-0.384099,4.28139,0,0.855375,0,0,0.51801,-0.384099,4.28139,0,0.855375,0,0,0.51801,0,0,0,-6.05246e-06,0,0,0
1765976271490588,0,-0.384099,4.28139,0,0.855375,0,0,0.51801,-0.384099,4.28139,0,0.855375,0,0,0.51801,0,0,0,0,0,0,0
1765976271490588,0,-0.384099,4.28139,0,0.855375,0,0,0.51801,-0.384099,4.28139,0,0.855375,0,0,0.51801,0,0,0,0,0,0,0
1765976271500585,0,-0.384099,4.28139,0,0.855375,0,0,0.51801,-0.384099,4.28139,0,0.855375,0,0,0.51801,2.98113e-06,0,0,0,0,0,0
1765976271500585,0,-0.384099,4.28139,0,0.855375,0,0,0.51801,-0.384099,4.28139,0,0.855375,0,0,0.51801,2.98113e-06,0,0,0,0,0,0
1765976271510559,0,-0.384099,4.28139,0,0.855375,0,0,0.51801,-0.384099,4.28139,0,0.855375,0,0,0.51801,2.988e-06,0,0,0,0,0,0
1765976271510559,0,-0.384099,4.28139,0,0.855375,0,0,0.51801,-0.384099,4.28139,0,0.855375,0,0,0.51801,2.988e-06,0,0,0,0,0,0
1765976271520673,0,-0.384099,4.28139,0,0.855375,0,0,0.51801,-0.384099,4.28139,0,0.855375,0,0,0.51801,0,0,0,0,0,0,0
1765976271520673,0,-0.384099,4.28139,0,0.855375,0,0,0.51801,-0.384099,4.28139,0,0.855375,0,0,0.51801,0,0,0,0,0,0,0
1765976271530534,0,-0.384099,4.28139,0,0.855375,0,0,0.51801,-0.384099,4.28139,0,0.855375,0,0,0.51801,0,0,0,0,0,0,0
1765976271530534,0,-0.384099,4.28139,0,0.855375,0,0,0.51801,-0.384099,4.28139,0,0.855375,0,0,0.51801,0,0,0,0,0,0,0
1765976271540728,0,-0.384099,4.28139,0,0.855375,0,0,0.51801,-0.384099,4.28139,0,0.855375,0,0,0.51801,0,0,0,0,0,0,0
1765976271540728,0,-0.384099,4.28139,0,0.855375,0,0,0.51801,-0.384099,4.28139,0,0.855375,0,0,0.51801,0,0,0,0,0,0,0
1765976271550668,0,-0.384099,4.28139,0,0.855375,0,0,0.51801,-0.384099,4.28139,0,0.855375,0,0,0.51801,0,0,0,0,0,0,0
1765976271550668,0,-0.384099,4.28139,0,0.855375,0,0,0.51801,-0.384099,4.28139,0,0.855375,0,0,0.51801,0,0,0,0,0,0,0
1765976271560698,0,-0.384099,4.28139,0,0.855375,0,0,0.51801,-0.384099,4.28139,0,0.855375,0,0,0.51801,0,0,0,0,0,0,0
1765976271560698,0,-0.384099,4.28139,0,0.855375,0,0,0.51801,-0.384099,4.28139,0,0.855375,0,0,0.51801,0,0,0,0,0,0,0
1765976271570604,0,-0.384099,4.28139,0,0.855375,0,0,0.51801,-0.384099,4.28139,0,0.855375,0,0,0.51801,0,0,0,0,0,0,0
1765976271570604,0,-0.384099,4.28139,0,0.855375,0,0,0.51801,-0.384099,4.28139,0,0.855375,0,0,0.51801,0,0,0,0,0,0,0
1765976271580636,0,-0.384099,4.28139,0,0.855375,0,0,0.51801,-0.384099,4.28139,0,0.855375,0,0,0.51801,0,0,0,0,0,0,0
1765976271580636,0,-0.384099,4.28139,0,0.855375,0,0,0.51801,-0.384099,4.28139,0,0.855375,0,0,0.51801,0,0,0,0,0,0,0
1765976271590688,0,-0.384099,4.28139,0,0.855375,0,0,0.51801,-0.384099,4.28139,0,0.855375,0,0,0.51801,0,0,0,5.92963e-06,0,0,0
1765976271590688,0,-0.384099,4.28139,0,0.855375,0,0,0.51801,-0.384099,4.28139,0,0.855375,0,0,0.51801,0,0,0,5.92963e-06,0,0,0
1765976271600631,0,-0.384099,4.28139,0,0.855375,0,0,0.51801,-0.384099,4.28139,0,0.855375,0,0,0.51801,-2.99732e-06,0,0,0,0,0,0
1765976271600631,0,-0.384099,4.28139,0,0.855375,0,0,0.51801,-0.384099,4.28139,0,0.855375,0,0,0.51801,-2.99732e-06,0,0,0,0,0,0
1765976271610655,0,-0.384099,4.28139,0,0.855375,0,0,0.51801,-0.384099,4.28139,0,0.855375,0,0,0.51801,0,0,0,0,0,0,0
1765976271610655,0,-0.384099,4.28139,0,0.855375,0,0,0.51801,-0.384099,4.28139,0,0.855375,0,0,0.51801,0,0,0,0,0,0,0
1765976271620657,0,-0.384099,4.28139,0,0.855375,0,0,0.51801,-0.384099,4.28139,0,0.855375,0,0,0.51801,0,0,0,0,0,0,0
1765976271620657,0,-0.384099,4.28139,0,0.855375,0,0,0.51801,-0.384099,4.28139,0,0.855375,0,0,0.51801,0,0,0,0,0,0,0
1765976271630597,0,-0.384099,4.28139,0,0.855375,0,0,0.51801,-0.384099,4.28139,0,0.855375,0,0,0.51801,0,0,0,0,0,0,0
1765976271630597,0,-0.384099,4.28139,0,0.855375,0,0,0.51801,-0.384099,4.28139,0,0.855375,0,0,0.51801,0,0,0,0,0,0,0
1765976271640681,0,-0.384099,4.28139,0,0.855375,0,0,0.51801,-0.384099,4.28139,0,0.855375,0,0,0.51801,0,0,0,-5.91081e-06,0,0,0
1765976271640681,0,-0.384099,4.28139,0,0.855375,0,0,0.51801,-0.384099,4.28139,0,0.855375,0,0,0.51801,0,0,0,-5.91081e-06,0,0,0
1765976271650618,0,-0.384099,4.28139,0,0.855375,0,0,0.51801,-0.384099,4.28139,0,0.855375,0,0,0.51801,0,0,0,0,0,0,0
1765976271650618,0,-0.384099,4.28139,0,0.855375,0,0,0.51801,-0.384099,4.28139,0,0.855375,0,0,0.51801,0,0,0,0,0,0,0
1765976271660667,0,-0.384099,4.28139,0,0.855375,0,0,0.51801,-0.384099,4.28139,0,0.855375,0,0,0.51801,0,0,0,0,0,0,0
1765976271660667,0,-0.384099,4.28139,0,0.855375,0,0,0.51801,-0.384099,4.28139,0,0.855375,0,0,0.51801,0,0,0,0,0,0,0
1765976271670668,0,-0.384099,4.28139,0,0.855375,0,0,0.51801,-0.384099,4.28139,0,0.855375,0,0,0.51801,0,0,0,0,0,0,0
1765976271670668,0,-0.384099,4.28139,0,0.855375,0,0,0.51801,-0.384099,4.28139,0,0.855375,0,0,0.51801,0,0,0,0,0,0,0
1765976271680521,0,-0.384099,4.28139,0,0.855375,0,0,0.51801,-0.384099,4.28139,0,0.855375,0,0,0.51801,0,0,0,6.04939e-06,0,0,0
1765976271680521,0,-0.384099,4.28139,0,0.855375,0,0,0.51801,-0.384099,4.28139,0,0.855375,0,0,0.51801,0,0,0,6.04939e-06,0,0,0
1765976271690639,0,-0.384099,4.28139,0,0.855375,0,0,0.51801,-0.384099,4.28139,0,0.855375,0,0,0.51801,0,0,0,0,0,0,0
1765976271690639,0,-0.384099,4.28139,0,0.855375,0,0,0.51801,-0.384099,4.28139,0,0.855375,0,0,0.51801,0,0,0,0,0,0,0
1765976271700604,0,-0.384099,4.28139,0,0.855375,0,0,0.51801,-0.384099,4.28139,0,0.855375,0,0,0.51801,-2.9907e-06,0,0,0,0,0,0
1765976271700604,0,-0.384099,4.28139,0,0.855375,0,0,0.51801,-0.384099,4.28139,0,0.855375,0,0,0.51801,-2.9907e-06,0,0,0,0,0,0
1765976271710567,0,-0.384099,4.28139,0,0.855375,0,0,0.51801,-0.384099,4.28139,0,0.855375,0,0,0.51801,-2.9913e-06,0,0,0,0,0,0
1765976271710567,0,-0.384099,4.28139,0,0.855375,0,0,0.51801,-0.384099,4.28139,0,0.855375,0,0,0.51801,-2.9913e-06,0,0,0,0,0,0
1765976271720592,0,-0.384099,4.28139,0,0.855375,0,0,0.51801,-0.384099,4.28139,0,0.855375,0,0,0.51801,0,0,0,0,0,0,0
1765976271720592,0,-0.384099,4.28139,0,0.855375,0,0,0.51801,-0.384099,4.28139,0,0.855375,0,0,0.51801,0,0,0,0,0,0,0
1765976271730624,0,-0.384099,4.28139,0,0.855375,0,0,0.51801,-0.384099,4.28139,0,0.855375,0,0,0.51801,0,0,0,0,0,0,0
1765976271730624,0,-0.384099,4.28139,0,0.855375,0,0,0.51801,-0.384099,4.28139,0,0.855375,0,0,0.51801,0,0,0,0,0,0,0
1765976271740707,0,-0.384099,4.28139,0,0.855375,0,0,0.51801,-0.384099,4.28139,0,0.855375,0,0,0.51801,0,0,0,0,0,0,0
1765976271740707,0,-0.384099,4.28139,0,0.855375,0,0,0.51801,-0.384099,4.28139,0,0.855375,0,0,0.51801,0,0,0,0,0,0,0
1765976271750623,0,-0.384099,4.28139,0,0.855375,0,0,0.51801,-0.384099,4.28139,0,0.855375,0,0,0.51801,0,0,0,0,0,0,0
1765976271750623,0,-0.384099,4.28139,0,0.855375,0,0,0.51801,-0.384099,4.28139,0,0.855375,0,0,0.51801,0,0,0,0,0,0,0
1765976271760531,0,-0.384099,4.28139,0,0.855375,0,0,0.51801,-0.384099,4.28139,0,0.855375,0,0,0.51801,0,0,0,0,0,0,0
1765976271760531,0,-0.384099,4.28139,0,0.855375,0,0,0.51801,-0.384099,4.28139,0,0.855375,0,0,0.51801,0,0,0,0,0,0,0
1765976271770530,0,-0.384099,4.28139,0,0.855375,0,0,0.51801,-0.384099,4.28139,0,0.855375,0,0,0.51801,0,0,0,-5.96106e-06,0,0,0
1765976271770530,0,-0.384099,4.28139,0,0.855375,0,0,0.51801,-0.384099,4.28139,0,0.855375,0,0,0.51801,0,0,0,-5.96106e-06,0,0,0
1765976271780617,0,-0.384099,4.28139,0,0.855375,0,0,0.51801,-0.384099,4.28139,0,0.855375,0,0,0.51801,2.95453e-06,0,0,5.90906e-06,0,0,0
1765976271780617,0,-0.384099,4.28139,0,0.855375,0,0,0.51801,-0.384099,4.28139,0,0.855375,0,0,0.51801,2.95453e-06,0,0,5.90906e-06,0,0,0
1765976271790592,0,-0.384099,4.28139,0,0.855375,0,0,0.51801,-0.384099,4.28139,0,0.855375,0,0,0.51801,0,0,0,0,0,0,0
1765976271790592,0,-0.384099,4.28139,0,0.855375,0,0,0.51801,-0.384099,4.28139,0,0.855375,0,0,0.51801,0,0,0,0,0,0,0
1765976271800631,0,-0.384099,4.28139,0,0.855375,0,0,0.51801,-0.384099,4.28139,0,0.855375,0,0,0.51801,0,0,0,0,0,0,5.93731e-06
1765976271800631,0,-0.384099,4.28139,0,0.855375,0,0,0.51801,-0.384099,4.28139,0,0.855375,0,0,0.51801,0,0,0,0,0,0,5.93731e-06
1765976271810633,0,-0.384099,4.28139,0,0.855375,0,0,0.51801,-0.384099,4.28139,0,0.855375,0,0,0.51801,0,0,0,0,0,0,0
1765976271810633,0,-0.384099,4.28139,0,0.855375,0,0,0.51801,-0.384099,4.28139,0,0.855375,0,0,0.51801,0,0,0,0,0,0,0
1765976271820664,0,-0.384099,4.28139,0,0.855375,0,0,0.51801,-0.384099,4.28139,0,0.855375,0,0,0.51801,0,0,0,0,0,0,0
1765976271820664,0,-0.384099,4.28139,0,0.855375,0,0,0.51801,-0.384099,4.28139,0,0.855375,0,0,0.51801,0,0,0,0,0,0,0
1765976271830524,0,-0.384099,4.28139,0,0.855375,0,0,0.51801,-0.384099,4.28139,0,0.855375,0,0,0.51801,0,0,0,0,0,0,0
1765976271830524,0,-0.384099,4.28139,0,0.855375,0,0,0.51801,-0.384099,4.28139,0,0.855375,0,0,0.51801,0,0,0,0,0,0,0
1765976271840809,0,-0.384099,4.28139,0,0.855375,0,0,0.51801,-0.384099,4.28139,0,0.855375,0,0,0.51801,2.89765e-06,0,0,-5.7953e-06,0,0,0
1765976271840809,0,-0.384099,4.28139,0,0.855375,0,0,0.51801,-0.384099,4.28139,0,0.855375,0,0,0.51801,2.89765e-06,0,0,-5.7953e-06,0,0,0
1765976271850580,0,-0.384099,4.28139,0,0.855375,0,0,0.51801,-0.384099,4.28139,0,0.855375,0,0,0.51801,-3.05008e-06,0,0,6.10016e-06,0,0,6.10016e-06
1765976271850580,0,-0.384099,4.28139,0,0.855375,0,0,0.51801,-0.384099,4.28139,0,0.855375,0,0,0.51801,-3.05008e-06,0,0,6.10016e-06,0,0,6.10016e-06
1765976271860693,0,-0.384099,4.28139,0,0.855375,0,0,0.51801,-0.384099,4.28139,0,0.855375,0,0,0.51801,2.94693e-06,0,0,0,0,0,0
1765976271860693,0,-0.384099,4.28139,0,0.855375,0,0,0.51801,-0.384099,4.28139,0,0.855375,0,0,0.51801,2.94693e-06,0,0,0,0,0,0
1765976271870791,0,-0.384099,4.28139,0,0.855375,0,0,0.51801,-0.384099,4.28139,0,0.855375,0,0,0.51801,0,0,0,0,0,0,0
1765976271870791,0,-0.384099,4.28139,0,0.855375,0,0,0.51801,-0.384099,4.28139,0,0.855375,0,0,0.51801,0,0,0,0,0,0,0
1765976271880608,0,-0.384099,4.28139,0,0.855375,0,0,0.51801,-0.384099,4.28139,0,0.855375,0,0,0.51801,0,0,0,-6.07157e-06,0,0,0
1765976271880608,0,-0.384099,4.28139,0,0.855375,0,0,0.51801,-0.384099,4.28139,0,0.855375,0,0,0.51801,0,0,0,-6.07157e-06,0,0,0
1765976271890777,0,-0.384099,4.28139,0,0.855375,0,0,0.51801,-0.384099,4.28139,0,0.855375,0,0,0.51801,0,0,0,0,0,0,0
1765976271890777,0,-0.384099,4.28139,0,0.855375,0,0,0.51801,-0.384099,4.28139,0,0.855375,0,0,0.51801,0,0,0,0,0,0,0
1765976271900611,0,-0.384099,4.28139,0,0.855375,0,0,0.51801,-0.384099,4.28139,0,0.855375,0,0,0.51801,0,0,0,0,0,0,0
1765976271900611,0,-0.384099,4.28139,0,0.855375,0,0,0.51801,-0.384099,4.28139,0,0.855375,0,0,0.51801,0,0,0,0,0,0,0
1765976271910627,0,-0.384099,4.28139,0,0.855375,0,0,0.51801,-0.384099,4.28139,0,0.855375,0,0,0.51801,-2.97547e-06,0,0,0,0,0,0
1765976271910627,0,-0.384099,4.28139,0,0.855375,0,0,0.51801,-0.384099,4.28139,0,0.855375,0,0,0.51801,-2.97547e-06,0,0,0,0,0,0
1765976271920556,0,-0.384099,4.28139,0,0.855375,0,0,0.51801,-0.384099,4.28139,0,0.855375,0,0,0.51801,0,0,0,0,0,0,0
1765976271920556,0,-0.384099,4.28139,0,0.855375,0,0,0.51801,-0.384099,4.28139,0,0.855375,0,0,0.51801,0,0,0,0,0,0,0
1765976271930477,0,-0.384099,4.28139,0,0.855375,0,0,0.51801,-0.384099,4.28139,0,0.855375,0,0,0.51801,0,0,0,6.00793e-06,0,0,0
1765976271930477,0,-0.384099,4.28139,0,0.855375,0,0,0.51801,-0.384099,4.28139,0,0.855375,0,0,0.51801,0,0,0,6.00793e-06,0,0,0
1765976271940607,0,-0.384099,4.28139,0,0.855375,0,0,0.51801,-0.384099,4.28139,0,0.855375,0,0,0.51801,0,0,0,0,0,0,0
1765976271940607,0,-0.384099,4.28139,0,0.855375,0,0,0.51801,-0.384099,4.28139,0,0.855375,0,0,0.51801,0,0,0,0,0,0,0
1765976271950491,0,-0.384099,4.28139,0,0.855375,0,0,0.51801,-0.384099,4.28139,0,0.855375,0,0,0.51801,0,0,0,0,0,0,0
1765976271950491,0,-0.384099,4.28139,0,0.855375,0,0,0.51801,-0.384099,4.28139,0,0.855375,0,0,0.51801,0,0,0,0,0,0,0
1765976271960463,0,-0.384099,4.28139,0,0.855375,0,0,0.51801,-0.384099,4.28139,0,0.855375,0,0,0.51801,0,0,0,0,0,0,0
1765976271960463,0,-0.384099,4.28139,0,0.855375,0,0,0.51801,-0.384099,4.28139,0,0.855375,0,0,0.51801,0,0,0,0,0,0,0
1765976271970499,0,-0.384099,4.28139,0,0.855375,0,0,0.51801,-0.384099,4.28139,0,0.855375,0,0,0.51801,0,0,0,0,0,0,0
1765976271970499,0,-0.384099,4.28139,0,0.855375,0,0,0.51801,-0.384099,4.28139,0,0.855375,0,0,0.51801,0,0,0,0,0,0,0
1765976271980484,0,-0.384099,4.28139,0,0.855375,0,0,0.51801,-0.384099,4.28139,0,0.855375,0,0,0.51801,0,0,0,0,0,0,0
1765976271980484,0,-0.384099,4.28139,0,0.855375,0,0,0.51801,-0.384099,4.28139,0,0.855375,0,0,0.51801,0,0,0,0,0,0,0
1765976271990517,0,-0.384099,4.28139,0,0.855375,0,0,0.51801,-0.384099,4.28139,0,0.855375,0,0,0.51801,-2.97043e-06,0,0,0,0,0,0
1765976271990517,0,-0.384099,4.28139,0,0.855375,0,0,0.51801,-0.384099,4.28139,0,0.855375,0,0,0.51801,-2.97043e-06,0,0,0,0,0,0
1765976272000483,0,-0.384099,4.28139,0,0.855375,0,0,0.51801,-0.384099,4.28139,0,0.855375,0,0,0.51801,0,0,0,0,0,0,0
1765976272000483,0,-0.384099,4.28139,0,0.855375,0,0,0.51801,-0.384099,4.28139,0,0.855375,0,0,0.51801,0,0,0,0,0,0,0
1765976272010503,0,-0.384099,4.28139,0,0.855375,0,0,0.51801,-0.384099,4.28139,0,0.855375,0,0,0.51801,2.97428e-06,0,0,0,0,0,0
1765976272010503,0,-0.384099,4.28139,0,0.855375,0,0,0.51801,-0.384099,4.28139,0,0.855375,0,0,0.51801,2.97428e-06,0,0,0,0,0,0
1765976272020556,0,-0.384099,4.28139,0,0.855375,0,0,0.51801,-0.384099,4.28139,0,0.855375,0,0,0.51801,0,0,0,0,0,0,0
1765976272020556,0,-0.384099,4.28139,0,0.855375,0,0,0.51801,-0.384099,4.28139,0,0.855375,0,0,0.51801,0,0,0,0,0,0,0
1765976272030453,0,-0.384099,4.28139,0,0.855375,0,0,0.51801,-0.384099,4.28139,0,0.855375,0,0,0.51801,0,0,0,-6.0225e-06,0,0,0
1765976272030453,0,-0.384099,4.28139,0,0.855375,0,0,0.51801,-0.384099,4.28139,0,0.855375,0,0,0.51801,0,0,0,-6.0225e-06,0,0,0
1765976272040672,0,-0.384099,4.28139,0,0.855375,0,0,0.51801,-0.384099,4.28139,0,0.855375,0,0,0.51801,0,0,0,0,0,0,0
1765976272040672,0,-0.384099,4.28139,0,0.855375,0,0,0.51801,-0.384099,4.28139,0,0.855375,0,0,0.51801,0,0,0,0,0,0,0
1765976272050487,0,-0.384099,4.28139,0,0.855375,0,0,0.51801,-0.384099,4.28139,0,0.855375,0,0,0.51801,0,0,0,6.07281e-06,0,0,0
1765976272050487,0,-0.384099,4.28139,0,0.855375,0,0,0.51801,-0.384099,4.28139,0,0.855375,0,0,0.51801,0,0,0,6.07281e-06,0,0,0
1765976272060534,0,-0.384099,4.28139,0,0.855375,0,0,0.51801,-0.384099,4.28139,0,0.855375,0,0,0.51801,0,0,0,0,0,0,0
1765976272060534,0,-0.384099,4.28139,0,0.855375,0,0,0.51801,-0.384099,4.28139,0,0.855375,0,0,0.51801,0,0,0,0,0,0,0
1765976272070675,0,-0.384099,4.28139,0,0.855375,0,0,0.51801,-0.384099,4.28139,0,0.855375,0,0,0.51801,0,0,0,0,0,0,0
1765976272070675,0,-0.384099,4.28139,0,0.855375,0,0,0.51801,-0.384099,4.28139,0,0.855375,0,0,0.51801,0,0,0,0,0,0,0
1765976272080605,0,-0.384099,4.28139,0,0.855375,0,0,0.51801,-0.384099,4.28139,0,0.855375,0,0,0.51801,0,0,0,0,0,0,0
1765976272080605,0,-0.384099,4.28139,0,0.855375,0,0,0.51801,-0.384099,4.28139,0,0.855375,0,0,0.51801,0,0,0,0,0,0,0
1765976272090648,0,-0.384099,4.28139,0,0.855375,0,0,0.51801,-0.384099,4.28139,0,0.855375,0,0,0.51801,2.96747e-06,0,0,0,0,0,0
1765976272090648,0,-0.384099,4.28139,0,0.855375,0,0,0.51801,-0.384099,4.28139,0,0.855375,0,0,0.51801,2.96747e-06,0,0,0,0,0,0
1765976272100591,0,-0.384099,4.28139,0,0.855375,0,0,0.51801,-0.384099,4.28139,0,0.855375,0,0,0.51801,0,0,0,0,0,0,0
1765976272100591,0,-0.384099,4.28139,0,0.855375,0,0,0.51801,-0.384099,4.28139,0,0.855375,0,0,0.51801,0,0,0,0,0,0,0
1765976272110613,0,-0.384099,4.28139,0,0.855375,0,0,0.51801,-0.384099,4.28139,0,0.855375,0,0,0.51801,2.97369e-06,0,0,0,0,0,0
1765976272110613,0,-0.384099,4.28139,0,0.855375,0,0,0.51801,-0.384099,4.28139,0,0.855375,0,0,0.51801,2.97369e-06,0,0,0,0,0,0
1765976272120708,0,-0.384099,4.28139,0,0.855375,0,0,0.51801,-0.384099,4.28139,0,0.855375,0,0,0.51801,0,0,0,0,0,0,0
1765976272120708,0,-0.384099,4.28139,0,0.855375,0,0,0.51801,-0.384099,4.28139,0,0.855375,0,0,0.51801,0,0,0,0,0,0,0
1765976272130581,0,-0.384099,4.28139,0,0.855375,0,0,0.51801,-0.384099,4.28139,0,0.855375,0,0,0.51801,0,0,0,0,0,0,0
1765976272130581,0,-0.384099,4.28139,0,0.855375,0,0,0.51801,-0.384099,4.28139,0,0.855375,0,0,0.51801,0,0,0,0,0,0,0
1765976272140713,0,-0.384099,4.28139,0,0.855375,0,0,0.51801,-0.384099,4.28139,0,0.855375,0,0,0.51801,-2.94141e-06,0,0,0,0,0,0
1765976272140713,0,-0.384099,4.28139,0,0.855375,0,0,0.51801,-0.384099,4.28139,0,0.855375,0,0,0.51801,-2.94141e-06,0,0,0,0,0,0
1765976272150642,0,-0.384099,4.28139,0,0.855375,0,0,0.51801,-0.384099,4.28139,0,0.855375,0,0,0.51801,0,0,0,0,0,0,0
1765976272150642,0,-0.384099,4.28139,0,0.855375,0,0,0.51801,-0.384099,4.28139,0,0.855375,0,0,0.51801,0,0,0,0,0,0,0
1765976272160603,0,-0.384099,4.28139,0,0.855375,0,0,0.51801,-0.384099,4.28139,0,0.855375,0,0,0.51801,0,0,0,0,0,0,0
1765976272160603,0,-0.384099,4.28139,0,0.855375,0,0,0.51801,-0.384099,4.28139,0,0.855375,0,0,0.51801,0,0,0,0,0,0,0
1765976272170686,0,-0.384099,4.28139,0,0.855375,0,0,0.51801,-0.384099,4.28139,0,0.855375,0,0,0.51801,0,0,0,0,0,0,0
1765976272170686,0,-0.384099,4.28139,0,0.855375,0,0,0.51801,-0.384099,4.28139,0,0.855375,0,0,0.51801,0,0,0,0,0,0,0
1765976272180564,0,-0.384099,4.28139,0,0.855375,0,0,0.51801,-0.384099,4.28139,0,0.855375,0,0,0.51801,0,0,0,0,0,0,0
1765976272180564,0,-0.384099,4.28139,0,0.855375,0,0,0.51801,-0.384099,4.28139,0,0.855375,0,0,0.51801,0,0,0,0,0,0,0
1765976272190667,0,-0.384099,4.28139,0,0.855375,0,0,0.51801,-0.384099,4.28139,0,0.855375,0,0,0.51801,0,0,0,0,0,0,0
1765976272190667,0,-0.384099,4.28139,0,0.855375,0,0,0.51801,-0.384099,4.28139,0,0.855375,0,0,0.51801,0,0,0,0,0,0,0
1765976272200698,0,-0.384099,4.28139,0,0.855375,0,0,0.51801,-0.384099,4.28139,0,0.855375,0,0,0.51801,0,0,0,0,0,0,0
1765976272200698,0,-0.384099,4.28139,0,0.855375,0,0,0.51801,-0.384099,4.28139,0,0.855375,0,0,0.51801,0,0,0,0,0,0,0
1765976272210673,0,-0.384099,4.28139,0,0.855375,0,0,0.51801,-0.384099,4.28139,0,0.855375,0,0,0.51801,0,0,0,-5.9754e-06,0,0,0
1765976272210673,0,-0.384099,4.28139,0,0.855375,0,0,0.51801,-0.384099,4.28139,0,0.855375,0,0,0.51801,0,0,0,-5.9754e-06,0,0,0
1765976272220700,0,-0.384099,4.28139,0,0.855375,0,0,0.51801,-0.384099,4.28139,0,0.855375,0,0,0.51801,0,0,0,0,0,0,0
1765976272220700,0,-0.384099,4.28139,0,0.855375,0,0,0.51801,-0.384099,4.28139,0,0.855375,0,0,0.51801,0,0,0,0,0,0,0
1765976272230529,0,-0.384099,4.28139,0,0.855375,0,0,0.51801,-0.384099,4.28139,0,0.855375,0,0,0.51801,0,0,0,0,0,0,0
1765976272230529,0,-0.384099,4.28139,0,0.855375,0,0,0.51801,-0.384099,4.28139,0,0.855375,0,0,0.51801,0,0,0,0,0,0,0
1765976272240748,0,-0.384099,4.28139,0,0.855375,0,0,0.51801,-0.384099,4.28139,0,0.855375,0,0,0.51801,0,0,0,5.83273e-06,0,0,0
1765976272240748,0,-0.384099,4.28139,0,0.855375,0,0,0.51801,-0.384099,4.28139,0,0.855375,0,0,0.51801,0,0,0,5.83273e-06,0,0,0
1765976272250683,0,-0.384099,4.28139,0,0.855375,0,0,0.51801,-0.384099,4.28139,0,0.855375,0,0,0.51801,0,0,0,0,0,0,0
1765976272250683,0,-0.384099,4.28139,0,0.855375,0,0,0.51801,-0.384099,4.28139,0,0.855375,0,0,0.51801,0,0,0,0,0,0,0
1765976272260599,0,-0.384099,4.28139,0,0.855375,0,0,0.51801,-0.384099,4.28139,0,0.855375,0,0,0.51801,0,0,0,0,0,0,0
1765976272260599,0,-0.384099,4.28139,0,0.855375,0,0,0.51801,-0.384099,4.28139,0,0.855375,0,0,0.51801,0,0,0,0,0,0,0
1765976272270477,0,-0.384099,4.28139,0,0.855375,0,0,0.51801,-0.384099,4.28139,0,0.855375,0,0,0.51801,0,0,0,0,0,0,0
1765976272270477,0,-0.384099,4.28139,0,0.855375,0,0,0.51801,-0.384099,4.28139,0,0.855375,0,0,0.51801,0,0,0,0,0,0,0
1765976272280501,0,-0.384099,4.28139,0,0.855375,0,0,0.51801,-0.384099,4.28139,0,0.855375,0,0,0.51801,0,0,0,-5.94619e-06,0,0,0
1765976272280501,0,-0.384099,4.28139,0,0.855375,0,0,0.51801,-0.384099,4.28139,0,0.855375,0,0,0.51801,0,0,0,-5.94619e-06,0,0,0
1765976272290464,0,-0.384099,4.28139,0,0.855375,0,0,0.51801,-0.384099,4.28139,0,0.855375,0,0,0.51801,-2.9913e-06,0,0,0,0,0,0
1765976272290464,0,-0.384099,4.28139,0,0.855375,0,0,0.51801,-0.384099,4.28139,0,0.855375,0,0,0.51801,-2.9913e-06,0,0,0,0,0,0
1765976272300461,0,-0.384099,4.28139,0,0.855375,0,0,0.51801,-0.384099,4.28139,0,0.855375,0,0,0.51801,2.98113e-06,0,0,0,0,0,0
1765976272300461,0,-0.384099,4.28139,0,0.855375,0,0,0.51801,-0.384099,4.28139,0,0.855375,0,0,0.51801,2.98113e-06,0,0,0,0,0,0
1765976272310596,0,-0.384099,4.28139,0,0.855375,0,0,0.51801,-0.384099,4.28139,0,0.855375,0,0,0.51801,-2.94054e-06,0,0,0,0,0,0
1765976272310596,0,-0.384099,4.28139,0,0.855375,0,0,0.51801,-0.384099,4.28139,0,0.855375,0,0,0.51801,-2.94054e-06,0,0,0,0,0,0
1765976272320481,0,-0.384099,4.28139,0,0.855375,0,0,0.51801,-0.384099,4.28139,0,0.855375,0,0,0.51801,0,0,0,0,0,0,0
1765976272320481,0,-0.384099,4.28139,0,0.855375,0,0,0.51801,-0.384099,4.28139,0,0.855375,0,0,0.51801,0,0,0,0,0,0,0
1765976272330467,0,-0.384099,4.28139,0,0.855375,0,0,0.51801,-0.384099,4.28139,0,0.855375,0,0,0.51801,0,0,0,5.96882e-06,0,0,0
1765976272330467,0,-0.384099,4.28139,0,0.855375,0,0,0.51801,-0.384099,4.28139,0,0.855375,0,0,0.51801,0,0,0,5.96882e-06,0,0,0
1765976272340471,0,-0.384099,4.28139,0,0.855375,0,0,0.51801,-0.384099,4.28139,0,0.855375,0,0,0.51801,0,0,0,0,0,0,0
1765976272340471,0,-0.384099,4.28139,0,0.855375,0,0,0.51801,-0.384099,4.28139,0,0.855375,0,0,0.51801,0,0,0,0,0,0,0
1765976272350440,0,-0.384099,4.28139,0,0.855375,0,0,0.51801,-0.384099,4.28139,0,0.855375,0,0,0.51801,0,0,0,-5.979e-06,0,0,0
1765976272350440,0,-0.384099,4.28139,0,0.855375,0,0,0.51801,-0.384099,4.28139,0,0.855375,0,0,0.51801,0,0,0,-5.979e-06,0,0,0
1765976272360473,0,-0.384099,4.28139,0,0.855375,0,0,0.51801,-0.384099,4.28139,0,0.855375,0,0,0.51801,-2.97043e-06,0,0,0,0,0,0
1765976272360473,0,-0.384099,4.28139,0,0.855375,0,0,0.51801,-0.384099,4.28139,0,0.855375,0,0,0.51801,-2.97043e-06,0,0,0,0,0,0
1765976272370459,0,-0.384099,4.28139,0,0.855375,0,0,0.51801,-0.384099,4.28139,0,0.855375,0,0,0.51801,0,0,0,0,0,0,0
1765976272370459,0,-0.384099,4.28139,0,0.855375,0,0,0.51801,-0.384099,4.28139,0,0.855375,0,0,0.51801,0,0,0,0,0,0,0
1765976272380481,0,-0.384099,4.28139,0,0.855375,0,0,0.51801,-0.384099,4.28139,0,0.855375,0,0,0.51801,2.97369e-06,0,0,0,0,0,0
1765976272380481,0,-0.384099,4.28139,0,0.855375,0,0,0.51801,-0.384099,4.28139,0,0.855375,0,0,0.51801,2.97369e-06,0,0,0,0,0,0
1765976272390554,0,-0.384099,4.28139,0,0.855375,0,0,0.51801,-0.384099,4.28139,0,0.855375,0,0,0.51801,0,0,0,-5.91727e-06,0,0,0
1765976272390554,0,-0.384099,4.28139,0,0.855375,0,0,0.51801,-0.384099,4.28139,0,0.855375,0,0,0.51801,0,0,0,-5.91727e-06,0,0,0
1765976272400471,0,-0.384099,4.28139,0,0.855375,0,0,0.51801,-0.384099,4.28139,0,0.855375,0,0,0.51801,-3.00518e-06,0,0,-6.01035e-06,0,0,0
1765976272400471,0,-0.384099,4.28139,0,0.855375,0,0,0.51801,-0.384099,4.28139,0,0.855375,0,0,0.51801,-3.00518e-06,0,0,-6.01035e-06,0,0,0
1765976272410465,0,-0.384099,4.28139,0,0.855375,0,0,0.51801,-0.384099,4.28139,0,0.855375,0,0,0.51801,0,0,0,0,0,0,0
1765976272410465,0,-0.384099,4.28139,0,0.855375,0,0,0.51801,-0.384099,4.28139,0,0.855375,0,0,0.51801,0,0,0,0,0,0,0
1765976272420475,0,-0.384099,4.28139,0,0.855375,0,0,0.51801,-0.384099,4.28139,0,0.855375,0,0,0.51801,0,0,0,0,0,0,0
1765976272420475,0,-0.384099,4.28139,0,0.855375,0,0,0.51801,-0.384099,4.28139,0,0.855375,0,0,0.51801,0,0,0,0,0,0,0
1765976272430464,0,-0.384099,4.28139,0,0.855375,0,0,0.51801,-0.384099,4.28139,0,0.855375,0,0,0.51801,0,0,0,0,0,0,0
1765976272430464,0,-0.384099,4.28139,0,0.855375,0,0,0.51801,-0.384099,4.28139,0,0.855375,0,0,0.51801,0,0,0,0,0,0,0
1765976272440546,0,-0.384099,4.28139,0,0.855375,0,0,0.51801,-0.384099,4.28139,0,0.855375,0,0,0.51801,0,0,0,5.91199e-06,0,0,0
1765976272440546,0,-0.384099,4.28139,0,0.855375,0,0,0.51801,-0.384099,4.28139,0,0.855375,0,0,0.51801,0,0,0,5.91199e-06,0,0,0
1765976272450448,0,-0.384099,4.28139,0,0.855375,0,0,0.51801,-0.384099,4.28139,0,0.855375,0,0,0.51801,3.00973e-06,0,0,-6.01945e-06,0,0,0
1765976272450448,0,-0.384099,4.28139,0,0.855375,0,0,0.51801,-0.384099,4.28139,0,0.855375,0,0,0.51801,3.00973e-06,0,0,-6.01945e-06,0,0,0
1765976272460510,0,-0.384099,4.28139,0,0.855375,0,0,0.51801,-0.384099,4.28139,0,0.855375,0,0,0.51801,0,0,0,0,0,0,-5.92374e-06
1765976272460510,0,-0.384099,4.28139,0,0.855375,0,0,0.51801,-0.384099,4.28139,0,0.855375,0,0,0.51801,0,0,0,0,0,0,-5.92374e-06
1765976272470476,0,-0.384099,4.28139,0,0.855375,0,0,0.51801,-0.384099,4.28139,0,0.855375,0,0,0.51801,0,0,0,-5.9808e-06,0,0,0
1765976272470476,0,-0.384099,4.28139,0,0.855375,0,0,0.51801,-0.384099,4.28139,0,0.855375,0,0,0.51801,0,0,0,-5.9808e-06,0,0,0
1765976272480484,0,-0.384099,4.28139,0,0.855375,0,0,0.51801,-0.384099,4.28139,0,0.855375,0,0,0.51801,0,0,0,0,0,0,0
1765976272480484,0,-0.384099,4.28139,0,0.855375,0,0,0.51801,-0.384099,4.28139,0,0.855375,0,0,0.51801,0,0,0,0,0,0,0
1765976272490645,0,-0.384099,4.28139,0,0.855375,0,0,0.51801,-0.384099,4.28139,0,0.855375,0,0,0.51801,0,0,0,0,0,0,0
1765976272490645,0,-0.384099,4.28139,0,0.855375,0,0,0.51801,-0.384099,4.28139,0,0.855375,0,0,0.51801,0,0,0,0,0,0,0
1765976272500488,0,-0.384099,4.28139,0,0.855375,0,0,0.51801,-0.384099,4.28139,0,0.855375,0,0,0.51801,0,0,0,0,0,0,0
1765976272500488,0,-0.384099,4.28139,0,0.855375,0,0,0.51801,-0.384099,4.28139,0,0.855375,0,0,0.51801,0,0,0,0,0,0,0
1765976272510492,0,-0.384099,4.28139,0,0.855375,0,0,0.51801,-0.384099,4.28139,0,0.855375,0,0,0.51801,0,0,0,0,0,0,0
1765976272510492,0,-0.384099,4.28139,0,0.855375,0,0,0.51801,-0.384099,4.28139,0,0.855375,0,0,0.51801,0,0,0,0,0,0,0
1765976272520497,0,-0.384099,4.28139,0,0.855375,0,0,0.51801,-0.384099,4.28139,0,0.855375,0,0,0.51801,0,0,0,0,0,0,0
1765976272520497,0,-0.384099,4.28139,0,0.855375,0,0,0.51801,-0.384099,4.28139,0,0.855375,0,0,0.51801,0,0,0,0,0,0,0
1765976272530449,0,-0.384099,4.28139,0,0.855375,0,0,0.51801,-0.384099,4.28139,0,0.855375,0,0,0.51801,2.99461e-06,0,0,0,0,0,0
1765976272530449,0,-0.384099,4.28139,0,0.855375,0,0,0.51801,-0.384099,4.28139,0,0.855375,0,0,0.51801,2.99461e-06,0,0,0,0,0,0
1765976272540654,0,-0.384099,4.28139,0,0.855375,0,0,0.51801,-0.384099,4.28139,0,0.855375,0,0,0.51801,2.92036e-06,0,0,0,0,0,0
1765976272540654,0,-0.384099,4.28139,0,0.855375,0,0,0.51801,-0.384099,4.28139,0,0.855375,0,0,0.51801,2.92036e-06,0,0,0,0,0,0
1765976272550504,0,-0.384099,4.28139,0,0.855375,0,0,0.51801,-0.384099,4.28139,0,0.855375,0,0,0.51801,0,0,0,0,0,0,0
1765976272550504,0,-0.384099,4.28139,0,0.855375,0,0,0.51801,-0.384099,4.28139,0,0.855375,0,0,0.51801,0,0,0,0,0,0,0
1765976272560484,0,-0.384099,4.28139,0,0.855375,0,0,0.51801,-0.384099,4.28139,0,0.855375,0,0,0.51801,-2.9862e-06,0,0,0,0,0,0
1765976272560484,0,-0.384099,4.28139,0,0.855375,0,0,0.51801,-0.384099,4.28139,0,0.855375,0,0,0.51801,-2.9862e-06,0,0,0,0,0,0
1765976272570442,0,-0.384099,4.28139,0,0.855375,0,0,0.51801,-0.384099,4.28139,0,0.855375,0,0,0.51801,0,0,0,0,0,0,0
1765976272570442,0,-0.384099,4.28139,0,0.855375,0,0,0.51801,-0.384099,4.28139,0,0.855375,0,0,0.51801,0,0,0,0,0,0,0
1765976272580436,0,-0.384099,4.28139,0,0.855375,0,0,0.51801,-0.384099,4.28139,0,0.855375,0,0,0.51801,0,0,0,0,0,0,0
1765976272580436,0,-0.384099,4.28139,0,0.855375,0,0,0.51801,-0.384099,4.28139,0,0.855375,0,0,0.51801,0,0,0,0,0,0,0
1765976272590491,0,-0.384099,4.28139,0,0.855375,0,0,0.51801,-0.384099,4.28139,0,0.855375,0,0,0.51801,0,0,0,0,0,0,0
1765976272590491,0,-0.384099,4.28139,0,0.855375,0,0,0.51801,-0.384099,4.28139,0,0.855375,0,0,0.51801,0,0,0,0,0,0,0
1765976272600472,0,-0.384099,4.28139,0,0.855375,0,0,0.51801,-0.384099,4.28139,0,0.855375,0,0,0.51801,0,0,0,0,0,0,0
1765976272600472,0,-0.384099,4.28139,0,0.855375,0,0,0.51801,-0.384099,4.28139,0,0.855375,0,0,0.51801,0,0,0,0,0,0,0
1765976272610466,0,-0.384099,4.28139,0,0.855375,0,0,0.51801,-0.384099,4.28139,0,0.855375,0,0,0.51801,0,0,0,0,0,0,0
1765976272610466,0,-0.384099,4.28139,0,0.855375,0,0,0.51801,-0.384099,4.28139,0,0.855375,0,0,0.51801,0,0,0,0,0,0,0
1765976272620494,0,-0.384099,4.28139,0,0.855375,0,0,0.51801,-0.384099,4.28139,0,0.855375,0,0,0.51801,0,0,0,0,0,0,0
1765976272620494,0,-0.384099,4.28139,0,0.855375,0,0,0.51801,-0.384099,4.28139,0,0.855375,0,0,0.51801,0,0,0,0,0,0,0
1765976272630425,0,-0.384099,4.28139,0,0.855375,0,0,0.51801,-0.384099,4.28139,0,0.855375,0,0,0.51801,0,0,0,6.00188e-06,0,0,0
1765976272630425,0,-0.384099,4.28139,0,0.855375,0,0,0.51801,-0.384099,4.28139,0,0.855375,0,0,0.51801,0,0,0,6.00188e-06,0,0,0
1765976272640462,0,-0.384099,4.28139,0,0.855375,0,0,0.51801,-0.384099,4.28139,0,0.855375,0,0,0.51801,0,0,0,0,0,0,0
1765976272640462,0,-0.384099,4.28139,0,0.855375,0,0,0.51801,-0.384099,4.28139,0,0.855375,0,0,0.51801,0,0,0,0,0,0,0
1765976272650491,0,-0.384099,4.28139,0,0.855375,0,0,0.51801,-0.384099,4.28139,0,0.855375,0,0,0.51801,0,0,0,0,0,0,0
1765976272650491,0,-0.384099,4.28139,0,0.855375,0,0,0.51801,-0.384099,4.28139,0,0.855375,0,0,0.51801,0,0,0,0,0,0,0
1765976272660503,0,-0.384099,4.28139,0,0.855375,0,0,0.51801,-0.384099,4.28139,0,0.855375,0,0,0.51801,2.97666e-06,0,0,0,0,0,0
1765976272660503,0,-0.384099,4.28139,0,0.855375,0,0,0.51801,-0.384099,4.28139,0,0.855375,0,0,0.51801,2.97666e-06,0,0,0,0,0,0
1765976272670574,0,-0.384099,4.28139,0,0.855375,0,0,0.51801,-0.384099,4.28139,0,0.855375,0,0,0.51801,0,0,0,0,0,0,0
1765976272670574,0,-0.384099,4.28139,0,0.855375,0,0,0.51801,-0.384099,4.28139,0,0.855375,0,0,0.51801,0,0,0,0,0,0,0
1765976272680565,0,-0.384099,4.28139,0,0.855375,0,0,0.51801,-0.384099,4.28139,0,0.855375,0,0,0.51801,0,0,0,0,0,0,0
1765976272680565,0,-0.384099,4.28139,0,0.855375,0,0,0.51801,-0.384099,4.28139,0,0.855375,0,0,0.51801,0,0,0,0,0,0,0
1765976272690765,0,-0.384099,4.28139,0,0.855375,0,0,0.51801,-0.384099,4.28139,0,0.855375,0,0,0.51801,0,0,0,0,0,0,0
1765976272690765,0,-0.384099,4.28139,0,0.855375,0,0,0.51801,-0.384099,4.28139,0,0.855375,0,0,0.51801,0,0,0,0,0,0,0
1765976272700520,0,-0.384099,4.28139,0,0.855375,0,0,0.51801,-0.384099,4.28139,0,0.855375,0,0,0.51801,0,0,0,6.11016e-06,0,0,0
1765976272700520,0,-0.384099,4.28139,0,0.855375,0,0,0.51801,-0.384099,4.28139,0,0.855375,0,0,0.51801,0,0,0,6.11016e-06,0,0,0
1765976272710483,0,-0.384099,4.28139,0,0.855375,0,0,0.51801,-0.384099,4.28139,0,0.855375,0,0,0.51801,-2.9913e-06,0,0,0,0,0,0
1765976272710483,0,-0.384099,4.28139,0,0.855375,0,0,0.51801,-0.384099,4.28139,0,0.855375,0,0,0.51801,-2.9913e-06,0,0,0,0,0,0
1765976272720461,0,-0.384099,4.28139,0,0.855375,0,0,0.51801,-0.384099,4.28139,0,0.855375,0,0,0.51801,0,0,0,0,0,0,0
1765976272720461,0,-0.384099,4.28139,0,0.855375,0,0,0.51801,-0.384099,4.28139,0,0.855375,0,0,0.51801,0,0,0,0,0,0,0
1765976272730518,0,-0.384099,4.28139,0,0.855375,0,0,0.51801,-0.384099,4.28139,0,0.855375,0,0,0.51801,-2.96334e-06,0,0,0,0,0,0
1765976272730518,0,-0.384099,4.28139,0,0.855375,0,0,0.51801,-0.384099,4.28139,0,0.855375,0,0,0.51801,-2.96334e-06,0,0,0,0,0,0
1765976272740526,0,-0.384099,4.28139,0,0.855375,0,0,0.51801,-0.384099,4.28139,0,0.855375,0,0,0.51801,0,0,0,5.9557e-06,0,0,0
1765976272740526,0,-0.384099,4.28139,0,0.855375,0,0,0.51801,-0.384099,4.28139,0,0.855375,0,0,0.51801,0,0,0,5.9557e-06,0,0,0
1765976272750461,0,-0.384099,4.28139,0,0.855375,0,0,0.51801,-0.384099,4.28139,0,0.855375,0,0,0.51801,0,0,0,0,0,0,0
1765976272750461,0,-0.384099,4.28139,0,0.855375,0,0,0.51801,-0.384099,4.28139,0,0.855375,0,0,0.51801,0,0,0,0,0,0,0
1765976272760466,0,-0.384099,4.28139,0,0.855375,0,0,0.51801,-0.384099,4.28139,0,0.855375,0,0,0.51801,0,0,0,-5.95749e-06,0,0,0
1765976272760466,0,-0.384099,4.28139,0,0.855375,0,0,0.51801,-0.384099,4.28139,0,0.855375,0,0,0.51801,0,0,0,-5.95749e-06,0,0,0
1765976272770484,0,-0.384099,4.28139,0,0.855375,0,0,0.51801,-0.384099,4.28139,0,0.855375,0,0,0.51801,0,0,0,0,0,0,0
1765976272770484,0,-0.384099,4.28139,0,0.855375,0,0,0.51801,-0.384099,4.28139,0,0.855375,0,0,0.51801,0,0,0,0,0,0,0
1765976272780470,0,-0.384099,4.28139,0,0.855375,0,0,0.51801,-0.384099,4.28139,0,0.855375,0,0,0.51801,0,0,0,0,0,0,0
1765976272780470,0,-0.384099,4.28139,0,0.855375,0,0,0.51801,-0.384099,4.28139,0,0.855375,0,0,0.51801,0,0,0,0,0,0,0
1765976272790486,0,-0.384099,4.28139,0,0.855375,0,0,0.51801,-0.384099,4.28139,0,0.855375,0,0,0.51801,0,0,0,0,0,0,0
1765976272790486,0,-0.384099,4.28139,0,0.855375,0,0,0.51801,-0.384099,4.28139,0,0.855375,0,0,0.51801,0,0,0,0,0,0,0
1765976272800487,0,-0.384099,4.28139,0,0.855375,0,0,0.51801,-0.384099,4.28139,0,0.855375,0,0,0.51801,0,0,0,0,0,0,0
1765976272800487,0,-0.384099,4.28139,0,0.855375,0,0,0.51801,-0.384099,4.28139,0,0.855375,0,0,0.51801,0,0,0,0,0,0,0
1765976272810491,0,-0.384099,4.28139,0,0.855375,0,0,0.51801,-0.384099,4.28139,0,0.855375,0,0,0.51801,0,0,0,0,0,0,0
1765976272810491,0,-0.384099,4.28139,0,0.855375,0,0,0.51801,-0.384099,4.28139,0,0.855375,0,0,0.51801,0,0,0,0,0,0,0
1765976272820533,0,-0.384099,4.28139,0,0.855375,0,0,0.51801,-0.384099,4.28139,0,0.855375,0,0,0.51801,2.96777e-06,0,0,0,0,0,0
1765976272820533,0,-0.384099,4.28139,0,0.855375,0,0,0.51801,-0.384099,4.28139,0,0.855375,0,0,0.51801,2.96777e-06,0,0,0,0,0,0
1765976272830470,0,-0.384099,4.28139,0,0.855375,0,0,0.51801,-0.384099,4.28139,0,0.855375,0,0,0.51801,0,0,0,0,0,0,0
1765976272830470,0,-0.384099,4.28139,0,0.855375,0,0,0.51801,-0.384099,4.28139,0,0.855375,0,0,0.51801,0,0,0,0,0,0,0
1765976272840512,0,-0.384099,4.28139,0,0.855375,0,0,0.51801,-0.384099,4.28139,0,0.855375,0,0,0.51801,0,0,0,0,0,0,0
1765976272840512,0,-0.384099,4.28139,0,0.855375,0,0,0.51801,-0.384099,4.28139,0,0.855375,0,0,0.51801,0,0,0,0,0,0,0
1765976272850475,0,-0.384099,4.28139,0,0.855375,0,0,0.51801,-0.384099,4.28139,0,0.855375,0,0,0.51801,-2.9913e-06,0,0,0,0,0,0
1765976272850475,0,-0.384099,4.28139,0,0.855375,0,0,0.51801,-0.384099,4.28139,0,0.855375,0,0,0.51801,-2.9913e-06,0,0,0,0,0,0
1765976272860516,0,-0.384099,4.28139,0,0.855375,0,0,0.51801,-0.384099,4.28139,0,0.855375,0,0,0.51801,0,0,0,0,0,0,0
1765976272860516,0,-0.384099,4.28139,0,0.855375,0,0,0.51801,-0.384099,4.28139,0,0.855375,0,0,0.51801,0,0,0,0,0,0,0
1765976272870564,0,-0.384099,4.28139,0,0.855375,0,0,0.51801,-0.384099,4.28139,0,0.855375,0,0,0.51801,0,0,0,-5.93199e-06,0,0,0
1765976272870564,0,-0.384099,4.28139,0,0.855375,0,0,0.51801,-0.384099,4.28139,0,0.855375,0,0,0.51801,0,0,0,-5.93199e-06,0,0,0
1765976272880473,0,-0.384099,4.28139,0,0.855375,0,0,0.51801,-0.384099,4.28139,0,0.855375,0,0,0.51801,0,0,0,6.0152e-06,0,0,0
1765976272880473,0,-0.384099,4.28139,0,0.855375,0,0,0.51801,-0.384099,4.28139,0,0.855375,0,0,0.51801,0,0,0,6.0152e-06,0,0,0
1765976272890471,0,-0.384099,4.28139,0,0.855375,0,0,0.51801,-0.384099,4.28139,0,0.855375,0,0,0.51801,2.98083e-06,0,0,0,0,0,0
1765976272890471,0,-0.384099,4.28139,0,0.855375,0,0,0.51801,-0.384099,4.28139,0,0.855375,0,0,0.51801,2.98083e-06,0,0,0,0,0,0
1765976272900497,0,-0.384099,4.28139,0,0.855375,0,0,0.51801,-0.384099,4.28139,0,0.855375,0,0,0.51801,0,0,0,5.94501e-06,0,0,0
1765976272900497,0,-0.384099,4.28139,0,0.855375,0,0,0.51801,-0.384099,4.28139,0,0.855375,0,0,0.51801,0,0,0,5.94501e-06,0,0,0
1765976272910458,0,-0.384099,4.28139,0,0.855375,0,0,0.51801,-0.384099,4.28139,0,0.855375,0,0,0.51801,0,0,0,0,0,0,0
1765976272910458,0,-0.384099,4.28139,0,0.855375,0,0,0.51801,-0.384099,4.28139,0,0.855375,0,0,0.51801,0,0,0,0,0,0,0
1765976272920484,0,-0.384099,4.28139,0,0.855375,0,0,0.51801,-0.384099,4.28139,0,0.855375,0,0,0.51801,0,0,0,0,0,0,0
1765976272920484,0,-0.384099,4.28139,0,0.855375,0,0,0.51801,-0.384099,4.28139,0,0.855375,0,0,0.51801,0,0,0,0,0,0,0
1765976272930448,0,-0.384099,4.28139,0,0.855375,0,0,0.51801,-0.384099,4.28139,0,0.855375,0,0,0.51801,0,0,0,5.982e-06,0,0,0
1765976272930448,0,-0.384099,4.28139,0,0.855375,0,0,0.51801,-0.384099,4.28139,0,0.855375,0,0,0.51801,0,0,0,5.982e-06,0,0,0
1765976272940503,0,-0.384099,4.28139,0,0.855375,0,0,0.51801,-0.384099,4.28139,0,0.855375,0,0,0.51801,0,0,0,0,0,0,0
1765976272940503,0,-0.384099,4.28139,0,0.855375,0,0,0.51801,-0.384099,4.28139,0,0.855375,0,0,0.51801,0,0,0,0,0,0,0
1765976272950473,0,-0.384099,4.28139,0,0.855375,0,0,0.51801,-0.384099,4.28139,0,0.855375,0,0,0.51801,0,0,0,0,0,0,0
1765976272950473,0,-0.384099,4.28139,0,0.855375,0,0,0.51801,-0.384099,4.28139,0,0.855375,0,0,0.51801,0,0,0,0,0,0,0
1765976272960494,0,-0.384099,4.28139,0,0.855375,0,0,0.51801,-0.384099,4.28139,0,0.855375,0,0,0.51801,2.97399e-06,0,0,0,0,0,0
1765976272960494,0,-0.384099,4.28139,0,0.855375,0,0,0.51801,-0.384099,4.28139,0,0.855375,0,0,0.51801,2.97399e-06,0,0,0,0,0,0
1765976272970448,0,-0.384099,4.28139,0,0.855375,0,0,0.51801,-0.384099,4.28139,0,0.855375,0,0,0.51801,0,0,0,5.98801e-06,0,0,5.98801e-06
1765976272970448,0,-0.384099,4.28139,0,0.855375,0,0,0.51801,-0.384099,4.28139,0,0.855375,0,0,0.51801,0,0,0,5.98801e-06,0,0,5.98801e-06
1765976272980515,0,-0.384099,4.28139,0,0.855375,0,0,0.51801,-0.384099,4.28139,0,0.855375,0,0,0.51801,0,0,0,0,0,0,0
1765976272980515,0,-0.384099,4.28139,0,0.855375,0,0,0.51801,-0.384099,4.28139,0,0.855375,0,0,0.51801,0,0,0,0,0,0,0
1765976272990442,0,-0.384099,4.28139,0,0.855375,0,0,0.51801,-0.384099,4.28139,0,0.855375,0,0,0.51801,0,0,0,0,0,0,0
1765976272990442,0,-0.384099,4.28139,0,0.855375,0,0,0.51801,-0.384099,4.28139,0,0.855375,0,0,0.51801,0,0,0,0,0,0,0
1765976273000448,0,-0.384099,4.28139,0,0.855375,0,0,0.51801,-0.384099,4.28139,0,0.855375,0,0,0.51801,0,0,0,0,0,0,0
1765976273000448,0,-0.384099,4.28139,0,0.855375,0,0,0.51801,-0.384099,4.28139,0,0.855375,0,0,0.51801,0,0,0,0,0,0,0
1765976273010468,0,-0.384099,4.28139,0,0.855375,0,0,0.51801,-0.384099,4.28139,0,0.855375,0,0,0.51801,0,0,0,-5.94857e-06,0,0,0
1765976273010468,0,-0.384099,4.28139,0,0.855375,0,0,0.51801,-0.384099,4.28139,0,0.855375,0,0,0.51801,0,0,0,-5.94857e-06,0,0,0
1765976273020521,0,-0.384099,4.28139,0,0.855375,0,0,0.51801,-0.384099,4.28139,0,0.855375,0,0,0.51801,0,0,0,0,0,0,0
1765976273020521,0,-0.384099,4.28139,0,0.855375,0,0,0.51801,-0.384099,4.28139,0,0.855375,0,0,0.51801,0,0,0,0,0,0,0
1765976273030432,0,-0.384099,4.28139,0,0.855375,0,0,0.51801,-0.384099,4.28139,0,0.855375,0,0,0.51801,-3.00699e-06,0,0,-6.01399e-06,0,0,0
1765976273030432,0,-0.384099,4.28139,0,0.855375,0,0,0.51801,-0.384099,4.28139,0,0.855375,0,0,0.51801,-3.00699e-06,0,0,-6.01399e-06,0,0,0
1765976273040488,0,-0.384099,4.28139,0,0.855375,0,0,0.51801,-0.384099,4.28139,0,0.855375,0,0,0.51801,0,0,0,-5.92727e-06,0,0,0
1765976273040488,0,-0.384099,4.28139,0,0.855375,0,0,0.51801,-0.384099,4.28139,0,0.855375,0,0,0.51801,0,0,0,-5.92727e-06,0,0,0
1765976273050507,0,-0.384099,4.28139,0,0.855375,0,0,0.51801,-0.384099,4.28139,0,0.855375,0,0,0.51801,0,0,0,0,0,0,0
1765976273050507,0,-0.384099,4.28139,0,0.855375,0,0,0.51801,-0.384099,4.28139,0,0.855375,0,0,0.51801,0,0,0,0,0,0,0
1765976273060486,0,-0.384099,4.28139,0,0.855375,0,0,0.51801,-0.384099,4.28139,0,0.855375,0,0,0.51801,0,0,0,5.97301e-06,0,0,0
1765976273060486,0,-0.384099,4.28139,0,0.855375,0,0,0.51801,-0.384099,4.28139,0,0.855375,0,0,0.51801,0,0,0,5.97301e-06,0,0,0
1765976273070450,0,-0.384099,4.28139,0,0.855375,0,0,0.51801,-0.384099,4.28139,0,0.855375,0,0,0.51801,0,0,0,5.982e-06,0,0,0
1765976273070450,0,-0.384099,4.28139,0,0.855375,0,0,0.51801,-0.384099,4.28139,0,0.855375,0,0,0.51801,0,0,0,5.982e-06,0,0,0
1765976273080459,0,-0.384099,4.28139,0,0.855375,0,0,0.51801,-0.384099,4.28139,0,0.855375,0,0,0.51801,0,0,0,0,0,0,0
1765976273080459,0,-0.384099,4.28139,0,0.855375,0,0,0.51801,-0.384099,4.28139,0,0.855375,0,0,0.51801,0,0,0,0,0,0,0
1765976273090519,0,-0.384099,4.28139,0,0.855375,0,0,0.51801,-0.384099,4.28139,0,0.855375,0,0,0.51801,0,0,0,0,0,0,0
1765976273090519,0,-0.384099,4.28139,0,0.855375,0,0,0.51801,-0.384099,4.28139,0,0.855375,0,0,0.51801,0,0,0,0,0,0,0
1765976273100480,0,-0.384099,4.28139,0,0.855375,0,0,0.51801,-0.384099,4.28139,0,0.855375,0,0,0.51801,0,0,0,0,0,0,0
1765976273100480,0,-0.384099,4.28139,0,0.855375,0,0,0.51801,-0.384099,4.28139,0,0.855375,0,0,0.51801,0,0,0,0,0,0,0
1765976273110717,0,-0.384099,4.28139,0,0.855375,0,0,0.51801,-0.384099,4.28139,0,0.855375,0,0,0.51801,2.91124e-06,0,0,0,0,0,0
1765976273110717,0,-0.384099,4.28139,0,0.855375,0,0,0.51801,-0.384099,4.28139,0,0.855375,0,0,0.51801,2.91124e-06,0,0,0,0,0,0
1765976273120771,0,-0.384099,4.28139,0,0.855375,0,0,0.51801,-0.384099,4.28139,0,0.855375,0,0,0.51801,0,0,0,-5.92845e-06,0,0,0
1765976273120771,0,-0.384099,4.28139,0,0.855375,0,0,0.51801,-0.384099,4.28139,0,0.855375,0,0,0.51801,0,0,0,-5.92845e-06,0,0,0
1765976273130660,0,-0.384099,4.28139,0,0.855375,0,0,0.51801,-0.384099,4.28139,0,0.855375,0,0,0.51801,0,0,0,0,0,0,0
1765976273130660,0,-0.384099,4.28139,0,0.855375,0,0,0.51801,-0.384099,4.28139,0,0.855375,0,0,0.51801,0,0,0,0,0,0,0
1765976273140686,0,-0.384099,4.28139,0,0.855375,0,0,0.51801,-0.384099,4.28139,0,0.855375,0,0,0.51801,0,0,0,0,0,0,0
1765976273140686,0,-0.384099,4.28139,0,0.855375,0,0,0.51801,-0.384099,4.28139,0,0.855375,0,0,0.51801,0,0,0,0,0,0,0
1765976273150607,0,-0.384099,4.28139,0,0.855375,0,0,0.51801,-0.384099,4.28139,0,0.855375,0,0,0.51801,0,0,0,6.00793e-06,0,0,0
1765976273150607,0,-0.384099,4.28139,0,0.855375,0,0,0.51801,-0.384099,4.28139,0,0.855375,0,0,0.51801,0,0,0,6.00793e-06,0,0,0
1765976273160650,0,-0.384099,4.28139,0,0.855375,0,0,0.51801,-0.384099,4.28139,0,0.855375,0,0,0.51801,0,0,0,-5.93494e-06,0,0,0
1765976273160650,0,-0.384099,4.28139,0,0.855375,0,0,0.51801,-0.384099,4.28139,0,0.855375,0,0,0.51801,0,0,0,-5.93494e-06,0,0,0
1765976273170614,0,-0.384099,4.28139,0,0.855375,0,0,0.51801,-0.384099,4.28139,0,0.855375,0,0,0.51801,0,0,0,0,0,0,0
1765976273170614,0,-0.384099,4.28139,0,0.855375,0,0,0.51801,-0.384099,4.28139,0,0.855375,0,0,0.51801,0,0,0,0,0,0,0
1765976273180646,0,-0.384099,4.28139,0,0.855375,0,0,0.51801,-0.384099,4.28139,0,0.855375,0,0,0.51801,0,0,0,0,0,0,0
1765976273180646,0,-0.384099,4.28139,0,0.855375,0,0,0.51801,-0.384099,4.28139,0,0.855375,0,0,0.51801,0,0,0,0,0,0,0
1765976273190642,0,-0.384099,4.28139,0,0.855375,0,0,0.51801,-0.384099,4.28139,0,0.855375,0,0,0.51801,0,0,0,5.96285e-06,0,0,0
1765976273190642,0,-0.384099,4.28139,0,0.855375,0,0,0.51801,-0.384099,4.28139,0,0.855375,0,0,0.51801,0,0,0,5.96285e-06,0,0,0
1765976273200694,0,-0.384099,4.28139,0,0.855375,0,0,0.51801,-0.384099,4.28139,0,0.855375,0,0,0.51801,0,0,0,0,0,0,0
1765976273200694,0,-0.384099,4.28139,0,0.855375,0,0,0.51801,-0.384099,4.28139,0,0.855375,0,0,0.51801,0,0,0,0,0,0,0
1765976273210731,0,-0.384099,4.28139,0,0.855375,0,0,0.51801,-0.384099,4.28139,0,0.855375,0,0,0.51801,0,0,0,0,0,0,0
1765976273210731,0,-0.384099,4.28139,0,0.855375,0,0,0.51801,-0.384099,4.28139,0,0.855375,0,0,0.51801,0,0,0,0,0,0,0
1765976273220593,0,-0.384099,4.28139,0,0.855375,0,0,0.51801,-0.384099,4.28139,0,0.855375,0,0,0.51801,0,0,0,0,0,0,0
1765976273220593,0,-0.384099,4.28139,0,0.855375,0,0,0.51801,-0.384099,4.28139,0,0.855375,0,0,0.51801,0,0,0,0,0,0,0
1765976273230470,0,-0.384099,4.28139,0,0.855375,0,0,0.51801,-0.384099,4.28139,0,0.855375,0,0,0.51801,0,0,0,0,0,0,0
1765976273230470,0,-0.384099,4.28139,0,0.855375,0,0,0.51801,-0.384099,4.28139,0,0.855375,0,0,0.51801,0,0,0,0,0,0,0
1765976273240605,0,-0.384099,4.28139,0,0.855375,0,0,0.51801,-0.384099,4.28139,0,0.855375,0,0,0.51801,0,0,0,0,0,0,0
1765976273240605,0,-0.384099,4.28139,0,0.855375,0,0,0.51801,-0.384099,4.28139,0,0.855375,0,0,0.51801,0,0,0,0,0,0,0
1765976273250473,0,-0.384099,4.28139,0,0.855375,0,0,0.51801,-0.384099,4.28139,0,0.855375,0,0,0.51801,0,0,0,0,0,0,0
1765976273250473,0,-0.384099,4.28139,0,0.855375,0,0,0.51801,-0.384099,4.28139,0,0.855375,0,0,0.51801,0,0,0,0,0,0,0
1765976273260445,0,-0.384099,4.28139,0,0.855375,0,0,0.51801,-0.384099,4.28139,0,0.855375,0,0,0.51801,0,0,0,0,0,0,0
1765976273260445,0,-0.384099,4.28139,0,0.855375,0,0,0.51801,-0.384099,4.28139,0,0.855375,0,0,0.51801,0,0,0,0,0,0,0
1765976273270464,0,-0.384099,4.28139,0,0.855375,0,0,0.51801,-0.384099,4.28139,0,0.855375,0,0,0.51801,0,0,0,-5.94916e-06,0,0,-5.94916e-06
1765976273270464,0,-0.384099,4.28139,0,0.855375,0,0,0.51801,-0.384099,4.28139,0,0.855375,0,0,0.51801,0,0,0,-5.94916e-06,0,0,-5.94916e-06
1765976273280481,0,-0.384099,4.28139,0,0.855375,0,0,0.51801,-0.384099,4.28139,0,0.855375,0,0,0.51801,0,0,0,0,0,0,0
1765976273280481,0,-0.384099,4.28139,0,0.855375,0,0,0.51801,-0.384099,4.28139,0,0.855375,0,0,0.51801,0,0,0,0,0,0,0
1765976273290526,0,-0.384099,4.28139,0,0.855375,0,0,0.51801,-0.384099,4.28139,0,0.855375,0,0,0.51801,0,0,0,0,0,0,0
1765976273290526,0,-0.384099,4.28139,0,0.855375,0,0,0.51801,-0.384099,4.28139,0,0.855375,0,0,0.51801,0,0,0,0,0,0,0
1765976273300467,0,-0.384099,4.28139,0,0.855375,0,0,0.51801,-0.384099,4.28139,0,0.855375,0,0,0.51801,-2.99792e-06,0,0,0,0,0,0
1765976273300467,0,-0.384099,4.28139,0,0.855375,0,0,0.51801,-0.384099,4.28139,0,0.855375,0,0,0.51801,-2.99792e-06,0,0,0,0,0,0
1765976273310541,0,-0.384099,4.28139,0,0.855375,0,0,0.51801,-0.384099,4.28139,0,0.855375,0,0,0.51801,0,0,0,0,0,0,0
1765976273310541,0,-0.384099,4.28139,0,0.855375,0,0,0.51801,-0.384099,4.28139,0,0.855375,0,0,0.51801,0,0,0,0,0,0,0
1765976273320648,0,-0.384099,4.28139,0,0.855375,0,0,0.51801,-0.384099,4.28139,0,0.855375,0,0,0.51801,0,0,0,0,0,0,0
1765976273320648,0,-0.384099,4.28139,0,0.855375,0,0,0.51801,-0.384099,4.28139,0,0.855375,0,0,0.51801,0,0,0,0,0,0,0
1765976273330577,0,-0.384099,4.28139,0,0.855375,0,0,0.51801,-0.384099,4.28139,0,0.855375,0,0,0.51801,0,0,0,6.00309e-06,0,0,0
1765976273330577,0,-0.384099,4.28139,0,0.855375,0,0,0.51801,-0.384099,4.28139,0,0.855375,0,0,0.51801,0,0,0,6.00309e-06,0,0,0
1765976273340692,0,-0.384099,4.28139,0,0.855375,0,0,0.51801,-0.384099,4.28139,0,0.855375,0,0,0.51801,0,0,0,-5.8927e-06,0,0,0
1765976273340692,0,-0.384099,4.28139,0,0.855375,0,0,0.51801,-0.384099,4.28139,0,0.855375,0,0,0.51801,0,0,0,-5.8927e-06,0,0,0
1765976273350607,0,-0.384099,4.28139,0,0.855375,0,0,0.51801,-0.384099,4.28139,0,0.855375,0,0,0.51801,0,0,0,6.01156e-06,0,0,0
1765976273350607,0,-0.384099,4.28139,0,0.855375,0,0,0.51801,-0.384099,4.28139,0,0.855375,0,0,0.51801,0,0,0,6.01156e-06,0,0,0
1765976273360598,0,-0.384099,4.28139,0,0.855375,0,0,0.51801,-0.384099,4.28139,0,0.855375,0,0,0.51801,2.98292e-06,0,0,0,0,0,0
1765976273360598,0,-0.384099,4.28139,0,0.855375,0,0,0.51801,-0.384099,4.28139,0,0.855375,0,0,0.51801,2.98292e-06,0,0,0,0,0,0
1765976273370653,0,-0.384099,4.28139,0,0.855375,0,0,0.51801,-0.384099,4.28139,0,0.855375,0,0,0.51801,0,0,0,-5.92786e-06,0,0,0
1765976273370653,0,-0.384099,4.28139,0,0.855375,0,0,0.51801,-0.384099,4.28139,0,0.855375,0,0,0.51801,0,0,0,-5.92786e-06,0,0,0
1765976273380637,0,-0.384099,4.28139,0,0.855375,0,0,0.51801,-0.384099,4.28139,0,0.855375,0,0,0.51801,0,0,0,-5.97002e-06,0,0,0
1765976273380637,0,-0.384099,4.28139,0,0.855375,0,0,0.51801,-0.384099,4.28139,0,0.855375,0,0,0.51801,0,0,0,-5.97002e-06,0,0,0
1765976273390685,0,-0.384099,4.28139,0,0.855375,0,0,0.51801,-0.384099,4.28139,0,0.855375,0,0,0.51801,0,0,0,0,0,0,0
1765976273390685,0,-0.384099,4.28139,0,0.855375,0,0,0.51801,-0.384099,4.28139,0,0.855375,0,0,0.51801,0,0,0,0,0,0,0
1765976273400693,0,-0.384099,4.28139,0,0.855375,0,0,0.51801,-0.384099,4.28139,0,0.855375,0,0,0.51801,0,0,0,5.9557e-06,0,0,0
1765976273400693,0,-0.384099,4.28139,0,0.855375,0,0,0.51801,-0.384099,4.28139,0,0.855375,0,0,0.51801,0,0,0,5.9557e-06,0,0,0
1765976273410699,0,-0.384099,4.28139,0,0.855375,0,0,0.51801,-0.384099,4.28139,0,0.855375,0,0,0.51801,0,0,0,0,0,0,0
1765976273410699,0,-0.384099,4.28139,0,0.855375,0,0,0.51801,-0.384099,4.28139,0,0.855375,0,0,0.51801,0,0,0,0,0,0,0
1765976273420671,0,-0.384099,4.28139,0,0.855375,0,0,0.51801,-0.384099,4.28139,0,0.855375,0,0,0.51801,0,0,0,0,0,0,-5.9772e-06
1765976273420671,0,-0.384099,4.28139,0,0.855375,0,0,0.51801,-0.384099,4.28139,0,0.855375,0,0,0.51801,0,0,0,0,0,0,-5.9772e-06
1765976273430581,0,-0.384099,4.28139,0,0.855375,0,0,0.51801,-0.384099,4.28139,0,0.855375,0,0,0.51801,-3.0073e-06,0,0,0,0,0,0
1765976273430581,0,-0.384099,4.28139,0,0.855375,0,0,0.51801,-0.384099,4.28139,0,0.855375,0,0,0.51801,-3.0073e-06,0,0,0,0,0,0
1765976273440531,0,-0.384099,4.28139,0,0.855375,0,0,0.51801,-0.384099,4.28139,0,0.855375,0,0,0.51801,0,0,0,0,0,0,0
1765976273440531,0,-0.384099,4.28139,0,0.855375,0,0,0.51801,-0.384099,4.28139,0,0.855375,0,0,0.51801,0,0,0,0,0,0,0
1765976273450614,0,-0.384099,4.28139,0,0.855375,0,0,0.51801,-0.384099,4.28139,0,0.855375,0,0,0.51801,0,0,0,0,0,0,0
1765976273450614,0,-0.384099,4.28139,0,0.855375,0,0,0.51801,-0.384099,4.28139,0,0.855375,0,0,0.51801,0,0,0,0,0,0,0
1765976273460514,0,-0.384099,4.28139,0,0.855375,0,0,0.51801,-0.384099,4.28139,0,0.855375,0,0,0.51801,0,0,0,0,0,0,0
1765976273460514,0,-0.384099,4.28139,0,0.855375,0,0,0.51801,-0.384099,4.28139,0,0.855375,0,0,0.51801,0,0,0,0,0,0,0
1765976273470457,0,-0.384099,4.28139,0,0.855375,0,0,0.51801,-0.384099,4.28139,0,0.855375,0,0,0.51801,0,0,0,0,0,0,0
1765976273470457,0,-0.384099,4.28139,0,0.855375,0,0,0.51801,-0.384099,4.28139,0,0.855375,0,0,0.51801,0,0,0,0,0,0,0
1765976273480475,0,-0.384099,4.28139,0,0.855375,0,0,0.51801,-0.384099,4.28139,0,0.855375,0,0,0.51801,-2.97488e-06,0,0,0,0,0,0
1765976273480475,0,-0.384099,4.28139,0,0.855375,0,0,0.51801,-0.384099,4.28139,0,0.855375,0,0,0.51801,-2.97488e-06,0,0,0,0,0,0
1765976273490732,0,-0.384099,4.28139,0,0.855375,0,0,0.51801,-0.384099,4.28139,0,0.855375,0,0,0.51801,0,0,0,0,0,0,0
1765976273490732,0,-0.384099,4.28139,0,0.855375,0,0,0.51801,-0.384099,4.28139,0,0.855375,0,0,0.51801,0,0,0,0,0,0,0
1765976273500629,0,-0.384099,4.28139,0,0.855375,0,0,0.51801,-0.384099,4.28139,0,0.855375,0,0,0.51801,0,0,0,0,0,0,0
1765976273500629,0,-0.384099,4.28139,0,0.855375,0,0,0.51801,-0.384099,4.28139,0,0.855375,0,0,0.51801,0,0,0,0,0,0,0
1765976273510593,0,-0.384099,4.28139,0,0.855375,0,0,0.51801,-0.384099,4.28139,0,0.855375,0,0,0.51801,0,0,0,0,0,0,0
1765976273510593,0,-0.384099,4.28139,0,0.855375,0,0,0.51801,-0.384099,4.28139,0,0.855375,0,0,0.51801,0,0,0,0,0,0,0
1765976273520506,0,-0.384099,4.28139,0,0.855375,0,0,0.51801,-0.384099,4.28139,0,0.855375,0,0,0.51801,0,0,0,0,0,0,0
1765976273520506,0,-0.384099,4.28139,0,0.855375,0,0,0.51801,-0.384099,4.28139,0,0.855375,0,0,0.51801,0,0,0,0,0,0,0
1765976273530564,0,-0.384099,4.28139,0,0.855375,0,0,0.51801,-0.384099,4.28139,0,0.855375,0,0,0.51801,0,0,0,0,0,0,0
1765976273530564,0,-0.384099,4.28139,0,0.855375,0,0,0.51801,-0.384099,4.28139,0,0.855375,0,0,0.51801,0,0,0,0,0,0,0
1765976273540674,0,-0.384099,4.28139,0,0.855375,0,0,0.51801,-0.384099,4.28139,0,0.855375,0,0,0.51801,-2.94781e-06,0,0,0,0,0,0
1765976273540674,0,-0.384099,4.28139,0,0.855375,0,0,0.51801,-0.384099,4.28139,0,0.855375,0,0,0.51801,-2.94781e-06,0,0,0,0,0,0
1765976273550654,0,-0.384099,4.28139,0,0.855375,0,0,0.51801,-0.384099,4.28139,0,0.855375,0,0,0.51801,0,0,0,-5.97241e-06,0,0,0
1765976273550654,0,-0.384099,4.28139,0,0.855375,0,0,0.51801,-0.384099,4.28139,0,0.855375,0,0,0.51801,0,0,0,-5.97241e-06,0,0,0
1765976273560562,0,-0.384099,4.28139,0,0.855375,0,0,0.51801,-0.384099,4.28139,0,0.855375,0,0,0.51801,0,0,0,0,0,0,0
1765976273560562,0,-0.384099,4.28139,0,0.855375,0,0,0.51801,-0.384099,4.28139,0,0.855375,0,0,0.51801,0,0,0,0,0,0,0
1765976273570520,0,-0.384099,4.28139,0,0.855375,0,0,0.51801,-0.384099,4.28139,0,0.855375,0,0,0.51801,0,0,0,0,0,0,0
1765976273570520,0,-0.384099,4.28139,0,0.855375,0,0,0.51801,-0.384099,4.28139,0,0.855375,0,0,0.51801,0,0,0,0,0,0,0
1765976273580464,0,-0.384099,4.28139,0,0.855375,0,0,0.51801,-0.384099,4.28139,0,0.855375,0,0,0.51801,0,0,0,0,0,0,0
1765976273580464,0,-0.384099,4.28139,0,0.855375,0,0,0.51801,-0.384099,4.28139,0,0.855375,0,0,0.51801,0,0,0,0,0,0,0
1765976273590459,0,-0.384099,4.28139,0,0.855375,0,0,0.51801,-0.384099,4.28139,0,0.855375,0,0,0.51801,2.98172e-06,0,0,0,0,0,0
1765976273590459,0,-0.384099,4.28139,0,0.855375,0,0,0.51801,-0.384099,4.28139,0,0.855375,0,0,0.51801,2.98172e-06,0,0,0,0,0,0
1765976273600490,0,-0.384099,4.28139,0,0.855375,0,0,0.51801,-0.384099,4.28139,0,0.855375,0,0,0.51801,0,0,0,0,0,0,0
1765976273600490,0,-0.384099,4.28139,0,0.855375,0,0,0.51801,-0.384099,4.28139,0,0.855375,0,0,0.51801,0,0,0,0,0,0,0
1765976273610521,0,-0.384099,4.28139,0,0.855375,0,0,0.51801,-0.384099,4.28139,0,0.855375,0,0,0.51801,0,0,0,0,0,0,0
1765976273610521,0,-0.384099,4.28139,0,0.855375,0,0,0.51801,-0.384099,4.28139,0,0.855375,0,0,0.51801,0,0,0,0,0,0,0
1765976273620465,0,-0.384099,4.28139,0,0.855375,0,0,0.51801,-0.384099,4.28139,0,0.855375,0,0,0.51801,0,0,0,0,0,0,0
1765976273620465,0,-0.384099,4.28139,0,0.855375,0,0,0.51801,-0.384099,4.28139,0,0.855375,0,0,0.51801,0,0,0,0,0,0,0
1765976273630460,0,-0.384099,4.28139,0,0.855375,0,0,0.51801,-0.384099,4.28139,0,0.855375,0,0,0.51801,0,0,0,5.96345e-06,0,0,5.96345e-06
1765976273630460,0,-0.384099,4.28139,0,0.855375,0,0,0.51801,-0.384099,4.28139,0,0.855375,0,0,0.51801,0,0,0,5.96345e-06,0,0,5.96345e-06
1765976273640514,0,-0.384099,4.28139,0,0.855375,0,0,0.51801,-0.384099,4.28139,0,0.855375,0,0,0.51801,0,0,0,0,0,0,-5.92845e-06
1765976273640514,0,-0.384099,4.28139,0,0.855375,0,0,0.51801,-0.384099,4.28139,0,0.855375,0,0,0.51801,0,0,0,0,0,0,-5.92845e-06
1765976273650472,0,-0.384099,4.28139,0,0.855375,0,0,0.51801,-0.384099,4.28139,0,0.855375,0,0,0.51801,0,0,0,0,0,0,0
1765976273650472,0,-0.384099,4.28139,0,0.855375,0,0,0.51801,-0.384099,4.28139,0,0.855375,0,0,0.51801,0,0,0,0,0,0,0
1765976273660515,0,-0.384099,4.28139,0,0.855375,0,0,0.51801,-0.384099,4.28139,0,0.855375,0,0,0.51801,2.96747e-06,0,0,0,0,0,0
1765976273660515,0,-0.384099,4.28139,0,0.855375,0,0,0.51801,-0.384099,4.28139,0,0.855375,0,0,0.51801,2.96747e-06,0,0,0,0,0,0
1765976273670500,0,-0.384099,4.28139,0,0.855375,0,0,0.51801,-0.384099,4.28139,0,0.855375,0,0,0.51801,0,0,0,0,0,0,0
1765976273670500,0,-0.384099,4.28139,0,0.855375,0,0,0.51801,-0.384099,4.28139,0,0.855375,0,0,0.51801,0,0,0,0,0,0,0
1765976273680503,0,-0.384099,4.28139,0,0.855375,0,0,0.51801,-0.384099,4.28139,0,0.855375,0,0,0.51801,0,0,0,0,0,0,0
1765976273680503,0,-0.384099,4.28139,0,0.855375,0,0,0.51801,-0.384099,4.28139,0,0.855375,0,0,0.51801,0,0,0,0,0,0,0
1765976273690555,0,-0.384099,4.28139,0,0.855375,0,0,0.51801,-0.384099,4.28139,0,0.855375,0,0,0.51801,0,0,0,-5.92963e-06,0,0,0
1765976273690555,0,-0.384099,4.28139,0,0.855375,0,0,0.51801,-0.384099,4.28139,0,0.855375,0,0,0.51801,0,0,0,-5.92963e-06,0,0,0
1765976273700540,0,-0.384099,4.28139,0,0.855375,0,0,0.51801,-0.384099,4.28139,0,0.855375,0,0,0.51801,0,0,0,0,0,0,0
1765976273700540,0,-0.384099,4.28139,0,0.855375,0,0,0.51801,-0.384099,4.28139,0,0.855375,0,0,0.51801,0,0,0,0,0,0,0
1765976273710433,0,-0.384099,4.28139,0,0.855375,0,0,0.51801,-0.384099,4.28139,0,0.855375,0,0,0.51801,-3.01247e-06,0,0,0,0,0,0
1765976273710433,0,-0.384099,4.28139,0,0.855375,0,0,0.51801,-0.384099,4.28139,0,0.855375,0,0,0.51801,-3.01247e-06,0,0,0,0,0,0
1765976273720527,0,-0.384099,4.28139,0,0.855375,0,0,0.51801,-0.384099,4.28139,0,0.855375,0,0,0.51801,0,0,0,0,0,0,0
1765976273720527,0,-0.384099,4.28139,0,0.855375,0,0,0.51801,-0.384099,4.28139,0,0.855375,0,0,0.51801,0,0,0,0,0,0,0
1765976273730560,0,-0.384099,4.28139,0,0.855375,0,0,0.51801,-0.384099,4.28139,0,0.855375,0,0,0.51801,-2.97043e-06,0,0,0,0,0,0
1765976273730560,0,-0.384099,4.28139,0,0.855375,0,0,0.51801,-0.384099,4.28139,0,0.855375,0,0,0.51801,-2.97043e-06,0,0,0,0,0,0
1765976273740495,0,-0.384099,4.28139,0,0.855375,0,0,0.51801,-0.384099,4.28139,0,0.855375,0,0,0.51801,0,0,0,5.99946e-06,0,0,0
1765976273740495,0,-0.384099,4.28139,0,0.855375,0,0,0.51801,-0.384099,4.28139,0,0.855375,0,0,0.51801,0,0,0,5.99946e-06,0,0,0
1765976273750487,0,-0.384099,4.28139,0,0.855375,0,0,0.51801,-0.384099,4.28139,0,0.855375,0,0,0.51801,-2.98262e-06,0,0,0,0,0,0
1765976273750487,0,-0.384099,4.28139,0,0.855375,0,0,0.51801,-0.384099,4.28139,0,0.855375,0,0,0.51801,-2.98262e-06,0,0,0,0,0,0
1765976273760457,0,-0.384099,4.28139,0,0.855375,0,0,0.51801,-0.384099,4.28139,0,0.855375,0,0,0.51801,2.9892e-06,0,0,0,0,0,0
1765976273760457,0,-0.384099,4.28139,0,0.855375,0,0,0.51801,-0.384099,4.28139,0,0.855375,0,0,0.51801,2.9892e-06,0,0,0,0,0,0
1765976273770465,0,-0.384099,4.28139,0,0.855375,0,0,0.51801,-0.384099,4.28139,0,0.855375,0,0,0.51801,0,0,0,5.9557e-06,0,0,0
1765976273770465,0,-0.384099,4.28139,0,0.855375,0,0,0.51801,-0.384099,4.28139,0,0.855375,0,0,0.51801,0,0,0,5.9557e-06,0,0,0
1765976273780476,0,-0.384099,4.28139,0,0.855375,0,0,0.51801,-0.384099,4.28139,0,0.855375,0,0,0.51801,0,0,0,0,0,0,0
1765976273780476,0,-0.384099,4.28139,0,0.855375,0,0,0.51801,-0.384099,4.28139,0,0.855375,0,0,0.51801,0,0,0,0,0,0,0
1765976273790529,0,-0.384099,4.28139,0,0.855375,0,0,0.51801,-0.384099,4.28139,0,0.855375,0,0,0.51801,0,0,0,0,0,0,0
1765976273790529,0,-0.384099,4.28139,0,0.855375,0,0,0.51801,-0.384099,4.28139,0,0.855375,0,0,0.51801,0,0,0,0,0,0,0
1765976273800461,0,-0.384099,4.28139,0,0.855375,0,0,0.51801,-0.384099,4.28139,0,0.855375,0,0,0.51801,0,0,0,0,0,0,0
1765976273800461,0,-0.384099,4.28139,0,0.855375,0,0,0.51801,-0.384099,4.28139,0,0.855375,0,0,0.51801,0,0,0,0,0,0,0
1765976273810458,0,-0.384099,4.28139,0,0.855375,0,0,0.51801,-0.384099,4.28139,0,0.855375,0,0,0.51801,2.98113e-06,0,0,0,0,0,0
1765976273810458,0,-0.384099,4.28139,0,0.855375,0,0,0.51801,-0.384099,4.28139,0,0.855375,0,0,0.51801,2.98113e-06,0,0,0,0,0,0
1765976273820480,0,-0.384099,4.28139,0,0.855375,0,0,0.51801,-0.384099,4.28139,0,0.855375,0,0,0.51801,2.97369e-06,0,0,0,0,0,0
1765976273820480,0,-0.384099,4.28139,0,0.855375,0,0,0.51801,-0.384099,4.28139,0,0.855375,0,0,0.51801,2.97369e-06,0,0,0,0,0,0
1765976273830435,0,-0.384099,4.28139,0,0.855375,0,0,0.51801,-0.384099,4.28139,0,0.855375,0,0,0.51801,0,0,0,0,0,0,0
1765976273830435,0,-0.384099,4.28139,0,0.855375,0,0,0.51801,-0.384099,4.28139,0,0.855375,0,0,0.51801,0,0,0,0,0,0,0
1765976273840451,0,-0.384099,4.28139,0,0.855375,0,0,0.51801,-0.384099,4.28139,0,0.855375,0,0,0.51801,-2.97547e-06,0,0,0,0,0,0
1765976273840451,0,-0.384099,4.28139,0,0.855375,0,0,0.51801,-0.384099,4.28139,0,0.855375,0,0,0.51801,-2.97547e-06,0,0,0,0,0,0
1765976273850461,0,-0.384099,4.28139,0,0.855375,0,0,0.51801,-0.384099,4.28139,0,0.855375,0,0,0.51801,0,0,0,0,0,0,0
1765976273850461,0,-0.384099,4.28139,0,0.855375,0,0,0.51801,-0.384099,4.28139,0,0.855375,0,0,0.51801,0,0,0,0,0,0,0
1765976273860450,0,-0.384099,4.28139,0,0.855375,0,0,0.51801,-0.384099,4.28139,0,0.855375,0,0,0.51801,0,0,0,0,0,0,0
1765976273860450,0,-0.384099,4.28139,0,0.855375,0,0,0.51801,-0.384099,4.28139,0,0.855375,0,0,0.51801,0,0,0,0,0,0,0
1765976273870436,0,-0.384099,4.28139,0,0.855375,0,0,0.51801,-0.384099,4.28139,0,0.855375,0,0,0.51801,0,0,0,0,0,0,0
1765976273870436,0,-0.384099,4.28139,0,0.855375,0,0,0.51801,-0.384099,4.28139,0,0.855375,0,0,0.51801,0,0,0,0,0,0,0
1765976273880468,0,-0.384099,4.28139,0,0.855375,0,0,0.51801,-0.384099,4.28139,0,0.855375,0,0,0.51801,0,0,0,0,0,0,0
1765976273880468,0,-0.384099,4.28139,0,0.855375,0,0,0.51801,-0.384099,4.28139,0,0.855375,0,0,0.51801,0,0,0,0,0,0,0
1765976273890515,0,-0.384099,4.28139,0,0.855375,0,0,0.51801,-0.384099,4.28139,0,0.855375,0,0,0.51801,0,0,0,-5.93258e-06,0,0,0
1765976273890515,0,-0.384099,4.28139,0,0.855375,0,0,0.51801,-0.384099,4.28139,0,0.855375,0,0,0.51801,0,0,0,-5.93258e-06,0,0,0
1765976273900500,0,-0.384099,4.28139,0,0.855375,0,0,0.51801,-0.384099,4.28139,0,0.855375,0,0,0.51801,0,0,0,0,0,0,0
1765976273900500,0,-0.384099,4.28139,0,0.855375,0,0,0.51801,-0.384099,4.28139,0,0.855375,0,0,0.51801,0,0,0,0,0,0,0
1765976273910464,0,-0.384099,4.28139,0,0.855375,0,0,0.51801,-0.384099,4.28139,0,0.855375,0,0,0.51801,0,0,0,0,0,0,0
1765976273910464,0,-0.384099,4.28139,0,0.855375,0,0,0.51801,-0.384099,4.28139,0,0.855375,0,0,0.51801,0,0,0,0,0,0,0
1765976273920477,0,-0.384099,4.28139,0,0.855375,0,0,0.51801,-0.384099,4.28139,0,0.855375,0,0,0.51801,0,0,0,5.95273e-06,0,0,0
1765976273920477,0,-0.384099,4.28139,0,0.855375,0,0,0.51801,-0.384099,4.28139,0,0.855375,0,0,0.51801,0,0,0,5.95273e-06,0,0,0
1765976273930456,0,-0.384099,4.28139,0,0.855375,0,0,0.51801,-0.384099,4.28139,0,0.855375,0,0,0.51801,0,0,0,0,0,0,0
1765976273930456,0,-0.384099,4.28139,0,0.855375,0,0,0.51801,-0.384099,4.28139,0,0.855375,0,0,0.51801,0,0,0,0,0,0,0
1765976273940626,0,-0.384099,4.28139,0,0.855375,0,0,0.51801,-0.384099,4.28139,0,0.855375,0,0,0.51801,0,0,0,0,0,0,0
1765976273940626,0,-0.384099,4.28139,0,0.855375,0,0,0.51801,-0.384099,4.28139,0,0.855375,0,0,0.51801,0,0,0,0,0,0,0
1765976273950647,0,-0.384099,4.28139,0,0.855375,0,0,0.51801,-0.384099,4.28139,0,0.855375,0,0,0.51801,2.97399e-06,0,0,0,0,0,0
1765976273950647,0,-0.384099,4.28139,0,0.855375,0,0,0.51801,-0.384099,4.28139,0,0.855375,0,0,0.51801,2.97399e-06,0,0,0,0,0,0
1765976273960605,0,-0.384099,4.28139,0,0.855375,0,0,0.51801,-0.384099,4.28139,0,0.855375,0,0,0.51801,0,0,0,0,0,0,0
1765976273960605,0,-0.384099,4.28139,0,0.855375,0,0,0.51801,-0.384099,4.28139,0,0.855375,0,0,0.51801,0,0,0,0,0,0,0
1765976273970749,0,-0.384099,4.28139,0,0.855375,0,0,0.51801,-0.384099,4.28139,0,0.855375,0,0,0.51801,0,0,0,0,0,0,0
1765976273970749,0,-0.384099,4.28139,0,0.855375,0,0,0.51801,-0.384099,4.28139,0,0.855375,0,0,0.51801,0,0,0,0,0,0,0
1765976273980615,0,-0.384099,4.28139,0,0.855375,0,0,0.51801,-0.384099,4.28139,0,0.855375,0,0,0.51801,0,0,0,0,0,0,0
1765976273980615,0,-0.384099,4.28139,0,0.855375,0,0,0.51801,-0.384099,4.28139,0,0.855375,0,0,0.51801,0,0,0,0,0,0,0
1765976273990827,0,-0.384099,4.28139,0,0.855375,0,0,0.51801,-0.384099,4.28139,0,0.855375,0,0,0.51801,0,0,0,0,0,0,0
1765976273990827,0,-0.384099,4.28139,0,0.855375,0,0,0.51801,-0.384099,4.28139,0,0.855375,0,0,0.51801,0,0,0,0,0,0,0
1765976274000734,0,-0.384099,4.28139,0,0.855375,0,0,0.51801,-0.384099,4.28139,0,0.855375,0,0,0.51801,0,0,0,0,0,0,0
1765976274000734,0,-0.384099,4.28139,0,0.855375,0,0,0.51801,-0.384099,4.28139,0,0.855375,0,0,0.51801,0,0,0,0,0,0,0
1765976274010631,0,-0.384099,4.28139,0,0.855375,0,0,0.51801,-0.384099,4.28139,0,0.855375,0,0,0.51801,3.01125e-06,0,0,0,0,0,0
1765976274010631,0,-0.384099,4.28139,0,0.855375,0,0,0.51801,-0.384099,4.28139,0,0.855375,0,0,0.51801,3.01125e-06,0,0,0,0,0,0
1765976274020749,0,-0.384099,4.28139,0,0.855375,0,0,0.51801,-0.384099,4.28139,0,0.855375,0,0,0.51801,0,0,0,0,0,0,0
1765976274020749,0,-0.384099,4.28139,0,0.855375,0,0,0.51801,-0.384099,4.28139,0,0.855375,0,0,0.51801,0,0,0,0,0,0,0
1765976274030484,0,-0.384099,4.28139,0,0.855375,0,0,0.51801,-0.384099,4.28139,0,0.855375,0,0,0.51801,0,0,0,0,0,0,0
1765976274030484,0,-0.384099,4.28139,0,0.855375,0,0,0.51801,-0.384099,4.28139,0,0.855375,0,0,0.51801,0,0,0,0,0,0,0
1765976274040779,0,-0.384099,4.28139,0,0.855375,0,0,0.51801,-0.384099,4.28139,0,0.855375,0,0,0.51801,0,0,0,-5.78967e-06,0,0,0
1765976274040779,0,-0.384099,4.28139,0,0.855375,0,0,0.51801,-0.384099,4.28139,0,0.855375,0,0,0.51801,0,0,0,-5.78967e-06,0,0,0
1765976274050523,0,-0.384099,4.28139,0,0.855375,0,0,0.51801,-0.384099,4.28139,0,0.855375,0,0,0.51801,0,0,0,0,0,0,0
1765976274050523,0,-0.384099,4.28139,0,0.855375,0,0,0.51801,-0.384099,4.28139,0,0.855375,0,0,0.51801,0,0,0,0,0,0,0
1765976274060473,0,-0.384099,4.28139,0,0.855375,0,0,0.51801,-0.384099,4.28139,0,0.855375,0,0,0.51801,0,0,0,-5.99042e-06,0,0,0
1765976274060473,0,-0.384099,4.28139,0,0.855375,0,0,0.51801,-0.384099,4.28139,0,0.855375,0,0,0.51801,0,0,0,-5.99042e-06,0,0,0
1765976274070631,0,-0.384099,4.28139,0,0.855375,0,0,0.51801,-0.384099,4.28139,0,0.855375,0,0,0.51801,0,0,0,0,0,0,0
1765976274070631,0,-0.384099,4.28139,0,0.855375,0,0,0.51801,-0.384099,4.28139,0,0.855375,0,0,0.51801,0,0,0,0,0,0,0
1765976274080456,0,-0.384099,4.28139,0,0.855375,0,0,0.51801,-0.384099,4.28139,0,0.855375,0,0,0.51801,0,0,0,0,0,0,0
1765976274080456,0,-0.384099,4.28139,0,0.855375,0,0,0.51801,-0.384099,4.28139,0,0.855375,0,0,0.51801,0,0,0,0,0,0,0
1765976274090647,0,-0.384099,4.28139,0,0.855375,0,0,0.51801,-0.384099,4.28139,0,0.855375,0,0,0.51801,0,0,0,0,0,0,0
1765976274090647,0,-0.384099,4.28139,0,0.855375,0,0,0.51801,-0.384099,4.28139,0,0.855375,0,0,0.51801,0,0,0,0,0,0,0
1765976274100512,0,-0.384099,4.28139,0,0.855375,0,0,0.51801,-0.384099,4.28139,0,0.855375,0,0,0.51801,-3.02102e-06,0,0,0,0,0,0
1765976274100512,0,-0.384099,4.28139,0,0.855375,0,0,0.51801,-0.384099,4.28139,0,0.855375,0,0,0.51801,-3.02102e-06,0,0,0,0,0,0
1765976274110484,0,-0.384099,4.28139,0,0.855375,0,0,0.51801,-0.384099,4.28139,0,0.855375,0,0,0.51801,0,0,0,5.9772e-06,0,0,5.9772e-06
1765976274110484,0,-0.384099,4.28139,0,0.855375,0,0,0.51801,-0.384099,4.28139,0,0.855375,0,0,0.51801,0,0,0,5.9772e-06,0,0,5.9772e-06
1765976274120521,0,-0.384099,4.28139,0,0.855375,0,0,0.51801,-0.384099,4.28139,0,0.855375,0,0,0.51801,0,0,0,0,0,0,0
1765976274120521,0,-0.384099,4.28139,0,0.855375,0,0,0.51801,-0.384099,4.28139,0,0.855375,0,0,0.51801,0,0,0,0,0,0,0
1765976274130480,0,-0.384099,4.28139,0,0.855375,0,0,0.51801,-0.384099,4.28139,0,0.855375,0,0,0.51801,0,0,0,0,0,0,0
1765976274130480,0,-0.384099,4.28139,0,0.855375,0,0,0.51801,-0.384099,4.28139,0,0.855375,0,0,0.51801,0,0,0,0,0,0,0
1765976274140650,0,-0.384099,4.28139,0,0.855375,0,0,0.51801,-0.384099,4.28139,0,0.855375,0,0,0.51801,0,0,0,5.86083e-06,0,0,0
1765976274140650,0,-0.384099,4.28139,0,0.855375,0,0,0.51801,-0.384099,4.28139,0,0.855375,0,0,0.51801,0,0,0,5.86083e-06,0,0,0
1765976274150605,0,-0.384099,4.28139,0,0.855375,0,0,0.51801,-0.384099,4.28139,0,0.855375,0,0,0.51801,0,0,0,0,0,0,0
1765976274150605,0,-0.384099,4.28139,0,0.855375,0,0,0.51801,-0.384099,4.28139,0,0.855375,0,0,0.51801,0,0,0,0,0,0,0
1765976274160452,0,-0.384099,4.28139,0,0.855375,0,0,0.51801,-0.384099,4.28139,0,0.855375,0,0,0.51801,-3.02654e-06,0,0,0,0,0,0
1765976274160452,0,-0.384099,4.28139,0,0.855375,0,0,0.51801,-0.384099,4.28139,0,0.855375,0,0,0.51801,-3.02654e-06,0,0,0,0,0,0
1765976274170600,0,-0.384099,4.28139,0,0.855375,0,0,0.51801,-0.384099,4.28139,0,0.855375,0,0,0.51801,0,0,0,0,0,0,0
1765976274170600,0,-0.384099,4.28139,0,0.855375,0,0,0.51801,-0.384099,4.28139,0,0.855375,0,0,0.51801,0,0,0,0,0,0,0
1765976274180588,0,-0.384099,4.28139,0,0.855375,0,0,0.51801,-0.384099,4.28139,0,0.855375,0,0,0.51801,0,0,0,0,0,0,0
1765976274180588,0,-0.384099,4.28139,0,0.855375,0,0,0.51801,-0.384099,4.28139,0,0.855375,0,0,0.51801,0,0,0,0,0,0,0
1765976274190619,0,-0.384099,4.28139,0,0.855375,0,0,0.51801,-0.384099,4.28139,0,0.855375,0,0,0.51801,0,0,0,0,0,0,0
1765976274190619,0,-0.384099,4.28139,0,0.855375,0,0,0.51801,-0.384099,4.28139,0,0.855375,0,0,0.51801,0,0,0,0,0,0,0
1765976274200592,0,-0.384099,4.28139,0,0.855375,0,0,0.51801,-0.384099,4.28139,0,0.855375,0,0,0.51801,2.9883e-06,0,0,0,0,0,0
1765976274200592,0,-0.384099,4.28139,0,0.855375,0,0,0.51801,-0.384099,4.28139,0,0.855375,0,0,0.51801,2.9883e-06,0,0,0,0,0,0
1765976274210578,0,-0.384099,4.28139,0,0.855375,0,0,0.51801,-0.384099,4.28139,0,0.855375,0,0,0.51801,0,0,0,0,0,0,0
1765976274210578,0,-0.384099,4.28139,0,0.855375,0,0,0.51801,-0.384099,4.28139,0,0.855375,0,0,0.51801,0,0,0,0,0,0,0
1765976274220579,0,-0.384099,4.28139,0,0.855375,0,0,0.51801,-0.384099,4.28139,0,0.855375,0,0,0.51801,0,0,0,0,0,0,0
1765976274220579,0,-0.384099,4.28139,0,0.855375,0,0,0.51801,-0.384099,4.28139,0,0.855375,0,0,0.51801,0,0,0,0,0,0,0
1765976274230514,0,-0.384099,4.28139,0,0.855375,0,0,0.51801,-0.384099,4.28139,0,0.855375,0,0,0.51801,0,0,0,0,0,0,5.99946e-06
1765976274230514,0,-0.384099,4.28139,0,0.855375,0,0,0.51801,-0.384099,4.28139,0,0.855375,0,0,0.51801,0,0,0,0,0,0,5.99946e-06
1765976274240491,0,-0.384099,4.28139,0,0.855375,0,0,0.51801,-0.384099,4.28139,0,0.855375,0,0,0.51801,0,0,0,0,0,0,0
1765976274240491,0,-0.384099,4.28139,0,0.855375,0,0,0.51801,-0.384099,4.28139,0,0.855375,0,0,0.51801,0,0,0,0,0,0,0
1765976274250673,0,-0.384099,4.28139,0,0.855375,0,0,0.51801,-0.384099,4.28139,0,0.855375,0,0,0.51801,2.92696e-06,0,0,0,0,0,0
1765976274250673,0,-0.384099,4.28139,0,0.855375,0,0,0.51801,-0.384099,4.28139,0,0.855375,0,0,0.51801,2.92696e-06,0,0,0,0,0,0
1765976274260576,0,-0.384099,4.28139,0,0.855375,0,0,0.51801,-0.384099,4.28139,0,0.855375,0,0,0.51801,0,0,0,0,0,0,0
1765976274260576,0,-0.384099,4.28139,0,0.855375,0,0,0.51801,-0.384099,4.28139,0,0.855375,0,0,0.51801,0,0,0,0,0,0,0
1765976274270722,0,-0.384099,4.28139,0,0.855375,0,0,0.51801,-0.384099,4.28139,0,0.855375,0,0,0.51801,0,0,0,-5.87469e-06,0,0,0
1765976274270722,0,-0.384099,4.28139,0,0.855375,0,0,0.51801,-0.384099,4.28139,0,0.855375,0,0,0.51801,0,0,0,-5.87469e-06,0,0,0
1765976274280587,0,-0.384099,4.28139,0,0.855375,0,0,0.51801,-0.384099,4.28139,0,0.855375,0,0,0.51801,-3.02102e-06,0,0,0,0,0,0
1765976274280587,0,-0.384099,4.28139,0,0.855375,0,0,0.51801,-0.384099,4.28139,0,0.855375,0,0,0.51801,-3.02102e-06,0,0,0,0,0,0
1765976274290628,0,-0.384099,4.28139,0,0.855375,0,0,0.51801,-0.384099,4.28139,0,0.855375,0,0,0.51801,-2.96806e-06,0,0,0,0,0,0
1765976274290628,0,-0.384099,4.28139,0,0.855375,0,0,0.51801,-0.384099,4.28139,0,0.855375,0,0,0.51801,-2.96806e-06,0,0,0,0,0,0
1765976274300594,0,-0.384099,4.28139,0,0.855375,0,0,0.51801,-0.384099,4.28139,0,0.855375,0,0,0.51801,0,0,0,0,0,0,0
1765976274300594,0,-0.384099,4.28139,0,0.855375,0,0,0.51801,-0.384099,4.28139,0,0.855375,0,0,0.51801,0,0,0,0,0,0,0
1765976274310615,0,-0.384099,4.28139,0,0.855375,0,0,0.51801,-0.384099,4.28139,0,0.855375,0,0,0.51801,2.97399e-06,0,0,0,0,0,0
1765976274310615,0,-0.384099,4.28139,0,0.855375,0,0,0.51801,-0.384099,4.28139,0,0.855375,0,0,0.51801,2.97399e-06,0,0,0,0,0,0
1765976274320726,0,-0.384099,4.28139,0,0.855375,0,0,0.51801,-0.384099,4.28139,0,0.855375,0,0,0.51801,-2.94751e-06,0,0,0,0,0,0
1765976274320726,0,-0.384099,4.28139,0,0.855375,0,0,0.51801,-0.384099,4.28139,0,0.855375,0,0,0.51801,-2.94751e-06,0,0,0,0,0,0
1765976274330733,0,-0.384099,4.28139,0,0.855375,0,0,0.51801,-0.384099,4.28139,0,0.855375,0,0,0.51801,0,0,0,0,0,0,0
1765976274330733,0,-0.384099,4.28139,0,0.855375,0,0,0.51801,-0.384099,4.28139,0,0.855375,0,0,0.51801,0,0,0,0,0,0,0
1765976274340729,0,-0.384099,4.28139,0,0.855375,0,0,0.51801,-0.384099,4.28139,0,0.855375,0,0,0.51801,2.98142e-06,0,0,-5.96285e-06,0,0,0
1765976274340729,0,-0.384099,4.28139,0,0.855375,0,0,0.51801,-0.384099,4.28139,0,0.855375,0,0,0.51801,2.98142e-06,0,0,-5.96285e-06,0,0,0
1765976274350673,0,-0.384099,4.28139,0,0.855375,0,0,0.51801,-0.384099,4.28139,0,0.855375,0,0,0.51801,0,0,0,0,0,0,0
1765976274350673,0,-0.384099,4.28139,0,0.855375,0,0,0.51801,-0.384099,4.28139,0,0.855375,0,0,0.51801,0,0,0,0,0,0,0
1765976274360607,0,-0.384099,4.28139,0,0.855375,0,0,0.51801,-0.384099,4.28139,0,0.855375,0,0,0.51801,0,0,0,0,0,0,0
1765976274360607,0,-0.384099,4.28139,0,0.855375,0,0,0.51801,-0.384099,4.28139,0,0.855375,0,0,0.51801,0,0,0,0,0,0,0
1765976274370663,0,-0.384099,4.28139,0,0.855375,0,0,0.51801,-0.384099,4.28139,0,0.855375,0,0,0.51801,0,0,0,0,0,0,0
1765976274370663,0,-0.384099,4.28139,0,0.855375,0,0,0.51801,-0.384099,4.28139,0,0.855375,0,0,0.51801,0,0,0,0,0,0,0
1765976274380567,0,-0.384099,4.28139,0,0.855375,0,0,0.51801,-0.384099,4.28139,0,0.855375,0,0,0.51801,0,0,0,6.01824e-06,0,0,0
1765976274380567,0,-0.384099,4.28139,0,0.855375,0,0,0.51801,-0.384099,4.28139,0,0.855375,0,0,0.51801,0,0,0,6.01824e-06,0,0,0
1765976274390673,0,-0.384099,4.28139,0,0.855375,0,0,0.51801,-0.384099,4.28139,0,0.855375,0,0,0.51801,0,0,0,0,0,0,0
1765976274390673,0,-0.384099,4.28139,0,0.855375,0,0,0.51801,-0.384099,4.28139,0,0.855375,0,0,0.51801,0,0,0,0,0,0,0
1765976274400512,0,-0.384099,4.28139,0,0.855375,0,0,0.51801,-0.384099,4.28139,0,0.855375,0,0,0.51801,0,0,0,0,0,0,0
1765976274400512,0,-0.384099,4.28139,0,0.855375,0,0,0.51801,-0.384099,4.28139,0,0.855375,0,0,0.51801,0,0,0,0,0,0,0
1765976274410612,0,-0.384099,4.28139,0,0.855375,0,0,0.51801,-0.384099,4.28139,0,0.855375,0,0,0.51801,0,0,0,-5.90145e-06,0,0,0
1765976274410612,0,-0.384099,4.28139,0,0.855375,0,0,0.51801,-0.384099,4.28139,0,0.855375,0,0,0.51801,0,0,0,-5.90145e-06,0,0,0
1765976274420702,0,-0.384099,4.28139,0,0.855375,0,0,0.51801,-0.384099,4.28139,0,0.855375,0,0,0.51801,2.95365e-06,0,0,0,0,0,0
1765976274420702,0,-0.384099,4.28139,0,0.855375,0,0,0.51801,-0.384099,4.28139,0,0.855375,0,0,0.51801,2.95365e-06,0,0,0,0,0,0
1765976274430620,0,-0.384099,4.28139,0,0.855375,0,0,0.51801,-0.384099,4.28139,0,0.855375,0,0,0.51801,0,0,0,6.00974e-06,0,0,0
1765976274430620,0,-0.384099,4.28139,0,0.855375,0,0,0.51801,-0.384099,4.28139,0,0.855375,0,0,0.51801,0,0,0,6.00974e-06,0,0,0
1765976274440707,0,-0.384099,4.28139,0,0.855375,0,0,0.51801,-0.384099,4.28139,0,0.855375,0,0,0.51801,0,0,0,0,0,0,0
1765976274440707,0,-0.384099,4.28139,0,0.855375,0,0,0.51801,-0.384099,4.28139,0,0.855375,0,0,0.51801,0,0,0,0,0,0,0
1765976274450719,0,-0.384099,4.28139,0,0.855375,0,0,0.51801,-0.384099,4.28139,0,0.855375,0,0,0.51801,0,0,0,0,0,0,0
1765976274450719,0,-0.384099,4.28139,0,0.855375,0,0,0.51801,-0.384099,4.28139,0,0.855375,0,0,0.51801,0,0,0,0,0,0,0
1765976274460655,0,-0.384099,4.28139,0,0.855375,0,0,0.51801,-0.384099,4.28139,0,0.855375,0,0,0.51801,0,0,0,0,0,0,0
1765976274460655,0,-0.384099,4.28139,0,0.855375,0,0,0.51801,-0.384099,4.28139,0,0.855375,0,0,0.51801,0,0,0,0,0,0,0
1765976274470676,0,-0.384099,4.28139,0,0.855375,0,0,0.51801,-0.384099,4.28139,0,0.855375,0,0,0.51801,0,0,0,-5.94797e-06,0,0,0
1765976274470676,0,-0.384099,4.28139,0,0.855375,0,0,0.51801,-0.384099,4.28139,0,0.855375,0,0,0.51801,0,0,0,-5.94797e-06,0,0,0
1765976274480630,0,-0.384099,4.28139,0,0.855375,0,0,0.51801,-0.384099,4.28139,0,0.855375,0,0,0.51801,0,0,0,0,0,0,0
1765976274480630,0,-0.384099,4.28139,0,0.855375,0,0,0.51801,-0.384099,4.28139,0,0.855375,0,0,0.51801,0,0,0,0,0,0,0
1765976274490640,0,-0.384099,4.28139,0,0.855375,0,0,0.51801,-0.384099,4.28139,0,0.855375,0,0,0.51801,0,0,0,0,0,0,0
1765976274490640,0,-0.384099,4.28139,0,0.855375,0,0,0.51801,-0.384099,4.28139,0,0.855375,0,0,0.51801,0,0,0,0,0,0,0
1765976274500621,0,-0.384099,4.28139,0,0.855375,0,0,0.51801,-0.384099,4.28139,0,0.855375,0,0,0.51801,0,0,0,5.97181e-06,0,0,0
1765976274500621,0,-0.384099,4.28139,0,0.855375,0,0,0.51801,-0.384099,4.28139,0,0.855375,0,0,0.51801,0,0,0,5.97181e-06,0,0,0
1765976274510609,0,-0.384099,4.28139,0,0.855375,0,0,0.51801,-0.384099,4.28139,0,0.855375,0,0,0.51801,-2.98381e-06,0,0,5.96763e-06,0,0,0
1765976274510609,0,-0.384099,4.28139,0,0.855375,0,0,0.51801,-0.384099,4.28139,0,0.855375,0,0,0.51801,-2.98381e-06,0,0,5.96763e-06,0,0,0
1765976274520527,0,-0.384099,4.28139,0,0.855375,0,0,0.51801,-0.384099,4.28139,0,0.855375,0,0,0.51801,-3.00487e-06,0,0,0,0,0,0
1765976274520527,0,-0.384099,4.28139,0,0.855375,0,0,0.51801,-0.384099,4.28139,0,0.855375,0,0,0.51801,-3.00487e-06,0,0,0,0,0,0
1765976274530571,0,-0.384099,4.28139,0,0.855375,0,0,0.51801,-0.384099,4.28139,0,0.855375,0,0,0.51801,2.96718e-06,0,0,0,0,0,0
1765976274530571,0,-0.384099,4.28139,0,0.855375,0,0,0.51801,-0.384099,4.28139,0,0.855375,0,0,0.51801,2.96718e-06,0,0,0,0,0,0
1765976274540575,0,-0.384099,4.28139,0,0.855375,0,0,0.51801,-0.384099,4.28139,0,0.855375,0,0,0.51801,0,0,0,0,0,0,0
1765976274540575,0,-0.384099,4.28139,0,0.855375,0,0,0.51801,-0.384099,4.28139,0,0.855375,0,0,0.51801,0,0,0,0,0,0,0
1765976274550543,0,-0.384099,4.28139,0,0.855375,0,0,0.51801,-0.384099,4.28139,0,0.855375,0,0,0.51801,2.9898e-06,0,0,0,0,0,0
1765976274550543,0,-0.384099,4.28139,0,0.855375,0,0,0.51801,-0.384099,4.28139,0,0.855375,0,0,0.51801,2.9898e-06,0,0,0,0,0,0
1765976274560487,0,-0.384099,4.28139,0,0.855375,0,0,0.51801,-0.384099,4.28139,0,0.855375,0,0,0.51801,0,0,0,0,0,0,0
1765976274560487,0,-0.384099,4.28139,0,0.855375,0,0,0.51801,-0.384099,4.28139,0,0.855375,0,0,0.51801,0,0,0,0,0,0,0
1765976274570500,0,-0.384099,4.28139,0,0.855375,0,0,0.51801,-0.384099,4.28139,0,0.855375,0,0,0.51801,0,0,0,0,0,0,0
1765976274570500,0,-0.384099,4.28139,0,0.855375,0,0,0.51801,-0.384099,4.28139,0,0.855375,0,0,0.51801,0,0,0,0,0,0,0
1765976274580538,0,-0.384099,4.28139,0,0.855375,0,0,0.51801,-0.384099,4.28139,0,0.855375,0,0,0.51801,0,0,0,0,0,0,0
1765976274580538,0,-0.384099,4.28139,0,0.855375,0,0,0.51801,-0.384099,4.28139,0,0.855375,0,0,0.51801,0,0,0,0,0,0,0
1765976274590539,0,-0.384099,4.28139,0,0.855375,0,0,0.51801,-0.384099,4.28139,0,0.855375,0,0,0.51801,0,0,0,0,0,0,0
1765976274590539,0,-0.384099,4.28139,0,0.855375,0,0,0.51801,-0.384099,4.28139,0,0.855375,0,0,0.51801,0,0,0,0,0,0,0
1765976274600550,0,-0.384099,4.28139,0,0.855375,0,0,0.51801,-0.384099,4.28139,0,0.855375,0,0,0.51801,-2.97696e-06,0,0,-5.95392e-06,0,0,0
1765976274600550,0,-0.384099,4.28139,0,0.855375,0,0,0.51801,-0.384099,4.28139,0,0.855375,0,0,0.51801,-2.97696e-06,0,0,-5.95392e-06,0,0,0
1765976274610464,0,-0.384099,4.28139,0,0.855375,0,0,0.51801,-0.384099,4.28139,0,0.855375,0,0,0.51801,0,0,0,0,0,0,0
1765976274610464,0,-0.384099,4.28139,0,0.855375,0,0,0.51801,-0.384099,4.28139,0,0.855375,0,0,0.51801,0,0,0,0,0,0,0
1765976274620476,0,-0.384099,4.28139,0,0.855375,0,0,0.51801,-0.384099,4.28139,0,0.855375,0,0,0.51801,2.97666e-06,0,0,0,0,0,0
1765976274620476,0,-0.384099,4.28139,0,0.855375,0,0,0.51801,-0.384099,4.28139,0,0.855375,0,0,0.51801,2.97666e-06,0,0,0,0,0,0
1765976274630467,0,-0.384099,4.28139,0,0.855375,0,0,0.51801,-0.384099,4.28139,0,0.855375,0,0,0.51801,0,0,0,5.96583e-06,0,0,0
1765976274630467,0,-0.384099,4.28139,0,0.855375,0,0,0.51801,-0.384099,4.28139,0,0.855375,0,0,0.51801,0,0,0,5.96583e-06,0,0,0
1765976274640490,0,-0.384099,4.28139,0,0.855375,0,0,0.51801,-0.384099,4.28139,0,0.855375,0,0,0.51801,0,0,0,0,0,0,0
1765976274640490,0,-0.384099,4.28139,0,0.855375,0,0,0.51801,-0.384099,4.28139,0,0.855375,0,0,0.51801,0,0,0,0,0,0,0
1765976274650527,0,-0.384099,4.28139,0,0.855375,0,0,0.51801,-0.384099,4.28139,0,0.855375,0,0,0.51801,0,0,0,0,0,0,0
1765976274650527,0,-0.384099,4.28139,0,0.855375,0,0,0.51801,-0.384099,4.28139,0,0.855375,0,0,0.51801,0,0,0,0,0,0,0
1765976274660614,0,-0.384099,4.28139,0,0.855375,0,0,0.51801,-0.384099,4.28139,0,0.855375,0,0,0.51801,0,0,0,0,0,0,0
1765976274660614,0,-0.384099,4.28139,0,0.855375,0,0,0.51801,-0.384099,4.28139,0,0.855375,0,0,0.51801,0,0,0,0,0,0,0
1765976274670694,0,-0.384099,4.28139,0,0.855375,0,0,0.51801,-0.384099,4.28139,0,0.855375,0,0,0.51801,0,0,0,0,0,0,0
1765976274670694,0,-0.384099,4.28139,0,0.855375,0,0,0.51801,-0.384099,4.28139,0,0.855375,0,0,0.51801,0,0,0,0,0,0,0
1765976274680619,0,-0.384099,4.28139,0,0.855375,0,0,0.51801,-0.384099,4.28139,0,0.855375,0,0,0.51801,0,0,0,0,0,0,0
1765976274680619,0,-0.384099,4.28139,0,0.855375,0,0,0.51801,-0.384099,4.28139,0,0.855375,0,0,0.51801,0,0,0,0,0,0,0
1765976274690616,0,-0.384099,4.28139,0,0.855375,0,0,0.51801,-0.384099,4.28139,0,0.855375,0,0,0.51801,0,0,0,0,0,0,0
1765976274690616,0,-0.384099,4.28139,0,0.855375,0,0,0.51801,-0.384099,4.28139,0,0.855375,0,0,0.51801,0,0,0,0,0,0,0
1765976274700649,0,-0.384099,4.28139,0,0.855375,0,0,0.51801,-0.384099,4.28139,0,0.855375,0,0,0.51801,-2.97043e-06,0,0,0,0,0,0
1765976274700649,0,-0.384099,4.28139,0,0.855375,0,0,0.51801,-0.384099,4.28139,0,0.855375,0,0,0.51801,-2.97043e-06,0,0,0,0,0,0
1765976274710608,0,-0.384099,4.28139,0,0.855375,0,0,0.51801,-0.384099,4.28139,0,0.855375,0,0,0.51801,0,0,0,-5.985e-06,0,0,0
1765976274710608,0,-0.384099,4.28139,0,0.855375,0,0,0.51801,-0.384099,4.28139,0,0.855375,0,0,0.51801,0,0,0,-5.985e-06,0,0,0
1765976274720503,0,-0.384099,4.28139,0,0.855375,0,0,0.51801,-0.384099,4.28139,0,0.855375,0,0,0.51801,-3.01186e-06,0,0,-6.02371e-06,0,0,0
1765976274720503,0,-0.384099,4.28139,0,0.855375,0,0,0.51801,-0.384099,4.28139,0,0.855375,0,0,0.51801,-3.01186e-06,0,0,-6.02371e-06,0,0,0
1765976274730575,0,-0.384099,4.28139,0,0.855375,0,0,0.51801,-0.384099,4.28139,0,0.855375,0,0,0.51801,0,0,0,0,0,0,0
1765976274730575,0,-0.384099,4.28139,0,0.855375,0,0,0.51801,-0.384099,4.28139,0,0.855375,0,0,0.51801,0,0,0,0,0,0,0
1765976274740778,0,-0.384099,4.28139,0,0.855375,0,0,0.51801,-0.384099,4.28139,0,0.855375,0,0,0.51801,0,0,0,-5.84187e-06,0,0,0
1765976274740778,0,-0.384099,4.28139,0,0.855375,0,0,0.51801,-0.384099,4.28139,0,0.855375,0,0,0.51801,0,0,0,-5.84187e-06,0,0,0
1765976274750533,0,-0.384099,4.28139,0,0.855375,0,0,0.51801,-0.384099,4.28139,0,0.855375,0,0,0.51801,0,0,0,0,0,0,0
1765976274750533,0,-0.384099,4.28139,0,0.855375,0,0,0.51801,-0.384099,4.28139,0,0.855375,0,0,0.51801,0,0,0,0,0,0,0
1765976274760459,0,-0.384099,4.28139,0,0.855375,0,0,0.51801,-0.384099,4.28139,0,0.855375,0,0,0.51801,0,0,0,-6.0049e-06,0,0,0
1765976274760459,0,-0.384099,4.28139,0,0.855375,0,0,0.51801,-0.384099,4.28139,0,0.855375,0,0,0.51801,0,0,0,-6.0049e-06,0,0,0
1765976274770524,0,-0.384099,4.28139,0,0.855375,0,0,0.51801,-0.384099,4.28139,0,0.855375,0,0,0.51801,2.96099e-06,0,0,5.92197e-06,0,0,0
1765976274770524,0,-0.384099,4.28139,0,0.855375,0,0,0.51801,-0.384099,4.28139,0,0.855375,0,0,0.51801,2.96099e-06,0,0,5.92197e-06,0,0,0
1765976274780495,0,-0.384099,4.28139,0,0.855375,0,0,0.51801,-0.384099,4.28139,0,0.855375,0,0,0.51801,-2.9889e-06,0,0,0,0,0,0
1765976274780495,0,-0.384099,4.28139,0,0.855375,0,0,0.51801,-0.384099,4.28139,0,0.855375,0,0,0.51801,-2.9889e-06,0,0,0,0,0,0
1765976274790489,0,-0.384099,4.28139,0,0.855375,0,0,0.51801,-0.384099,4.28139,0,0.855375,0,0,0.51801,0,0,0,0,0,0,0
1765976274790489,0,-0.384099,4.28139,0,0.855375,0,0,0.51801,-0.384099,4.28139,0,0.855375,0,0,0.51801,0,0,0,0,0,0,0
1765976274800504,0,-0.384099,4.28139,0,0.855375,0,0,0.51801,-0.384099,4.28139,0,0.855375,0,0,0.51801,0,0,0,5.95154e-06,0,0,0
1765976274800504,0,-0.384099,4.28139,0,0.855375,0,0,0.51801,-0.384099,4.28139,0,0.855375,0,0,0.51801,0,0,0,5.95154e-06,0,0,0
1765976274810499,0,-0.384099,4.28139,0,0.855375,0,0,0.51801,-0.384099,4.28139,0,0.855375,0,0,0.51801,0,0,0,0,0,0,0
1765976274810499,0,-0.384099,4.28139,0,0.855375,0,0,0.51801,-0.384099,4.28139,0,0.855375,0,0,0.51801,0,0,0,0,0,0,0
1765976274820503,0,-0.384099,4.28139,0,0.855375,0,0,0.51801,-0.384099,4.28139,0,0.855375,0,0,0.51801,0,0,0,5.95808e-06,0,0,0
1765976274820503,0,-0.384099,4.28139,0,0.855375,0,0,0.51801,-0.384099,4.28139,0,0.855375,0,0,0.51801,0,0,0,5.95808e-06,0,0,0
1765976274830464,0,-0.384099,4.28139,0,0.855375,0,0,0.51801,-0.384099,4.28139,0,0.855375,0,0,0.51801,0,0,0,0,0,0,0
1765976274830464,0,-0.384099,4.28139,0,0.855375,0,0,0.51801,-0.384099,4.28139,0,0.855375,0,0,0.51801,0,0,0,0,0,0,0
1765976274840547,0,-0.384099,4.28139,0,0.855375,0,0,0.51801,-0.384099,4.28139,0,0.855375,0,0,0.51801,0,0,0,0,0,0,0
1765976274840547,0,-0.384099,4.28139,0,0.855375,0,0,0.51801,-0.384099,4.28139,0,0.855375,0,0,0.51801,0,0,0,0,0,0,0
1765976274850595,0,-0.384099,4.28139,0,0.855375,0,0,0.51801,-0.384099,4.28139,0,0.855375,0,0,0.51801,0,0,0,0,0,0,0
1765976274850595,0,-0.384099,4.28139,0,0.855375,0,0,0.51801,-0.384099,4.28139,0,0.855375,0,0,0.51801,0,0,0,0,0,0,0
1765976274860553,0,-0.384099,4.28139,0,0.855375,0,0,0.51801,-0.384099,4.28139,0,0.855375,0,0,0.51801,0,0,0,0,0,0,0
1765976274860553,0,-0.384099,4.28139,0,0.855375,0,0,0.51801,-0.384099,4.28139,0,0.855375,0,0,0.51801,0,0,0,0,0,0,0
1765976274870549,0,-0.384099,4.28139,0,0.855375,0,0,0.51801,-0.384099,4.28139,0,0.855375,0,0,0.51801,2.98142e-06,0,0,0,0,0,0
1765976274870549,0,-0.384099,4.28139,0,0.855375,0,0,0.51801,-0.384099,4.28139,0,0.855375,0,0,0.51801,2.98142e-06,0,0,0,0,0,0
1765976274880499,0,-0.384099,4.28139,0,0.855375,0,0,0.51801,-0.384099,4.28139,0,0.855375,0,0,0.51801,0,0,0,0,0,0,0
1765976274880499,0,-0.384099,4.28139,0,0.855375,0,0,0.51801,-0.384099,4.28139,0,0.855375,0,0,0.51801,0,0,0,0,0,0,0
1765976274890498,0,-0.384099,4.28139,0,0.855375,0,0,0.51801,-0.384099,4.28139,0,0.855375,0,0,0.51801,0,0,0,0,0,0,0
1765976274890498,0,-0.384099,4.28139,0,0.855375,0,0,0.51801,-0.384099,4.28139,0,0.855375,0,0,0.51801,0,0,0,0,0,0,0
1765976274900630,0,-0.384099,4.28139,0,0.855375,0,0,0.51801,-0.384099,4.28139,0,0.855375,0,0,0.51801,-2.94141e-06,0,0,0,0,0,0
1765976274900630,0,-0.384099,4.28139,0,0.855375,0,0,0.51801,-0.384099,4.28139,0,0.855375,0,0,0.51801,-2.94141e-06,0,0,0,0,0,0
1765976274910517,0,-0.384099,4.28139,0,0.855375,0,0,0.51801,-0.384099,4.28139,0,0.855375,0,0,0.51801,0,0,0,0,0,0,0
1765976274910517,0,-0.384099,4.28139,0,0.855375,0,0,0.51801,-0.384099,4.28139,0,0.855375,0,0,0.51801,0,0,0,0,0,0,0
1765976274920590,0,-0.384099,4.28139,0,0.855375,0,0,0.51801,-0.384099,4.28139,0,0.855375,0,0,0.51801,0,0,0,0,0,0,0
1765976274920590,0,-0.384099,4.28139,0,0.855375,0,0,0.51801,-0.384099,4.28139,0,0.855375,0,0,0.51801,0,0,0,0,0,0,0
1765976274930532,0,-0.384099,4.28139,0,0.855375,0,0,0.51801,-0.384099,4.28139,0,0.855375,0,0,0.51801,0,0,0,-5.99524e-06,0,0,0
1765976274930532,0,-0.384099,4.28139,0,0.855375,0,0,0.51801,-0.384099,4.28139,0,0.855375,0,0,0.51801,0,0,0,-5.99524e-06,0,0,0
1765976274940538,0,-0.384099,4.28139,0,0.855375,0,0,0.51801,-0.384099,4.28139,0,0.855375,0,0,0.51801,0,0,0,0,0,0,0
1765976274940538,0,-0.384099,4.28139,0,0.855375,0,0,0.51801,-0.384099,4.28139,0,0.855375,0,0,0.51801,0,0,0,0,0,0,0
1765976274950530,0,-0.384099,4.28139,0,0.855375,0,0,0.51801,-0.384099,4.28139,0,0.855375,0,0,0.51801,0,0,0,0,0,0,0
1765976274950530,0,-0.384099,4.28139,0,0.855375,0,0,0.51801,-0.384099,4.28139,0,0.855375,0,0,0.51801,0,0,0,0,0,0,0
1765976274960442,0,-0.384099,4.28139,0,0.855375,0,0,0.51801,-0.384099,4.28139,0,0.855375,0,0,0.51801,0,0,0,6.01338e-06,0,0,0
1765976274960442,0,-0.384099,4.28139,0,0.855375,0,0,0.51801,-0.384099,4.28139,0,0.855375,0,0,0.51801,0,0,0,6.01338e-06,0,0,0
1765976274970537,0,-0.384099,4.28139,0,0.855375,0,0,0.51801,-0.384099,4.28139,0,0.855375,0,0,0.51801,0,0,0,0,0,0,0
1765976274970537,0,-0.384099,4.28139,0,0.855375,0,0,0.51801,-0.384099,4.28139,0,0.855375,0,0,0.51801,0,0,0,0,0,0,0
1765976274980517,0,-0.384099,4.28139,0,0.855375,0,0,0.51801,-0.384099,4.28139,0,0.855375,0,0,0.51801,0,0,0,0,0,0,0
1765976274980517,0,-0.384099,4.28139,0,0.855375,0,0,0.51801,-0.384099,4.28139,0,0.855375,0,0,0.51801,0,0,0,0,0,0,0
1765976274990688,0,-0.384099,4.28139,0,0.855375,0,0,0.51801,-0.384099,4.28139,0,0.855375,0,0,0.51801,0,0,0,0,0,0,0
1765976274990688,0,-0.384099,4.28139,0,0.855375,0,0,0.51801,-0.384099,4.28139,0,0.855375,0,0,0.51801,0,0,0,0,0,0,0
1765976275000689,0,-0.384099,4.28139,0,0.855375,0,0,0.51801,-0.384099,4.28139,0,0.855375,0,0,0.51801,0,0,0,-5.95987e-06,0,0,0
1765976275000689,0,-0.384099,4.28139,0,0.855375,0,0,0.51801,-0.384099,4.28139,0,0.855375,0,0,0.51801,0,0,0,-5.95987e-06,0,0,0
1765976275010635,0,-0.384099,4.28139,0,0.855375,0,0,0.51801,-0.384099,4.28139,0,0.855375,0,0,0.51801,0,0,0,0,0,0,0
1765976275010635,0,-0.384099,4.28139,0,0.855375,0,0,0.51801,-0.384099,4.28139,0,0.855375,0,0,0.51801,0,0,0,0,0,0,0
1765976275020525,0,-0.384099,4.28139,0,0.855375,0,0,0.51801,-0.384099,4.28139,0,0.855375,0,0,0.51801,0,0,0,0,0,0,0
1765976275020525,0,-0.384099,4.28139,0,0.855375,0,0,0.51801,-0.384099,4.28139,0,0.855375,0,0,0.51801,0,0,0,0,0,0,0
1765976275030446,0,-0.384099,4.28139,0,0.855375,0,0,0.51801,-0.384099,4.28139,0,0.855375,0,0,0.51801,0,0,0,6.00793e-06,0,0,0
1765976275030446,0,-0.384099,4.28139,0,0.855375,0,0,0.51801,-0.384099,4.28139,0,0.855375,0,0,0.51801,0,0,0,6.00793e-06,0,0,0
1765976275040727,0,-0.384099,4.28139,0,0.855375,0,0,0.51801,-0.384099,4.28139,0,0.855375,0,0,0.51801,0,0,0,0,0,0,0
1765976275040727,0,-0.384099,4.28139,0,0.855375,0,0,0.51801,-0.384099,4.28139,0,0.855375,0,0,0.51801,0,0,0,0,0,0,0
1765976275050768,0,-0.384099,4.28139,0,0.855375,0,0,0.51801,-0.384099,4.28139,0,0.855375,0,0,0.51801,0,0,0,0,0,0,0
1765976275050768,0,-0.384099,4.28139,0,0.855375,0,0,0.51801,-0.384099,4.28139,0,0.855375,0,0,0.51801,0,0,0,0,0,0,0
1765976275060567,0,-0.384099,4.28139,0,0.855375,0,0,0.51801,-0.384099,4.28139,0,0.855375,0,0,0.51801,0,0,0,0,0,0,0
1765976275060567,0,-0.384099,4.28139,0,0.855375,0,0,0.51801,-0.384099,4.28139,0,0.855375,0,0,0.51801,0,0,0,0,0,0,0
1765976275070572,0,-0.384099,4.28139,0,0.855375,0,0,0.51801,-0.384099,4.28139,0,0.855375,0,0,0.51801,0,0,0,0,0,0,0
1765976275070572,0,-0.384099,4.28139,0,0.855375,0,0,0.51801,-0.384099,4.28139,0,0.855375,0,0,0.51801,0,0,0,0,0,0,0
1765976275080718,0,-0.384099,4.28139,0,0.855375,0,0,0.51801,-0.384099,4.28139,0,0.855375,0,0,0.51801,0,0,0,0,0,0,0
1765976275080718,0,-0.384099,4.28139,0,0.855375,0,0,0.51801,-0.384099,4.28139,0,0.855375,0,0,0.51801,0,0,0,0,0,0,0
1765976275090549,0,-0.384099,4.28139,0,0.855375,0,0,0.51801,-0.384099,4.28139,0,0.855375,0,0,0.51801,0,0,0,0,0,0,0
1765976275090549,0,-0.384099,4.28139,0,0.855375,0,0,0.51801,-0.384099,4.28139,0,0.855375,0,0,0.51801,0,0,0,0,0,0,0
1765976275100662,0,-0.384099,4.28139,0,0.855375,0,0,0.51801,-0.384099,4.28139,0,0.855375,0,0,0.51801,2.94693e-06,0,0,0,0,0,0
1765976275100662,0,-0.384099,4.28139,0,0.855375,0,0,0.51801,-0.384099,4.28139,0,0.855375,0,0,0.51801,2.94693e-06,0,0,0,0,0,0
1765976275110607,0,-0.384099,4.28139,0,0.855375,0,0,0.51801,-0.384099,4.28139,0,0.855375,0,0,0.51801,2.99671e-06,0,0,0,0,0,0
1765976275110607,0,-0.384099,4.28139,0,0.855375,0,0,0.51801,-0.384099,4.28139,0,0.855375,0,0,0.51801,2.99671e-06,0,0,0,0,0,0
1765976275120630,0,-0.384099,4.28139,0,0.855375,0,0,0.51801,-0.384099,4.28139,0,0.855375,0,0,0.51801,0,0,0,-5.94679e-06,0,0,0
1765976275120630,0,-0.384099,4.28139,0,0.855375,0,0,0.51801,-0.384099,4.28139,0,0.855375,0,0,0.51801,0,0,0,-5.94679e-06,0,0,0
1765976275130583,0,-0.384099,4.28139,0,0.855375,0,0,0.51801,-0.384099,4.28139,0,0.855375,0,0,0.51801,0,0,0,0,0,0,0
1765976275130583,0,-0.384099,4.28139,0,0.855375,0,0,0.51801,-0.384099,4.28139,0,0.855375,0,0,0.51801,0,0,0,0,0,0,0
1765976275140809,0,-0.384099,4.28139,0,0.855375,0,0,0.51801,-0.384099,4.28139,0,0.855375,0,0,0.51801,-2.91437e-06,0,0,0,0,0,0
1765976275140809,0,-0.384099,4.28139,0,0.855375,0,0,0.51801,-0.384099,4.28139,0,0.855375,0,0,0.51801,-2.91437e-06,0,0,0,0,0,0
1765976275150563,0,-0.384099,4.28139,0,0.855375,0,0,0.51801,-0.384099,4.28139,0,0.855375,0,0,0.51801,-3.05539e-06,0,0,0,0,0,0
1765976275150563,0,-0.384099,4.28139,0,0.855375,0,0,0.51801,-0.384099,4.28139,0,0.855375,0,0,0.51801,-3.05539e-06,0,0,0,0,0,0
1765976275160641,0,-0.384099,4.28139,0,0.855375,0,0,0.51801,-0.384099,4.28139,0,0.855375,0,0,0.51801,0,0,0,0,0,0,0
1765976275160641,0,-0.384099,4.28139,0,0.855375,0,0,0.51801,-0.384099,4.28139,0,0.855375,0,0,0.51801,0,0,0,0,0,0,0
1765976275170709,0,-0.384099,4.28139,0,0.855375,0,0,0.51801,-0.384099,4.28139,0,0.855375,0,0,0.51801,2.9601e-06,0,0,5.92021e-06,0,0,0
1765976275170709,0,-0.384099,4.28139,0,0.855375,0,0,0.51801,-0.384099,4.28139,0,0.855375,0,0,0.51801,2.9601e-06,0,0,5.92021e-06,0,0,0
1765976275180578,0,-0.384099,4.28139,0,0.855375,0,0,0.51801,-0.384099,4.28139,0,0.855375,0,0,0.51801,0,0,0,-6.03958e-06,0,0,0
1765976275180578,0,-0.384099,4.28139,0,0.855375,0,0,0.51801,-0.384099,4.28139,0,0.855375,0,0,0.51801,0,0,0,-6.03958e-06,0,0,0
1765976275190660,0,-0.384099,4.28139,0,0.855375,0,0,0.51801,-0.384099,4.28139,0,0.855375,0,0,0.51801,0,0,0,0,0,0,0
1765976275190660,0,-0.384099,4.28139,0,0.855375,0,0,0.51801,-0.384099,4.28139,0,0.855375,0,0,0.51801,0,0,0,0,0,0,0
1765976275200706,0,-0.384099,4.28139,0,0.855375,0,0,0.51801,-0.384099,4.28139,0,0.855375,0,0,0.51801,0,0,0,0,0,0,0
1765976275200706,0,-0.384099,4.28139,0,0.855375,0,0,0.51801,-0.384099,4.28139,0,0.855375,0,0,0.51801,0,0,0,0,0,0,0
1765976275210533,0,-0.384099,4.28139,0,0.855375,0,0,0.51801,-0.384099,4.28139,0,0.855375,0,0,0.51801,3.0327e-06,0,0,-6.0654e-06,0,0,0
1765976275210533,0,-0.384099,4.28139,0,0.855375,0,0,0.51801,-0.384099,4.28139,0,0.855375,0,0,0.51801,3.0327e-06,0,0,-6.0654e-06,0,0,0
1765976275220592,0,-0.384099,4.28139,0,0.855375,0,0,0.51801,-0.384099,4.28139,0,0.855375,0,0,0.51801,0,0,0,0,0,0,0
1765976275220592,0,-0.384099,4.28139,0,0.855375,0,0,0.51801,-0.384099,4.28139,0,0.855375,0,0,0.51801,0,0,0,0,0,0,0
1765976275230519,0,-0.384099,4.28139,0,0.855375,0,0,0.51801,-0.384099,4.28139,0,0.855375,0,0,0.51801,0,0,0,0,0,0,0
1765976275230519,0,-0.384099,4.28139,0,0.855375,0,0,0.51801,-0.384099,4.28139,0,0.855375,0,0,0.51801,0,0,0,0,0,0,0
1765976275240549,0,-0.384099,4.28139,0,0.855375,0,0,0.51801,-0.384099,4.28139,0,0.855375,0,0,0.51801,0,0,0,5.94264e-06,0,0,0
1765976275240549,0,-0.384099,4.28139,0,0.855375,0,0,0.51801,-0.384099,4.28139,0,0.855375,0,0,0.51801,0,0,0,5.94264e-06,0,0,0
1765976275250467,0,-0.384099,4.28139,0,0.855375,0,0,0.51801,-0.384099,4.28139,0,0.855375,0,0,0.51801,0,0,0,0,0,0,0
1765976275250467,0,-0.384099,4.28139,0,0.855375,0,0,0.51801,-0.384099,4.28139,0,0.855375,0,0,0.51801,0,0,0,0,0,0,0
1765976275260481,0,-0.384099,4.28139,0,0.855375,0,0,0.51801,-0.384099,4.28139,0,0.855375,0,0,0.51801,0,0,0,0,0,0,0
1765976275260481,0,-0.384099,4.28139,0,0.855375,0,0,0.51801,-0.384099,4.28139,0,0.855375,0,0,0.51801,0,0,0,0,0,0,0
1765976275270437,0,-0.384099,4.28139,0,0.855375,0,0,0.51801,-0.384099,4.28139,0,0.855375,0,0,0.51801,0,0,0,5.98681e-06,0,0,0
1765976275270437,0,-0.384099,4.28139,0,0.855375,0,0,0.51801,-0.384099,4.28139,0,0.855375,0,0,0.51801,0,0,0,5.98681e-06,0,0,0
1765976275280496,0,-0.384099,4.28139,0,0.855375,0,0,0.51801,-0.384099,4.28139,0,0.855375,0,0,0.51801,0,0,0,0,0,0,0
1765976275280496,0,-0.384099,4.28139,0,0.855375,0,0,0.51801,-0.384099,4.28139,0,0.855375,0,0,0.51801,0,0,0,0,0,0,0
1765976275290490,0,-0.384099,4.28139,0,0.855375,0,0,0.51801,-0.384099,4.28139,0,0.855375,0,0,0.51801,0,0,0,0,0,0,0
1765976275290490,0,-0.384099,4.28139,0,0.855375,0,0,0.51801,-0.384099,4.28139,0,0.855375,0,0,0.51801,0,0,0,0,0,0,0
1765976275300535,0,-0.384099,4.28139,0,0.855375,0,0,0.51801,-0.384099,4.28139,0,0.855375,0,0,0.51801,0,0,0,0,0,0,-5.93376e-06
1765976275300535,0,-0.384099,4.28139,0,0.855375,0,0,0.51801,-0.384099,4.28139,0,0.855375,0,0,0.51801,0,0,0,0,0,0,-5.93376e-06
1765976275310475,0,-0.384099,4.28139,0,0.855375,0,0,0.51801,-0.384099,4.28139,0,0.855375,0,0,0.51801,0,0,0,-5.99644e-06,0,0,0
1765976275310475,0,-0.384099,4.28139,0,0.855375,0,0,0.51801,-0.384099,4.28139,0,0.855375,0,0,0.51801,0,0,0,-5.99644e-06,0,0,0
1765976275320511,0,-0.384099,4.28139,0,0.855375,0,0,0.51801,-0.384099,4.28139,0,0.855375,0,0,0.51801,0,0,0,0,0,0,0
1765976275320511,0,-0.384099,4.28139,0,0.855375,0,0,0.51801,-0.384099,4.28139,0,0.855375,0,0,0.51801,0,0,0,0,0,0,0
1765976275330473,0,-0.384099,4.28139,0,0.855375,0,0,0.51801,-0.384099,4.28139,0,0.855375,0,0,0.51801,0,0,0,0,0,0,0
1765976275330473,0,-0.384099,4.28139,0,0.855375,0,0,0.51801,-0.384099,4.28139,0,0.855375,0,0,0.51801,0,0,0,0,0,0,0
1765976275340538,0,-0.384099,4.28139,0,0.855375,0,0,0.51801,-0.384099,4.28139,0,0.855375,0,0,0.51801,0,0,0,0,0,0,0
1765976275340538,0,-0.384099,4.28139,0,0.855375,0,0,0.51801,-0.384099,4.28139,0,0.855375,0,0,0.51801,0,0,0,0,0,0,0
1765976275350428,0,-0.384099,4.28139,0,0.855375,0,0,0.51801,-0.384099,4.28139,0,0.855375,0,0,0.51801,0,0,0,6.02676e-06,0,0,0
1765976275350428,0,-0.384099,4.28139,0,0.855375,0,0,0.51801,-0.384099,4.28139,0,0.855375,0,0,0.51801,0,0,0,6.02676e-06,0,0,0
1765976275360459,0,-0.384099,4.28139,0,0.855375,0,0,0.51801,-0.384099,4.28139,0,0.855375,0,0,0.51801,0,0,0,0,0,0,0
1765976275360459,0,-0.384099,4.28139,0,0.855375,0,0,0.51801,-0.384099,4.28139,0,0.855375,0,0,0.51801,0,0,0,0,0,0,0
1765976275370658,0,-0.384099,4.28139,0,0.855375,0,0,0.51801,-0.384099,4.28139,0,0.855375,0,0,0.51801,0,0,0,0,0,0,0
1765976275370658,0,-0.384099,4.28139,0,0.855375,0,0,0.51801,-0.384099,4.28139,0,0.855375,0,0,0.51801,0,0,0,0,0,0,0
1765976275380521,0,-0.384099,4.28139,0,0.855375,0,0,0.51801,-0.384099,4.28139,0,0.855375,0,0,0.51801,0,0,0,0,0,0,0
1765976275380521,0,-0.384099,4.28139,0,0.855375,0,0,0.51801,-0.384099,4.28139,0,0.855375,0,0,0.51801,0,0,0,0,0,0,0
1765976275390468,0,-0.384099,4.28139,0,0.855375,0,0,0.51801,-0.384099,4.28139,0,0.855375,0,0,0.51801,0,0,0,5.99222e-06,0,0,0
1765976275390468,0,-0.384099,4.28139,0,0.855375,0,0,0.51801,-0.384099,4.28139,0,0.855375,0,0,0.51801,0,0,0,5.99222e-06,0,0,0
1765976275400449,0,-0.384099,4.28139,0,0.855375,0,0,0.51801,-0.384099,4.28139,0,0.855375,0,0,0.51801,0,0,0,0,0,0,0
1765976275400449,0,-0.384099,4.28139,0,0.855375,0,0,0.51801,-0.384099,4.28139,0,0.855375,0,0,0.51801,0,0,0,0,0,0,0
1765976275410469,0,-0.384099,4.28139,0,0.855375,0,0,0.51801,-0.384099,4.28139,0,0.855375,0,0,0.51801,0,0,0,0,0,0,0
1765976275410469,0,-0.384099,4.28139,0,0.855375,0,0,0.51801,-0.384099,4.28139,0,0.855375,0,0,0.51801,0,0,0,0,0,0,0
1765976275420509,0,-0.384099,4.28139,0,0.855375,0,0,0.51801,-0.384099,4.28139,0,0.855375,0,0,0.51801,0,0,0,0,0,0,0
1765976275420509,0,-0.384099,4.28139,0,0.855375,0,0,0.51801,-0.384099,4.28139,0,0.855375,0,0,0.51801,0,0,0,0,0,0,0
1765976275430493,0,-0.384099,4.28139,0,0.855375,0,0,0.51801,-0.384099,4.28139,0,0.855375,0,0,0.51801,0,0,0,0,0,0,0
1765976275430493,0,-0.384099,4.28139,0,0.855375,0,0,0.51801,-0.384099,4.28139,0,0.855375,0,0,0.51801,0,0,0,0,0,0,0
1765976275440589,0,-0.384099,4.28139,0,0.855375,0,0,0.51801,-0.384099,4.28139,0,0.855375,0,0,0.51801,0,0,0,0,0,0,0
1765976275440589,0,-0.384099,4.28139,0,0.855375,0,0,0.51801,-0.384099,4.28139,0,0.855375,0,0,0.51801,0,0,0,0,0,0,0
1765976275450592,0,-0.384099,4.28139,0,0.855375,0,0,0.51801,-0.384099,4.28139,0,0.855375,0,0,0.51801,0,0,0,0,0,0,0
1765976275450592,0,-0.384099,4.28139,0,0.855375,0,0,0.51801,-0.384099,4.28139,0,0.855375,0,0,0.51801,0,0,0,0,0,0,0
1765976275460508,0,-0.384099,4.28139,0,0.855375,0,0,0.51801,-0.384099,4.28139,0,0.855375,0,0,0.51801,0,0,0,0,0,0,0
1765976275460508,0,-0.384099,4.28139,0,0.855375,0,0,0.51801,-0.384099,4.28139,0,0.855375,0,0,0.51801,0,0,0,0,0,0,0
1765976275470607,0,-0.384099,4.28139,0,0.855375,0,0,0.51801,-0.384099,4.28139,0,0.855375,0,0,0.51801,0,0,0,-5.90203e-06,0,0,0
1765976275470607,0,-0.384099,4.28139,0,0.855375,0,0,0.51801,-0.384099,4.28139,0,0.855375,0,0,0.51801,0,0,0,-5.90203e-06,0,0,0
1765976275480646,0,-0.384099,4.28139,0,0.855375,0,0,0.51801,-0.384099,4.28139,0,0.855375,0,0,0.51801,0,0,0,-5.93731e-06,0,0,0
1765976275480646,0,-0.384099,4.28139,0,0.855375,0,0,0.51801,-0.384099,4.28139,0,0.855375,0,0,0.51801,0,0,0,-5.93731e-06,0,0,0
1765976275490577,0,-0.384099,4.28139,0,0.855375,0,0,0.51801,-0.384099,4.28139,0,0.855375,0,0,0.51801,0,0,0,0,0,0,0
1765976275490577,0,-0.384099,4.28139,0,0.855375,0,0,0.51801,-0.384099,4.28139,0,0.855375,0,0,0.51801,0,0,0,0,0,0,0
1765976275500682,0,-0.384099,4.28139,0,0.855375,0,0,0.51801,-0.384099,4.28139,0,0.855375,0,0,0.51801,0,0,0,0,0,0,0
1765976275500682,0,-0.384099,4.28139,0,0.855375,0,0,0.51801,-0.384099,4.28139,0,0.855375,0,0,0.51801,0,0,0,0,0,0,0
1765976275510515,0,-0.384099,4.28139,0,0.855375,0,0,0.51801,-0.384099,4.28139,0,0.855375,0,0,0.51801,0,0,0,0,0,0,0
1765976275510515,0,-0.384099,4.28139,0,0.855375,0,0,0.51801,-0.384099,4.28139,0,0.855375,0,0,0.51801,0,0,0,0,0,0,0
1765976275520731,0,-0.384099,4.28139,0,0.855375,0,0,0.51801,-0.384099,4.28139,0,0.855375,0,0,0.51801,0,0,0,0,0,0,0
1765976275520731,0,-0.384099,4.28139,0,0.855375,0,0,0.51801,-0.384099,4.28139,0,0.855375,0,0,0.51801,0,0,0,0,0,0,0
1765976275530576,0,-0.384099,4.28139,0,0.855375,0,0,0.51801,-0.384099,4.28139,0,0.855375,0,0,0.51801,0,0,0,0,0,0,0
1765976275530576,0,-0.384099,4.28139,0,0.855375,0,0,0.51801,-0.384099,4.28139,0,0.855375,0,0,0.51801,0,0,0,0,0,0,0
1765976275540545,0,-0.384099,4.28139,0,0.855375,0,0,0.51801,-0.384099,4.28139,0,0.855375,0,0,0.51801,0,0,0,0,0,0,0
1765976275540545,0,-0.384099,4.28139,0,0.855375,0,0,0.51801,-0.384099,4.28139,0,0.855375,0,0,0.51801,0,0,0,0,0,0,0
1765976275550496,0,-0.384099,4.28139,0,0.855375,0,0,0.51801,-0.384099,4.28139,0,0.855375,0,0,0.51801,0,0,0,0,0,0,0
1765976275550496,0,-0.384099,4.28139,0,0.855375,0,0,0.51801,-0.384099,4.28139,0,0.855375,0,0,0.51801,0,0,0,0,0,0,0
1765976275560490,0,-0.384099,4.28139,0,0.855375,0,0,0.51801,-0.384099,4.28139,0,0.855375,0,0,0.51801,0,0,0,0,0,0,0
1765976275560490,0,-0.384099,4.28139,0,0.855375,0,0,0.51801,-0.384099,4.28139,0,0.855375,0,0,0.51801,0,0,0,0,0,0,0
1765976275570472,0,-0.384099,4.28139,0,0.855375,0,0,0.51801,-0.384099,4.28139,0,0.855375,0,0,0.51801,0,0,0,0,0,0,0
1765976275570472,0,-0.384099,4.28139,0,0.855375,0,0,0.51801,-0.384099,4.28139,0,0.855375,0,0,0.51801,0,0,0,0,0,0,0
1765976275580502,0,-0.384099,4.28139,0,0.855375,0,0,0.51801,-0.384099,4.28139,0,0.855375,0,0,0.51801,0,0,0,0,0,0,0
1765976275580502,0,-0.384099,4.28139,0,0.855375,0,0,0.51801,-0.384099,4.28139,0,0.855375,0,0,0.51801,0,0,0,0,0,0,0
1765976275590577,0,-0.384099,4.28139,0,0.855375,0,0,0.51801,-0.384099,4.28139,0,0.855375,0,0,0.51801,0,0,0,-5.91609e-06,0,0,0
1765976275590577,0,-0.384099,4.28139,0,0.855375,0,0,0.51801,-0.384099,4.28139,0,0.855375,0,0,0.51801,0,0,0,-5.91609e-06,0,0,0
1765976275600696,0,-0.384099,4.28139,0,0.855375,0,0,0.51801,-0.384099,4.28139,0,0.855375,0,0,0.51801,0,0,0,0,0,0,0
1765976275600696,0,-0.384099,4.28139,0,0.855375,0,0,0.51801,-0.384099,4.28139,0,0.855375,0,0,0.51801,0,0,0,0,0,0,0
1765976275610627,0,-0.384099,4.28139,0,0.855375,0,0,0.51801,-0.384099,4.28139,0,0.855375,0,0,0.51801,0,0,0,0,0,0,0
1765976275610627,0,-0.384099,4.28139,0,0.855375,0,0,0.51801,-0.384099,4.28139,0,0.855375,0,0,0.51801,0,0,0,0,0,0,0
1765976275620519,0,-0.384099,4.28139,0,0.855375,0,0,0.51801,-0.384099,4.28139,0,0.855375,0,0,0.51801,0,0,0,0,0,0,0
1765976275620519,0,-0.384099,4.28139,0,0.855375,0,0,0.51801,-0.384099,4.28139,0,0.855375,0,0,0.51801,0,0,0,0,0,0,0
1765976275630616,0,-0.384099,4.28139,0,0.855375,0,0,0.51801,-0.384099,4.28139,0,0.855375,0,0,0.51801,0,0,0,0,0,0,0
1765976275630616,0,-0.384099,4.28139,0,0.855375,0,0,0.51801,-0.384099,4.28139,0,0.855375,0,0,0.51801,0,0,0,0,0,0,0
1765976275640490,0,-0.384099,4.28139,0,0.855375,0,0,0.51801,-0.384099,4.28139,0,0.855375,0,0,0.51801,0,0,0,6.03652e-06,0,0,0
1765976275640490,0,-0.384099,4.28139,0,0.855375,0,0,0.51801,-0.384099,4.28139,0,0.855375,0,0,0.51801,0,0,0,6.03652e-06,0,0,0
1765976275650503,0,-0.384099,4.28139,0,0.855375,0,0,0.51801,-0.384099,4.28139,0,0.855375,0,0,0.51801,0,0,0,0,0,0,0
1765976275650503,0,-0.384099,4.28139,0,0.855375,0,0,0.51801,-0.384099,4.28139,0,0.855375,0,0,0.51801,0,0,0,0,0,0,0
1765976275660472,0,-0.384099,4.28139,0,0.855375,0,0,0.51801,-0.384099,4.28139,0,0.855375,0,0,0.51801,0,0,0,-5.979e-06,0,0,0
1765976275660472,0,-0.384099,4.28139,0,0.855375,0,0,0.51801,-0.384099,4.28139,0,0.855375,0,0,0.51801,0,0,0,-5.979e-06,0,0,0
1765976275670523,0,-0.384099,4.28139,0,0.855375,0,0,0.51801,-0.384099,4.28139,0,0.855375,0,0,0.51801,0,0,0,5.93022e-06,0,0,0
1765976275670523,0,-0.384099,4.28139,0,0.855375,0,0,0.51801,-0.384099,4.28139,0,0.855375,0,0,0.51801,0,0,0,5.93022e-06,0,0,0
1765976275680483,0,-0.384099,4.28139,0,0.855375,0,0,0.51801,-0.384099,4.28139,0,0.855375,0,0,0.51801,0,0,0,0,0,0,0
1765976275680483,0,-0.384099,4.28139,0,0.855375,0,0,0.51801,-0.384099,4.28139,0,0.855375,0,0,0.51801,0,0,0,0,0,0,0
1765976275690474,0,-0.384099,4.28139,0,0.855375,0,0,0.51801,-0.384099,4.28139,0,0.855375,0,0,0.51801,0,0,0,0,0,0,0
1765976275690474,0,-0.384099,4.28139,0,0.855375,0,0,0.51801,-0.384099,4.28139,0,0.855375,0,0,0.51801,0,0,0,0,0,0,0
1765976275700494,0,-0.384099,4.28139,0,0.855375,0,0,0.51801,-0.384099,4.28139,0,0.855375,0,0,0.51801,0,0,0,5.94857e-06,0,0,0
1765976275700494,0,-0.384099,4.28139,0,0.855375,0,0,0.51801,-0.384099,4.28139,0,0.855375,0,0,0.51801,0,0,0,5.94857e-06,0,0,0
1765976275710441,0,-0.384099,4.28139,0,0.855375,0,0,0.51801,-0.384099,4.28139,0,0.855375,0,0,0.51801,0,0,0,5.99222e-06,0,0,0
1765976275710441,0,-0.384099,4.28139,0,0.855375,0,0,0.51801,-0.384099,4.28139,0,0.855375,0,0,0.51801,0,0,0,5.99222e-06,0,0,0
1765976275720547,0,-0.384099,4.28139,0,0.855375,0,0,0.51801,-0.384099,4.28139,0,0.855375,0,0,0.51801,0,0,0,0,0,0,0
1765976275720547,0,-0.384099,4.28139,0,0.855375,0,0,0.51801,-0.384099,4.28139,0,0.855375,0,0,0.51801,0,0,0,0,0,0,0
1765976275730463,0,-0.384099,4.28139,0,0.855375,0,0,0.51801,-0.384099,4.28139,0,0.855375,0,0,0.51801,0,0,0,-6.01096e-06,0,0,0
1765976275730463,0,-0.384099,4.28139,0,0.855375,0,0,0.51801,-0.384099,4.28139,0,0.855375,0,0,0.51801,0,0,0,-6.01096e-06,0,0,0
1765976275740489,0,-0.384099,4.28139,0,0.855375,0,0,0.51801,-0.384099,4.28139,0,0.855375,0,0,0.51801,0,0,0,0,0,0,0
1765976275740489,0,-0.384099,4.28139,0,0.855375,0,0,0.51801,-0.384099,4.28139,0,0.855375,0,0,0.51801,0,0,0,0,0,0,0
1765976275750447,0,-0.384099,4.28139,0,0.855375,0,0,0.51801,-0.384099,4.28139,0,0.855375,0,0,0.51801,-2.9928e-06,0,0,0,0,0,0
1765976275750447,0,-0.384099,4.28139,0,0.855375,0,0,0.51801,-0.384099,4.28139,0,0.855375,0,0,0.51801,-2.9928e-06,0,0,0,0,0,0
1765976275760492,0,-0.384099,4.28139,0,0.855375,0,0,0.51801,-0.384099,4.28139,0,0.855375,0,0,0.51801,0,0,0,-5.93376e-06,0,0,0
1765976275760492,0,-0.384099,4.28139,0,0.855375,0,0,0.51801,-0.384099,4.28139,0,0.855375,0,0,0.51801,0,0,0,-5.93376e-06,0,0,0
1765976275770430,0,-0.384099,4.28139,0,0.855375,0,0,0.51801,-0.384099,4.28139,0,0.855375,0,0,0.51801,0,0,0,0,0,0,0
1765976275770430,0,-0.384099,4.28139,0,0.855375,0,0,0.51801,-0.384099,4.28139,0,0.855375,0,0,0.51801,0,0,0,0,0,0,0
1765976275780571,0,-0.384099,4.28139,0,0.855375,0,0,0.51801,-0.384099,4.28139,0,0.855375,0,0,0.51801,0,0,0,0,0,0,0
1765976275780571,0,-0.384099,4.28139,0,0.855375,0,0,0.51801,-0.384099,4.28139,0,0.855375,0,0,0.51801,0,0,0,0,0,0,0
1765976275790611,0,-0.384099,4.28139,0,0.855375,0,0,0.51801,-0.384099,4.28139,0,0.855375,0,0,0.51801,0,0,0,0,0,0,0
1765976275790611,0,-0.384099,4.28139,0,0.855375,0,0,0.51801,-0.384099,4.28139,0,0.855375,0,0,0.51801,0,0,0,0,0,0,0
1765976275800674,0,-0.384099,4.28139,0,0.855375,0,0,0.51801,-0.384099,4.28139,0,0.855375,0,0,0.51801,0,0,0,5.92315e-06,0,0,0
1765976275800674,0,-0.384099,4.28139,0,0.855375,0,0,0.51801,-0.384099,4.28139,0,0.855375,0,0,0.51801,0,0,0,5.92315e-06,0,0,0
1765976275810787,0,-0.384099,4.28139,0,0.855375,0,0,0.51801,-0.384099,4.28139,0,0.855375,0,0,0.51801,2.94693e-06,0,0,5.89386e-06,0,0,5.89386e-06
1765976275810787,0,-0.384099,4.28139,0,0.855375,0,0,0.51801,-0.384099,4.28139,0,0.855375,0,0,0.51801,2.94693e-06,0,0,5.89386e-06,0,0,5.89386e-06
1765976275820704,0,-0.384099,4.28139,0,0.855375,0,0,0.51801,-0.384099,4.28139,0,0.855375,0,0,0.51801,-3.00518e-06,0,0,0,0,0,0
1765976275820704,0,-0.384099,4.28139,0,0.855375,0,0,0.51801,-0.384099,4.28139,0,0.855375,0,0,0.51801,-3.00518e-06,0,0,0,0,0,0
1765976275830559,0,-0.384099,4.28139,0,0.855375,0,0,0.51801,-0.384099,4.28139,0,0.855375,0,0,0.51801,0,0,0,0,0,0,0
1765976275830559,0,-0.384099,4.28139,0,0.855375,0,0,0.51801,-0.384099,4.28139,0,0.855375,0,0,0.51801,0,0,0,0,0,0,0
1765976275840692,0,-0.384099,4.28139,0,0.855375,0,0,0.51801,-0.384099,4.28139,0,0.855375,0,0,0.51801,0,0,0,-5.88223e-06,0,0,0
1765976275840692,0,-0.384099,4.28139,0,0.855375,0,0,0.51801,-0.384099,4.28139,0,0.855375,0,0,0.51801,0,0,0,-5.88223e-06,0,0,0
1765976275850693,0,-0.384099,4.28139,0,0.855375,0,0,0.51801,-0.384099,4.28139,0,0.855375,0,0,0.51801,0,0,0,0,0,0,0
1765976275850693,0,-0.384099,4.28139,0,0.855375,0,0,0.51801,-0.384099,4.28139,0,0.855375,0,0,0.51801,0,0,0,0,0,0,0
1765976275860607,0,-0.384099,4.28139,0,0.855375,0,0,0.51801,-0.384099,4.28139,0,0.855375,0,0,0.51801,0,0,0,0,0,0,0
1765976275860607,0,-0.384099,4.28139,0,0.855375,0,0,0.51801,-0.384099,4.28139,0,0.855375,0,0,0.51801,0,0,0,0,0,0,0
1765976275870568,0,-0.384099,4.28139,0,0.855375,0,0,0.51801,-0.384099,4.28139,0,0.855375,0,0,0.51801,0,0,0,-5.9838e-06,0,0,0
1765976275870568,0,-0.384099,4.28139,0,0.855375,0,0,0.51801,-0.384099,4.28139,0,0.855375,0,0,0.51801,0,0,0,-5.9838e-06,0,0,0
1765976275880591,0,-0.384099,4.28139,0,0.855375,0,0,0.51801,-0.384099,4.28139,0,0.855375,0,0,0.51801,0,0,0,0,0,0,0
1765976275880591,0,-0.384099,4.28139,0,0.855375,0,0,0.51801,-0.384099,4.28139,0,0.855375,0,0,0.51801,0,0,0,0,0,0,0
1765976275890699,0,-0.384099,4.28139,0,0.855375,0,0,0.51801,-0.384099,4.28139,0,0.855375,0,0,0.51801,0,0,0,0,0,0,0
1765976275890699,0,-0.384099,4.28139,0,0.855375,0,0,0.51801,-0.384099,4.28139,0,0.855375,0,0,0.51801,0,0,0,0,0,0,0
1765976275900674,0,-0.384099,4.28139,0,0.855375,0,0,0.51801,-0.384099,4.28139,0,0.855375,0,0,0.51801,0,0,0,0,0,0,0
1765976275900674,0,-0.384099,4.28139,0,0.855375,0,0,0.51801,-0.384099,4.28139,0,0.855375,0,0,0.51801,0,0,0,0,0,0,0
1765976275910571,0,-0.384099,4.28139,0,0.855375,0,0,0.51801,-0.384099,4.28139,0,0.855375,0,0,0.51801,3.01125e-06,0,0,0,0,0,0
1765976275910571,0,-0.384099,4.28139,0,0.855375,0,0,0.51801,-0.384099,4.28139,0,0.855375,0,0,0.51801,3.01125e-06,0,0,0,0,0,0
1765976275920404,0,-0.384099,4.28139,0,0.855375,0,0,0.51801,-0.384099,4.28139,0,0.855375,0,0,0.51801,0,0,0,0,0,0,0
1765976275920404,0,-0.384099,4.28139,0,0.855375,0,0,0.51801,-0.384099,4.28139,0,0.855375,0,0,0.51801,0,0,0,0,0,0,0
1765976275930624,0,-0.384099,4.28139,0,0.855375,0,0,0.51801,-0.384099,4.28139,0,0.855375,0,0,0.51801,0,0,0,0,0,0,0
1765976275930624,0,-0.384099,4.28139,0,0.855375,0,0,0.51801,-0.384099,4.28139,0,0.855375,0,0,0.51801,0,0,0,0,0,0,0
1765976275940499,0,-0.384099,4.28139,0,0.855375,0,0,0.51801,-0.384099,4.28139,0,0.855375,0,0,0.51801,0,0,0,0,0,0,0
1765976275940499,0,-0.384099,4.28139,0,0.855375,0,0,0.51801,-0.384099,4.28139,0,0.855375,0,0,0.51801,0,0,0,0,0,0,0
1765976275950588,0,-0.384099,4.28139,0,0.855375,0,0,0.51801,-0.384099,4.28139,0,0.855375,0,0,0.51801,0,0,0,0,0,0,0
1765976275950588,0,-0.384099,4.28139,0,0.855375,0,0,0.51801,-0.384099,4.28139,0,0.855375,0,0,0.51801,0,0,0,0,0,0,0
1765976275960632,0,-0.384099,4.28139,0,0.855375,0,0,0.51801,-0.384099,4.28139,0,0.855375,0,0,0.51801,0,0,0,5.93435e-06,0,0,0
1765976275960632,0,-0.384099,4.28139,0,0.855375,0,0,0.51801,-0.384099,4.28139,0,0.855375,0,0,0.51801,0,0,0,5.93435e-06,0,0,0
1765976275970620,0,-0.384099,4.28139,0,0.855375,0,0,0.51801,-0.384099,4.28139,0,0.855375,0,0,0.51801,-2.98381e-06,0,0,0,0,0,0
1765976275970620,0,-0.384099,4.28139,0,0.855375,0,0,0.51801,-0.384099,4.28139,0,0.855375,0,0,0.51801,-2.98381e-06,0,0,0,0,0,0
1765976275980547,0,-0.384099,4.28139,0,0.855375,0,0,0.51801,-0.384099,4.28139,0,0.855375,0,0,0.51801,0,0,0,0,0,0,0
1765976275980547,0,-0.384099,4.28139,0,0.855375,0,0,0.51801,-0.384099,4.28139,0,0.855375,0,0,0.51801,0,0,0,0,0,0,0
1765976275990572,0,-0.384099,4.28139,0,0.855375,0,0,0.51801,-0.384099,4.28139,0,0.855375,0,0,0.51801,0,0,0,5.9456e-06,0,0,0
1765976275990572,0,-0.384099,4.28139,0,0.855375,0,0,0.51801,-0.384099,4.28139,0,0.855375,0,0,0.51801,0,0,0,5.9456e-06,0,0,0
1765976276000726,0,-0.384099,4.28139,0,0.855375,0,0,0.51801,-0.384099,4.28139,0,0.855375,0,0,0.51801,0,0,0,0,0,0,0
1765976276000726,0,-0.384099,4.28139,0,0.855375,0,0,0.51801,-0.384099,4.28139,0,0.855375,0,0,0.51801,0,0,0,0,0,0,0
1765976276010628,0,-0.384099,4.28139,0,0.855375,0,0,0.51801,-0.384099,4.28139,0,0.855375,0,0,0.51801,0,0,0,-6.01945e-06,0,0,0
1765976276010628,0,-0.384099,4.28139,0,0.855375,0,0,0.51801,-0.384099,4.28139,0,0.855375,0,0,0.51801,0,0,0,-6.01945e-06,0,0,0
1765976276020702,0,-0.384099,4.28139,0,0.855375,0,0,0.51801,-0.384099,4.28139,0,0.855375,0,0,0.51801,0,0,0,0,0,0,0
1765976276020702,0,-0.384099,4.28139,0,0.855375,0,0,0.51801,-0.384099,4.28139,0,0.855375,0,0,0.51801,0,0,0,0,0,0,0
1765976276030681,0,-0.384099,4.28139,0,0.855375,0,0,0.51801,-0.384099,4.28139,0,0.855375,0,0,0.51801,0,0,0,5.97301e-06,0,0,0
1765976276030681,0,-0.384099,4.28139,0,0.855375,0,0,0.51801,-0.384099,4.28139,0,0.855375,0,0,0.51801,0,0,0,5.97301e-06,0,0,0
1765976276040762,0,-0.384099,4.28139,0,0.855375,0,0,0.51801,-0.384099,4.28139,0,0.855375,0,0,0.51801,0,0,0,0,0,0,0
1765976276040762,0,-0.384099,4.28139,0,0.855375,0,0,0.51801,-0.384099,4.28139,0,0.855375,0,0,0.51801,0,0,0,0,0,0,0
1765976276050773,0,-0.384099,4.28139,0,0.855375,0,0,0.51801,-0.384099,4.28139,0,0.855375,0,0,0.51801,-2.97696e-06,0,0,0,0,0,0
1765976276050773,0,-0.384099,4.28139,0,0.855375,0,0,0.51801,-0.384099,4.28139,0,0.855375,0,0,0.51801,-2.97696e-06,0,0,0,0,0,0
1765976276060538,0,-0.384099,4.28139,0,0.855375,0,0,0.51801,-0.384099,4.28139,0,0.855375,0,0,0.51801,0,0,0,0,0,0,0
1765976276060538,0,-0.384099,4.28139,0,0.855375,0,0,0.51801,-0.384099,4.28139,0,0.855375,0,0,0.51801,0,0,0,0,0,0,0
1765976276070478,0,-0.384099,4.28139,0,0.855375,0,0,0.51801,-0.384099,4.28139,0,0.855375,0,0,0.51801,0,0,0,0,0,0,0
1765976276070478,0,-0.384099,4.28139,0,0.855375,0,0,0.51801,-0.384099,4.28139,0,0.855375,0,0,0.51801,0,0,0,0,0,0,0
1765976276080482,0,-0.384099,4.28139,0,0.855375,0,0,0.51801,-0.384099,4.28139,0,0.855375,0,0,0.51801,0,0,0,0,0,0,0
1765976276080482,0,-0.384099,4.28139,0,0.855375,0,0,0.51801,-0.384099,4.28139,0,0.855375,0,0,0.51801,0,0,0,0,0,0,0
1765976276090520,0,-0.384099,4.28139,0,0.855375,0,0,0.51801,-0.384099,4.28139,0,0.855375,0,0,0.51801,0,0,0,-5.9379e-06,0,0,0
1765976276090520,0,-0.384099,4.28139,0,0.855375,0,0,0.51801,-0.384099,4.28139,0,0.855375,0,0,0.51801,0,0,0,-5.9379e-06,0,0,0
1765976276100725,0,-0.384099,4.28139,0,0.855375,0,0,0.51801,-0.384099,4.28139,0,0.855375,0,0,0.51801,0,0,0,0,0,0,-5.84073e-06
1765976276100725,0,-0.384099,4.28139,0,0.855375,0,0,0.51801,-0.384099,4.28139,0,0.855375,0,0,0.51801,0,0,0,0,0,0,-5.84073e-06
1765976276110642,0,-0.384099,4.28139,0,0.855375,0,0,0.51801,-0.384099,4.28139,0,0.855375,0,0,0.51801,-3.00518e-06,0,0,-6.01035e-06,0,0,0
1765976276110642,0,-0.384099,4.28139,0,0.855375,0,0,0.51801,-0.384099,4.28139,0,0.855375,0,0,0.51801,-3.00518e-06,0,0,-6.01035e-06,0,0,0
1765976276120732,0,-0.384099,4.28139,0,0.855375,0,0,0.51801,-0.384099,4.28139,0,0.855375,0,0,0.51801,2.95365e-06,0,0,0,0,0,0
1765976276120732,0,-0.384099,4.28139,0,0.855375,0,0,0.51801,-0.384099,4.28139,0,0.855375,0,0,0.51801,2.95365e-06,0,0,0,0,0,0
1765976276130633,0,-0.384099,4.28139,0,0.855375,0,0,0.51801,-0.384099,4.28139,0,0.855375,0,0,0.51801,0,0,0,0,0,0,0
1765976276130633,0,-0.384099,4.28139,0,0.855375,0,0,0.51801,-0.384099,4.28139,0,0.855375,0,0,0.51801,0,0,0,0,0,0,0
1765976276140605,0,-0.384099,4.28139,0,0.855375,0,0,0.51801,-0.384099,4.28139,0,0.855375,0,0,0.51801,0,0,0,-5.9772e-06,0,0,0
1765976276140605,0,-0.384099,4.28139,0,0.855375,0,0,0.51801,-0.384099,4.28139,0,0.855375,0,0,0.51801,0,0,0,-5.9772e-06,0,0,0
1765976276150459,0,-0.384099,4.28139,0,0.855375,0,0,0.51801,-0.384099,4.28139,0,0.855375,0,0,0.51801,0,0,0,0,0,0,0
1765976276150459,0,-0.384099,4.28139,0,0.855375,0,0,0.51801,-0.384099,4.28139,0,0.855375,0,0,0.51801,0,0,0,0,0,0,0
1765976276160485,0,-0.384099,4.28139,0,0.855375,0,0,0.51801,-0.384099,4.28139,0,0.855375,0,0,0.51801,0,0,0,0,0,0,0
1765976276160485,0,-0.384099,4.28139,0,0.855375,0,0,0.51801,-0.384099,4.28139,0,0.855375,0,0,0.51801,0,0,0,0,0,0,0
1765976276170516,0,-0.384099,4.28139,0,0.855375,0,0,0.51801,-0.384099,4.28139,0,0.855375,0,0,0.51801,0,0,0,0,0,0,0
1765976276170516,0,-0.384099,4.28139,0,0.855375,0,0,0.51801,-0.384099,4.28139,0,0.855375,0,0,0.51801,0,0,0,0,0,0,0
1765976276180500,0,-0.384099,4.28139,0,0.855375,0,0,0.51801,-0.384099,4.28139,0,0.855375,0,0,0.51801,0,0,0,0,0,0,0
1765976276180500,0,-0.384099,4.28139,0,0.855375,0,0,0.51801,-0.384099,4.28139,0,0.855375,0,0,0.51801,0,0,0,0,0,0,0
1765976276190466,0,-0.384099,4.28139,0,0.855375,0,0,0.51801,-0.384099,4.28139,0,0.855375,0,0,0.51801,0,0,0,0,0,0,0
1765976276190466,0,-0.384099,4.28139,0,0.855375,0,0,0.51801,-0.384099,4.28139,0,0.855375,0,0,0.51801,0,0,0,0,0,0,0
1765976276200638,0,-0.384099,4.28139,0,0.855375,0,0,0.51801,-0.384099,4.28139,0,0.855375,0,0,0.51801,0,0,0,5.85968e-06,0,0,0
1765976276200638,0,-0.384099,4.28139,0,0.855375,0,0,0.51801,-0.384099,4.28139,0,0.855375,0,0,0.51801,0,0,0,5.85968e-06,0,0,0
1765976276210618,0,-0.384099,4.28139,0,0.855375,0,0,0.51801,-0.384099,4.28139,0,0.855375,0,0,0.51801,0,0,0,0,0,0,0
1765976276210618,0,-0.384099,4.28139,0,0.855375,0,0,0.51801,-0.384099,4.28139,0,0.855375,0,0,0.51801,0,0,0,0,0,0,0
1765976276220625,0,-0.384099,4.28139,0,0.855375,0,0,0.51801,-0.384099,4.28139,0,0.855375,0,0,0.51801,0,0,0,0,0,0,0
1765976276220625,0,-0.384099,4.28139,0,0.855375,0,0,0.51801,-0.384099,4.28139,0,0.855375,0,0,0.51801,0,0,0,0,0,0,0
1765976276230507,0,-0.384099,4.28139,0,0.855375,0,0,0.51801,-0.384099,4.28139,0,0.855375,0,0,0.51801,3.01582e-06,0,0,0,0,0,0
1765976276230507,0,-0.384099,4.28139,0,0.855375,0,0,0.51801,-0.384099,4.28139,0,0.855375,0,0,0.51801,3.01582e-06,0,0,0,0,0,0
1765976276240502,0,-0.384099,4.28139,0,0.855375,0,0,0.51801,-0.384099,4.28139,0,0.855375,0,0,0.51801,-2.98172e-06,0,0,0,0,0,0
1765976276240502,0,-0.384099,4.28139,0,0.855375,0,0,0.51801,-0.384099,4.28139,0,0.855375,0,0,0.51801,-2.98172e-06,0,0,0,0,0,0
1765976276250514,0,-0.384099,4.28139,0,0.855375,0,0,0.51801,-0.384099,4.28139,0,0.855375,0,0,0.51801,0,0,0,0,0,0,0
1765976276250514,0,-0.384099,4.28139,0,0.855375,0,0,0.51801,-0.384099,4.28139,0,0.855375,0,0,0.51801,0,0,0,0,0,0,0
1765976276260523,0,-0.384099,4.28139,0,0.855375,0,0,0.51801,-0.384099,4.28139,0,0.855375,0,0,0.51801,0,0,0,0,0,0,0
1765976276260523,0,-0.384099,4.28139,0,0.855375,0,0,0.51801,-0.384099,4.28139,0,0.855375,0,0,0.51801,0,0,0,0,0,0,0
1765976276270547,0,-0.384099,4.28139,0,0.855375,0,0,0.51801,-0.384099,4.28139,0,0.855375,0,0,0.51801,0,0,0,5.94619e-06,0,0,0
1765976276270547,0,-0.384099,4.28139,0,0.855375,0,0,0.51801,-0.384099,4.28139,0,0.855375,0,0,0.51801,0,0,0,5.94619e-06,0,0,0
1765976276280652,0,-0.384099,4.28139,0,0.855375,0,0,0.51801,-0.384099,4.28139,0,0.855375,0,0,0.51801,0,0,0,0,0,0,0
1765976276280652,0,-0.384099,4.28139,0,0.855375,0,0,0.51801,-0.384099,4.28139,0,0.855375,0,0,0.51801,0,0,0,0,0,0,0
1765976276290588,0,-0.384099,4.28139,0,0.855375,0,0,0.51801,-0.384099,4.28139,0,0.855375,0,0,0.51801,0,0,0,5.99886e-06,0,0,0
1765976276290588,0,-0.384099,4.28139,0,0.855375,0,0,0.51801,-0.384099,4.28139,0,0.855375,0,0,0.51801,0,0,0,5.99886e-06,0,0,0
1765976276300578,0,-0.384099,4.28139,0,0.855375,0,0,0.51801,-0.384099,4.28139,0,0.855375,0,0,0.51801,0,0,0,0,0,0,0
1765976276300578,0,-0.384099,4.28139,0,0.855375,0,0,0.51801,-0.384099,4.28139,0,0.855375,0,0,0.51801,0,0,0,0,0,0,0
1765976276310542,0,-0.384099,4.28139,0,0.855375,0,0,0.51801,-0.384099,4.28139,0,0.855375,0,0,0.51801,0,0,0,0,0,0,0
1765976276310542,0,-0.384099,4.28139,0,0.855375,0,0,0.51801,-0.384099,4.28139,0,0.855375,0,0,0.51801,0,0,0,0,0,0,0
1765976276320636,0,-0.384099,4.28139,0,0.855375,0,0,0.51801,-0.384099,4.28139,0,0.855375,0,0,0.51801,0,0,0,0,0,0,0
1765976276320636,0,-0.384099,4.28139,0,0.855375,0,0,0.51801,-0.384099,4.28139,0,0.855375,0,0,0.51801,0,0,0,0,0,0,0
1765976276330482,0,-0.384099,4.28139,0,0.855375,0,0,0.51801,-0.384099,4.28139,0,0.855375,0,0,0.51801,0,0,0,0,0,0,0
1765976276330482,0,-0.384099,4.28139,0,0.855375,0,0,0.51801,-0.384099,4.28139,0,0.855375,0,0,0.51801,0,0,0,0,0,0,0
1765976276340501,0,-0.384099,4.28139,0,0.855375,0,0,0.51801,-0.384099,4.28139,0,0.855375,0,0,0.51801,2.97458e-06,0,0,0,0,0,0
1765976276340501,0,-0.384099,4.28139,0,0.855375,0,0,0.51801,-0.384099,4.28139,0,0.855375,0,0,0.51801,2.97458e-06,0,0,0,0,0,0
1765976276350460,0,-0.384099,4.28139,0,0.855375,0,0,0.51801,-0.384099,4.28139,0,0.855375,0,0,0.51801,0,0,0,0,0,0,0
1765976276350460,0,-0.384099,4.28139,0,0.855375,0,0,0.51801,-0.384099,4.28139,0,0.855375,0,0,0.51801,0,0,0,0,0,0,0
1765976276360478,0,-0.384099,4.28139,0,0.855375,0,0,0.51801,-0.384099,4.28139,0,0.855375,0,0,0.51801,-2.97488e-06,0,0,0,0,0,0
1765976276360478,0,-0.384099,4.28139,0,0.855375,0,0,0.51801,-0.384099,4.28139,0,0.855375,0,0,0.51801,-2.97488e-06,0,0,0,0,0,0
1765976276370527,0,-0.384099,4.28139,0,0.855375,0,0,0.51801,-0.384099,4.28139,0,0.855375,0,0,0.51801,0,0,0,0,0,0,0
1765976276370527,0,-0.384099,4.28139,0,0.855375,0,0,0.51801,-0.384099,4.28139,0,0.855375,0,0,0.51801,0,0,0,0,0,0,0
1765976276380480,0,-0.384099,4.28139,0,0.855375,0,0,0.51801,-0.384099,4.28139,0,0.855375,0,0,0.51801,0,0,0,0,0,0,0
1765976276380480,0,-0.384099,4.28139,0,0.855375,0,0,0.51801,-0.384099,4.28139,0,0.855375,0,0,0.51801,0,0,0,0,0,0,0
1765976276390482,0,-0.384099,4.28139,0,0.855375,0,0,0.51801,-0.384099,4.28139,0,0.855375,0,0,0.51801,0,0,0,0,0,0,0
1765976276390482,0,-0.384099,4.28139,0,0.855375,0,0,0.51801,-0.384099,4.28139,0,0.855375,0,0,0.51801,0,0,0,0,0,0,0
1765976276400444,0,-0.384099,4.28139,0,0.855375,0,0,0.51801,-0.384099,4.28139,0,0.855375,0,0,0.51801,0,0,0,0,0,0,0
1765976276400444,0,-0.384099,4.28139,0,0.855375,0,0,0.51801,-0.384099,4.28139,0,0.855375,0,0,0.51801,0,0,0,0,0,0,0
1765976276410449,0,-0.384099,4.28139,0,0.855375,0,0,0.51801,-0.384099,4.28139,0,0.855375,0,0,0.51801,0,0,0,0,0,0,0
1765976276410449,0,-0.384099,4.28139,0,0.855375,0,0,0.51801,-0.384099,4.28139,0,0.855375,0,0,0.51801,0,0,0,0,0,0,0
1765976276420464,0,-0.384099,4.28139,0,0.855375,0,0,0.51801,-0.384099,4.28139,0,0.855375,0,0,0.51801,0,0,0,0,0,0,0
1765976276420464,0,-0.384099,4.28139,0,0.855375,0,0,0.51801,-0.384099,4.28139,0,0.855375,0,0,0.51801,0,0,0,0,0,0,0
1765976276430448,0,-0.384099,4.28139,0,0.855375,0,0,0.51801,-0.384099,4.28139,0,0.855375,0,0,0.51801,0,0,0,0,0,0,0
1765976276430448,0,-0.384099,4.28139,0,0.855375,0,0,0.51801,-0.384099,4.28139,0,0.855375,0,0,0.51801,0,0,0,0,0,0,0
1765976276440650,0,-0.384099,4.28139,0,0.855375,0,0,0.51801,-0.384099,4.28139,0,0.855375,0,0,0.51801,-2.92122e-06,0,0,0,0,0,0
1765976276440650,0,-0.384099,4.28139,0,0.855375,0,0,0.51801,-0.384099,4.28139,0,0.855375,0,0,0.51801,-2.92122e-06,0,0,0,0,0,0
1765976276450668,0,-0.384099,4.28139,0,0.855375,0,0,0.51801,-0.384099,4.28139,0,0.855375,0,0,0.51801,2.97488e-06,0,0,0,0,0,0
1765976276450668,0,-0.384099,4.28139,0,0.855375,0,0,0.51801,-0.384099,4.28139,0,0.855375,0,0,0.51801,2.97488e-06,0,0,0,0,0,0
1765976276460647,0,-0.384099,4.28139,0,0.855375,0,0,0.51801,-0.384099,4.28139,0,0.855375,0,0,0.51801,0,0,0,0,0,0,0
1765976276460647,0,-0.384099,4.28139,0,0.855375,0,0,0.51801,-0.384099,4.28139,0,0.855375,0,0,0.51801,0,0,0,0,0,0,0
1765976276470558,0,-0.384099,4.28139,0,0.855375,0,0,0.51801,-0.384099,4.28139,0,0.855375,0,0,0.51801,0,0,0,0,0,0,0
1765976276470558,0,-0.384099,4.28139,0,0.855375,0,0,0.51801,-0.384099,4.28139,0,0.855375,0,0,0.51801,0,0,0,0,0,0,0
1765976276480717,0,-0.384099,4.28139,0,0.855375,0,0,0.51801,-0.384099,4.28139,0,0.855375,0,0,0.51801,0,0,0,0,0,0,0
1765976276480717,0,-0.384099,4.28139,0,0.855375,0,0,0.51801,-0.384099,4.28139,0,0.855375,0,0,0.51801,0,0,0,0,0,0,0
1765976276490644,0,-0.384099,4.28139,0,0.855375,0,0,0.51801,-0.384099,4.28139,0,0.855375,0,0,0.51801,3.00215e-06,0,0,0,0,0,0
1765976276490644,0,-0.384099,4.28139,0,0.855375,0,0,0.51801,-0.384099,4.28139,0,0.855375,0,0,0.51801,3.00215e-06,0,0,0,0,0,0
1765976276500526,0,-0.384099,4.28139,0,0.855375,0,0,0.51801,-0.384099,4.28139,0,0.855375,0,0,0.51801,3.01582e-06,0,0,0,0,0,0
1765976276500526,0,-0.384099,4.28139,0,0.855375,0,0,0.51801,-0.384099,4.28139,0,0.855375,0,0,0.51801,3.01582e-06,0,0,0,0,0,0
1765976276510506,0,-0.384099,4.28139,0,0.855375,0,0,0.51801,-0.384099,4.28139,0,0.855375,0,0,0.51801,-2.9862e-06,0,0,0,0,0,0
1765976276510506,0,-0.384099,4.28139,0,0.855375,0,0,0.51801,-0.384099,4.28139,0,0.855375,0,0,0.51801,-2.9862e-06,0,0,0,0,0,0
1765976276520579,0,-0.384099,4.28139,0,0.855375,0,0,0.51801,-0.384099,4.28139,0,0.855375,0,0,0.51801,0,0,0,0,0,0,0
1765976276520579,0,-0.384099,4.28139,0,0.855375,0,0,0.51801,-0.384099,4.28139,0,0.855375,0,0,0.51801,0,0,0,0,0,0,0
1765976276530506,0,-0.384099,4.28139,0,0.855375,0,0,0.51801,-0.384099,4.28139,0,0.855375,0,0,0.51801,0,0,0,0,0,0,0
1765976276530506,0,-0.384099,4.28139,0,0.855375,0,0,0.51801,-0.384099,4.28139,0,0.855375,0,0,0.51801,0,0,0,0,0,0,0
1765976276540556,0,-0.384099,4.28139,0,0.855375,0,0,0.51801,-0.384099,4.28139,0,0.855375,0,0,0.51801,0,0,0,0,0,0,0
1765976276540556,0,-0.384099,4.28139,0,0.855375,0,0,0.51801,-0.384099,4.28139,0,0.855375,0,0,0.51801,0,0,0,0,0,0,0
1765976276550534,0,-0.384099,4.28139,0,0.855375,0,0,0.51801,-0.384099,4.28139,0,0.855375,0,0,0.51801,0,0,0,0,0,0,0
1765976276550534,0,-0.384099,4.28139,0,0.855375,0,0,0.51801,-0.384099,4.28139,0,0.855375,0,0,0.51801,0,0,0,0,0,0,0
1765976276560480,0,-0.384099,4.28139,0,0.855375,0,0,0.51801,-0.384099,4.28139,0,0.855375,0,0,0.51801,0,0,0,0,0,0,0
1765976276560480,0,-0.384099,4.28139,0,0.855375,0,0,0.51801,-0.384099,4.28139,0,0.855375,0,0,0.51801,0,0,0,0,0,0,0
1765976276570580,0,-0.384099,4.28139,0,0.855375,0,0,0.51801,-0.384099,4.28139,0,0.855375,0,0,0.51801,0,0,0,0,0,0,0
1765976276570580,0,-0.384099,4.28139,0,0.855375,0,0,0.51801,-0.384099,4.28139,0,0.855375,0,0,0.51801,0,0,0,0,0,0,0
1765976276580543,0,-0.384099,4.28139,0,0.855375,0,0,0.51801,-0.384099,4.28139,0,0.855375,0,0,0.51801,-2.9913e-06,0,0,0,0,0,0
1765976276580543,0,-0.384099,4.28139,0,0.855375,0,0,0.51801,-0.384099,4.28139,0,0.855375,0,0,0.51801,-2.9913e-06,0,0,0,0,0,0
1765976276590499,0,-0.384099,4.28139,0,0.855375,0,0,0.51801,-0.384099,4.28139,0,0.855375,0,0,0.51801,0,0,0,-5.98681e-06,0,0,0
1765976276590499,0,-0.384099,4.28139,0,0.855375,0,0,0.51801,-0.384099,4.28139,0,0.855375,0,0,0.51801,0,0,0,-5.98681e-06,0,0,0
1765976276600582,0,-0.384099,4.28139,0,0.855375,0,0,0.51801,-0.384099,4.28139,0,0.855375,0,0,0.51801,0,0,0,5.9114e-06,0,0,0
1765976276600582,0,-0.384099,4.28139,0,0.855375,0,0,0.51801,-0.384099,4.28139,0,0.855375,0,0,0.51801,0,0,0,5.9114e-06,0,0,0
1765976276610503,0,-0.384099,4.28139,0,0.855375,0,0,0.51801,-0.384099,4.28139,0,0.855375,0,0,0.51801,0,0,0,0,0,0,0
1765976276610503,0,-0.384099,4.28139,0,0.855375,0,0,0.51801,-0.384099,4.28139,0,0.855375,0,0,0.51801,0,0,0,0,0,0,0
1765976276620787,0,-0.384099,4.28139,0,0.855375,0,0,0.51801,-0.384099,4.28139,0,0.855375,0,0,0.51801,0,0,0,0,0,0,0
1765976276620787,0,-0.384099,4.28139,0,0.855375,0,0,0.51801,-0.384099,4.28139,0,0.855375,0,0,0.51801,0,0,0,0,0,0,0
1765976276630599,0,-0.384099,4.28139,0,0.855375,0,0,0.51801,-0.384099,4.28139,0,0.855375,0,0,0.51801,3.03733e-06,0,0,0,0,0,0
1765976276630599,0,-0.384099,4.28139,0,0.855375,0,0,0.51801,-0.384099,4.28139,0,0.855375,0,0,0.51801,3.03733e-06,0,0,0,0,0,0
1765976276640703,0,-0.384099,4.28139,0,0.855375,0,0,0.51801,-0.384099,4.28139,0,0.855375,0,0,0.51801,0,0,0,0,0,0,0
1765976276640703,0,-0.384099,4.28139,0,0.855375,0,0,0.51801,-0.384099,4.28139,0,0.855375,0,0,0.51801,0,0,0,0,0,0,0
1765976276650740,0,-0.384099,4.28139,0,0.855375,0,0,0.51801,-0.384099,4.28139,0,0.855375,0,0,0.51801,0,0,0,0,0,0,0
1765976276650740,0,-0.384099,4.28139,0,0.855375,0,0,0.51801,-0.384099,4.28139,0,0.855375,0,0,0.51801,0,0,0,0,0,0,0
1765976276660564,0,-0.384099,4.28139,0,0.855375,0,0,0.51801,-0.384099,4.28139,0,0.855375,0,0,0.51801,-3.03362e-06,0,0,0,0,0,0
1765976276660564,0,-0.384099,4.28139,0,0.855375,0,0,0.51801,-0.384099,4.28139,0,0.855375,0,0,0.51801,-3.03362e-06,0,0,0,0,0,0
1765976276670723,0,-0.384099,4.28139,0,0.855375,0,0,0.51801,-0.384099,4.28139,0,0.855375,0,0,0.51801,0,0,0,0,0,0,0
1765976276670723,0,-0.384099,4.28139,0,0.855375,0,0,0.51801,-0.384099,4.28139,0,0.855375,0,0,0.51801,0,0,0,0,0,0,0
1765976276680801,0,-0.384099,4.28139,0,0.855375,0,0,0.51801,-0.384099,4.28139,0,0.855375,0,0,0.51801,0,0,0,0,0,0,0
1765976276680801,0,-0.384099,4.28139,0,0.855375,0,0,0.51801,-0.384099,4.28139,0,0.855375,0,0,0.51801,0,0,0,0,0,0,0
1765976276690626,0,-0.384099,4.28139,0,0.855375,0,0,0.51801,-0.384099,4.28139,0,0.855375,0,0,0.51801,0,0,0,0,0,0,0
1765976276690626,0,-0.384099,4.28139,0,0.855375,0,0,0.51801,-0.384099,4.28139,0,0.855375,0,0,0.51801,0,0,0,0,0,0,0
1765976276700833,0,-0.384099,4.28139,0,0.855375,0,0,0.51801,-0.384099,4.28139,0,0.855375,0,0,0.51801,0,0,0,0,0,0,0
1765976276700833,0,-0.384099,4.28139,0,0.855375,0,0,0.51801,-0.384099,4.28139,0,0.855375,0,0,0.51801,0,0,0,0,0,0,0
1765976276710668,0,-0.384099,4.28139,0,0.855375,0,0,0.51801,-0.384099,4.28139,0,0.855375,0,0,0.51801,0,0,0,0,0,0,0
1765976276710668,0,-0.384099,4.28139,0,0.855375,0,0,0.51801,-0.384099,4.28139,0,0.855375,0,0,0.51801,0,0,0,0,0,0,0
1765976276720735,0,-0.384099,4.28139,0,0.855375,0,0,0.51801,-0.384099,4.28139,0,0.855375,0,0,0.51801,2.9604e-06,0,0,-5.9208e-06,0,0,0
1765976276720735,0,-0.384099,4.28139,0,0.855375,0,0,0.51801,-0.384099,4.28139,0,0.855375,0,0,0.51801,2.9604e-06,0,0,-5.9208e-06,0,0,0
1765976276730710,0,-0.384099,4.28139,0,0.855375,0,0,0.51801,-0.384099,4.28139,0,0.855375,0,0,0.51801,0,0,0,0,0,0,0
1765976276730710,0,-0.384099,4.28139,0,0.855375,0,0,0.51801,-0.384099,4.28139,0,0.855375,0,0,0.51801,0,0,0,0,0,0,0
1765976276740684,0,-0.384099,4.28139,0,0.855375,0,0,0.51801,-0.384099,4.28139,0,0.855375,0,0,0.51801,2.988e-06,0,0,0,0,0,0
1765976276740684,0,-0.384099,4.28139,0,0.855375,0,0,0.51801,-0.384099,4.28139,0,0.855375,0,0,0.51801,2.988e-06,0,0,0,0,0,0
1765976276750581,0,-0.384099,4.28139,0,0.855375,0,0,0.51801,-0.384099,4.28139,0,0.855375,0,0,0.51801,0,0,0,0,0,0,0
1765976276750581,0,-0.384099,4.28139,0,0.855375,0,0,0.51801,-0.384099,4.28139,0,0.855375,0,0,0.51801,0,0,0,0,0,0,0
1765976276760587,0,-0.384099,4.28139,0,0.855375,0,0,0.51801,-0.384099,4.28139,0,0.855375,0,0,0.51801,0,0,0,0,0,0,0
1765976276760587,0,-0.384099,4.28139,0,0.855375,0,0,0.51801,-0.384099,4.28139,0,0.855375,0,0,0.51801,0,0,0,0,0,0,0
1765976276770756,0,-0.384099,4.28139,0,0.855375,0,0,0.51801,-0.384099,4.28139,0,0.855375,0,0,0.51801,0,0,0,0,0,0,0
1765976276770756,0,-0.384099,4.28139,0,0.855375,0,0,0.51801,-0.384099,4.28139,0,0.855375,0,0,0.51801,0,0,0,0,0,0,0
1765976276780723,0,-0.384099,4.28139,0,0.855375,0,0,0.51801,-0.384099,4.28139,0,0.855375,0,0,0.51801,0,0,0,-5.9802e-06,0,0,0
1765976276780723,0,-0.384099,4.28139,0,0.855375,0,0,0.51801,-0.384099,4.28139,0,0.855375,0,0,0.51801,0,0,0,-5.9802e-06,0,0,0
1765976276790510,0,-0.384099,4.28139,0,0.855375,0,0,0.51801,-0.384099,4.28139,0,0.855375,0,0,0.51801,0,0,0,0,0,0,0
1765976276790510,0,-0.384099,4.28139,0,0.855375,0,0,0.51801,-0.384099,4.28139,0,0.855375,0,0,0.51801,0,0,0,0,0,0,0
1765976276800649,0,-0.384099,4.28139,0,0.855375,0,0,0.51801,-0.384099,4.28139,0,0.855375,0,0,0.51801,0,0,0,0,0,0,0
1765976276800649,0,-0.384099,4.28139,0,0.855375,0,0,0.51801,-0.384099,4.28139,0,0.855375,0,0,0.51801,0,0,0,0,0,0,0
1765976276810470,0,-0.384099,4.28139,0,0.855375,0,0,0.51801,-0.384099,4.28139,0,0.855375,0,0,0.51801,0,0,0,0,0,0,0
1765976276810470,0,-0.384099,4.28139,0,0.855375,0,0,0.51801,-0.384099,4.28139,0,0.855375,0,0,0.51801,0,0,0,0,0,0,0
1765976276820661,0,-0.384099,4.28139,0,0.855375,0,0,0.51801,-0.384099,4.28139,0,0.855375,0,0,0.51801,0,0,0,0,0,0,0
1765976276820661,0,-0.384099,4.28139,0,0.855375,0,0,0.51801,-0.384099,4.28139,0,0.855375,0,0,0.51801,0,0,0,0,0,0,0
1765976276830599,0,-0.384099,4.28139,0,0.855375,0,0,0.51801,-0.384099,4.28139,0,0.855375,0,0,0.51801,0,0,0,0,0,0,0
1765976276830599,0,-0.384099,4.28139,0,0.855375,0,0,0.51801,-0.384099,4.28139,0,0.855375,0,0,0.51801,0,0,0,0,0,0,0
1765976276840476,0,-0.384099,4.28139,0,0.855375,0,0,0.51801,-0.384099,4.28139,0,0.855375,0,0,0.51801,0,0,0,0,0,0,0
1765976276840476,0,-0.384099,4.28139,0,0.855375,0,0,0.51801,-0.384099,4.28139,0,0.855375,0,0,0.51801,0,0,0,0,0,0,0
1765976276850593,0,-0.384099,4.28139,0,0.855375,0,0,0.51801,-0.384099,4.28139,0,0.855375,0,0,0.51801,0,0,0,0,0,0,0
1765976276850593,0,-0.384099,4.28139,0,0.855375,0,0,0.51801,-0.384099,4.28139,0,0.855375,0,0,0.51801,0,0,0,0,0,0,0
1765976276860471,0,-0.384099,4.28139,0,0.855375,0,0,0.51801,-0.384099,4.28139,0,0.855375,0,0,0.51801,0,0,0,0,0,0,0
1765976276860471,0,-0.384099,4.28139,0,0.855375,0,0,0.51801,-0.384099,4.28139,0,0.855375,0,0,0.51801,0,0,0,0,0,0,0
1765976276870579,0,-0.384099,4.28139,0,0.855375,0,0,0.51801,-0.384099,4.28139,0,0.855375,0,0,0.51801,0,0,0,0,0,0,0
1765976276870579,0,-0.384099,4.28139,0,0.855375,0,0,0.51801,-0.384099,4.28139,0,0.855375,0,0,0.51801,0,0,0,0,0,0,0
1765976276880502,0,-0.384099,4.28139,0,0.855375,0,0,0.51801,-0.384099,4.28139,0,0.855375,0,0,0.51801,0,0,0,0,0,0,0
1765976276880502,0,-0.384099,4.28139,0,0.855375,0,0,0.51801,-0.384099,4.28139,0,0.855375,0,0,0.51801,0,0,0,0,0,0,0
1765976276890505,0,-0.384099,4.28139,0,0.855375,0,0,0.51801,-0.384099,4.28139,0,0.855375,0,0,0.51801,0,0,0,-5.95868e-06,0,0,0
1765976276890505,0,-0.384099,4.28139,0,0.855375,0,0,0.51801,-0.384099,4.28139,0,0.855375,0,0,0.51801,0,0,0,-5.95868e-06,0,0,0
1765976276900590,0,-0.384099,4.28139,0,0.855375,0,0,0.51801,-0.384099,4.28139,0,0.855375,0,0,0.51801,0,0,0,0,0,0,0
1765976276900590,0,-0.384099,4.28139,0,0.855375,0,0,0.51801,-0.384099,4.28139,0,0.855375,0,0,0.51801,0,0,0,0,0,0,0
1765976276910542,0,-0.384099,4.28139,0,0.855375,0,0,0.51801,-0.384099,4.28139,0,0.855375,0,0,0.51801,0,0,0,5.98921e-06,0,0,0
1765976276910542,0,-0.384099,4.28139,0,0.855375,0,0,0.51801,-0.384099,4.28139,0,0.855375,0,0,0.51801,0,0,0,5.98921e-06,0,0,0
1765976276920552,0,-0.384099,4.28139,0,0.855375,0,0,0.51801,-0.384099,4.28139,0,0.855375,0,0,0.51801,0,0,0,5.95451e-06,0,0,0
1765976276920552,0,-0.384099,4.28139,0,0.855375,0,0,0.51801,-0.384099,4.28139,0,0.855375,0,0,0.51801,0,0,0,5.95451e-06,0,0,0
1765976276930556,0,-0.384099,4.28139,0,0.855375,0,0,0.51801,-0.384099,4.28139,0,0.855375,0,0,0.51801,-2.97904e-06,0,0,0,0,0,0
1765976276930556,0,-0.384099,4.28139,0,0.855375,0,0,0.51801,-0.384099,4.28139,0,0.855375,0,0,0.51801,-2.97904e-06,0,0,0,0,0,0
1765976276940442,0,-0.384099,4.28139,0,0.855375,0,0,0.51801,-0.384099,4.28139,0,0.855375,0,0,0.51801,0,0,0,0,0,0,0
1765976276940442,0,-0.384099,4.28139,0,0.855375,0,0,0.51801,-0.384099,4.28139,0,0.855375,0,0,0.51801,0,0,0,0,0,0,0
1765976276950468,0,-0.384099,4.28139,0,0.855375,0,0,0.51801,-0.384099,4.28139,0,0.855375,0,0,0.51801,0,0,0,5.94501e-06,0,0,0
1765976276950468,0,-0.384099,4.28139,0,0.855375,0,0,0.51801,-0.384099,4.28139,0,0.855375,0,0,0.51801,0,0,0,5.94501e-06,0,0,0
1765976276960538,0,-0.384099,4.28139,0,0.855375,0,0,0.51801,-0.384099,4.28139,0,0.855375,0,0,0.51801,0,0,0,0,0,0,0
1765976276960538,0,-0.384099,4.28139,0,0.855375,0,0,0.51801,-0.384099,4.28139,0,0.855375,0,0,0.51801,0,0,0,0,0,0,0
1765976276970583,0,-0.384099,4.28139,0,0.855375,0,0,0.51801,-0.384099,4.28139,0,0.855375,0,0,0.51801,0,0,0,0,0,0,0
1765976276970583,0,-0.384099,4.28139,0,0.855375,0,0,0.51801,-0.384099,4.28139,0,0.855375,0,0,0.51801,0,0,0,0,0,0,0
1765976276980484,0,-0.384099,4.28139,0,0.855375,0,0,0.51801,-0.384099,4.28139,0,0.855375,0,0,0.51801,0,0,0,6.02006e-06,0,0,0
1765976276980484,0,-0.384099,4.28139,0,0.855375,0,0,0.51801,-0.384099,4.28139,0,0.855375,0,0,0.51801,0,0,0,6.02006e-06,0,0,0
1765976276990496,0,-0.384099,4.28139,0,0.855375,0,0,0.51801,-0.384099,4.28139,0,0.855375,0,0,0.51801,2.97666e-06,0,0,0,0,0,0
1765976276990496,0,-0.384099,4.28139,0,0.855375,0,0,0.51801,-0.384099,4.28139,0,0.855375,0,0,0.51801,2.97666e-06,0,0,0,0,0,0
1765976277000534,0,-0.384099,4.28139,0,0.855375,0,0,0.51801,-0.384099,4.28139,0,0.855375,0,0,0.51801,0,0,0,0,0,0,0
1765976277000534,0,-0.384099,4.28139,0,0.855375,0,0,0.51801,-0.384099,4.28139,0,0.855375,0,0,0.51801,0,0,0,0,0,0,0
1765976277010534,0,-0.384099,4.28139,0,0.855375,0,0,0.51801,-0.384099,4.28139,0,0.855375,0,0,0.51801,0,0,0,0,0,0,0
1765976277010534,0,-0.384099,4.28139,0,0.855375,0,0,0.51801,-0.384099,4.28139,0,0.855375,0,0,0.51801,0,0,0,0,0,0,0
1765976277020620,0,-0.384099,4.28139,0,0.855375,0,0,0.51801,-0.384099,4.28139,0,0.855375,0,0,0.51801,-2.95482e-06,0,0,0,0,0,0
1765976277020620,0,-0.384099,4.28139,0,0.855375,0,0,0.51801,-0.384099,4.28139,0,0.855375,0,0,0.51801,-2.95482e-06,0,0,0,0,0,0
1765976277030549,0,-0.384099,4.28139,0,0.855375,0,0,0.51801,-0.384099,4.28139,0,0.855375,0,0,0.51801,0,0,0,0,0,0,0
1765976277030549,0,-0.384099,4.28139,0,0.855375,0,0,0.51801,-0.384099,4.28139,0,0.855375,0,0,0.51801,0,0,0,0,0,0,0
1765976277040522,0,-0.384099,4.28139,0,0.855375,0,0,0.51801,-0.384099,4.28139,0,0.855375,0,0,0.51801,0,0,0,-5.9766e-06,0,0,0
1765976277040522,0,-0.384099,4.28139,0,0.855375,0,0,0.51801,-0.384099,4.28139,0,0.855375,0,0,0.51801,0,0,0,-5.9766e-06,0,0,0
1765976277050517,0,-0.384099,4.28139,0,0.855375,0,0,0.51801,-0.384099,4.28139,0,0.855375,0,0,0.51801,-2.98172e-06,0,0,0,0,0,0
1765976277050517,0,-0.384099,4.28139,0,0.855375,0,0,0.51801,-0.384099,4.28139,0,0.855375,0,0,0.51801,-2.98172e-06,0,0,0,0,0,0
1765976277060476,0,-0.384099,4.28139,0,0.855375,0,0,0.51801,-0.384099,4.28139,0,0.855375,0,0,0.51801,0,0,0,0,0,0,0
1765976277060476,0,-0.384099,4.28139,0,0.855375,0,0,0.51801,-0.384099,4.28139,0,0.855375,0,0,0.51801,0,0,0,0,0,0,0
1765976277070541,0,-0.384099,4.28139,0,0.855375,0,0,0.51801,-0.384099,4.28139,0,0.855375,0,0,0.51801,2.96099e-06,0,0,0,0,0,0
1765976277070541,0,-0.384099,4.28139,0,0.855375,0,0,0.51801,-0.384099,4.28139,0,0.855375,0,0,0.51801,2.96099e-06,0,0,0,0,0,0
1765976277080490,0,-0.384099,4.28139,0,0.855375,0,0,0.51801,-0.384099,4.28139,0,0.855375,0,0,0.51801,0,0,0,0,0,0,5.99102e-06
1765976277080490,0,-0.384099,4.28139,0,0.855375,0,0,0.51801,-0.384099,4.28139,0,0.855375,0,0,0.51801,0,0,0,0,0,0,5.99102e-06
1765976277090472,0,-0.384099,4.28139,0,0.855375,0,0,0.51801,-0.384099,4.28139,0,0.855375,0,0,0.51801,0,0,0,0,0,0,0
1765976277090472,0,-0.384099,4.28139,0,0.855375,0,0,0.51801,-0.384099,4.28139,0,0.855375,0,0,0.51801,0,0,0,0,0,0,0
1765976277100472,0,-0.384099,4.28139,0,0.855375,0,0,0.51801,-0.384099,4.28139,0,0.855375,0,0,0.51801,0,0,0,-5.96046e-06,0,0,0
1765976277100472,0,-0.384099,4.28139,0,0.855375,0,0,0.51801,-0.384099,4.28139,0,0.855375,0,0,0.51801,0,0,0,-5.96046e-06,0,0,0
1765976277110435,0,-0.384099,4.28139,0,0.855375,0,0,0.51801,-0.384099,4.28139,0,0.855375,0,0,0.51801,-2.9913e-06,0,0,0,0,0,0
1765976277110435,0,-0.384099,4.28139,0,0.855375,0,0,0.51801,-0.384099,4.28139,0,0.855375,0,0,0.51801,-2.9913e-06,0,0,0,0,0,0
1765976277120535,0,-0.384099,4.28139,0,0.855375,0,0,0.51801,-0.384099,4.28139,0,0.855375,0,0,0.51801,0,0,0,-5.90145e-06,0,0,0
1765976277120535,0,-0.384099,4.28139,0,0.855375,0,0,0.51801,-0.384099,4.28139,0,0.855375,0,0,0.51801,0,0,0,-5.90145e-06,0,0,0
1765976277130523,0,-0.384099,4.28139,0,0.855375,0,0,0.51801,-0.384099,4.28139,0,0.855375,0,0,0.51801,0,0,0,0,0,0,0
1765976277130523,0,-0.384099,4.28139,0,0.855375,0,0,0.51801,-0.384099,4.28139,0,0.855375,0,0,0.51801,0,0,0,0,0,0,0
1765976277140493,0,-0.384099,4.28139,0,0.855375,0,0,0.51801,-0.384099,4.28139,0,0.855375,0,0,0.51801,0,0,0,0,0,0,0
1765976277140493,0,-0.384099,4.28139,0,0.855375,0,0,0.51801,-0.384099,4.28139,0,0.855375,0,0,0.51801,0,0,0,0,0,0,0
1765976277150530,0,-0.384099,4.28139,0,0.855375,0,0,0.51801,-0.384099,4.28139,0,0.855375,0,0,0.51801,0,0,0,0,0,0,0
1765976277150530,0,-0.384099,4.28139,0,0.855375,0,0,0.51801,-0.384099,4.28139,0,0.855375,0,0,0.51801,0,0,0,0,0,0,0
1765976277160475,0,-0.384099,4.28139,0,0.855375,0,0,0.51801,-0.384099,4.28139,0,0.855375,0,0,0.51801,2.99671e-06,0,0,0,0,0,0
1765976277160475,0,-0.384099,4.28139,0,0.855375,0,0,0.51801,-0.384099,4.28139,0,0.855375,0,0,0.51801,2.99671e-06,0,0,0,0,0,0
1765976277170715,0,-0.384099,4.28139,0,0.855375,0,0,0.51801,-0.384099,4.28139,0,0.855375,0,0,0.51801,0,0,0,0,0,0,0
1765976277170715,0,-0.384099,4.28139,0,0.855375,0,0,0.51801,-0.384099,4.28139,0,0.855375,0,0,0.51801,0,0,0,0,0,0,0
1765976277180648,0,-0.384099,4.28139,0,0.855375,0,0,0.51801,-0.384099,4.28139,0,0.855375,0,0,0.51801,0,0,0,0,0,0,0
1765976277180648,0,-0.384099,4.28139,0,0.855375,0,0,0.51801,-0.384099,4.28139,0,0.855375,0,0,0.51801,0,0,0,0,0,0,0
1765976277190509,0,-0.384099,4.28139,0,0.855375,0,0,0.51801,-0.384099,4.28139,0,0.855375,0,0,0.51801,0,0,0,0,0,0,0
1765976277190509,0,-0.384099,4.28139,0,0.855375,0,0,0.51801,-0.384099,4.28139,0,0.855375,0,0,0.51801,0,0,0,0,0,0,0
1765976277200781,0,-0.384099,4.28139,0,0.855375,0,0,0.51801,-0.384099,4.28139,0,0.855375,0,0,0.51801,-2.90132e-06,0,0,0,0,0,0
1765976277200781,0,-0.384099,4.28139,0,0.855375,0,0,0.51801,-0.384099,4.28139,0,0.855375,0,0,0.51801,-2.90132e-06,0,0,0,0,0,0
1765976277210590,0,-0.384099,4.28139,0,0.855375,0,0,0.51801,-0.384099,4.28139,0,0.855375,0,0,0.51801,0,0,0,6.07653e-06,0,0,0
1765976277210590,0,-0.384099,4.28139,0,0.855375,0,0,0.51801,-0.384099,4.28139,0,0.855375,0,0,0.51801,0,0,0,6.07653e-06,0,0,0
1765976277220675,0,-0.384099,4.28139,0,0.855375,0,0,0.51801,-0.384099,4.28139,0,0.855375,0,0,0.51801,0,0,0,-5.91023e-06,0,0,0
1765976277220675,0,-0.384099,4.28139,0,0.855375,0,0,0.51801,-0.384099,4.28139,0,0.855375,0,0,0.51801,0,0,0,-5.91023e-06,0,0,0
1765976277230620,0,-0.384099,4.28139,0,0.855375,0,0,0.51801,-0.384099,4.28139,0,0.855375,0,0,0.51801,2.99671e-06,0,0,5.99343e-06,0,0,0
1765976277230620,0,-0.384099,4.28139,0,0.855375,0,0,0.51801,-0.384099,4.28139,0,0.855375,0,0,0.51801,2.99671e-06,0,0,5.99343e-06,0,0,0
1765976277240598,0,-0.384099,4.28139,0,0.855375,0,0,0.51801,-0.384099,4.28139,0,0.855375,0,0,0.51801,0,0,0,5.97361e-06,0,0,0
1765976277240598,0,-0.384099,4.28139,0,0.855375,0,0,0.51801,-0.384099,4.28139,0,0.855375,0,0,0.51801,0,0,0,5.97361e-06,0,0,0
1765976277250700,0,-0.384099,4.28139,0,0.855375,0,0,0.51801,-0.384099,4.28139,0,0.855375,0,0,0.51801,0,0,0,0,0,0,0
1765976277250700,0,-0.384099,4.28139,0,0.855375,0,0,0.51801,-0.384099,4.28139,0,0.855375,0,0,0.51801,0,0,0,0,0,0,0
1765976277260627,0,-0.384099,4.28139,0,0.855375,0,0,0.51801,-0.384099,4.28139,0,0.855375,0,0,0.51801,0,0,0,0,0,0,0
1765976277260627,0,-0.384099,4.28139,0,0.855375,0,0,0.51801,-0.384099,4.28139,0,0.855375,0,0,0.51801,0,0,0,0,0,0,0
1765976277270629,0,-0.384099,4.28139,0,0.855375,0,0,0.51801,-0.384099,4.28139,0,0.855375,0,0,0.51801,0,0,0,0,0,0,0
1765976277270629,0,-0.384099,4.28139,0,0.855375,0,0,0.51801,-0.384099,4.28139,0,0.855375,0,0,0.51801,0,0,0,0,0,0,0
1765976277280658,0,-0.384099,4.28139,0,0.855375,0,0,0.51801,-0.384099,4.28139,0,0.855375,0,0,0.51801,0,0,0,-5.94323e-06,0,0,0
1765976277280658,0,-0.384099,4.28139,0,0.855375,0,0,0.51801,-0.384099,4.28139,0,0.855375,0,0,0.51801,0,0,0,-5.94323e-06,0,0,0
1765976277290575,0,-0.384099,4.28139,0,0.855375,0,0,0.51801,-0.384099,4.28139,0,0.855375,0,0,0.51801,-3.00518e-06,0,0,-6.01035e-06,0,0,0
1765976277290575,0,-0.384099,4.28139,0,0.855375,0,0,0.51801,-0.384099,4.28139,0,0.855375,0,0,0.51801,-3.00518e-06,0,0,-6.01035e-06,0,0,0
1765976277300720,0,-0.384099,4.28139,0,0.855375,0,0,0.51801,-0.384099,4.28139,0,0.855375,0,0,0.51801,2.93764e-06,0,0,0,0,0,0
1765976277300720,0,-0.384099,4.28139,0,0.855375,0,0,0.51801,-0.384099,4.28139,0,0.855375,0,0,0.51801,2.93764e-06,0,0,0,0,0,0
1765976277310620,0,-0.384099,4.28139,0,0.855375,0,0,0.51801,-0.384099,4.28139,0,0.855375,0,0,0.51801,0,0,0,0,0,0,0
1765976277310620,0,-0.384099,4.28139,0,0.855375,0,0,0.51801,-0.384099,4.28139,0,0.855375,0,0,0.51801,0,0,0,0,0,0,0
1765976277320711,0,-0.384099,4.28139,0,0.855375,0,0,0.51801,-0.384099,4.28139,0,0.855375,0,0,0.51801,2.95336e-06,0,0,0,0,0,0
1765976277320711,0,-0.384099,4.28139,0,0.855375,0,0,0.51801,-0.384099,4.28139,0,0.855375,0,0,0.51801,2.95336e-06,0,0,0,0,0,0
1765976277330696,0,-0.384099,4.28139,0,0.855375,0,0,0.51801,-0.384099,4.28139,0,0.855375,0,0,0.51801,0,0,0,0,0,0,0
1765976277330696,0,-0.384099,4.28139,0,0.855375,0,0,0.51801,-0.384099,4.28139,0,0.855375,0,0,0.51801,0,0,0,0,0,0,0
1765976277340644,0,-0.384099,4.28139,0,0.855375,0,0,0.51801,-0.384099,4.28139,0,0.855375,0,0,0.51801,0,0,0,0,0,0,0
1765976277340644,0,-0.384099,4.28139,0,0.855375,0,0,0.51801,-0.384099,4.28139,0,0.855375,0,0,0.51801,0,0,0,0,0,0,0
1765976277350512,0,-0.384099,4.28139,0,0.855375,0,0,0.51801,-0.384099,4.28139,0,0.855375,0,0,0.51801,0,0,0,0,0,0,0
1765976277350512,0,-0.384099,4.28139,0,0.855375,0,0,0.51801,-0.384099,4.28139,0,0.855375,0,0,0.51801,0,0,0,0,0,0,0
1765976277360448,0,-0.384099,4.28139,0,0.855375,0,0,0.51801,-0.384099,4.28139,0,0.855375,0,0,0.51801,0,0,0,0,0,0,0
1765976277360448,0,-0.384099,4.28139,0,0.855375,0,0,0.51801,-0.384099,4.28139,0,0.855375,0,0,0.51801,0,0,0,0,0,0,0
1765976277370662,0,-0.384099,4.28139,0,0.855375,0,0,0.51801,-0.384099,4.28139,0,0.855375,0,0,0.51801,0,0,0,0,0,0,0
1765976277370662,0,-0.384099,4.28139,0,0.855375,0,0,0.51801,-0.384099,4.28139,0,0.855375,0,0,0.51801,0,0,0,0,0,0,0
1765976277380560,0,-0.384099,4.28139,0,0.855375,0,0,0.51801,-0.384099,4.28139,0,0.855375,0,0,0.51801,0,0,0,0,0,0,0
1765976277380560,0,-0.384099,4.28139,0,0.855375,0,0,0.51801,-0.384099,4.28139,0,0.855375,0,0,0.51801,0,0,0,0,0,0,0
1765976277390497,0,-0.384099,4.28139,0,0.855375,0,0,0.51801,-0.384099,4.28139,0,0.855375,0,0,0.51801,0,0,0,0,0,0,0
1765976277390497,0,-0.384099,4.28139,0,0.855375,0,0,0.51801,-0.384099,4.28139,0,0.855375,0,0,0.51801,0,0,0,0,0,0,0
1765976277400570,0,-0.384099,4.28139,0,0.855375,0,0,0.51801,-0.384099,4.28139,0,0.855375,0,0,0.51801,0,0,0,0,0,0,0
1765976277400570,0,-0.384099,4.28139,0,0.855375,0,0,0.51801,-0.384099,4.28139,0,0.855375,0,0,0.51801,0,0,0,0,0,0,0
1765976277410561,0,-0.384099,4.28139,0,0.855375,0,0,0.51801,-0.384099,4.28139,0,0.855375,0,0,0.51801,0,0,0,0,0,0,-5.96583e-06
1765976277410561,0,-0.384099,4.28139,0,0.855375,0,0,0.51801,-0.384099,4.28139,0,0.855375,0,0,0.51801,0,0,0,0,0,0,-5.96583e-06
1765976277420525,0,-0.384099,4.28139,0,0.855375,0,0,0.51801,-0.384099,4.28139,0,0.855375,0,0,0.51801,0,0,0,0,0,0,0
1765976277420525,0,-0.384099,4.28139,0,0.855375,0,0,0.51801,-0.384099,4.28139,0,0.855375,0,0,0.51801,0,0,0,0,0,0,0
1765976277430535,0,-0.384099,4.28139,0,0.855375,0,0,0.51801,-0.384099,4.28139,0,0.855375,0,0,0.51801,0,0,0,0,0,0,0
1765976277430535,0,-0.384099,4.28139,0,0.855375,0,0,0.51801,-0.384099,4.28139,0,0.855375,0,0,0.51801,0,0,0,0,0,0,0
1765976277440500,0,-0.384099,4.28139,0,0.855375,0,0,0.51801,-0.384099,4.28139,0,0.855375,0,0,0.51801,-2.9907e-06,0,0,0,0,0,0
1765976277440500,0,-0.384099,4.28139,0,0.855375,0,0,0.51801,-0.384099,4.28139,0,0.855375,0,0,0.51801,-2.9907e-06,0,0,0,0,0,0
1765976277450640,0,-0.384099,4.28139,0,0.855375,0,0,0.51801,-0.384099,4.28139,0,0.855375,0,0,0.51801,0,0,0,0,0,0,0
1765976277450640,0,-0.384099,4.28139,0,0.855375,0,0,0.51801,-0.384099,4.28139,0,0.855375,0,0,0.51801,0,0,0,0,0,0,0
1765976277460539,0,-0.384099,4.28139,0,0.855375,0,0,0.51801,-0.384099,4.28139,0,0.855375,0,0,0.51801,0,0,0,6.02128e-06,0,0,0
1765976277460539,0,-0.384099,4.28139,0,0.855375,0,0,0.51801,-0.384099,4.28139,0,0.855375,0,0,0.51801,0,0,0,6.02128e-06,0,0,0
1765976277470555,0,-0.384099,4.28139,0,0.855375,0,0,0.51801,-0.384099,4.28139,0,0.855375,0,0,0.51801,-2.97547e-06,0,0,0,0,0,0
1765976277470555,0,-0.384099,4.28139,0,0.855375,0,0,0.51801,-0.384099,4.28139,0,0.855375,0,0,0.51801,-2.97547e-06,0,0,0,0,0,0
1765976277480545,0,-0.384099,4.28139,0,0.855375,0,0,0.51801,-0.384099,4.28139,0,0.855375,0,0,0.51801,0,0,0,0,0,0,0
1765976277480545,0,-0.384099,4.28139,0,0.855375,0,0,0.51801,-0.384099,4.28139,0,0.855375,0,0,0.51801,0,0,0,0,0,0,0
1765976277490475,0,-0.384099,4.28139,0,0.855375,0,0,0.51801,-0.384099,4.28139,0,0.855375,0,0,0.51801,0,0,0,0,0,0,0
1765976277490475,0,-0.384099,4.28139,0,0.855375,0,0,0.51801,-0.384099,4.28139,0,0.855375,0,0,0.51801,0,0,0,0,0,0,0
1765976277500564,0,-0.384099,4.28139,0,0.855375,0,0,0.51801,-0.384099,4.28139,0,0.855375,0,0,0.51801,0,0,0,0,0,0,0
1765976277500564,0,-0.384099,4.28139,0,0.855375,0,0,0.51801,-0.384099,4.28139,0,0.855375,0,0,0.51801,0,0,0,0,0,0,0
1765976277510539,0,-0.384099,4.28139,0,0.855375,0,0,0.51801,-0.384099,4.28139,0,0.855375,0,0,0.51801,0,0,0,0,0,0,0
1765976277510539,0,-0.384099,4.28139,0,0.855375,0,0,0.51801,-0.384099,4.28139,0,0.855375,0,0,0.51801,0,0,0,0,0,0,0
1765976277520589,0,-0.384099,4.28139,0,0.855375,0,0,0.51801,-0.384099,4.28139,0,0.855375,0,0,0.51801,0,0,0,0,0,0,0
1765976277520589,0,-0.384099,4.28139,0,0.855375,0,0,0.51801,-0.384099,4.28139,0,0.855375,0,0,0.51801,0,0,0,0,0,0,0
1765976277530544,0,-0.384099,4.28139,0,0.855375,0,0,0.51801,-0.384099,4.28139,0,0.855375,0,0,0.51801,0,0,0,0,0,0,0
1765976277530544,0,-0.384099,4.28139,0,0.855375,0,0,0.51801,-0.384099,4.28139,0,0.855375,0,0,0.51801,0,0,0,0,0,0,0
1765976277540474,0,-0.384099,4.28139,0,0.855375,0,0,0.51801,-0.384099,4.28139,0,0.855375,0,0,0.51801,0,0,0,6.00248e-06,0,0,0
1765976277540474,0,-0.384099,4.28139,0,0.855375,0,0,0.51801,-0.384099,4.28139,0,0.855375,0,0,0.51801,0,0,0,6.00248e-06,0,0,0
1765976277550491,0,-0.384099,4.28139,0,0.855375,0,0,0.51801,-0.384099,4.28139,0,0.855375,0,0,0.51801,0,0,0,0,0,0,0
1765976277550491,0,-0.384099,4.28139,0,0.855375,0,0,0.51801,-0.384099,4.28139,0,0.855375,0,0,0.51801,0,0,0,0,0,0,0
1765976277560460,0,-0.384099,4.28139,0,0.855375,0,0,0.51801,-0.384099,4.28139,0,0.855375,0,0,0.51801,0,0,0,-5.979e-06,0,0,0
1765976277560460,0,-0.384099,4.28139,0,0.855375,0,0,0.51801,-0.384099,4.28139,0,0.855375,0,0,0.51801,0,0,0,-5.979e-06,0,0,0
1765976277570495,0,-0.384099,4.28139,0,0.855375,0,0,0.51801,-0.384099,4.28139,0,0.855375,0,0,0.51801,0,0,0,0,0,0,0
1765976277570495,0,-0.384099,4.28139,0,0.855375,0,0,0.51801,-0.384099,4.28139,0,0.855375,0,0,0.51801,0,0,0,0,0,0,0
1765976277580546,0,-0.384099,4.28139,0,0.855375,0,0,0.51801,-0.384099,4.28139,0,0.855375,0,0,0.51801,2.96511e-06,0,0,0,0,0,0
1765976277580546,0,-0.384099,4.28139,0,0.855375,0,0,0.51801,-0.384099,4.28139,0,0.855375,0,0,0.51801,2.96511e-06,0,0,0,0,0,0
1765976277590462,0,-0.384099,4.28139,0,0.855375,0,0,0.51801,-0.384099,4.28139,0,0.855375,0,0,0.51801,0,0,0,0,0,0,0
1765976277590462,0,-0.384099,4.28139,0,0.855375,0,0,0.51801,-0.384099,4.28139,0,0.855375,0,0,0.51801,0,0,0,0,0,0,0
1765976277600515,0,-0.384099,4.28139,0,0.855375,0,0,0.51801,-0.384099,4.28139,0,0.855375,0,0,0.51801,0,0,0,0,0,0,0
1765976277600515,0,-0.384099,4.28139,0,0.855375,0,0,0.51801,-0.384099,4.28139,0,0.855375,0,0,0.51801,0,0,0,0,0,0,0
1765976277610574,0,-0.384099,4.28139,0,0.855375,0,0,0.51801,-0.384099,4.28139,0,0.855375,0,0,0.51801,0,0,0,5.9255e-06,0,0,5.9255e-06
1765976277610574,0,-0.384099,4.28139,0,0.855375,0,0,0.51801,-0.384099,4.28139,0,0.855375,0,0,0.51801,0,0,0,5.9255e-06,0,0,5.9255e-06
1765976277620499,0,-0.384099,4.28139,0,0.855375,0,0,0.51801,-0.384099,4.28139,0,0.855375,0,0,0.51801,0,0,0,0,0,0,0
1765976277620499,0,-0.384099,4.28139,0,0.855375,0,0,0.51801,-0.384099,4.28139,0,0.855375,0,0,0.51801,0,0,0,0,0,0,0
1765976277630556,0,-0.384099,4.28139,0,0.855375,0,0,0.51801,-0.384099,4.28139,0,0.855375,0,0,0.51801,-2.96334e-06,0,0,0,0,0,0
1765976277630556,0,-0.384099,4.28139,0,0.855375,0,0,0.51801,-0.384099,4.28139,0,0.855375,0,0,0.51801,-2.96334e-06,0,0,0,0,0,0
1765976277640480,0,-0.384099,4.28139,0,0.855375,0,0,0.51801,-0.384099,4.28139,0,0.855375,0,0,0.51801,0,0,0,0,0,0,0
1765976277640480,0,-0.384099,4.28139,0,0.855375,0,0,0.51801,-0.384099,4.28139,0,0.855375,0,0,0.51801,0,0,0,0,0,0,0
1765976277650625,0,-0.384099,4.28139,0,0.855375,0,0,0.51801,-0.384099,4.28139,0,0.855375,0,0,0.51801,2.93764e-06,0,0,-5.87527e-06,0,0,0
1765976277650625,0,-0.384099,4.28139,0,0.855375,0,0,0.51801,-0.384099,4.28139,0,0.855375,0,0,0.51801,2.93764e-06,0,0,-5.87527e-06,0,0,0
1765976277660544,0,-0.384099,4.28139,0,0.855375,0,0,0.51801,-0.384099,4.28139,0,0.855375,0,0,0.51801,-3.00457e-06,0,0,-6.00914e-06,0,0,0
1765976277660544,0,-0.384099,4.28139,0,0.855375,0,0,0.51801,-0.384099,4.28139,0,0.855375,0,0,0.51801,-3.00457e-06,0,0,-6.00914e-06,0,0,0
1765976277670568,0,-0.384099,4.28139,0,0.855375,0,0,0.51801,-0.384099,4.28139,0,0.855375,0,0,0.51801,0,0,0,-5.94619e-06,0,0,0
1765976277670568,0,-0.384099,4.28139,0,0.855375,0,0,0.51801,-0.384099,4.28139,0,0.855375,0,0,0.51801,0,0,0,-5.94619e-06,0,0,0
1765976277680570,0,-0.384099,4.28139,0,0.855375,0,0,0.51801,-0.384099,4.28139,0,0.855375,0,0,0.51801,0,0,0,0,0,0,0
1765976277680570,0,-0.384099,4.28139,0,0.855375,0,0,0.51801,-0.384099,4.28139,0,0.855375,0,0,0.51801,0,0,0,0,0,0,0
1765976277690623,0,-0.384099,4.28139,0,0.855375,0,0,0.51801,-0.384099,4.28139,0,0.855375,0,0,0.51801,0,0,0,0,0,0,0
1765976277690623,0,-0.384099,4.28139,0,0.855375,0,0,0.51801,-0.384099,4.28139,0,0.855375,0,0,0.51801,0,0,0,0,0,0,0
1765976277700710,0,-0.384099,4.28139,0,0.855375,0,0,0.51801,-0.384099,4.28139,0,0.855375,0,0,0.51801,0,0,0,0,0,0,0
1765976277700710,0,-0.384099,4.28139,0,0.855375,0,0,0.51801,-0.384099,4.28139,0,0.855375,0,0,0.51801,0,0,0,0,0,0,0
1765976277710549,0,-0.384099,4.28139,0,0.855375,0,0,0.51801,-0.384099,4.28139,0,0.855375,0,0,0.51801,0,0,0,0,0,0,0
1765976277710549,0,-0.384099,4.28139,0,0.855375,0,0,0.51801,-0.384099,4.28139,0,0.855375,0,0,0.51801,0,0,0,0,0,0,0
1765976277720724,0,-0.384099,4.28139,0,0.855375,0,0,0.51801,-0.384099,4.28139,0,0.855375,0,0,0.51801,0,0,0,5.85795e-06,0,0,0
1765976277720724,0,-0.384099,4.28139,0,0.855375,0,0,0.51801,-0.384099,4.28139,0,0.855375,0,0,0.51801,0,0,0,5.85795e-06,0,0,0
1765976277730529,0,-0.384099,4.28139,0,0.855375,0,0,0.51801,-0.384099,4.28139,0,0.855375,0,0,0.51801,3.0395e-06,0,0,0,0,0,0
1765976277730529,0,-0.384099,4.28139,0,0.855375,0,0,0.51801,-0.384099,4.28139,0,0.855375,0,0,0.51801,3.0395e-06,0,0,0,0,0,0
1765976277740476,0,-0.384099,4.28139,0,0.855375,0,0,0.51801,-0.384099,4.28139,0,0.855375,0,0,0.51801,0,0,0,5.99222e-06,0,0,0
1765976277740476,0,-0.384099,4.28139,0,0.855375,0,0,0.51801,-0.384099,4.28139,0,0.855375,0,0,0.51801,0,0,0,5.99222e-06,0,0,0
1765976277750495,0,-0.384099,4.28139,0,0.855375,0,0,0.51801,-0.384099,4.28139,0,0.855375,0,0,0.51801,0,0,0,0,0,0,0
1765976277750495,0,-0.384099,4.28139,0,0.855375,0,0,0.51801,-0.384099,4.28139,0,0.855375,0,0,0.51801,0,0,0,0,0,0,0
1765976277760496,0,-0.384099,4.28139,0,0.855375,0,0,0.51801,-0.384099,4.28139,0,0.855375,0,0,0.51801,0,0,0,0,0,0,0
1765976277760496,0,-0.384099,4.28139,0,0.855375,0,0,0.51801,-0.384099,4.28139,0,0.855375,0,0,0.51801,0,0,0,0,0,0,0
1765976277770433,0,-0.384099,4.28139,0,0.855375,0,0,0.51801,-0.384099,4.28139,0,0.855375,0,0,0.51801,0,0,0,0,0,0,0
1765976277770433,0,-0.384099,4.28139,0,0.855375,0,0,0.51801,-0.384099,4.28139,0,0.855375,0,0,0.51801,0,0,0,0,0,0,0
1765976277780507,0,-0.384099,4.28139,0,0.855375,0,0,0.51801,-0.384099,4.28139,0,0.855375,0,0,0.51801,0,0,0,-5.91668e-06,0,0,0
1765976277780507,0,-0.384099,4.28139,0,0.855375,0,0,0.51801,-0.384099,4.28139,0,0.855375,0,0,0.51801,0,0,0,-5.91668e-06,0,0,0
1765976277790435,0,-0.384099,4.28139,0,0.855375,0,0,0.51801,-0.384099,4.28139,0,0.855375,0,0,0.51801,3.00185e-06,0,0,-6.00369e-06,0,0,0
1765976277790435,0,-0.384099,4.28139,0,0.855375,0,0,0.51801,-0.384099,4.28139,0,0.855375,0,0,0.51801,3.00185e-06,0,0,-6.00369e-06,0,0,0
1765976277800487,0,-0.384099,4.28139,0,0.855375,0,0,0.51801,-0.384099,4.28139,0,0.855375,0,0,0.51801,0,0,0,0,0,0,0
1765976277800487,0,-0.384099,4.28139,0,0.855375,0,0,0.51801,-0.384099,4.28139,0,0.855375,0,0,0.51801,0,0,0,0,0,0,0
1765976277810473,0,-0.384099,4.28139,0,0.855375,0,0,0.51801,-0.384099,4.28139,0,0.855375,0,0,0.51801,0,0,0,0,0,0,0
1765976277810473,0,-0.384099,4.28139,0,0.855375,0,0,0.51801,-0.384099,4.28139,0,0.855375,0,0,0.51801,0,0,0,0,0,0,0
1765976277820469,0,-0.384099,4.28139,0,0.855375,0,0,0.51801,-0.384099,4.28139,0,0.855375,0,0,0.51801,0,0,0,0,0,0,0
1765976277820469,0,-0.384099,4.28139,0,0.855375,0,0,0.51801,-0.384099,4.28139,0,0.855375,0,0,0.51801,0,0,0,0,0,0,0
1765976277830487,0,-0.384099,4.28139,0,0.855375,0,0,0.51801,-0.384099,4.28139,0,0.855375,0,0,0.51801,0,0,0,0,0,0,0
1765976277830487,0,-0.384099,4.28139,0,0.855375,0,0,0.51801,-0.384099,4.28139,0,0.855375,0,0,0.51801,0,0,0,0,0,0,0
1765976277840483,0,-0.384099,4.28139,0,0.855375,0,0,0.51801,-0.384099,4.28139,0,0.855375,0,0,0.51801,0,0,0,0,0,0,0
1765976277840483,0,-0.384099,4.28139,0,0.855375,0,0,0.51801,-0.384099,4.28139,0,0.855375,0,0,0.51801,0,0,0,0,0,0,0
1765976277850679,0,-0.384099,4.28139,0,0.855375,0,0,0.51801,-0.384099,4.28139,0,0.855375,0,0,0.51801,0,0,0,5.84588e-06,0,0,0
1765976277850679,0,-0.384099,4.28139,0,0.855375,0,0,0.51801,-0.384099,4.28139,0,0.855375,0,0,0.51801,0,0,0,5.84588e-06,0,0,0
1765976277860603,0,-0.384099,4.28139,0,0.855375,0,0,0.51801,-0.384099,4.28139,0,0.855375,0,0,0.51801,0,0,0,0,0,0,0
1765976277860603,0,-0.384099,4.28139,0,0.855375,0,0,0.51801,-0.384099,4.28139,0,0.855375,0,0,0.51801,0,0,0,0,0,0,0
1765976277870568,0,-0.384099,4.28139,0,0.855375,0,0,0.51801,-0.384099,4.28139,0,0.855375,0,0,0.51801,-2.9907e-06,0,0,5.9814e-06,0,0,0
1765976277870568,0,-0.384099,4.28139,0,0.855375,0,0,0.51801,-0.384099,4.28139,0,0.855375,0,0,0.51801,-2.9907e-06,0,0,5.9814e-06,0,0,0
1765976277880512,0,-0.384099,4.28139,0,0.855375,0,0,0.51801,-0.384099,4.28139,0,0.855375,0,0,0.51801,0,0,0,-5.99403e-06,0,0,0
1765976277880512,0,-0.384099,4.28139,0,0.855375,0,0,0.51801,-0.384099,4.28139,0,0.855375,0,0,0.51801,0,0,0,-5.99403e-06,0,0,0
1765976277890503,0,-0.384099,4.28139,0,0.855375,0,0,0.51801,-0.384099,4.28139,0,0.855375,0,0,0.51801,2.98292e-06,0,0,0,0,0,0
1765976277890503,0,-0.384099,4.28139,0,0.855375,0,0,0.51801,-0.384099,4.28139,0,0.855375,0,0,0.51801,2.98292e-06,0,0,0,0,0,0
1765976277900563,0,-0.384099,4.28139,0,0.855375,0,0,0.51801,-0.384099,4.28139,0,0.855375,0,0,0.51801,0,0,0,0,0,0,0
1765976277900563,0,-0.384099,4.28139,0,0.855375,0,0,0.51801,-0.384099,4.28139,0,0.855375,0,0,0.51801,0,0,0,0,0,0,0
1765976277910511,0,-0.384099,4.28139,0,0.855375,0,0,0.51801,-0.384099,4.28139,0,0.855375,0,0,0.51801,0,0,0,0,0,0,0
1765976277910511,0,-0.384099,4.28139,0,0.855375,0,0,0.51801,-0.384099,4.28139,0,0.855375,0,0,0.51801,0,0,0,0,0,0,0
1765976277920653,0,-0.384099,4.28139,0,0.855375,0,0,0.51801,-0.384099,4.28139,0,0.855375,0,0,0.51801,0,0,0,0,0,0,0
1765976277920653,0,-0.384099,4.28139,0,0.855375,0,0,0.51801,-0.384099,4.28139,0,0.855375,0,0,0.51801,0,0,0,0,0,0,0
1765976277930679,0,-0.384099,4.28139,0,0.855375,0,0,0.51801,-0.384099,4.28139,0,0.855375,0,0,0.51801,0,0,0,5.94501e-06,0,0,0
1765976277930679,0,-0.384099,4.28139,0,0.855375,0,0,0.51801,-0.384099,4.28139,0,0.855375,0,0,0.51801,0,0,0,5.94501e-06,0,0,0
1765976277940515,0,-0.384099,4.28139,0,0.855375,0,0,0.51801,-0.384099,4.28139,0,0.855375,0,0,0.51801,0,0,0,0,0,0,0
1765976277940515,0,-0.384099,4.28139,0,0.855375,0,0,0.51801,-0.384099,4.28139,0,0.855375,0,0,0.51801,0,0,0,0,0,0,0
1765976277950594,0,-0.384099,4.28139,0,0.855375,0,0,0.51801,-0.384099,4.28139,0,0.855375,0,0,0.51801,0,0,0,5.91375e-06,0,0,0
1765976277950594,0,-0.384099,4.28139,0,0.855375,0,0,0.51801,-0.384099,4.28139,0,0.855375,0,0,0.51801,0,0,0,5.91375e-06,0,0,0
1765976277960596,0,-0.384099,4.28139,0,0.855375,0,0,0.51801,-0.384099,4.28139,0,0.855375,0,0,0.51801,0,0,0,0,0,0,0
1765976277960596,0,-0.384099,4.28139,0,0.855375,0,0,0.51801,-0.384099,4.28139,0,0.855375,0,0,0.51801,0,0,0,0,0,0,0
1765976277970675,0,-0.384099,4.28139,0,0.855375,0,0,0.51801,-0.384099,4.28139,0,0.855375,0,0,0.51801,0,0,0,0,0,0,0
1765976277970675,0,-0.384099,4.28139,0,0.855375,0,0,0.51801,-0.384099,4.28139,0,0.855375,0,0,0.51801,0,0,0,0,0,0,0
1765976277980605,0,-0.384099,4.28139,0,0.855375,0,0,0.51801,-0.384099,4.28139,0,0.855375,0,0,0.51801,0,0,0,0,0,0,0
1765976277980605,0,-0.384099,4.28139,0,0.855375,0,0,0.51801,-0.384099,4.28139,0,0.855375,0,0,0.51801,0,0,0,0,0,0,0
1765976277990545,0,-0.384099,4.28139,0,0.855375,0,0,0.51801,-0.384099,4.28139,0,0.855375,0,0,0.51801,0,0,0,0,0,0,0
1765976277990545,0,-0.384099,4.28139,0,0.855375,0,0,0.51801,-0.384099,4.28139,0,0.855375,0,0,0.51801,0,0,0,0,0,0,0
1765976278000757,0,-0.384099,4.28139,0,0.855375,0,0,0.51801,-0.384099,4.28139,0,0.855375,0,0,0.51801,0,0,0,0,0,0,0
1765976278000757,0,-0.384099,4.28139,0,0.855375,0,0,0.51801,-0.384099,4.28139,0,0.855375,0,0,0.51801,0,0,0,0,0,0,0
1765976278010597,0,-0.384099,4.28139,0,0.855375,0,0,0.51801,-0.384099,4.28139,0,0.855375,0,0,0.51801,0,0,0,0,0,0,0
1765976278010597,0,-0.384099,4.28139,0,0.855375,0,0,0.51801,-0.384099,4.28139,0,0.855375,0,0,0.51801,0,0,0,0,0,0,0
1765976278020589,0,-0.384099,4.28139,0,0.855375,0,0,0.51801,-0.384099,4.28139,0,0.855375,0,0,0.51801,0,0,0,0,0,0,0
1765976278020589,0,-0.384099,4.28139,0,0.855375,0,0,0.51801,-0.384099,4.28139,0,0.855375,0,0,0.51801,0,0,0,0,0,0,0
1765976278030508,0,-0.384099,4.28139,0,0.855375,0,0,0.51801,-0.384099,4.28139,0,0.855375,0,0,0.51801,0,0,0,0,0,0,0
1765976278030508,0,-0.384099,4.28139,0,0.855375,0,0,0.51801,-0.384099,4.28139,0,0.855375,0,0,0.51801,0,0,0,0,0,0,0
1765976278040481,0,-0.384099,4.28139,0,0.855375,0,0,0.51801,-0.384099,4.28139,0,0.855375,0,0,0.51801,0,0,0,0,0,0,0
1765976278040481,0,-0.384099,4.28139,0,0.855375,0,0,0.51801,-0.384099,4.28139,0,0.855375,0,0,0.51801,0,0,0,0,0,0,0
1765976278050480,0,-0.384099,4.28139,0,0.855375,0,0,0.51801,-0.384099,4.28139,0,0.855375,0,0,0.51801,0,0,0,-5.96106e-06,0,0,0
1765976278050480,0,-0.384099,4.28139,0,0.855375,0,0,0.51801,-0.384099,4.28139,0,0.855375,0,0,0.51801,0,0,0,-5.96106e-06,0,0,0
1765976278060483,0,-0.384099,4.28139,0,0.855375,0,0,0.51801,-0.384099,4.28139,0,0.855375,0,0,0.51801,0,0,0,0,0,0,0
1765976278060483,0,-0.384099,4.28139,0,0.855375,0,0,0.51801,-0.384099,4.28139,0,0.855375,0,0,0.51801,0,0,0,0,0,0,0
1765976278070674,0,-0.384099,4.28139,0,0.855375,0,0,0.51801,-0.384099,4.28139,0,0.855375,0,0,0.51801,0,0,0,0,0,0,0
1765976278070674,0,-0.384099,4.28139,0,0.855375,0,0,0.51801,-0.384099,4.28139,0,0.855375,0,0,0.51801,0,0,0,0,0,0,0
1765976278080553,0,-0.384099,4.28139,0,0.855375,0,0,0.51801,-0.384099,4.28139,0,0.855375,0,0,0.51801,0,0,0,6.03347e-06,0,0,0
1765976278080553,0,-0.384099,4.28139,0,0.855375,0,0,0.51801,-0.384099,4.28139,0,0.855375,0,0,0.51801,0,0,0,6.03347e-06,0,0,0
1765976278090490,0,-0.384099,4.28139,0,0.855375,0,0,0.51801,-0.384099,4.28139,0,0.855375,0,0,0.51801,0,0,0,0,0,0,0
1765976278090490,0,-0.384099,4.28139,0,0.855375,0,0,0.51801,-0.384099,4.28139,0,0.855375,0,0,0.51801,0,0,0,0,0,0,0
1765976278100524,0,-0.384099,4.28139,0,0.855375,0,0,0.51801,-0.384099,4.28139,0,0.855375,0,0,0.51801,-2.97013e-06,0,0,-5.94027e-06,0,0,0
1765976278100524,0,-0.384099,4.28139,0,0.855375,0,0,0.51801,-0.384099,4.28139,0,0.855375,0,0,0.51801,-2.97013e-06,0,0,-5.94027e-06,0,0,0
1765976278110473,0,-0.384099,4.28139,0,0.855375,0,0,0.51801,-0.384099,4.28139,0,0.855375,0,0,0.51801,0,0,0,0,0,0,0
1765976278110473,0,-0.384099,4.28139,0,0.855375,0,0,0.51801,-0.384099,4.28139,0,0.855375,0,0,0.51801,0,0,0,0,0,0,0
1765976278120521,0,-0.384099,4.28139,0,0.855375,0,0,0.51801,-0.384099,4.28139,0,0.855375,0,0,0.51801,0,0,0,0,0,0,0
1765976278120521,0,-0.384099,4.28139,0,0.855375,0,0,0.51801,-0.384099,4.28139,0,0.855375,0,0,0.51801,0,0,0,0,0,0,0
1765976278130470,0,-0.384099,4.28139,0,0.855375,0,0,0.51801,-0.384099,4.28139,0,0.855375,0,0,0.51801,0,0,0,0,0,0,0
1765976278130470,0,-0.384099,4.28139,0,0.855375,0,0,0.51801,-0.384099,4.28139,0,0.855375,0,0,0.51801,0,0,0,0,0,0,0
1765976278140474,0,-0.384099,4.28139,0,0.855375,0,0,0.51801,-0.384099,4.28139,0,0.855375,0,0,0.51801,0,0,0,5.95808e-06,0,0,0
1765976278140474,0,-0.384099,4.28139,0,0.855375,0,0,0.51801,-0.384099,4.28139,0,0.855375,0,0,0.51801,0,0,0,5.95808e-06,0,0,0
1765976278150444,0,-0.384099,4.28139,0,0.855375,0,0,0.51801,-0.384099,4.28139,0,0.855375,0,0,0.51801,0,0,0,0,0,0,0
1765976278150444,0,-0.384099,4.28139,0,0.855375,0,0,0.51801,-0.384099,4.28139,0,0.855375,0,0,0.51801,0,0,0,0,0,0,0
1765976278160492,0,-0.384099,4.28139,0,0.855375,0,0,0.51801,-0.384099,4.28139,0,0.855375,0,0,0.51801,0,0,0,-5.93199e-06,0,0,0
1765976278160492,0,-0.384099,4.28139,0,0.855375,0,0,0.51801,-0.384099,4.28139,0,0.855375,0,0,0.51801,0,0,0,-5.93199e-06,0,0,0
1765976278170521,0,-0.384099,4.28139,0,0.855375,0,0,0.51801,-0.384099,4.28139,0,0.855375,0,0,0.51801,0,0,0,0,0,0,-5.94323e-06
1765976278170521,0,-0.384099,4.28139,0,0.855375,0,0,0.51801,-0.384099,4.28139,0,0.855375,0,0,0.51801,0,0,0,0,0,0,-5.94323e-06
1765976278180502,0,-0.384099,4.28139,0,0.855375,0,0,0.51801,-0.384099,4.28139,0,0.855375,0,0,0.51801,0,0,0,0,0,0,0
1765976278180502,0,-0.384099,4.28139,0,0.855375,0,0,0.51801,-0.384099,4.28139,0,0.855375,0,0,0.51801,0,0,0,0,0,0,0
1765976278190455,0,-0.384099,4.28139,0,0.855375,0,0,0.51801,-0.384099,4.28139,0,0.855375,0,0,0.51801,0,0,0,0,0,0,0
1765976278190455,0,-0.384099,4.28139,0,0.855375,0,0,0.51801,-0.384099,4.28139,0,0.855375,0,0,0.51801,0,0,0,0,0,0,0
1765976278200493,0,-0.384099,4.28139,0,0.855375,0,0,0.51801,-0.384099,4.28139,0,0.855375,0,0,0.51801,-2.96895e-06,0,0,-5.9379e-06,0,0,0
1765976278200493,0,-0.384099,4.28139,0,0.855375,0,0,0.51801,-0.384099,4.28139,0,0.855375,0,0,0.51801,-2.96895e-06,0,0,-5.9379e-06,0,0,0
1765976278210579,0,-0.384099,4.28139,0,0.855375,0,0,0.51801,-0.384099,4.28139,0,0.855375,0,0,0.51801,-2.95482e-06,0,0,0,0,0,0
1765976278210579,0,-0.384099,4.28139,0,0.855375,0,0,0.51801,-0.384099,4.28139,0,0.855375,0,0,0.51801,-2.95482e-06,0,0,0,0,0,0
1765976278220482,0,-0.384099,4.28139,0,0.855375,0,0,0.51801,-0.384099,4.28139,0,0.855375,0,0,0.51801,3.00942e-06,0,0,6.01885e-06,0,0,0
1765976278220482,0,-0.384099,4.28139,0,0.855375,0,0,0.51801,-0.384099,4.28139,0,0.855375,0,0,0.51801,3.00942e-06,0,0,6.01885e-06,0,0,0
1765976278230472,0,-0.384099,4.28139,0,0.855375,0,0,0.51801,-0.384099,4.28139,0,0.855375,0,0,0.51801,0,0,0,-5.96643e-06,0,0,0
1765976278230472,0,-0.384099,4.28139,0,0.855375,0,0,0.51801,-0.384099,4.28139,0,0.855375,0,0,0.51801,0,0,0,-5.96643e-06,0,0,0
1765976278240545,0,-0.384099,4.28139,0,0.855375,0,0,0.51801,-0.384099,4.28139,0,0.855375,0,0,0.51801,0,0,0,0,0,0,0
1765976278240545,0,-0.384099,4.28139,0,0.855375,0,0,0.51801,-0.384099,4.28139,0,0.855375,0,0,0.51801,0,0,0,0,0,0,0
1765976278250679,0,-0.384099,4.28139,0,0.855375,0,0,0.51801,-0.384099,4.28139,0,0.855375,0,0,0.51801,0,0,0,0,0,0,0
1765976278250679,0,-0.384099,4.28139,0,0.855375,0,0,0.51801,-0.384099,4.28139,0,0.855375,0,0,0.51801,0,0,0,0,0,0,0
1765976278260635,0,-0.384099,4.28139,0,0.855375,0,0,0.51801,-0.384099,4.28139,0,0.855375,0,0,0.51801,0,0,0,0,0,0,0
1765976278260635,0,-0.384099,4.28139,0,0.855375,0,0,0.51801,-0.384099,4.28139,0,0.855375,0,0,0.51801,0,0,0,0,0,0,0
1765976278270668,0,-0.384099,4.28139,0,0.855375,0,0,0.51801,-0.384099,4.28139,0,0.855375,0,0,0.51801,-2.97043e-06,0,0,0,0,0,0
1765976278270668,0,-0.384099,4.28139,0,0.855375,0,0,0.51801,-0.384099,4.28139,0,0.855375,0,0,0.51801,-2.97043e-06,0,0,0,0,0,0
1765976278280615,0,-0.384099,4.28139,0,0.855375,0,0,0.51801,-0.384099,4.28139,0,0.855375,0,0,0.51801,0,0,0,0,0,0,0
1765976278280615,0,-0.384099,4.28139,0,0.855375,0,0,0.51801,-0.384099,4.28139,0,0.855375,0,0,0.51801,0,0,0,0,0,0,0
1765976278290624,0,-0.384099,4.28139,0,0.855375,0,0,0.51801,-0.384099,4.28139,0,0.855375,0,0,0.51801,0,0,0,0,0,0,0
1765976278290624,0,-0.384099,4.28139,0,0.855375,0,0,0.51801,-0.384099,4.28139,0,0.855375,0,0,0.51801,0,0,0,0,0,0,0
1765976278300802,0,-0.384099,4.28139,0,0.855375,0,0,0.51801,-0.384099,4.28139,0,0.855375,0,0,0.51801,0,0,0,0,0,0,0
1765976278300802,0,-0.384099,4.28139,0,0.855375,0,0,0.51801,-0.384099,4.28139,0,0.855375,0,0,0.51801,0,0,0,0,0,0,0
1765976278310603,0,-0.384099,4.28139,0,0.855375,0,0,0.51801,-0.384099,4.28139,0,0.855375,0,0,0.51801,-3.04074e-06,0,0,0,0,0,0
1765976278310603,0,-0.384099,4.28139,0,0.855375,0,0,0.51801,-0.384099,4.28139,0,0.855375,0,0,0.51801,-3.04074e-06,0,0,0,0,0,0
1765976278320690,0,-0.384099,4.28139,0,0.855375,0,0,0.51801,-0.384099,4.28139,0,0.855375,0,0,0.51801,0,0,0,0,0,0,0
1765976278320690,0,-0.384099,4.28139,0,0.855375,0,0,0.51801,-0.384099,4.28139,0,0.855375,0,0,0.51801,0,0,0,0,0,0,0
1765976278330668,0,-0.384099,4.28139,0,0.855375,0,0,0.51801,-0.384099,4.28139,0,0.855375,0,0,0.51801,0,0,0,5.97361e-06,0,0,0
1765976278330668,0,-0.384099,4.28139,0,0.855375,0,0,0.51801,-0.384099,4.28139,0,0.855375,0,0,0.51801,0,0,0,5.97361e-06,0,0,0
1765976278340546,0,-0.384099,4.28139,0,0.855375,0,0,0.51801,-0.384099,4.28139,0,0.855375,0,0,0.51801,3.01704e-06,0,0,0,0,0,0
1765976278340546,0,-0.384099,4.28139,0,0.855375,0,0,0.51801,-0.384099,4.28139,0,0.855375,0,0,0.51801,3.01704e-06,0,0,0,0,0,0
1765976278350542,0,-0.384099,4.28139,0,0.855375,0,0,0.51801,-0.384099,4.28139,0,0.855375,0,0,0.51801,2.98142e-06,0,0,5.96285e-06,0,0,0
1765976278350542,0,-0.384099,4.28139,0,0.855375,0,0,0.51801,-0.384099,4.28139,0,0.855375,0,0,0.51801,2.98142e-06,0,0,5.96285e-06,0,0,0
1765976278360585,0,-0.384099,4.28139,0,0.855375,0,0,0.51801,-0.384099,4.28139,0,0.855375,0,0,0.51801,2.96747e-06,0,0,0,0,0,0
1765976278360585,0,-0.384099,4.28139,0,0.855375,0,0,0.51801,-0.384099,4.28139,0,0.855375,0,0,0.51801,2.96747e-06,0,0,0,0,0,0
1765976278370660,0,-0.384099,4.28139,0,0.855375,0,0,0.51801,-0.384099,4.28139,0,0.855375,0,0,0.51801,2.95805e-06,0,0,0,0,0,0
1765976278370660,0,-0.384099,4.28139,0,0.855375,0,0,0.51801,-0.384099,4.28139,0,0.855375,0,0,0.51801,2.95805e-06,0,0,0,0,0,0
1765976278380587,0,-0.384099,4.28139,0,0.855375,0,0,0.51801,-0.384099,4.28139,0,0.855375,0,0,0.51801,0,0,0,0,0,0,0
1765976278380587,0,-0.384099,4.28139,0,0.855375,0,0,0.51801,-0.384099,4.28139,0,0.855375,0,0,0.51801,0,0,0,0,0,0,0
1765976278390632,0,-0.384099,4.28139,0,0.855375,0,0,0.51801,-0.384099,4.28139,0,0.855375,0,0,0.51801,0,0,0,0,0,0,0
1765976278390632,0,-0.384099,4.28139,0,0.855375,0,0,0.51801,-0.384099,4.28139,0,0.855375,0,0,0.51801,0,0,0,0,0,0,0
1765976278400637,0,-0.384099,4.28139,0,0.855375,0,0,0.51801,-0.384099,4.28139,0,0.855375,0,0,0.51801,0,0,0,0,0,0,0
1765976278400637,0,-0.384099,4.28139,0,0.855375,0,0,0.51801,-0.384099,4.28139,0,0.855375,0,0,0.51801,0,0,0,0,0,0,0
1765976278410606,0,-0.384099,4.28139,0,0.855375,0,0,0.51801,-0.384099,4.28139,0,0.855375,0,0,0.51801,0,0,0,0,0,0,0
1765976278410606,0,-0.384099,4.28139,0,0.855375,0,0,0.51801,-0.384099,4.28139,0,0.855375,0,0,0.51801,0,0,0,0,0,0,0
1765976278420631,0,-0.384099,4.28139,0,0.855375,0,0,0.51801,-0.384099,4.28139,0,0.855375,0,0,0.51801,0,0,0,0,0,0,0
1765976278420631,0,-0.384099,4.28139,0,0.855375,0,0,0.51801,-0.384099,4.28139,0,0.855375,0,0,0.51801,0,0,0,0,0,0,0
1765976278430614,0,-0.384099,4.28139,0,0.855375,0,0,0.51801,-0.384099,4.28139,0,0.855375,0,0,0.51801,0,0,0,0,0,0,0
1765976278430614,0,-0.384099,4.28139,0,0.855375,0,0,0.51801,-0.384099,4.28139,0,0.855375,0,0,0.51801,0,0,0,0,0,0,0
1765976278440660,0,-0.384099,4.28139,0,0.855375,0,0,0.51801,-0.384099,4.28139,0,0.855375,0,0,0.51801,0,0,0,0,0,0,0
1765976278440660,0,-0.384099,4.28139,0,0.855375,0,0,0.51801,-0.384099,4.28139,0,0.855375,0,0,0.51801,0,0,0,0,0,0,0
1765976278450692,0,-0.384099,4.28139,0,0.855375,0,0,0.51801,-0.384099,4.28139,0,0.855375,0,0,0.51801,0,0,0,0,0,0,0
1765976278450692,0,-0.384099,4.28139,0,0.855375,0,0,0.51801,-0.384099,4.28139,0,0.855375,0,0,0.51801,0,0,0,0,0,0,0
1765976278460651,0,-0.384099,4.28139,0,0.855375,0,0,0.51801,-0.384099,4.28139,0,0.855375,0,0,0.51801,0,0,0,0,0,0,0
1765976278460651,0,-0.384099,4.28139,0,0.855375,0,0,0.51801,-0.384099,4.28139,0,0.855375,0,0,0.51801,0,0,0,0,0,0,0
1765976278470540,0,-0.384099,4.28139,0,0.855375,0,0,0.51801,-0.384099,4.28139,0,0.855375,0,0,0.51801,0,0,0,0,0,0,0
1765976278470540,0,-0.384099,4.28139,0,0.855375,0,0,0.51801,-0.384099,4.28139,0,0.855375,0,0,0.51801,0,0,0,0,0,0,0
1765976278480705,0,-0.384099,4.28139,0,0.855375,0,0,0.51801,-0.384099,4.28139,0,0.855375,0,0,0.51801,0,0,0,-5.86371e-06,0,0,0
1765976278480705,0,-0.384099,4.28139,0,0.855375,0,0,0.51801,-0.384099,4.28139,0,0.855375,0,0,0.51801,0,0,0,-5.86371e-06,0,0,0
1765976278490636,0,-0.384099,4.28139,0,0.855375,0,0,0.51801,-0.384099,4.28139,0,0.855375,0,0,0.51801,0,0,0,0,0,0,0
1765976278490636,0,-0.384099,4.28139,0,0.855375,0,0,0.51801,-0.384099,4.28139,0,0.855375,0,0,0.51801,0,0,0,0,0,0,0
1765976278500662,0,-0.384099,4.28139,0,0.855375,0,0,0.51801,-0.384099,4.28139,0,0.855375,0,0,0.51801,0,0,0,0,0,0,0
1765976278500662,0,-0.384099,4.28139,0,0.855375,0,0,0.51801,-0.384099,4.28139,0,0.855375,0,0,0.51801,0,0,0,0,0,0,0
1765976278510546,0,-0.384099,4.28139,0,0.855375,0,0,0.51801,-0.384099,4.28139,0,0.855375,0,0,0.51801,0,0,0,0,0,0,0
1765976278510546,0,-0.384099,4.28139,0,0.855375,0,0,0.51801,-0.384099,4.28139,0,0.855375,0,0,0.51801,0,0,0,0,0,0,0
1765976278520651,0,-0.384099,4.28139,0,0.855375,0,0,0.51801,-0.384099,4.28139,0,0.855375,0,0,0.51801,0,0,0,5.89853e-06,0,0,0
1765976278520651,0,-0.384099,4.28139,0,0.855375,0,0,0.51801,-0.384099,4.28139,0,0.855375,0,0,0.51801,0,0,0,5.89853e-06,0,0,0
1765976278530684,0,-0.384099,4.28139,0,0.855375,0,0,0.51801,-0.384099,4.28139,0,0.855375,0,0,0.51801,-2.97043e-06,0,0,0,0,0,0
1765976278530684,0,-0.384099,4.28139,0,0.855375,0,0,0.51801,-0.384099,4.28139,0,0.855375,0,0,0.51801,-2.97043e-06,0,0,0,0,0,0
1765976278540593,0,-0.384099,4.28139,0,0.855375,0,0,0.51801,-0.384099,4.28139,0,0.855375,0,0,0.51801,0,0,0,-6.0152e-06,0,0,0
1765976278540593,0,-0.384099,4.28139,0,0.855375,0,0,0.51801,-0.384099,4.28139,0,0.855375,0,0,0.51801,0,0,0,-6.0152e-06,0,0,0
1765976278550640,0,-0.384099,4.28139,0,0.855375,0,0,0.51801,-0.384099,4.28139,0,0.855375,0,0,0.51801,0,0,0,5.93258e-06,0,0,0
1765976278550640,0,-0.384099,4.28139,0,0.855375,0,0,0.51801,-0.384099,4.28139,0,0.855375,0,0,0.51801,0,0,0,5.93258e-06,0,0,0
1765976278560753,0,-0.384099,4.28139,0,0.855375,0,0,0.51801,-0.384099,4.28139,0,0.855375,0,0,0.51801,2.94693e-06,0,0,0,0,0,0
1765976278560753,0,-0.384099,4.28139,0,0.855375,0,0,0.51801,-0.384099,4.28139,0,0.855375,0,0,0.51801,2.94693e-06,0,0,0,0,0,0
1765976278570670,0,-0.384099,4.28139,0,0.855375,0,0,0.51801,-0.384099,4.28139,0,0.855375,0,0,0.51801,-3.00518e-06,0,0,0,0,0,0
1765976278570670,0,-0.384099,4.28139,0,0.855375,0,0,0.51801,-0.384099,4.28139,0,0.855375,0,0,0.51801,-3.00518e-06,0,0,0,0,0,0
1765976278580729,0,-0.384099,4.28139,0,0.855375,0,0,0.51801,-0.384099,4.28139,0,0.855375,0,0,0.51801,0,0,0,0,0,0,0
1765976278580729,0,-0.384099,4.28139,0,0.855375,0,0,0.51801,-0.384099,4.28139,0,0.855375,0,0,0.51801,0,0,0,0,0,0,0
1765976278590502,0,-0.384099,4.28139,0,0.855375,0,0,0.51801,-0.384099,4.28139,0,0.855375,0,0,0.51801,0,0,0,6.09891e-06,0,0,0
1765976278590502,0,-0.384099,4.28139,0,0.855375,0,0,0.51801,-0.384099,4.28139,0,0.855375,0,0,0.51801,0,0,0,6.09891e-06,0,0,0
1765976278600576,0,-0.384099,4.28139,0,0.855375,0,0,0.51801,-0.384099,4.28139,0,0.855375,0,0,0.51801,0,0,0,-5.91668e-06,0,0,0
1765976278600576,0,-0.384099,4.28139,0,0.855375,0,0,0.51801,-0.384099,4.28139,0,0.855375,0,0,0.51801,0,0,0,-5.91668e-06,0,0,0
1765976278610625,0,-0.384099,4.28139,0,0.855375,0,0,0.51801,-0.384099,4.28139,0,0.855375,0,0,0.51801,0,0,0,0,0,0,0
1765976278610625,0,-0.384099,4.28139,0,0.855375,0,0,0.51801,-0.384099,4.28139,0,0.855375,0,0,0.51801,0,0,0,0,0,0,0
1765976278620630,0,-0.384099,4.28139,0,0.855375,0,0,0.51801,-0.384099,4.28139,0,0.855375,0,0,0.51801,0,0,0,0,0,0,0
1765976278620630,0,-0.384099,4.28139,0,0.855375,0,0,0.51801,-0.384099,4.28139,0,0.855375,0,0,0.51801,0,0,0,0,0,0,0
1765976278630606,0,-0.384099,4.28139,0,0.855375,0,0,0.51801,-0.384099,4.28139,0,0.855375,0,0,0.51801,0,0,0,0,0,0,0
1765976278630606,0,-0.384099,4.28139,0,0.855375,0,0,0.51801,-0.384099,4.28139,0,0.855375,0,0,0.51801,0,0,0,0,0,0,0
1765976278640602,0,-0.384099,4.28139,0,0.855375,0,0,0.51801,-0.384099,4.28139,0,0.855375,0,0,0.51801,0,0,0,0,0,0,0
1765976278640602,0,-0.384099,4.28139,0,0.855375,0,0,0.51801,-0.384099,4.28139,0,0.855375,0,0,0.51801,0,0,0,0,0,0,0
1765976278650559,0,-0.384099,4.28139,0,0.855375,0,0,0.51801,-0.384099,4.28139,0,0.855375,0,0,0.51801,0,0,0,0,0,0,0
1765976278650559,0,-0.384099,4.28139,0,0.855375,0,0,0.51801,-0.384099,4.28139,0,0.855375,0,0,0.51801,0,0,0,0,0,0,0
1765976278660467,0,-0.384099,4.28139,0,0.855375,0,0,0.51801,-0.384099,4.28139,0,0.855375,0,0,0.51801,0,0,0,0,0,0,0
1765976278660467,0,-0.384099,4.28139,0,0.855375,0,0,0.51801,-0.384099,4.28139,0,0.855375,0,0,0.51801,0,0,0,0,0,0,0
1765976278670418,0,-0.384099,4.28139,0,0.855375,0,0,0.51801,-0.384099,4.28139,0,0.855375,0,0,0.51801,0,0,0,0,0,0,0
1765976278670418,0,-0.384099,4.28139,0,0.855375,0,0,0.51801,-0.384099,4.28139,0,0.855375,0,0,0.51801,0,0,0,0,0,0,0
1765976278680541,0,-0.384099,4.28139,0,0.855375,0,0,0.51801,-0.384099,4.28139,0,0.855375,0,0,0.51801,0,0,0,0,0,0,0
1765976278680541,0,-0.384099,4.28139,0,0.855375,0,0,0.51801,-0.384099,4.28139,0,0.855375,0,0,0.51801,0,0,0,0,0,0,0
1765976278690443,0,-0.384099,4.28139,0,0.855375,0,0,0.51801,-0.384099,4.28139,0,0.855375,0,0,0.51801,0,0,0,0,0,0,0
1765976278690443,0,-0.384099,4.28139,0,0.855375,0,0,0.51801,-0.384099,4.28139,0,0.855375,0,0,0.51801,0,0,0,0,0,0,0
1765976278700499,0,-0.384099,4.28139,0,0.855375,0,0,0.51801,-0.384099,4.28139,0,0.855375,0,0,0.51801,0,0,0,0,0,0,0
1765976278700499,0,-0.384099,4.28139,0,0.855375,0,0,0.51801,-0.384099,4.28139,0,0.855375,0,0,0.51801,0,0,0,0,0,0,0
1765976278710495,0,-0.384099,4.28139,0,0.855375,0,0,0.51801,-0.384099,4.28139,0,0.855375,0,0,0.51801,0,0,0,0,0,0,0
1765976278710495,0,-0.384099,4.28139,0,0.855375,0,0,0.51801,-0.384099,4.28139,0,0.855375,0,0,0.51801,0,0,0,0,0,0,0
1765976278720489,0,-0.384099,4.28139,0,0.855375,0,0,0.51801,-0.384099,4.28139,0,0.855375,0,0,0.51801,0,0,0,0,0,0,0
1765976278720489,0,-0.384099,4.28139,0,0.855375,0,0,0.51801,-0.384099,4.28139,0,0.855375,0,0,0.51801,0,0,0,0,0,0,0
1765976278730595,0,-0.384099,4.28139,0,0.855375,0,0,0.51801,-0.384099,4.28139,0,0.855375,0,0,0.51801,0,0,0,-5.89795e-06,0,0,0
1765976278730595,0,-0.384099,4.28139,0,0.855375,0,0,0.51801,-0.384099,4.28139,0,0.855375,0,0,0.51801,0,0,0,-5.89795e-06,0,0,0
1765976278740451,0,-0.384099,4.28139,0,0.855375,0,0,0.51801,-0.384099,4.28139,0,0.855375,0,0,0.51801,0,0,0,0,0,0,0
1765976278740451,0,-0.384099,4.28139,0,0.855375,0,0,0.51801,-0.384099,4.28139,0,0.855375,0,0,0.51801,0,0,0,0,0,0,0
1765976278750412,0,-0.384099,4.28139,0,0.855375,0,0,0.51801,-0.384099,4.28139,0,0.855375,0,0,0.51801,0,0,0,0,0,0,0
1765976278750412,0,-0.384099,4.28139,0,0.855375,0,0,0.51801,-0.384099,4.28139,0,0.855375,0,0,0.51801,0,0,0,0,0,0,0
1765976278760478,0,-0.384099,4.28139,0,0.855375,0,0,0.51801,-0.384099,4.28139,0,0.855375,0,0,0.51801,0,0,0,0,0,0,0
1765976278760478,0,-0.384099,4.28139,0,0.855375,0,0,0.51801,-0.384099,4.28139,0,0.855375,0,0,0.51801,0,0,0,0,0,0,0
1765976278770495,0,-0.384099,4.28139,0,0.855375,0,0,0.51801,-0.384099,4.28139,0,0.855375,0,0,0.51801,0,0,0,0,0,0,0
1765976278770495,0,-0.384099,4.28139,0,0.855375,0,0,0.51801,-0.384099,4.28139,0,0.855375,0,0,0.51801,0,0,0,0,0,0,0
1765976278780536,0,-0.384099,4.28139,0,0.855375,0,0,0.51801,-0.384099,4.28139,0,0.855375,0,0,0.51801,-2.96806e-06,0,0,0,0,0,0
1765976278780536,0,-0.384099,4.28139,0,0.855375,0,0,0.51801,-0.384099,4.28139,0,0.855375,0,0,0.51801,-2.96806e-06,0,0,0,0,0,0
1765976278790433,0,-0.384099,4.28139,0,0.855375,0,0,0.51801,-0.384099,4.28139,0,0.855375,0,0,0.51801,0,0,0,6.0225e-06,0,0,0
1765976278790433,0,-0.384099,4.28139,0,0.855375,0,0,0.51801,-0.384099,4.28139,0,0.855375,0,0,0.51801,0,0,0,6.0225e-06,0,0,0
1765976278800581,0,-0.384099,4.28139,0,0.855375,0,0,0.51801,-0.384099,4.28139,0,0.855375,0,0,0.51801,0,0,0,-5.87354e-06,0,0,0
1765976278800581,0,-0.384099,4.28139,0,0.855375,0,0,0.51801,-0.384099,4.28139,0,0.855375,0,0,0.51801,0,0,0,-5.87354e-06,0,0,0
1765976278810503,0,-0.384099,4.28139,0,0.855375,0,0,0.51801,-0.384099,4.28139,0,0.855375,0,0,0.51801,0,0,0,6.00732e-06,0,0,0
1765976278810503,0,-0.384099,4.28139,0,0.855375,0,0,0.51801,-0.384099,4.28139,0,0.855375,0,0,0.51801,0,0,0,6.00732e-06,0,0,0
1765976278820492,0,-0.384099,4.28139,0,0.855375,0,0,0.51801,-0.384099,4.28139,0,0.855375,0,0,0.51801,0,0,0,0,0,0,0
1765976278820492,0,-0.384099,4.28139,0,0.855375,0,0,0.51801,-0.384099,4.28139,0,0.855375,0,0,0.51801,0,0,0,0,0,0,0
1765976278830535,0,-0.384099,4.28139,0,0.855375,0,0,0.51801,-0.384099,4.28139,0,0.855375,0,0,0.51801,2.96747e-06,0,0,0,0,0,0
1765976278830535,0,-0.384099,4.28139,0,0.855375,0,0,0.51801,-0.384099,4.28139,0,0.855375,0,0,0.51801,2.96747e-06,0,0,0,0,0,0
1765976278840593,0,-0.384099,4.28139,0,0.855375,0,0,0.51801,-0.384099,4.28139,0,0.855375,0,0,0.51801,0,0,0,0,0,0,0
1765976278840593,0,-0.384099,4.28139,0,0.855375,0,0,0.51801,-0.384099,4.28139,0,0.855375,0,0,0.51801,0,0,0,0,0,0,0
1765976278850546,0,-0.384099,4.28139,0,0.855375,0,0,0.51801,-0.384099,4.28139,0,0.855375,0,0,0.51801,0,0,0,0,0,0,0
1765976278850546,0,-0.384099,4.28139,0,0.855375,0,0,0.51801,-0.384099,4.28139,0,0.855375,0,0,0.51801,0,0,0,0,0,0,0
1765976278860451,0,-0.384099,4.28139,0,0.855375,0,0,0.51801,-0.384099,4.28139,0,0.855375,0,0,0.51801,0,0,0,0,0,0,0
1765976278860451,0,-0.384099,4.28139,0,0.855375,0,0,0.51801,-0.384099,4.28139,0,0.855375,0,0,0.51801,0,0,0,0,0,0,0
1765976278870430,0,-0.384099,4.28139,0,0.855375,0,0,0.51801,-0.384099,4.28139,0,0.855375,0,0,0.51801,0,0,0,0,0,0,0
1765976278870430,0,-0.384099,4.28139,0,0.855375,0,0,0.51801,-0.384099,4.28139,0,0.855375,0,0,0.51801,0,0,0,0,0,0,0
1765976278880605,0,-0.384099,4.28139,0,0.855375,0,0,0.51801,-0.384099,4.28139,0,0.855375,0,0,0.51801,0,0,0,-5.85795e-06,0,0,0
1765976278880605,0,-0.384099,4.28139,0,0.855375,0,0,0.51801,-0.384099,4.28139,0,0.855375,0,0,0.51801,0,0,0,-5.85795e-06,0,0,0
1765976278890462,0,-0.384099,4.28139,0,0.855375,0,0,0.51801,-0.384099,4.28139,0,0.855375,0,0,0.51801,0,0,0,6.04694e-06,0,0,0
1765976278890462,0,-0.384099,4.28139,0,0.855375,0,0,0.51801,-0.384099,4.28139,0,0.855375,0,0,0.51801,0,0,0,6.04694e-06,0,0,0
1765976278900600,0,-0.384099,4.28139,0,0.855375,0,0,0.51801,-0.384099,4.28139,0,0.855375,0,0,0.51801,2.93966e-06,0,0,0,0,0,0
1765976278900600,0,-0.384099,4.28139,0,0.855375,0,0,0.51801,-0.384099,4.28139,0,0.855375,0,0,0.51801,2.93966e-06,0,0,0,0,0,0
1765976278910466,0,-0.384099,4.28139,0,0.855375,0,0,0.51801,-0.384099,4.28139,0,0.855375,0,0,0.51801,0,0,0,0,0,0,0
1765976278910466,0,-0.384099,4.28139,0,0.855375,0,0,0.51801,-0.384099,4.28139,0,0.855375,0,0,0.51801,0,0,0,0,0,0,0
1765976278920485,0,-0.384099,4.28139,0,0.855375,0,0,0.51801,-0.384099,4.28139,0,0.855375,0,0,0.51801,0,0,0,0,0,0,0
1765976278920485,0,-0.384099,4.28139,0,0.855375,0,0,0.51801,-0.384099,4.28139,0,0.855375,0,0,0.51801,0,0,0,0,0,0,0
1765976278930504,0,-0.384099,4.28139,0,0.855375,0,0,0.51801,-0.384099,4.28139,0,0.855375,0,0,0.51801,0,0,0,0,0,0,0
1765976278930504,0,-0.384099,4.28139,0,0.855375,0,0,0.51801,-0.384099,4.28139,0,0.855375,0,0,0.51801,0,0,0,0,0,0,0
1765976278940479,0,-0.384099,4.28139,0,0.855375,0,0,0.51801,-0.384099,4.28139,0,0.855375,0,0,0.51801,0,0,0,5.9754e-06,0,0,5.9754e-06
1765976278940479,0,-0.384099,4.28139,0,0.855375,0,0,0.51801,-0.384099,4.28139,0,0.855375,0,0,0.51801,0,0,0,5.9754e-06,0,0,5.9754e-06
1765976278950444,0,-0.384099,4.28139,0,0.855375,0,0,0.51801,-0.384099,4.28139,0,0.855375,0,0,0.51801,-2.9907e-06,0,0,-5.9814e-06,0,0,0
1765976278950444,0,-0.384099,4.28139,0,0.855375,0,0,0.51801,-0.384099,4.28139,0,0.855375,0,0,0.51801,-2.9907e-06,0,0,-5.9814e-06,0,0,0
1765976278960415,0,-0.384099,4.28139,0,0.855375,0,0,0.51801,-0.384099,4.28139,0,0.855375,0,0,0.51801,-2.9889e-06,0,0,0,0,0,0
1765976278960415,0,-0.384099,4.28139,0,0.855375,0,0,0.51801,-0.384099,4.28139,0,0.855375,0,0,0.51801,-2.9889e-06,0,0,0,0,0,0
1765976278970517,0,-0.384099,4.28139,0,0.855375,0,0,0.51801,-0.384099,4.28139,0,0.855375,0,0,0.51801,0,0,0,0,0,0,0
1765976278970517,0,-0.384099,4.28139,0,0.855375,0,0,0.51801,-0.384099,4.28139,0,0.855375,0,0,0.51801,0,0,0,0,0,0,0
1765976278980457,0,-0.384099,4.28139,0,0.855375,0,0,0.51801,-0.384099,4.28139,0,0.855375,0,0,0.51801,0,0,0,0,0,0,0
1765976278980457,0,-0.384099,4.28139,0,0.855375,0,0,0.51801,-0.384099,4.28139,0,0.855375,0,0,0.51801,0,0,0,0,0,0,0
1765976278990541,0,-0.384099,4.28139,0,0.855375,0,0,0.51801,-0.384099,4.28139,0,0.855375,0,0,0.51801,0,0,0,0,0,0,0
1765976278990541,0,-0.384099,4.28139,0,0.855375,0,0,0.51801,-0.384099,4.28139,0,0.855375,0,0,0.51801,0,0,0,0,0,0,0
1765976279000541,0,-0.384099,4.28139,0,0.855375,0,0,0.51801,-0.384099,4.28139,0,0.855375,0,0,0.51801,0,0,0,0,0,0,0
1765976279000541,0,-0.384099,4.28139,0,0.855375,0,0,0.51801,-0.384099,4.28139,0,0.855375,0,0,0.51801,0,0,0,0,0,0,0
1765976279010492,0,-0.384099,4.28139,0,0.855375,0,0,0.51801,-0.384099,4.28139,0,0.855375,0,0,0.51801,0,0,0,0,0,0,0
1765976279010492,0,-0.384099,4.28139,0,0.855375,0,0,0.51801,-0.384099,4.28139,0,0.855375,0,0,0.51801,0,0,0,0,0,0,0
1765976279020490,0,-0.384099,4.28139,0,0.855375,0,0,0.51801,-0.384099,4.28139,0,0.855375,0,0,0.51801,2.98083e-06,0,0,0,0,0,0
1765976279020490,0,-0.384099,4.28139,0,0.855375,0,0,0.51801,-0.384099,4.28139,0,0.855375,0,0,0.51801,2.98083e-06,0,0,0,0,0,0
1765976279030499,0,-0.384099,4.28139,0,0.855375,0,0,0.51801,-0.384099,4.28139,0,0.855375,0,0,0.51801,0,0,0,0,0,0,0
1765976279030499,0,-0.384099,4.28139,0,0.855375,0,0,0.51801,-0.384099,4.28139,0,0.855375,0,0,0.51801,0,0,0,0,0,0,0
1765976279040480,0,-0.384099,4.28139,0,0.855375,0,0,0.51801,-0.384099,4.28139,0,0.855375,0,0,0.51801,0,0,0,0,0,0,0
1765976279040480,0,-0.384099,4.28139,0,0.855375,0,0,0.51801,-0.384099,4.28139,0,0.855375,0,0,0.51801,0,0,0,0,0,0,0
1765976279050511,0,-0.384099,4.28139,0,0.855375,0,0,0.51801,-0.384099,4.28139,0,0.855375,0,0,0.51801,0,0,0,-5.94204e-06,0,0,-5.94204e-06
1765976279050511,0,-0.384099,4.28139,0,0.855375,0,0,0.51801,-0.384099,4.28139,0,0.855375,0,0,0.51801,0,0,0,-5.94204e-06,0,0,-5.94204e-06
1765976279060538,0,-0.384099,4.28139,0,0.855375,0,0,0.51801,-0.384099,4.28139,0,0.855375,0,0,0.51801,0,0,0,0,0,0,0
1765976279060538,0,-0.384099,4.28139,0,0.855375,0,0,0.51801,-0.384099,4.28139,0,0.855375,0,0,0.51801,0,0,0,0,0,0,0
1765976279070575,0,-0.384099,4.28139,0,0.855375,0,0,0.51801,-0.384099,4.28139,0,0.855375,0,0,0.51801,0,0,0,-5.93849e-06,0,0,0
1765976279070575,0,-0.384099,4.28139,0,0.855375,0,0,0.51801,-0.384099,4.28139,0,0.855375,0,0,0.51801,0,0,0,-5.93849e-06,0,0,0
1765976279080649,0,-0.384099,4.28139,0,0.855375,0,0,0.51801,-0.384099,4.28139,0,0.855375,0,0,0.51801,0,0,0,5.91668e-06,0,0,0
1765976279080649,0,-0.384099,4.28139,0,0.855375,0,0,0.51801,-0.384099,4.28139,0,0.855375,0,0,0.51801,0,0,0,5.91668e-06,0,0,0
1765976279090570,0,-0.384099,4.28139,0,0.855375,0,0,0.51801,-0.384099,4.28139,0,0.855375,0,0,0.51801,3.00396e-06,0,0,0,0,0,0
1765976279090570,0,-0.384099,4.28139,0,0.855375,0,0,0.51801,-0.384099,4.28139,0,0.855375,0,0,0.51801,3.00396e-06,0,0,0,0,0,0
1765976279100660,0,-0.384099,4.28139,0,0.855375,0,0,0.51801,-0.384099,4.28139,0,0.855375,0,0,0.51801,0,0,0,0,0,0,0
1765976279100660,0,-0.384099,4.28139,0,0.855375,0,0,0.51801,-0.384099,4.28139,0,0.855375,0,0,0.51801,0,0,0,0,0,0,0
1765976279110624,0,-0.384099,4.28139,0,0.855375,0,0,0.51801,-0.384099,4.28139,0,0.855375,0,0,0.51801,0,0,0,0,0,0,0
1765976279110624,0,-0.384099,4.28139,0,0.855375,0,0,0.51801,-0.384099,4.28139,0,0.855375,0,0,0.51801,0,0,0,0,0,0,0
1765976279120501,0,-0.384099,4.28139,0,0.855375,0,0,0.51801,-0.384099,4.28139,0,0.855375,0,0,0.51801,0,0,0,6.03469e-06,0,0,0
1765976279120501,0,-0.384099,4.28139,0,0.855375,0,0,0.51801,-0.384099,4.28139,0,0.855375,0,0,0.51801,0,0,0,6.03469e-06,0,0,0
1765976279130542,0,-0.384099,4.28139,0,0.855375,0,0,0.51801,-0.384099,4.28139,0,0.855375,0,0,0.51801,0,0,0,0,0,0,0
1765976279130542,0,-0.384099,4.28139,0,0.855375,0,0,0.51801,-0.384099,4.28139,0,0.855375,0,0,0.51801,0,0,0,0,0,0,0
1765976279140463,0,-0.384099,4.28139,0,0.855375,0,0,0.51801,-0.384099,4.28139,0,0.855375,0,0,0.51801,0,0,0,0,0,0,0
1765976279140463,0,-0.384099,4.28139,0,0.855375,0,0,0.51801,-0.384099,4.28139,0,0.855375,0,0,0.51801,0,0,0,0,0,0,0
1765976279150420,0,-0.384099,4.28139,0,0.855375,0,0,0.51801,-0.384099,4.28139,0,0.855375,0,0,0.51801,0,0,0,0,0,0,0
1765976279150420,0,-0.384099,4.28139,0,0.855375,0,0,0.51801,-0.384099,4.28139,0,0.855375,0,0,0.51801,0,0,0,0,0,0,0
1765976279160470,0,-0.384099,4.28139,0,0.855375,0,0,0.51801,-0.384099,4.28139,0,0.855375,0,0,0.51801,-2.96541e-06,0,0,0,0,0,0
1765976279160470,0,-0.384099,4.28139,0,0.855375,0,0,0.51801,-0.384099,4.28139,0,0.855375,0,0,0.51801,-2.96541e-06,0,0,0,0,0,0
1765976279170493,0,-0.384099,4.28139,0,0.855375,0,0,0.51801,-0.384099,4.28139,0,0.855375,0,0,0.51801,0,0,0,0,0,0,0
1765976279170493,0,-0.384099,4.28139,0,0.855375,0,0,0.51801,-0.384099,4.28139,0,0.855375,0,0,0.51801,0,0,0,0,0,0,0
1765976279180486,0,-0.384099,4.28139,0,0.855375,0,0,0.51801,-0.384099,4.28139,0,0.855375,0,0,0.51801,2.98232e-06,0,0,0,0,0,0
1765976279180486,0,-0.384099,4.28139,0,0.855375,0,0,0.51801,-0.384099,4.28139,0,0.855375,0,0,0.51801,2.98232e-06,0,0,0,0,0,0
1765976279190475,0,-0.384099,4.28139,0,0.855375,0,0,0.51801,-0.384099,4.28139,0,0.855375,0,0,0.51801,-2.98351e-06,0,0,-5.96703e-06,0,0,0
1765976279190475,0,-0.384099,4.28139,0,0.855375,0,0,0.51801,-0.384099,4.28139,0,0.855375,0,0,0.51801,-2.98351e-06,0,0,-5.96703e-06,0,0,0
1765976279200476,0,-0.384099,4.28139,0,0.855375,0,0,0.51801,-0.384099,4.28139,0,0.855375,0,0,0.51801,0,0,0,0,0,0,0
1765976279200476,0,-0.384099,4.28139,0,0.855375,0,0,0.51801,-0.384099,4.28139,0,0.855375,0,0,0.51801,0,0,0,0,0,0,0
1765976279210475,0,-0.384099,4.28139,0,0.855375,0,0,0.51801,-0.384099,4.28139,0,0.855375,0,0,0.51801,0,0,0,0,0,0,0
1765976279210475,0,-0.384099,4.28139,0,0.855375,0,0,0.51801,-0.384099,4.28139,0,0.855375,0,0,0.51801,0,0,0,0,0,0,0
1765976279220541,0,-0.384099,4.28139,0,0.855375,0,0,0.51801,-0.384099,4.28139,0,0.855375,0,0,0.51801,0,0,0,0,0,0,0
1765976279220541,0,-0.384099,4.28139,0,0.855375,0,0,0.51801,-0.384099,4.28139,0,0.855375,0,0,0.51801,0,0,0,0,0,0,0
1765976279230578,0,-0.384099,4.28139,0,0.855375,0,0,0.51801,-0.384099,4.28139,0,0.855375,0,0,0.51801,0,0,0,0,0,0,0
1765976279230578,0,-0.384099,4.28139,0,0.855375,0,0,0.51801,-0.384099,4.28139,0,0.855375,0,0,0.51801,0,0,0,0,0,0,0
1765976279240681,0,-0.384099,4.28139,0,0.855375,0,0,0.51801,-0.384099,4.28139,0,0.855375,0,0,0.51801,0,0,0,-5.8997e-06,0,0,0
1765976279240681,0,-0.384099,4.28139,0,0.855375,0,0,0.51801,-0.384099,4.28139,0,0.855375,0,0,0.51801,0,0,0,-5.8997e-06,0,0,0
1765976279250697,0,-0.384099,4.28139,0,0.855375,0,0,0.51801,-0.384099,4.28139,0,0.855375,0,0,0.51801,-2.97547e-06,0,0,0,0,0,0
1765976279250697,0,-0.384099,4.28139,0,0.855375,0,0,0.51801,-0.384099,4.28139,0,0.855375,0,0,0.51801,-2.97547e-06,0,0,0,0,0,0
1765976279260661,0,-0.384099,4.28139,0,0.855375,0,0,0.51801,-0.384099,4.28139,0,0.855375,0,0,0.51801,0,0,0,0,0,0,0
1765976279260661,0,-0.384099,4.28139,0,0.855375,0,0,0.51801,-0.384099,4.28139,0,0.855375,0,0,0.51801,0,0,0,0,0,0,0
1765976279270677,0,-0.384099,4.28139,0,0.855375,0,0,0.51801,-0.384099,4.28139,0,0.855375,0,0,0.51801,0,0,0,0,0,0,0
1765976279270677,0,-0.384099,4.28139,0,0.855375,0,0,0.51801,-0.384099,4.28139,0,0.855375,0,0,0.51801,0,0,0,0,0,0,0
1765976279280658,0,-0.384099,4.28139,0,0.855375,0,0,0.51801,-0.384099,4.28139,0,0.855375,0,0,0.51801,2.98591e-06,0,0,0,0,0,0
1765976279280658,0,-0.384099,4.28139,0,0.855375,0,0,0.51801,-0.384099,4.28139,0,0.855375,0,0,0.51801,2.98591e-06,0,0,0,0,0,0
1765976279290615,0,-0.384099,4.28139,0,0.855375,0,0,0.51801,-0.384099,4.28139,0,0.855375,0,0,0.51801,0,0,0,0,0,0,0
1765976279290615,0,-0.384099,4.28139,0,0.855375,0,0,0.51801,-0.384099,4.28139,0,0.855375,0,0,0.51801,0,0,0,0,0,0,0
1765976279300681,0,-0.384099,4.28139,0,0.855375,0,0,0.51801,-0.384099,4.28139,0,0.855375,0,0,0.51801,0,0,0,0,0,0,0
1765976279300681,0,-0.384099,4.28139,0,0.855375,0,0,0.51801,-0.384099,4.28139,0,0.855375,0,0,0.51801,0,0,0,0,0,0,0
1765976279310606,0,-0.384099,4.28139,0,0.855375,0,0,0.51801,-0.384099,4.28139,0,0.855375,0,0,0.51801,0,0,0,6.00551e-06,0,0,6.00551e-06
1765976279310606,0,-0.384099,4.28139,0,0.855375,0,0,0.51801,-0.384099,4.28139,0,0.855375,0,0,0.51801,0,0,0,6.00551e-06,0,0,6.00551e-06
1765976279320721,0,-0.384099,4.28139,0,0.855375,0,0,0.51801,-0.384099,4.28139,0,0.855375,0,0,0.51801,0,0,0,0,0,0,0
1765976279320721,0,-0.384099,4.28139,0,0.855375,0,0,0.51801,-0.384099,4.28139,0,0.855375,0,0,0.51801,0,0,0,0,0,0,0
1765976279330543,0,-0.384099,4.28139,0,0.855375,0,0,0.51801,-0.384099,4.28139,0,0.855375,0,0,0.51801,3.03424e-06,0,0,6.06848e-06,0,0,0
1765976279330543,0,-0.384099,4.28139,0,0.855375,0,0,0.51801,-0.384099,4.28139,0,0.855375,0,0,0.51801,3.03424e-06,0,0,6.06848e-06,0,0,0
1765976279340474,0,-0.384099,4.28139,0,0.855375,0,0,0.51801,-0.384099,4.28139,0,0.855375,0,0,0.51801,0,0,0,0,0,0,0
1765976279340474,0,-0.384099,4.28139,0,0.855375,0,0,0.51801,-0.384099,4.28139,0,0.855375,0,0,0.51801,0,0,0,0,0,0,0
1765976279350582,0,-0.384099,4.28139,0,0.855375,0,0,0.51801,-0.384099,4.28139,0,0.855375,0,0,0.51801,0,0,0,0,0,0,0
1765976279350582,0,-0.384099,4.28139,0,0.855375,0,0,0.51801,-0.384099,4.28139,0,0.855375,0,0,0.51801,0,0,0,0,0,0,0
1765976279360585,0,-0.384099,4.28139,0,0.855375,0,0,0.51801,-0.384099,4.28139,0,0.855375,0,0,0.51801,0,0,0,0,0,0,0
1765976279360585,0,-0.384099,4.28139,0,0.855375,0,0,0.51801,-0.384099,4.28139,0,0.855375,0,0,0.51801,0,0,0,0,0,0,0
1765976279370661,0,-0.384099,4.28139,0,0.855375,0,0,0.51801,-0.384099,4.28139,0,0.855375,0,0,0.51801,0,0,0,0,0,0,0
1765976279370661,0,-0.384099,4.28139,0,0.855375,0,0,0.51801,-0.384099,4.28139,0,0.855375,0,0,0.51801,0,0,0,0,0,0,0
1765976279380594,0,-0.384099,4.28139,0,0.855375,0,0,0.51801,-0.384099,4.28139,0,0.855375,0,0,0.51801,0,0,0,0,0,0,0
1765976279380594,0,-0.384099,4.28139,0,0.855375,0,0,0.51801,-0.384099,4.28139,0,0.855375,0,0,0.51801,0,0,0,0,0,0,0
1765976279390543,0,-0.384099,4.28139,0,0.855375,0,0,0.51801,-0.384099,4.28139,0,0.855375,0,0,0.51801,0,0,0,0,0,0,0
1765976279390543,0,-0.384099,4.28139,0,0.855375,0,0,0.51801,-0.384099,4.28139,0,0.855375,0,0,0.51801,0,0,0,0,0,0,0
1765976279400537,0,-0.384099,4.28139,0,0.855375,0,0,0.51801,-0.384099,4.28139,0,0.855375,0,0,0.51801,0,0,0,0,0,0,0
1765976279400537,0,-0.384099,4.28139,0,0.855375,0,0,0.51801,-0.384099,4.28139,0,0.855375,0,0,0.51801,0,0,0,0,0,0,0
1765976279410513,0,-0.384099,4.28139,0,0.855375,0,0,0.51801,-0.384099,4.28139,0,0.855375,0,0,0.51801,0,0,0,0,0,0,0
1765976279410513,0,-0.384099,4.28139,0,0.855375,0,0,0.51801,-0.384099,4.28139,0,0.855375,0,0,0.51801,0,0,0,0,0,0,0
1765976279420533,0,-0.384099,4.28139,0,0.855375,0,0,0.51801,-0.384099,4.28139,0,0.855375,0,0,0.51801,0,0,0,0,0,0,0
1765976279420533,0,-0.384099,4.28139,0,0.855375,0,0,0.51801,-0.384099,4.28139,0,0.855375,0,0,0.51801,0,0,0,0,0,0,0
1765976279430508,0,-0.384099,4.28139,0,0.855375,0,0,0.51801,-0.384099,4.28139,0,0.855375,0,0,0.51801,0,0,0,0,0,0,0
1765976279430508,0,-0.384099,4.28139,0,0.855375,0,0,0.51801,-0.384099,4.28139,0,0.855375,0,0,0.51801,0,0,0,0,0,0,0
1765976279440497,0,-0.384099,4.28139,0,0.855375,0,0,0.51801,-0.384099,4.28139,0,0.855375,0,0,0.51801,-2.98351e-06,0,0,0,0,0,0
1765976279440497,0,-0.384099,4.28139,0,0.855375,0,0,0.51801,-0.384099,4.28139,0,0.855375,0,0,0.51801,-2.98351e-06,0,0,0,0,0,0
1765976279450534,0,-0.384099,4.28139,0,0.855375,0,0,0.51801,-0.384099,4.28139,0,0.855375,0,0,0.51801,0,0,0,0,0,0,0
1765976279450534,0,-0.384099,4.28139,0,0.855375,0,0,0.51801,-0.384099,4.28139,0,0.855375,0,0,0.51801,0,0,0,0,0,0,0
1765976279460578,0,-0.384099,4.28139,0,0.855375,0,0,0.51801,-0.384099,4.28139,0,0.855375,0,0,0.51801,2.96718e-06,0,0,0,0,0,0
1765976279460578,0,-0.384099,4.28139,0,0.855375,0,0,0.51801,-0.384099,4.28139,0,0.855375,0,0,0.51801,2.96718e-06,0,0,0,0,0,0
1765976279470456,0,-0.384099,4.28139,0,0.855375,0,0,0.51801,-0.384099,4.28139,0,0.855375,0,0,0.51801,0,0,0,0,0,0,0
1765976279470456,0,-0.384099,4.28139,0,0.855375,0,0,0.51801,-0.384099,4.28139,0,0.855375,0,0,0.51801,0,0,0,0,0,0,0
1765976279480610,0,-0.384099,4.28139,0,0.855375,0,0,0.51801,-0.384099,4.28139,0,0.855375,0,0,0.51801,0,0,0,-5.87007e-06,0,0,0
1765976279480610,0,-0.384099,4.28139,0,0.855375,0,0,0.51801,-0.384099,4.28139,0,0.855375,0,0,0.51801,0,0,0,-5.87007e-06,0,0,0
1765976279490461,0,-0.384099,4.28139,0,0.855375,0,0,0.51801,-0.384099,4.28139,0,0.855375,0,0,0.51801,0,0,0,0,0,0,0
1765976279490461,0,-0.384099,4.28139,0,0.855375,0,0,0.51801,-0.384099,4.28139,0,0.855375,0,0,0.51801,0,0,0,0,0,0,0
1765976279500512,0,-0.384099,4.28139,0,0.855375,0,0,0.51801,-0.384099,4.28139,0,0.855375,0,0,0.51801,0,0,0,0,0,0,0
1765976279500512,0,-0.384099,4.28139,0,0.855375,0,0,0.51801,-0.384099,4.28139,0,0.855375,0,0,0.51801,0,0,0,0,0,0,0
1765976279510479,0,-0.384099,4.28139,0,0.855375,0,0,0.51801,-0.384099,4.28139,0,0.855375,0,0,0.51801,0,0,0,-5.9802e-06,0,0,0
1765976279510479,0,-0.384099,4.28139,0,0.855375,0,0,0.51801,-0.384099,4.28139,0,0.855375,0,0,0.51801,0,0,0,-5.9802e-06,0,0,0
1765976279520487,0,-0.384099,4.28139,0,0.855375,0,0,0.51801,-0.384099,4.28139,0,0.855375,0,0,0.51801,0,0,0,0,0,0,0
1765976279520487,0,-0.384099,4.28139,0,0.855375,0,0,0.51801,-0.384099,4.28139,0,0.855375,0,0,0.51801,0,0,0,0,0,0,0
1765976279530552,0,-0.384099,4.28139,0,0.855375,0,0,0.51801,-0.384099,4.28139,0,0.855375,0,0,0.51801,0,0,0,0,0,0,0
1765976279530552,0,-0.384099,4.28139,0,0.855375,0,0,0.51801,-0.384099,4.28139,0,0.855375,0,0,0.51801,0,0,0,0,0,0,0
1765976279540608,0,-0.384099,4.28139,0,0.855375,0,0,0.51801,-0.384099,4.28139,0,0.855375,0,0,0.51801,0,0,0,0,0,0,0
1765976279540608,0,-0.384099,4.28139,0,0.855375,0,0,0.51801,-0.384099,4.28139,0,0.855375,0,0,0.51801,0,0,0,0,0,0,0
1765976279550688,0,-0.384099,4.28139,0,0.855375,0,0,0.51801,-0.384099,4.28139,0,0.855375,0,0,0.51801,0,0,0,0,0,0,0
1765976279550688,0,-0.384099,4.28139,0,0.855375,0,0,0.51801,-0.384099,4.28139,0,0.855375,0,0,0.51801,0,0,0,0,0,0,0
1765976279560503,0,-0.384099,4.28139,0,0.855375,0,0,0.51801,-0.384099,4.28139,0,0.855375,0,0,0.51801,0,0,0,0,0,0,0
1765976279560503,0,-0.384099,4.28139,0,0.855375,0,0,0.51801,-0.384099,4.28139,0,0.855375,0,0,0.51801,0,0,0,0,0,0,0
1765976279570519,0,-0.384099,4.28139,0,0.855375,0,0,0.51801,-0.384099,4.28139,0,0.855375,0,0,0.51801,0,0,0,0,0,0,0
1765976279570519,0,-0.384099,4.28139,0,0.855375,0,0,0.51801,-0.384099,4.28139,0,0.855375,0,0,0.51801,0,0,0,0,0,0,0
1765976279580513,0,-0.384099,4.28139,0,0.855375,0,0,0.51801,-0.384099,4.28139,0,0.855375,0,0,0.51801,0,0,0,0,0,0,0
1765976279580513,0,-0.384099,4.28139,0,0.855375,0,0,0.51801,-0.384099,4.28139,0,0.855375,0,0,0.51801,0,0,0,0,0,0,0
1765976279590482,0,-0.384099,4.28139,0,0.855375,0,0,0.51801,-0.384099,4.28139,0,0.855375,0,0,0.51801,0,0,0,0,0,0,0
1765976279590482,0,-0.384099,4.28139,0,0.855375,0,0,0.51801,-0.384099,4.28139,0,0.855375,0,0,0.51801,0,0,0,0,0,0,0
1765976279600503,0,-0.384099,4.28139,0,0.855375,0,0,0.51801,-0.384099,4.28139,0,0.855375,0,0,0.51801,0,0,0,0,0,0,0
1765976279600503,0,-0.384099,4.28139,0,0.855375,0,0,0.51801,-0.384099,4.28139,0,0.855375,0,0,0.51801,0,0,0,0,0,0,0
1765976279610504,0,-0.384099,4.28139,0,0.855375,0,0,0.51801,-0.384099,4.28139,0,0.855375,0,0,0.51801,0,0,0,0,0,0,0
1765976279610504,0,-0.384099,4.28139,0,0.855375,0,0,0.51801,-0.384099,4.28139,0,0.855375,0,0,0.51801,0,0,0,0,0,0,0
1765976279620567,0,-0.384099,4.28139,0,0.855375,0,0,0.51801,-0.384099,4.28139,0,0.855375,0,0,0.51801,0,0,0,0,0,0,0
1765976279620567,0,-0.384099,4.28139,0,0.855375,0,0,0.51801,-0.384099,4.28139,0,0.855375,0,0,0.51801,0,0,0,0,0,0,0
1765976279630448,0,-0.384099,4.28139,0,0.855375,0,0,0.51801,-0.384099,4.28139,0,0.855375,0,0,0.51801,0,0,0,6.03225e-06,0,0,0
1765976279630448,0,-0.384099,4.28139,0,0.855375,0,0,0.51801,-0.384099,4.28139,0,0.855375,0,0,0.51801,0,0,0,6.03225e-06,0,0,0
1765976279640527,0,-0.384099,4.28139,0,0.855375,0,0,0.51801,-0.384099,4.28139,0,0.855375,0,0,0.51801,0,0,0,0,0,0,0
1765976279640527,0,-0.384099,4.28139,0,0.855375,0,0,0.51801,-0.384099,4.28139,0,0.855375,0,0,0.51801,0,0,0,0,0,0,0
1765976279650687,0,-0.384099,4.28139,0,0.855375,0,0,0.51801,-0.384099,4.28139,0,0.855375,0,0,0.51801,0,0,0,0,0,0,0
1765976279650687,0,-0.384099,4.28139,0,0.855375,0,0,0.51801,-0.384099,4.28139,0,0.855375,0,0,0.51801,0,0,0,0,0,0,0
1765976279660552,0,-0.384099,4.28139,0,0.855375,0,0,0.51801,-0.384099,4.28139,0,0.855375,0,0,0.51801,-3.02102e-06,0,0,6.04203e-06,0,0,0
1765976279660552,0,-0.384099,4.28139,0,0.855375,0,0,0.51801,-0.384099,4.28139,0,0.855375,0,0,0.51801,-3.02102e-06,0,0,6.04203e-06,0,0,0
1765976279670527,0,-0.384099,4.28139,0,0.855375,0,0,0.51801,-0.384099,4.28139,0,0.855375,0,0,0.51801,0,0,0,0,0,0,0
1765976279670527,0,-0.384099,4.28139,0,0.855375,0,0,0.51801,-0.384099,4.28139,0,0.855375,0,0,0.51801,0,0,0,0,0,0,0
1765976279680595,0,-0.384099,4.28139,0,0.855375,0,0,0.51801,-0.384099,4.28139,0,0.855375,0,0,0.51801,2.9601e-06,0,0,0,0,0,-5.92021e-06
1765976279680595,0,-0.384099,4.28139,0,0.855375,0,0,0.51801,-0.384099,4.28139,0,0.855375,0,0,0.51801,2.9601e-06,0,0,0,0,0,-5.92021e-06
1765976279690541,0,-0.384099,4.28139,0,0.855375,0,0,0.51801,-0.384099,4.28139,0,0.855375,0,0,0.51801,0,0,0,0,0,0,0
1765976279690541,0,-0.384099,4.28139,0,0.855375,0,0,0.51801,-0.384099,4.28139,0,0.855375,0,0,0.51801,0,0,0,0,0,0,0
1765976279700708,0,-0.384099,4.28139,0,0.855375,0,0,0.51801,-0.384099,4.28139,0,0.855375,0,0,0.51801,0,0,0,0,0,0,0
1765976279700708,0,-0.384099,4.28139,0,0.855375,0,0,0.51801,-0.384099,4.28139,0,0.855375,0,0,0.51801,0,0,0,0,0,0,0
1765976279710566,0,-0.384099,4.28139,0,0.855375,0,0,0.51801,-0.384099,4.28139,0,0.855375,0,0,0.51801,0,0,0,0,0,0,0
1765976279710566,0,-0.384099,4.28139,0,0.855375,0,0,0.51801,-0.384099,4.28139,0,0.855375,0,0,0.51801,0,0,0,0,0,0,0
1765976279720586,0,-0.384099,4.28139,0,0.855375,0,0,0.51801,-0.384099,4.28139,0,0.855375,0,0,0.51801,0,0,0,-5.94857e-06,0,0,0
1765976279720586,0,-0.384099,4.28139,0,0.855375,0,0,0.51801,-0.384099,4.28139,0,0.855375,0,0,0.51801,0,0,0,-5.94857e-06,0,0,0
1765976279730685,0,-0.384099,4.28139,0,0.855375,0,0,0.51801,-0.384099,4.28139,0,0.855375,0,0,0.51801,0,0,0,-5.90203e-06,0,0,0
1765976279730685,0,-0.384099,4.28139,0,0.855375,0,0,0.51801,-0.384099,4.28139,0,0.855375,0,0,0.51801,0,0,0,-5.90203e-06,0,0,0
1765976279740547,0,-0.384099,4.28139,0,0.855375,0,0,0.51801,-0.384099,4.28139,0,0.855375,0,0,0.51801,0,0,0,0,0,0,0
1765976279740547,0,-0.384099,4.28139,0,0.855375,0,0,0.51801,-0.384099,4.28139,0,0.855375,0,0,0.51801,0,0,0,0,0,0,0
1765976279750565,0,-0.384099,4.28139,0,0.855375,0,0,0.51801,-0.384099,4.28139,0,0.855375,0,0,0.51801,0,0,0,5.94975e-06,0,0,0
1765976279750565,0,-0.384099,4.28139,0,0.855375,0,0,0.51801,-0.384099,4.28139,0,0.855375,0,0,0.51801,0,0,0,5.94975e-06,0,0,0
1765976279760658,0,-0.384099,4.28139,0,0.855375,0,0,0.51801,-0.384099,4.28139,0,0.855375,0,0,0.51801,0,0,0,0,0,0,0
1765976279760658,0,-0.384099,4.28139,0,0.855375,0,0,0.51801,-0.384099,4.28139,0,0.855375,0,0,0.51801,0,0,0,0,0,0,0
1765976279770598,0,-0.384099,4.28139,0,0.855375,0,0,0.51801,-0.384099,4.28139,0,0.855375,0,0,0.51801,0,0,0,-5.99644e-06,0,0,0
1765976279770598,0,-0.384099,4.28139,0,0.855375,0,0,0.51801,-0.384099,4.28139,0,0.855375,0,0,0.51801,0,0,0,-5.99644e-06,0,0,0
1765976279780600,0,-0.384099,4.28139,0,0.855375,0,0,0.51801,-0.384099,4.28139,0,0.855375,0,0,0.51801,0,0,0,0,0,0,0
1765976279780600,0,-0.384099,4.28139,0,0.855375,0,0,0.51801,-0.384099,4.28139,0,0.855375,0,0,0.51801,0,0,0,0,0,0,0
1765976279790584,0,-0.384099,4.28139,0,0.855375,0,0,0.51801,-0.384099,4.28139,0,0.855375,0,0,0.51801,0,0,0,0,0,0,0
1765976279790584,0,-0.384099,4.28139,0,0.855375,0,0,0.51801,-0.384099,4.28139,0,0.855375,0,0,0.51801,0,0,0,0,0,0,0
1765976279800665,0,-0.384099,4.28139,0,0.855375,0,0,0.51801,-0.384099,4.28139,0,0.855375,0,0,0.51801,-2.95629e-06,0,0,0,0,0,0
1765976279800665,0,-0.384099,4.28139,0,0.855375,0,0,0.51801,-0.384099,4.28139,0,0.855375,0,0,0.51801,-2.95629e-06,0,0,0,0,0,0
1765976279810581,0,-0.384099,4.28139,0,0.855375,0,0,0.51801,-0.384099,4.28139,0,0.855375,0,0,0.51801,0,0,0,0,0,0,0
1765976279810581,0,-0.384099,4.28139,0,0.855375,0,0,0.51801,-0.384099,4.28139,0,0.855375,0,0,0.51801,0,0,0,0,0,0,0
1765976279820512,0,-0.384099,4.28139,0,0.855375,0,0,0.51801,-0.384099,4.28139,0,0.855375,0,0,0.51801,0,0,0,0,0,0,0
1765976279820512,0,-0.384099,4.28139,0,0.855375,0,0,0.51801,-0.384099,4.28139,0,0.855375,0,0,0.51801,0,0,0,0,0,0,0
1765976279830653,0,-0.384099,4.28139,0,0.855375,0,0,0.51801,-0.384099,4.28139,0,0.855375,0,0,0.51801,0,0,0,0,0,0,0
1765976279830653,0,-0.384099,4.28139,0,0.855375,0,0,0.51801,-0.384099,4.28139,0,0.855375,0,0,0.51801,0,0,0,0,0,0,0
1765976279840501,0,-0.384099,4.28139,0,0.855375,0,0,0.51801,-0.384099,4.28139,0,0.855375,0,0,0.51801,0,0,0,6.05246e-06,0,0,0
1765976279840501,0,-0.384099,4.28139,0,0.855375,0,0,0.51801,-0.384099,4.28139,0,0.855375,0,0,0.51801,0,0,0,6.05246e-06,0,0,0
1765976279850598,0,-0.384099,4.28139,0,0.855375,0,0,0.51801,-0.384099,4.28139,0,0.855375,0,0,0.51801,0,0,0,0,0,0,0
1765976279850598,0,-0.384099,4.28139,0,0.855375,0,0,0.51801,-0.384099,4.28139,0,0.855375,0,0,0.51801,0,0,0,0,0,0,0
1765976279860540,0,-0.384099,4.28139,0,0.855375,0,0,0.51801,-0.384099,4.28139,0,0.855375,0,0,0.51801,-2.99762e-06,0,0,-5.99524e-06,0,0,0
1765976279860540,0,-0.384099,4.28139,0,0.855375,0,0,0.51801,-0.384099,4.28139,0,0.855375,0,0,0.51801,-2.99762e-06,0,0,-5.99524e-06,0,0,0
1765976279870463,0,-0.384099,4.28139,0,0.855375,0,0,0.51801,-0.384099,4.28139,0,0.855375,0,0,0.51801,0,0,0,0,0,0,0
1765976279870463,0,-0.384099,4.28139,0,0.855375,0,0,0.51801,-0.384099,4.28139,0,0.855375,0,0,0.51801,0,0,0,0,0,0,0
1765976279880581,0,-0.384099,4.28139,0,0.855375,0,0,0.51801,-0.384099,4.28139,0,0.855375,0,0,0.51801,0,0,0,0,0,0,0
1765976279880581,0,-0.384099,4.28139,0,0.855375,0,0,0.51801,-0.384099,4.28139,0,0.855375,0,0,0.51801,0,0,0,0,0,0,0
1765976279890486,0,-0.384099,4.28139,0,0.855375,0,0,0.51801,-0.384099,4.28139,0,0.855375,0,0,0.51801,0,0,0,6.01763e-06,0,0,0
1765976279890486,0,-0.384099,4.28139,0,0.855375,0,0,0.51801,-0.384099,4.28139,0,0.855375,0,0,0.51801,0,0,0,6.01763e-06,0,0,0
1765976279900635,0,-0.384099,4.28139,0,0.855375,0,0,0.51801,-0.384099,4.28139,0,0.855375,0,0,0.51801,0,0,0,5.87296e-06,0,0,0
1765976279900635,0,-0.384099,4.28139,0,0.855375,0,0,0.51801,-0.384099,4.28139,0,0.855375,0,0,0.51801,0,0,0,5.87296e-06,0,0,0
1765976279910528,0,-0.384099,4.28139,0,0.855375,0,0,0.51801,-0.384099,4.28139,0,0.855375,0,0,0.51801,-3.01247e-06,0,0,0,0,0,0
1765976279910528,0,-0.384099,4.28139,0,0.855375,0,0,0.51801,-0.384099,4.28139,0,0.855375,0,0,0.51801,-3.01247e-06,0,0,0,0,0,0
1765976279920599,0,-0.384099,4.28139,0,0.855375,0,0,0.51801,-0.384099,4.28139,0,0.855375,0,0,0.51801,0,0,0,0,0,0,0
1765976279920599,0,-0.384099,4.28139,0,0.855375,0,0,0.51801,-0.384099,4.28139,0,0.855375,0,0,0.51801,0,0,0,0,0,0,0
1765976279930689,0,-0.384099,4.28139,0,0.855375,0,0,0.51801,-0.384099,4.28139,0,0.855375,0,0,0.51801,2.95365e-06,0,0,0,0,0,0
1765976279930689,0,-0.384099,4.28139,0,0.855375,0,0,0.51801,-0.384099,4.28139,0,0.855375,0,0,0.51801,2.95365e-06,0,0,0,0,0,0
1765976279940524,0,-0.384099,4.28139,0,0.855375,0,0,0.51801,-0.384099,4.28139,0,0.855375,0,0,0.51801,0,0,0,0,0,0,0
1765976279940524,0,-0.384099,4.28139,0,0.855375,0,0,0.51801,-0.384099,4.28139,0,0.855375,0,0,0.51801,0,0,0,0,0,0,0
1765976279950597,0,-0.384099,4.28139,0,0.855375,0,0,0.51801,-0.384099,4.28139,0,0.855375,0,0,0.51801,0,0,0,0,0,0,0
1765976279950597,0,-0.384099,4.28139,0,0.855375,0,0,0.51801,-0.384099,4.28139,0,0.855375,0,0,0.51801,0,0,0,0,0,0,0
1765976279960590,0,-0.384099,4.28139,0,0.855375,0,0,0.51801,-0.384099,4.28139,0,0.855375,0,0,0.51801,0,0,0,0,0,0,0
1765976279960590,0,-0.384099,4.28139,0,0.855375,0,0,0.51801,-0.384099,4.28139,0,0.855375,0,0,0.51801,0,0,0,0,0,0,0
1765976279970499,0,-0.384099,4.28139,0,0.855375,0,0,0.51801,-0.384099,4.28139,0,0.855375,0,0,0.51801,0,0,0,0,0,0,0
1765976279970499,0,-0.384099,4.28139,0,0.855375,0,0,0.51801,-0.384099,4.28139,0,0.855375,0,0,0.51801,0,0,0,0,0,0,0
1765976279980647,0,-0.384099,4.28139,0,0.855375,0,0,0.51801,-0.384099,4.28139,0,0.855375,0,0,0.51801,0,0,0,-5.87354e-06,0,0,0
1765976279980647,0,-0.384099,4.28139,0,0.855375,0,0,0.51801,-0.384099,4.28139,0,0.855375,0,0,0.51801,0,0,0,-5.87354e-06,0,0,0
1765976279990503,0,-0.384099,4.28139,0,0.855375,0,0,0.51801,-0.384099,4.28139,0,0.855375,0,0,0.51801,0,0,0,0,0,0,0
1765976279990503,0,-0.384099,4.28139,0,0.855375,0,0,0.51801,-0.384099,4.28139,0,0.855375,0,0,0.51801,0,0,0,0,0,0,0
1765976280000583,0,-0.384099,4.28139,0,0.855375,0,0,0.51801,-0.384099,4.28139,0,0.855375,0,0,0.51801,0,0,0,0,0,0,0
1765976280000583,0,-0.384099,4.28139,0,0.855375,0,0,0.51801,-0.384099,4.28139,0,0.855375,0,0,0.51801,0,0,0,0,0,0,0
1765976280010596,0,-0.384099,4.28139,0,0.855375,0,0,0.51801,-0.384099,4.28139,0,0.855375,0,0,0.51801,0,0,0,0,0,0,0
1765976280010596,0,-0.384099,4.28139,0,0.855375,0,0,0.51801,-0.384099,4.28139,0,0.855375,0,0,0.51801,0,0,0,0,0,0,0
1765976280020553,0,-0.384099,4.28139,0,0.855375,0,0,0.51801,-0.384099,4.28139,0,0.855375,0,0,0.51801,0,0,0,0,0,0,0
1765976280020553,0,-0.384099,4.28139,0,0.855375,0,0,0.51801,-0.384099,4.28139,0,0.855375,0,0,0.51801,0,0,0,0,0,0,0
1765976280030500,0,-0.384099,4.28139,0,0.855375,0,0,0.51801,-0.384099,4.28139,0,0.855375,0,0,0.51801,0,0,0,-5.99222e-06,0,0,0
1765976280030500,0,-0.384099,4.28139,0,0.855375,0,0,0.51801,-0.384099,4.28139,0,0.855375,0,0,0.51801,0,0,0,-5.99222e-06,0,0,0
1765976280040482,0,-0.384099,4.28139,0,0.855375,0,0,0.51801,-0.384099,4.28139,0,0.855375,0,0,0.51801,0,0,0,0,0,0,0
1765976280040482,0,-0.384099,4.28139,0,0.855375,0,0,0.51801,-0.384099,4.28139,0,0.855375,0,0,0.51801,0,0,0,0,0,0,0
1765976280050622,0,-0.384099,4.28139,0,0.855375,0,0,0.51801,-0.384099,4.28139,0,0.855375,0,0,0.51801,0,0,0,0,0,0,0
1765976280050622,0,-0.384099,4.28139,0,0.855375,0,0,0.51801,-0.384099,4.28139,0,0.855375,0,0,0.51801,0,0,0,0,0,0,0
1765976280060454,0,-0.384099,4.28139,0,0.855375,0,0,0.51801,-0.384099,4.28139,0,0.855375,0,0,0.51801,0,0,0,0,0,0,0
1765976280060454,0,-0.384099,4.28139,0,0.855375,0,0,0.51801,-0.384099,4.28139,0,0.855375,0,0,0.51801,0,0,0,0,0,0,0
1765976280070458,0,-0.384099,4.28139,0,0.855375,0,0,0.51801,-0.384099,4.28139,0,0.855375,0,0,0.51801,0,0,0,5.95808e-06,0,0,0
1765976280070458,0,-0.384099,4.28139,0,0.855375,0,0,0.51801,-0.384099,4.28139,0,0.855375,0,0,0.51801,0,0,0,5.95808e-06,0,0,0
1765976280080487,0,-0.384099,4.28139,0,0.855375,0,0,0.51801,-0.384099,4.28139,0,0.855375,0,0,0.51801,0,0,0,0,0,0,0
1765976280080487,0,-0.384099,4.28139,0,0.855375,0,0,0.51801,-0.384099,4.28139,0,0.855375,0,0,0.51801,0,0,0,0,0,0,0
1765976280090448,0,-0.384099,4.28139,0,0.855375,0,0,0.51801,-0.384099,4.28139,0,0.855375,0,0,0.51801,0,0,0,0,0,0,0
1765976280090448,0,-0.384099,4.28139,0,0.855375,0,0,0.51801,-0.384099,4.28139,0,0.855375,0,0,0.51801,0,0,0,0,0,0,0
1765976280100621,0,-0.384099,4.28139,0,0.855375,0,0,0.51801,-0.384099,4.28139,0,0.855375,0,0,0.51801,0,0,0,0,0,0,0
1765976280100621,0,-0.384099,4.28139,0,0.855375,0,0,0.51801,-0.384099,4.28139,0,0.855375,0,0,0.51801,0,0,0,0,0,0,0
1765976280110668,0,-0.384099,4.28139,0,0.855375,0,0,0.51801,-0.384099,4.28139,0,0.855375,0,0,0.51801,0,0,0,0,0,0,0
1765976280110668,0,-0.384099,4.28139,0,0.855375,0,0,0.51801,-0.384099,4.28139,0,0.855375,0,0,0.51801,0,0,0,0,0,0,0
1765976280120575,0,-0.384099,4.28139,0,0.855375,0,0,0.51801,-0.384099,4.28139,0,0.855375,0,0,0.51801,0,0,0,0,0,0,0
1765976280120575,0,-0.384099,4.28139,0,0.855375,0,0,0.51801,-0.384099,4.28139,0,0.855375,0,0,0.51801,0,0,0,0,0,0,0
1765976280130653,0,-0.384099,4.28139,0,0.855375,0,0,0.51801,-0.384099,4.28139,0,0.855375,0,0,0.51801,0,0,0,0,0,0,0
1765976280130653,0,-0.384099,4.28139,0,0.855375,0,0,0.51801,-0.384099,4.28139,0,0.855375,0,0,0.51801,0,0,0,0,0,0,0
1765976280140475,0,-0.384099,4.28139,0,0.855375,0,0,0.51801,-0.384099,4.28139,0,0.855375,0,0,0.51801,0,0,0,0,0,0,0
1765976280140475,0,-0.384099,4.28139,0,0.855375,0,0,0.51801,-0.384099,4.28139,0,0.855375,0,0,0.51801,0,0,0,0,0,0,0
1765976280150539,0,-0.384099,4.28139,0,0.855375,0,0,0.51801,-0.384099,4.28139,0,0.855375,0,0,0.51801,0,0,0,0,0,0,0
1765976280150539,0,-0.384099,4.28139,0,0.855375,0,0,0.51801,-0.384099,4.28139,0,0.855375,0,0,0.51801,0,0,0,0,0,0,0
1765976280160508,0,-0.384099,4.28139,0,0.855375,0,0,0.51801,-0.384099,4.28139,0,0.855375,0,0,0.51801,0,0,0,0,0,0,0
1765976280160508,0,-0.384099,4.28139,0,0.855375,0,0,0.51801,-0.384099,4.28139,0,0.855375,0,0,0.51801,0,0,0,0,0,0,0
1765976280170456,0,-0.384099,4.28139,0,0.855375,0,0,0.51801,-0.384099,4.28139,0,0.855375,0,0,0.51801,0,0,0,0,0,0,0
1765976280170456,0,-0.384099,4.28139,0,0.855375,0,0,0.51801,-0.384099,4.28139,0,0.855375,0,0,0.51801,0,0,0,0,0,0,0
1765976280180469,0,-0.384099,4.28139,0,0.855375,0,0,0.51801,-0.384099,4.28139,0,0.855375,0,0,0.51801,0,0,0,0,0,0,0
1765976280180469,0,-0.384099,4.28139,0,0.855375,0,0,0.51801,-0.384099,4.28139,0,0.855375,0,0,0.51801,0,0,0,0,0,0,0
1765976280190463,0,-0.384099,4.28139,0,0.855375,0,0,0.51801,-0.384099,4.28139,0,0.855375,0,0,0.51801,0,0,0,0,0,0,0
1765976280190463,0,-0.384099,4.28139,0,0.855375,0,0,0.51801,-0.384099,4.28139,0,0.855375,0,0,0.51801,0,0,0,0,0,0,0
1765976280200492,0,-0.384099,4.28139,0,0.855375,0,0,0.51801,-0.384099,4.28139,0,0.855375,0,0,0.51801,0,0,0,0,0,0,0
1765976280200492,0,-0.384099,4.28139,0,0.855375,0,0,0.51801,-0.384099,4.28139,0,0.855375,0,0,0.51801,0,0,0,0,0,0,0
1765976280210497,0,-0.384099,4.28139,0,0.855375,0,0,0.51801,-0.384099,4.28139,0,0.855375,0,0,0.51801,0,0,0,0,0,0,0
1765976280210497,0,-0.384099,4.28139,0,0.855375,0,0,0.51801,-0.384099,4.28139,0,0.855375,0,0,0.51801,0,0,0,0,0,0,0
1765976280220459,0,-0.384099,4.28139,0,0.855375,0,0,0.51801,-0.384099,4.28139,0,0.855375,0,0,0.51801,0,0,0,0,0,0,0
1765976280220459,0,-0.384099,4.28139,0,0.855375,0,0,0.51801,-0.384099,4.28139,0,0.855375,0,0,0.51801,0,0,0,0,0,0,0
1765976280230542,0,-0.384099,4.28139,0,0.855375,0,0,0.51801,-0.384099,4.28139,0,0.855375,0,0,0.51801,0,0,0,0,0,0,0
1765976280230542,0,-0.384099,4.28139,0,0.855375,0,0,0.51801,-0.384099,4.28139,0,0.855375,0,0,0.51801,0,0,0,0,0,0,0
1765976280240468,0,-0.384099,4.28139,0,0.855375,0,0,0.51801,-0.384099,4.28139,0,0.855375,0,0,0.51801,0,0,0,0,0,0,0
1765976280240468,0,-0.384099,4.28139,0,0.855375,0,0,0.51801,-0.384099,4.28139,0,0.855375,0,0,0.51801,0,0,0,0,0,0,0
1765976280250704,0,-0.384099,4.28139,0,0.855375,0,0,0.51801,-0.384099,4.28139,0,0.855375,0,0,0.51801,2.91152e-06,0,0,5.82304e-06,0,0,0
1765976280250704,0,-0.384099,4.28139,0,0.855375,0,0,0.51801,-0.384099,4.28139,0,0.855375,0,0,0.51801,2.91152e-06,0,0,5.82304e-06,0,0,0
1765976280260574,0,-0.384099,4.28139,0,0.855375,0,0,0.51801,-0.384099,4.28139,0,0.855375,0,0,0.51801,0,0,0,0,0,0,0
1765976280260574,0,-0.384099,4.28139,0,0.855375,0,0,0.51801,-0.384099,4.28139,0,0.855375,0,0,0.51801,0,0,0,0,0,0,0
1765976280270464,0,-0.384099,4.28139,0,0.855375,0,0,0.51801,-0.384099,4.28139,0,0.855375,0,0,0.51801,0,0,0,0,0,0,0
1765976280270464,0,-0.384099,4.28139,0,0.855375,0,0,0.51801,-0.384099,4.28139,0,0.855375,0,0,0.51801,0,0,0,0,0,0,0
1765976280280613,0,-0.384099,4.28139,0,0.855375,0,0,0.51801,-0.384099,4.28139,0,0.855375,0,0,0.51801,0,0,0,-5.87296e-06,0,0,0
1765976280280613,0,-0.384099,4.28139,0,0.855375,0,0,0.51801,-0.384099,4.28139,0,0.855375,0,0,0.51801,0,0,0,-5.87296e-06,0,0,0
1765976280290654,0,-0.384099,4.28139,0,0.855375,0,0,0.51801,-0.384099,4.28139,0,0.855375,0,0,0.51801,-2.96806e-06,0,0,0,0,0,0
1765976280290654,0,-0.384099,4.28139,0,0.855375,0,0,0.51801,-0.384099,4.28139,0,0.855375,0,0,0.51801,-2.96806e-06,0,0,0,0,0,0
1765976280300664,0,-0.384099,4.28139,0,0.855375,0,0,0.51801,-0.384099,4.28139,0,0.855375,0,0,0.51801,0,0,0,0,0,0,0
1765976280300664,0,-0.384099,4.28139,0,0.855375,0,0,0.51801,-0.384099,4.28139,0,0.855375,0,0,0.51801,0,0,0,0,0,0,0
1765976280310584,0,-0.384099,4.28139,0,0.855375,0,0,0.51801,-0.384099,4.28139,0,0.855375,0,0,0.51801,0,0,0,0,0,0,0
1765976280310584,0,-0.384099,4.28139,0,0.855375,0,0,0.51801,-0.384099,4.28139,0,0.855375,0,0,0.51801,0,0,0,0,0,0,0
1765976280320604,0,-0.384099,4.28139,0,0.855375,0,0,0.51801,-0.384099,4.28139,0,0.855375,0,0,0.51801,2.97428e-06,0,0,-5.94857e-06,0,0,0
1765976280320604,0,-0.384099,4.28139,0,0.855375,0,0,0.51801,-0.384099,4.28139,0,0.855375,0,0,0.51801,2.97428e-06,0,0,-5.94857e-06,0,0,0
1765976280330708,0,-0.384099,4.28139,0,0.855375,0,0,0.51801,-0.384099,4.28139,0,0.855375,0,0,0.51801,0,0,0,0,0,0,0
1765976280330708,0,-0.384099,4.28139,0,0.855375,0,0,0.51801,-0.384099,4.28139,0,0.855375,0,0,0.51801,0,0,0,0,0,0,0
1765976280340675,0,-0.384099,4.28139,0,0.855375,0,0,0.51801,-0.384099,4.28139,0,0.855375,0,0,0.51801,0,0,0,0,0,0,0
1765976280340675,0,-0.384099,4.28139,0,0.855375,0,0,0.51801,-0.384099,4.28139,0,0.855375,0,0,0.51801,0,0,0,0,0,0,0
1765976280350596,0,-0.384099,4.28139,0,0.855375,0,0,0.51801,-0.384099,4.28139,0,0.855375,0,0,0.51801,3.00396e-06,0,0,0,0,0,0
1765976280350596,0,-0.384099,4.28139,0,0.855375,0,0,0.51801,-0.384099,4.28139,0,0.855375,0,0,0.51801,3.00396e-06,0,0,0,0,0,0
1765976280360616,0,-0.384099,4.28139,0,0.855375,0,0,0.51801,-0.384099,4.28139,0,0.855375,0,0,0.51801,0,0,0,0,0,0,0
1765976280360616,0,-0.384099,4.28139,0,0.855375,0,0,0.51801,-0.384099,4.28139,0,0.855375,0,0,0.51801,0,0,0,0,0,0,0
1765976280370585,0,-0.384099,4.28139,0,0.855375,0,0,0.51801,-0.384099,4.28139,0,0.855375,0,0,0.51801,0,0,0,0,0,0,0
1765976280370585,0,-0.384099,4.28139,0,0.855375,0,0,0.51801,-0.384099,4.28139,0,0.855375,0,0,0.51801,0,0,0,0,0,0,0
1765976280380813,0,-0.384099,4.28139,0,0.855375,0,0,0.51801,-0.384099,4.28139,0,0.855375,0,0,0.51801,0,0,0,0,0,0,0
1765976280380813,0,-0.384099,4.28139,0,0.855375,0,0,0.51801,-0.384099,4.28139,0,0.855375,0,0,0.51801,0,0,0,0,0,0,0
1765976280390666,0,-0.384099,4.28139,0,0.855375,0,0,0.51801,-0.384099,4.28139,0,0.855375,0,0,0.51801,0,0,0,6.04939e-06,0,0,0
1765976280390666,0,-0.384099,4.28139,0,0.855375,0,0,0.51801,-0.384099,4.28139,0,0.855375,0,0,0.51801,0,0,0,6.04939e-06,0,0,0
1765976280400750,0,-0.384099,4.28139,0,0.855375,0,0,0.51801,-0.384099,4.28139,0,0.855375,0,0,0.51801,0,0,0,0,0,0,0
1765976280400750,0,-0.384099,4.28139,0,0.855375,0,0,0.51801,-0.384099,4.28139,0,0.855375,0,0,0.51801,0,0,0,0,0,0,0
1765976280410827,0,-0.384099,4.28139,0,0.855375,0,0,0.51801,-0.384099,4.28139,0,0.855375,0,0,0.51801,0,0,0,0,0,0,0
1765976280410827,0,-0.384099,4.28139,0,0.855375,0,0,0.51801,-0.384099,4.28139,0,0.855375,0,0,0.51801,0,0,0,0,0,0,0
1765976280420640,0,-0.384099,4.28139,0,0.855375,0,0,0.51801,-0.384099,4.28139,0,0.855375,0,0,0.51801,0,0,0,0,0,0,0
1765976280420640,0,-0.384099,4.28139,0,0.855375,0,0,0.51801,-0.384099,4.28139,0,0.855375,0,0,0.51801,0,0,0,0,0,0,0
1765976280430747,0,-0.384099,4.28139,0,0.855375,0,0,0.51801,-0.384099,4.28139,0,0.855375,0,0,0.51801,0,0,0,0,0,0,0
1765976280430747,0,-0.384099,4.28139,0,0.855375,0,0,0.51801,-0.384099,4.28139,0,0.855375,0,0,0.51801,0,0,0,0,0,0,0
1765976280440593,0,-0.384099,4.28139,0,0.855375,0,0,0.51801,-0.384099,4.28139,0,0.855375,0,0,0.51801,0,0,0,0,0,0,0
1765976280440593,0,-0.384099,4.28139,0,0.855375,0,0,0.51801,-0.384099,4.28139,0,0.855375,0,0,0.51801,0,0,0,0,0,0,0
1765976280450706,0,-0.384099,4.28139,0,0.855375,0,0,0.51801,-0.384099,4.28139,0,0.855375,0,0,0.51801,0,0,0,-5.89386e-06,0,0,0
1765976280450706,0,-0.384099,4.28139,0,0.855375,0,0,0.51801,-0.384099,4.28139,0,0.855375,0,0,0.51801,0,0,0,-5.89386e-06,0,0,0
1765976280460605,0,-0.384099,4.28139,0,0.855375,0,0,0.51801,-0.384099,4.28139,0,0.855375,0,0,0.51801,0,0,0,0,0,0,0
1765976280460605,0,-0.384099,4.28139,0,0.855375,0,0,0.51801,-0.384099,4.28139,0,0.855375,0,0,0.51801,0,0,0,0,0,0,0
1765976280470553,0,-0.384099,4.28139,0,0.855375,0,0,0.51801,-0.384099,4.28139,0,0.855375,0,0,0.51801,0,0,0,0,0,0,0
1765976280470553,0,-0.384099,4.28139,0,0.855375,0,0,0.51801,-0.384099,4.28139,0,0.855375,0,0,0.51801,0,0,0,0,0,0,0
1765976280480648,0,-0.384099,4.28139,0,0.855375,0,0,0.51801,-0.384099,4.28139,0,0.855375,0,0,0.51801,0,0,0,0,0,0,0
1765976280480648,0,-0.384099,4.28139,0,0.855375,0,0,0.51801,-0.384099,4.28139,0,0.855375,0,0,0.51801,0,0,0,0,0,0,0
1765976280490639,0,-0.384099,4.28139,0,0.855375,0,0,0.51801,-0.384099,4.28139,0,0.855375,0,0,0.51801,0,0,0,0,0,0,0
1765976280490639,0,-0.384099,4.28139,0,0.855375,0,0,0.51801,-0.384099,4.28139,0,0.855375,0,0,0.51801,0,0,0,0,0,0,0
1765976280500685,0,-0.384099,4.28139,0,0.855375,0,0,0.51801,-0.384099,4.28139,0,0.855375,0,0,0.51801,0,0,0,0,0,0,0
1765976280500685,0,-0.384099,4.28139,0,0.855375,0,0,0.51801,-0.384099,4.28139,0,0.855375,0,0,0.51801,0,0,0,0,0,0,0
1765976280510613,0,-0.384099,4.28139,0,0.855375,0,0,0.51801,-0.384099,4.28139,0,0.855375,0,0,0.51801,0,0,0,0,0,0,0
1765976280510613,0,-0.384099,4.28139,0,0.855375,0,0,0.51801,-0.384099,4.28139,0,0.855375,0,0,0.51801,0,0,0,0,0,0,0
1765976280520586,0,-0.384099,4.28139,0,0.855375,0,0,0.51801,-0.384099,4.28139,0,0.855375,0,0,0.51801,0,0,0,0,0,0,0
1765976280520586,0,-0.384099,4.28139,0,0.855375,0,0,0.51801,-0.384099,4.28139,0,0.855375,0,0,0.51801,0,0,0,0,0,0,0
1765976280530604,0,-0.384099,4.28139,0,0.855375,0,0,0.51801,-0.384099,4.28139,0,0.855375,0,0,0.51801,0,0,0,0,0,0,0
1765976280530604,0,-0.384099,4.28139,0,0.855375,0,0,0.51801,-0.384099,4.28139,0,0.855375,0,0,0.51801,0,0,0,0,0,0,0
1765976280540627,0,-0.384099,4.28139,0,0.855375,0,0,0.51801,-0.384099,4.28139,0,0.855375,0,0,0.51801,0,0,0,0,0,0,0
1765976280540627,0,-0.384099,4.28139,0,0.855375,0,0,0.51801,-0.384099,4.28139,0,0.855375,0,0,0.51801,0,0,0,0,0,0,0
1765976280550629,0,-0.384099,4.28139,0,0.855375,0,0,0.51801,-0.384099,4.28139,0,0.855375,0,0,0.51801,0,0,0,0,0,0,0
1765976280550629,0,-0.384099,4.28139,0,0.855375,0,0,0.51801,-0.384099,4.28139,0,0.855375,0,0,0.51801,0,0,0,0,0,0,0
1765976280560686,0,-0.384099,4.28139,0,0.855375,0,0,0.51801,-0.384099,4.28139,0,0.855375,0,0,0.51801,-2.96334e-06,0,0,0,0,0,0
1765976280560686,0,-0.384099,4.28139,0,0.855375,0,0,0.51801,-0.384099,4.28139,0,0.855375,0,0,0.51801,-2.96334e-06,0,0,0,0,0,0
1765976280570616,0,-0.384099,4.28139,0,0.855375,0,0,0.51801,-0.384099,4.28139,0,0.855375,0,0,0.51801,0,0,0,0,0,0,0
1765976280570616,0,-0.384099,4.28139,0,0.855375,0,0,0.51801,-0.384099,4.28139,0,0.855375,0,0,0.51801,0,0,0,0,0,0,0
1765976280580637,0,-0.384099,4.28139,0,0.855375,0,0,0.51801,-0.384099,4.28139,0,0.855375,0,0,0.51801,2.97399e-06,0,0,0,0,0,0
1765976280580637,0,-0.384099,4.28139,0,0.855375,0,0,0.51801,-0.384099,4.28139,0,0.855375,0,0,0.51801,2.97399e-06,0,0,0,0,0,0
1765976280590557,0,-0.384099,4.28139,0,0.855375,0,0,0.51801,-0.384099,4.28139,0,0.855375,0,0,0.51801,0,0,0,-6.00853e-06,0,0,0
1765976280590557,0,-0.384099,4.28139,0,0.855375,0,0,0.51801,-0.384099,4.28139,0,0.855375,0,0,0.51801,0,0,0,-6.00853e-06,0,0,0
1765976280600642,0,-0.384099,4.28139,0,0.855375,0,0,0.51801,-0.384099,4.28139,0,0.855375,0,0,0.51801,0,0,0,0,0,0,0
1765976280600642,0,-0.384099,4.28139,0,0.855375,0,0,0.51801,-0.384099,4.28139,0,0.855375,0,0,0.51801,0,0,0,0,0,0,0
1765976280610647,0,-0.384099,4.28139,0,0.855375,0,0,0.51801,-0.384099,4.28139,0,0.855375,0,0,0.51801,0,0,0,5.95749e-06,0,0,0
1765976280610647,0,-0.384099,4.28139,0,0.855375,0,0,0.51801,-0.384099,4.28139,0,0.855375,0,0,0.51801,0,0,0,5.95749e-06,0,0,0
1765976280620459,0,-0.384099,4.28139,0,0.855375,0,0,0.51801,-0.384099,4.28139,0,0.855375,0,0,0.51801,0,0,0,0,0,0,0
1765976280620459,0,-0.384099,4.28139,0,0.855375,0,0,0.51801,-0.384099,4.28139,0,0.855375,0,0,0.51801,0,0,0,0,0,0,0
1765976280630686,0,-0.384099,4.28139,0,0.855375,0,0,0.51801,-0.384099,4.28139,0,0.855375,0,0,0.51801,0,0,0,0,0,0,0
1765976280630686,0,-0.384099,4.28139,0,0.855375,0,0,0.51801,-0.384099,4.28139,0,0.855375,0,0,0.51801,0,0,0,0,0,0,0
1765976280640610,0,-0.384099,4.28139,0,0.855375,0,0,0.51801,-0.384099,4.28139,0,0.855375,0,0,0.51801,0,0,0,6.00611e-06,0,0,0
1765976280640610,0,-0.384099,4.28139,0,0.855375,0,0,0.51801,-0.384099,4.28139,0,0.855375,0,0,0.51801,0,0,0,6.00611e-06,0,0,0
1765976280650689,0,-0.384099,4.28139,0,0.855375,0,0,0.51801,-0.384099,4.28139,0,0.855375,0,0,0.51801,0,0,0,0,0,0,0
1765976280650689,0,-0.384099,4.28139,0,0.855375,0,0,0.51801,-0.384099,4.28139,0,0.855375,0,0,0.51801,0,0,0,0,0,0,0
1765976280660677,0,-0.384099,4.28139,0,0.855375,0,0,0.51801,-0.384099,4.28139,0,0.855375,0,0,0.51801,-2.98381e-06,0,0,5.96763e-06,0,0,0
1765976280660677,0,-0.384099,4.28139,0,0.855375,0,0,0.51801,-0.384099,4.28139,0,0.855375,0,0,0.51801,-2.98381e-06,0,0,5.96763e-06,0,0,0
1765976280670548,0,-0.384099,4.28139,0,0.855375,0,0,0.51801,-0.384099,4.28139,0,0.855375,0,0,0.51801,-3.01918e-06,0,0,0,0,0,0
1765976280670548,0,-0.384099,4.28139,0,0.855375,0,0,0.51801,-0.384099,4.28139,0,0.855375,0,0,0.51801,-3.01918e-06,0,0,0,0,0,0
1765976280680704,0,-0.384099,4.28139,0,0.855375,0,0,0.51801,-0.384099,4.28139,0,0.855375,0,0,0.51801,-2.93445e-06,0,0,0,0,0,0
1765976280680704,0,-0.384099,4.28139,0,0.855375,0,0,0.51801,-0.384099,4.28139,0,0.855375,0,0,0.51801,-2.93445e-06,0,0,0,0,0,0
1765976280690603,0,-0.384099,4.28139,0,0.855375,0,0,0.51801,-0.384099,4.28139,0,0.855375,0,0,0.51801,0,0,0,0,0,0,0
1765976280690603,0,-0.384099,4.28139,0,0.855375,0,0,0.51801,-0.384099,4.28139,0,0.855375,0,0,0.51801,0,0,0,0,0,0,0
1765976280700685,0,-0.384099,4.28139,0,0.855375,0,0,0.51801,-0.384099,4.28139,0,0.855375,0,0,0.51801,0,0,0,-5.91199e-06,0,0,0
1765976280700685,0,-0.384099,4.28139,0,0.855375,0,0,0.51801,-0.384099,4.28139,0,0.855375,0,0,0.51801,0,0,0,-5.91199e-06,0,0,0
1765976280710694,0,-0.384099,4.28139,0,0.855375,0,0,0.51801,-0.384099,4.28139,0,0.855375,0,0,0.51801,0,0,0,0,0,0,0
1765976280710694,0,-0.384099,4.28139,0,0.855375,0,0,0.51801,-0.384099,4.28139,0,0.855375,0,0,0.51801,0,0,0,0,0,0,0
1765976280720522,0,-0.384099,4.28139,0,0.855375,0,0,0.51801,-0.384099,4.28139,0,0.855375,0,0,0.51801,3.03239e-06,0,0,0,0,0,0
1765976280720522,0,-0.384099,4.28139,0,0.855375,0,0,0.51801,-0.384099,4.28139,0,0.855375,0,0,0.51801,3.03239e-06,0,0,0,0,0,0
1765976280730507,0,-0.384099,4.28139,0,0.855375,0,0,0.51801,-0.384099,4.28139,0,0.855375,0,0,0.51801,0,0,0,0,0,0,0
1765976280730507,0,-0.384099,4.28139,0,0.855375,0,0,0.51801,-0.384099,4.28139,0,0.855375,0,0,0.51801,0,0,0,0,0,0,0
1765976280740594,0,-0.384099,4.28139,0,0.855375,0,0,0.51801,-0.384099,4.28139,0,0.855375,0,0,0.51801,0,0,0,0,0,0,0
1765976280740594,0,-0.384099,4.28139,0,0.855375,0,0,0.51801,-0.384099,4.28139,0,0.855375,0,0,0.51801,0,0,0,0,0,0,0
1765976280750488,0,-0.384099,4.28139,0,0.855375,0,0,0.51801,-0.384099,4.28139,0,0.855375,0,0,0.51801,-3.01216e-06,0,0,6.02432e-06,0,0,0
1765976280750488,0,-0.384099,4.28139,0,0.855375,0,0,0.51801,-0.384099,4.28139,0,0.855375,0,0,0.51801,-3.01216e-06,0,0,6.02432e-06,0,0,0
1765976280760723,0,-0.384099,4.28139,0,0.855375,0,0,0.51801,-0.384099,4.28139,0,0.855375,0,0,0.51801,2.9118e-06,0,0,-5.82361e-06,0,0,0
1765976280760723,0,-0.384099,4.28139,0,0.855375,0,0,0.51801,-0.384099,4.28139,0,0.855375,0,0,0.51801,2.9118e-06,0,0,-5.82361e-06,0,0,0
1765976280770548,0,-0.384099,4.28139,0,0.855375,0,0,0.51801,-0.384099,4.28139,0,0.855375,0,0,0.51801,0,0,0,0,0,0,0
1765976280770548,0,-0.384099,4.28139,0,0.855375,0,0,0.51801,-0.384099,4.28139,0,0.855375,0,0,0.51801,0,0,0,0,0,0,0
1765976280780616,0,-0.384099,4.28139,0,0.855375,0,0,0.51801,-0.384099,4.28139,0,0.855375,0,0,0.51801,2.9601e-06,0,0,0,0,0,0
1765976280780616,0,-0.384099,4.28139,0,0.855375,0,0,0.51801,-0.384099,4.28139,0,0.855375,0,0,0.51801,2.9601e-06,0,0,0,0,0,0
1765976280790576,0,-0.384099,4.28139,0,0.855375,0,0,0.51801,-0.384099,4.28139,0,0.855375,0,0,0.51801,0,0,0,0,0,0,0
1765976280790576,0,-0.384099,4.28139,0,0.855375,0,0,0.51801,-0.384099,4.28139,0,0.855375,0,0,0.51801,0,0,0,0,0,0,0
1765976280800702,0,-0.384099,4.28139,0,0.855375,0,0,0.51801,-0.384099,4.28139,0,0.855375,0,0,0.51801,0,0,0,0,0,0,0
1765976280800702,0,-0.384099,4.28139,0,0.855375,0,0,0.51801,-0.384099,4.28139,0,0.855375,0,0,0.51801,0,0,0,0,0,0,0
1765976280810711,0,-0.384099,4.28139,0,0.855375,0,0,0.51801,-0.384099,4.28139,0,0.855375,0,0,0.51801,0,0,0,0,0,0,0
1765976280810711,0,-0.384099,4.28139,0,0.855375,0,0,0.51801,-0.384099,4.28139,0,0.855375,0,0,0.51801,0,0,0,0,0,0,0
1765976280820574,0,-0.384099,4.28139,0,0.855375,0,0,0.51801,-0.384099,4.28139,0,0.855375,0,0,0.51801,0,0,0,0,0,0,0
1765976280820574,0,-0.384099,4.28139,0,0.855375,0,0,0.51801,-0.384099,4.28139,0,0.855375,0,0,0.51801,0,0,0,0,0,0,0
1765976280830577,0,-0.384099,4.28139,0,0.855375,0,0,0.51801,-0.384099,4.28139,0,0.855375,0,0,0.51801,0,0,0,5.95868e-06,0,0,0
1765976280830577,0,-0.384099,4.28139,0,0.855375,0,0,0.51801,-0.384099,4.28139,0,0.855375,0,0,0.51801,0,0,0,5.95868e-06,0,0,0
1765976280840574,0,-0.384099,4.28139,0,0.855375,0,0,0.51801,-0.384099,4.28139,0,0.855375,0,0,0.51801,2.98113e-06,0,0,0,0,0,0
1765976280840574,0,-0.384099,4.28139,0,0.855375,0,0,0.51801,-0.384099,4.28139,0,0.855375,0,0,0.51801,2.98113e-06,0,0,0,0,0,0
1765976280850582,0,-0.384099,4.28139,0,0.855375,0,0,0.51801,-0.384099,4.28139,0,0.855375,0,0,0.51801,0,0,0,0,0,0,0
1765976280850582,0,-0.384099,4.28139,0,0.855375,0,0,0.51801,-0.384099,4.28139,0,0.855375,0,0,0.51801,0,0,0,0,0,0,0
1765976280860507,0,-0.384099,4.28139,0,0.855375,0,0,0.51801,-0.384099,4.28139,0,0.855375,0,0,0.51801,0,0,0,0,0,0,0
1765976280860507,0,-0.384099,4.28139,0,0.855375,0,0,0.51801,-0.384099,4.28139,0,0.855375,0,0,0.51801,0,0,0,0,0,0,0
1765976280870445,0,-0.384099,4.28139,0,0.855375,0,0,0.51801,-0.384099,4.28139,0,0.855375,0,0,0.51801,0,0,0,0,0,0,0
1765976280870445,0,-0.384099,4.28139,0,0.855375,0,0,0.51801,-0.384099,4.28139,0,0.855375,0,0,0.51801,0,0,0,0,0,0,0
1765976280880478,0,-0.384099,4.28139,0,0.855375,0,0,0.51801,-0.384099,4.28139,0,0.855375,0,0,0.51801,-2.97043e-06,0,0,0,0,0,0
1765976280880478,0,-0.384099,4.28139,0,0.855375,0,0,0.51801,-0.384099,4.28139,0,0.855375,0,0,0.51801,-2.97043e-06,0,0,0,0,0,0
1765976280890466,0,-0.384099,4.28139,0,0.855375,0,0,0.51801,-0.384099,4.28139,0,0.855375,0,0,0.51801,-2.98381e-06,0,0,0,0,0,0
1765976280890466,0,-0.384099,4.28139,0,0.855375,0,0,0.51801,-0.384099,4.28139,0,0.855375,0,0,0.51801,-2.98381e-06,0,0,0,0,0,0
1765976280900455,0,-0.384099,4.28139,0,0.855375,0,0,0.51801,-0.384099,4.28139,0,0.855375,0,0,0.51801,0,0,0,-5.96703e-06,0,0,0
1765976280900455,0,-0.384099,4.28139,0,0.855375,0,0,0.51801,-0.384099,4.28139,0,0.855375,0,0,0.51801,0,0,0,-5.96703e-06,0,0,0
1765976280910508,0,-0.384099,4.28139,0,0.855375,0,0,0.51801,-0.384099,4.28139,0,0.855375,0,0,0.51801,0,0,0,0,0,0,0
1765976280910508,0,-0.384099,4.28139,0,0.855375,0,0,0.51801,-0.384099,4.28139,0,0.855375,0,0,0.51801,0,0,0,0,0,0,0
1765976280920480,0,-0.384099,4.28139,0,0.855375,0,0,0.51801,-0.384099,4.28139,0,0.855375,0,0,0.51801,0,0,0,0,0,0,0
1765976280920480,0,-0.384099,4.28139,0,0.855375,0,0,0.51801,-0.384099,4.28139,0,0.855375,0,0,0.51801,0,0,0,0,0,0,0
1765976280930561,0,-0.384099,4.28139,0,0.855375,0,0,0.51801,-0.384099,4.28139,0,0.855375,0,0,0.51801,0,0,0,0,0,0,0
1765976280930561,0,-0.384099,4.28139,0,0.855375,0,0,0.51801,-0.384099,4.28139,0,0.855375,0,0,0.51801,0,0,0,0,0,0,0
1765976280940486,0,-0.384099,4.28139,0,0.855375,0,0,0.51801,-0.384099,4.28139,0,0.855375,0,0,0.51801,0,0,0,-6.00551e-06,0,0,0
1765976280940486,0,-0.384099,4.28139,0,0.855375,0,0,0.51801,-0.384099,4.28139,0,0.855375,0,0,0.51801,0,0,0,-6.00551e-06,0,0,0
1765976280950717,0,-0.384099,4.28139,0,0.855375,0,0,0.51801,-0.384099,4.28139,0,0.855375,0,0,0.51801,0,0,0,0,0,0,0
1765976280950717,0,-0.384099,4.28139,0,0.855375,0,0,0.51801,-0.384099,4.28139,0,0.855375,0,0,0.51801,0,0,0,0,0,0,0
1765976280960703,0,-0.384099,4.28139,0,0.855375,0,0,0.51801,-0.384099,4.28139,0,0.855375,0,0,0.51801,0,0,0,0,0,0,0
1765976280960703,0,-0.384099,4.28139,0,0.855375,0,0,0.51801,-0.384099,4.28139,0,0.855375,0,0,0.51801,0,0,0,0,0,0,0
1765976280970590,0,-0.384099,4.28139,0,0.855375,0,0,0.51801,-0.384099,4.28139,0,0.855375,0,0,0.51801,0,0,0,6.02859e-06,0,0,0
1765976280970590,0,-0.384099,4.28139,0,0.855375,0,0,0.51801,-0.384099,4.28139,0,0.855375,0,0,0.51801,0,0,0,6.02859e-06,0,0,0
1765976280980668,0,-0.384099,4.28139,0,0.855375,0,0,0.51801,-0.384099,4.28139,0,0.855375,0,0,0.51801,0,0,0,0,0,0,0
1765976280980668,0,-0.384099,4.28139,0,0.855375,0,0,0.51801,-0.384099,4.28139,0,0.855375,0,0,0.51801,0,0,0,0,0,0,0
1765976280990627,0,-0.384099,4.28139,0,0.855375,0,0,0.51801,-0.384099,4.28139,0,0.855375,0,0,0.51801,0,0,0,-5.985e-06,0,0,0
1765976280990627,0,-0.384099,4.28139,0,0.855375,0,0,0.51801,-0.384099,4.28139,0,0.855375,0,0,0.51801,0,0,0,-5.985e-06,0,0,0
1765976281000673,0,-0.384099,4.28139,0,0.855375,0,0,0.51801,-0.384099,4.28139,0,0.855375,0,0,0.51801,0,0,0,0,0,0,0
1765976281000673,0,-0.384099,4.28139,0,0.855375,0,0,0.51801,-0.384099,4.28139,0,0.855375,0,0,0.51801,0,0,0,0,0,0,0
1765976281010729,0,-0.384099,4.28139,0,0.855375,0,0,0.51801,-0.384099,4.28139,0,0.855375,0,0,0.51801,0,0,0,0,0,0,0
1765976281010729,0,-0.384099,4.28139,0,0.855375,0,0,0.51801,-0.384099,4.28139,0,0.855375,0,0,0.51801,0,0,0,0,0,0,0
1765976281020642,0,-0.384099,4.28139,0,0.855375,0,0,0.51801,-0.384099,4.28139,0,0.855375,0,0,0.51801,0,0,0,0,0,0,0
1765976281020642,0,-0.384099,4.28139,0,0.855375,0,0,0.51801,-0.384099,4.28139,0,0.855375,0,0,0.51801,0,0,0,0,0,0,0
1765976281030731,0,-0.384099,4.28139,0,0.855375,0,0,0.51801,-0.384099,4.28139,0,0.855375,0,0,0.51801,0,0,0,0,0,0,0
1765976281030731,0,-0.384099,4.28139,0,0.855375,0,0,0.51801,-0.384099,4.28139,0,0.855375,0,0,0.51801,0,0,0,0,0,0,0
1765976281040602,0,-0.384099,4.28139,0,0.855375,0,0,0.51801,-0.384099,4.28139,0,0.855375,0,0,0.51801,-3.01918e-06,0,0,0,0,0,0
1765976281040602,0,-0.384099,4.28139,0,0.855375,0,0,0.51801,-0.384099,4.28139,0,0.855375,0,0,0.51801,-3.01918e-06,0,0,0,0,0,0
1765976281050559,0,-0.384099,4.28139,0,0.855375,0,0,0.51801,-0.384099,4.28139,0,0.855375,0,0,0.51801,2.9931e-06,0,0,5.98621e-06,0,0,0
1765976281050559,0,-0.384099,4.28139,0,0.855375,0,0,0.51801,-0.384099,4.28139,0,0.855375,0,0,0.51801,2.9931e-06,0,0,5.98621e-06,0,0,0
1765976281060502,0,-0.384099,4.28139,0,0.855375,0,0,0.51801,-0.384099,4.28139,0,0.855375,0,0,0.51801,0,0,0,5.99463e-06,0,0,0
1765976281060502,0,-0.384099,4.28139,0,0.855375,0,0,0.51801,-0.384099,4.28139,0,0.855375,0,0,0.51801,0,0,0,5.99463e-06,0,0,0
1765976281070445,0,-0.384099,4.28139,0,0.855375,0,0,0.51801,-0.384099,4.28139,0,0.855375,0,0,0.51801,0,0,0,0,0,0,0
1765976281070445,0,-0.384099,4.28139,0,0.855375,0,0,0.51801,-0.384099,4.28139,0,0.855375,0,0,0.51801,0,0,0,0,0,0,0
1765976281080542,0,-0.384099,4.28139,0,0.855375,0,0,0.51801,-0.384099,4.28139,0,0.855375,0,0,0.51801,2.9516e-06,0,0,-5.9032e-06,0,0,0
1765976281080542,0,-0.384099,4.28139,0,0.855375,0,0,0.51801,-0.384099,4.28139,0,0.855375,0,0,0.51801,2.9516e-06,0,0,-5.9032e-06,0,0,0
1765976281090478,0,-0.384099,4.28139,0,0.855375,0,0,0.51801,-0.384099,4.28139,0,0.855375,0,0,0.51801,0,0,0,0,0,0,0
1765976281090478,0,-0.384099,4.28139,0,0.855375,0,0,0.51801,-0.384099,4.28139,0,0.855375,0,0,0.51801,0,0,0,0,0,0,0
1765976281100468,0,-0.384099,4.28139,0,0.855375,0,0,0.51801,-0.384099,4.28139,0,0.855375,0,0,0.51801,0,0,0,0,0,0,0
1765976281100468,0,-0.384099,4.28139,0,0.855375,0,0,0.51801,-0.384099,4.28139,0,0.855375,0,0,0.51801,0,0,0,0,0,0,0
1765976281110616,0,-0.384099,4.28139,0,0.855375,0,0,0.51801,-0.384099,4.28139,0,0.855375,0,0,0.51801,0,0,0,5.87354e-06,0,0,0
1765976281110616,0,-0.384099,4.28139,0,0.855375,0,0,0.51801,-0.384099,4.28139,0,0.855375,0,0,0.51801,0,0,0,5.87354e-06,0,0,0
1765976281120501,0,-0.384099,4.28139,0,0.855375,0,0,0.51801,-0.384099,4.28139,0,0.855375,0,0,0.51801,0,0,0,6.02981e-06,0,0,0
1765976281120501,0,-0.384099,4.28139,0,0.855375,0,0,0.51801,-0.384099,4.28139,0,0.855375,0,0,0.51801,0,0,0,6.02981e-06,0,0,0
1765976281130531,0,-0.384099,4.28139,0,0.855375,0,0,0.51801,-0.384099,4.28139,0,0.855375,0,0,0.51801,0,0,0,0,0,0,0
1765976281130531,0,-0.384099,4.28139,0,0.855375,0,0,0.51801,-0.384099,4.28139,0,0.855375,0,0,0.51801,0,0,0,0,0,0,0
1765976281140492,0,-0.384099,4.28139,0,0.855375,0,0,0.51801,-0.384099,4.28139,0,0.855375,0,0,0.51801,0,0,0,0,0,0,0
1765976281140492,0,-0.384099,4.28139,0,0.855375,0,0,0.51801,-0.384099,4.28139,0,0.855375,0,0,0.51801,0,0,0,0,0,0,0
1765976281150485,0,-0.384099,4.28139,0,0.855375,0,0,0.51801,-0.384099,4.28139,0,0.855375,0,0,0.51801,2.98232e-06,0,0,0,0,0,0
1765976281150485,0,-0.384099,4.28139,0,0.855375,0,0,0.51801,-0.384099,4.28139,0,0.855375,0,0,0.51801,2.98232e-06,0,0,0,0,0,0
1765976281160660,0,-0.384099,4.28139,0,0.855375,0,0,0.51801,-0.384099,4.28139,0,0.855375,0,0,0.51801,0,0,0,0,0,0,0
1765976281160660,0,-0.384099,4.28139,0,0.855375,0,0,0.51801,-0.384099,4.28139,0,0.855375,0,0,0.51801,0,0,0,0,0,0,0
1765976281170603,0,-0.384099,4.28139,0,0.855375,0,0,0.51801,-0.384099,4.28139,0,0.855375,0,0,0.51801,-2.99732e-06,0,0,-5.99463e-06,0,0,0
1765976281170603,0,-0.384099,4.28139,0,0.855375,0,0,0.51801,-0.384099,4.28139,0,0.855375,0,0,0.51801,-2.99732e-06,0,0,-5.99463e-06,0,0,0
1765976281180508,0,-0.384099,4.28139,0,0.855375,0,0,0.51801,-0.384099,4.28139,0,0.855375,0,0,0.51801,0,0,0,0,0,0,0
1765976281180508,0,-0.384099,4.28139,0,0.855375,0,0,0.51801,-0.384099,4.28139,0,0.855375,0,0,0.51801,0,0,0,0,0,0,0
1765976281190447,0,-0.384099,4.28139,0,0.855375,0,0,0.51801,-0.384099,4.28139,0,0.855375,0,0,0.51801,0,0,0,0,0,0,0
1765976281190447,0,-0.384099,4.28139,0,0.855375,0,0,0.51801,-0.384099,4.28139,0,0.855375,0,0,0.51801,0,0,0,0,0,0,0
1765976281200480,0,-0.384099,4.28139,0,0.855375,0,0,0.51801,-0.384099,4.28139,0,0.855375,0,0,0.51801,-2.97043e-06,0,0,0,0,0,0
1765976281200480,0,-0.384099,4.28139,0,0.855375,0,0,0.51801,-0.384099,4.28139,0,0.855375,0,0,0.51801,-2.97043e-06,0,0,0,0,0,0
1765976281210612,0,-0.384099,4.28139,0,0.855375,0,0,0.51801,-0.384099,4.28139,0,0.855375,0,0,0.51801,-2.94141e-06,0,0,0,0,0,0
1765976281210612,0,-0.384099,4.28139,0,0.855375,0,0,0.51801,-0.384099,4.28139,0,0.855375,0,0,0.51801,-2.94141e-06,0,0,0,0,0,0
1765976281220589,0,-0.384099,4.28139,0,0.855375,0,0,0.51801,-0.384099,4.28139,0,0.855375,0,0,0.51801,0,0,0,0,0,0,0
1765976281220589,0,-0.384099,4.28139,0,0.855375,0,0,0.51801,-0.384099,4.28139,0,0.855375,0,0,0.51801,0,0,0,0,0,0,0
1765976281230643,0,-0.384099,4.28139,0,0.855375,0,0,0.51801,-0.384099,4.28139,0,0.855375,0,0,0.51801,0,0,0,0,0,0,0
1765976281230643,0,-0.384099,4.28139,0,0.855375,0,0,0.51801,-0.384099,4.28139,0,0.855375,0,0,0.51801,0,0,0,0,0,0,0
1765976281240664,0,-0.384099,4.28139,0,0.855375,0,0,0.51801,-0.384099,4.28139,0,0.855375,0,0,0.51801,2.97399e-06,0,0,0,0,0,0
1765976281240664,0,-0.384099,4.28139,0,0.855375,0,0,0.51801,-0.384099,4.28139,0,0.855375,0,0,0.51801,2.97399e-06,0,0,0,0,0,0
1765976281250674,0,-0.384099,4.28139,0,0.855375,0,0,0.51801,-0.384099,4.28139,0,0.855375,0,0,0.51801,0,0,0,0,0,0,0
1765976281250674,0,-0.384099,4.28139,0,0.855375,0,0,0.51801,-0.384099,4.28139,0,0.855375,0,0,0.51801,0,0,0,0,0,0,0
1765976281260586,0,-0.384099,4.28139,0,0.855375,0,0,0.51801,-0.384099,4.28139,0,0.855375,0,0,0.51801,0,0,0,0,0,0,0
1765976281260586,0,-0.384099,4.28139,0,0.855375,0,0,0.51801,-0.384099,4.28139,0,0.855375,0,0,0.51801,0,0,0,0,0,0,0
1765976281270461,0,-0.384099,4.28139,0,0.855375,0,0,0.51801,-0.384099,4.28139,0,0.855375,0,0,0.51801,0,0,0,0,0,0,0
1765976281270461,0,-0.384099,4.28139,0,0.855375,0,0,0.51801,-0.384099,4.28139,0,0.855375,0,0,0.51801,0,0,0,0,0,0,0
1765976281280548,0,-0.384099,4.28139,0,0.855375,0,0,0.51801,-0.384099,4.28139,0,0.855375,0,0,0.51801,0,0,0,-5.90906e-06,0,0,0
1765976281280548,0,-0.384099,4.28139,0,0.855375,0,0,0.51801,-0.384099,4.28139,0,0.855375,0,0,0.51801,0,0,0,-5.90906e-06,0,0,0
1765976281290527,0,-0.384099,4.28139,0,0.855375,0,0,0.51801,-0.384099,4.28139,0,0.855375,0,0,0.51801,0,0,0,-5.97301e-06,0,0,0
1765976281290527,0,-0.384099,4.28139,0,0.855375,0,0,0.51801,-0.384099,4.28139,0,0.855375,0,0,0.51801,0,0,0,-5.97301e-06,0,0,0
1765976281300520,0,-0.384099,4.28139,0,0.855375,0,0,0.51801,-0.384099,4.28139,0,0.855375,0,0,0.51801,0,0,0,0,0,0,0
1765976281300520,0,-0.384099,4.28139,0,0.855375,0,0,0.51801,-0.384099,4.28139,0,0.855375,0,0,0.51801,0,0,0,0,0,0,0
1765976281310543,0,-0.384099,4.28139,0,0.855375,0,0,0.51801,-0.384099,4.28139,0,0.855375,0,0,0.51801,0,0,0,0,0,0,0
1765976281310543,0,-0.384099,4.28139,0,0.855375,0,0,0.51801,-0.384099,4.28139,0,0.855375,0,0,0.51801,0,0,0,0,0,0,0
1765976281320489,0,-0.384099,4.28139,0,0.855375,0,0,0.51801,-0.384099,4.28139,0,0.855375,0,0,0.51801,0,0,0,5.99283e-06,0,0,0
1765976281320489,0,-0.384099,4.28139,0,0.855375,0,0,0.51801,-0.384099,4.28139,0,0.855375,0,0,0.51801,0,0,0,5.99283e-06,0,0,0
1765976281330634,0,-0.384099,4.28139,0,0.855375,0,0,0.51801,-0.384099,4.28139,0,0.855375,0,0,0.51801,2.93764e-06,0,0,0,0,0,0
1765976281330634,0,-0.384099,4.28139,0,0.855375,0,0,0.51801,-0.384099,4.28139,0,0.855375,0,0,0.51801,2.93764e-06,0,0,0,0,0,0
1765976281340645,0,-0.384099,4.28139,0,0.855375,0,0,0.51801,-0.384099,4.28139,0,0.855375,0,0,0.51801,-2.97696e-06,0,0,0,0,0,0
1765976281340645,0,-0.384099,4.28139,0,0.855375,0,0,0.51801,-0.384099,4.28139,0,0.855375,0,0,0.51801,-2.97696e-06,0,0,0,0,0,0
1765976281350618,0,-0.384099,4.28139,0,0.855375,0,0,0.51801,-0.384099,4.28139,0,0.855375,0,0,0.51801,2.9883e-06,0,0,-5.9766e-06,0,0,0
1765976281350618,0,-0.384099,4.28139,0,0.855375,0,0,0.51801,-0.384099,4.28139,0,0.855375,0,0,0.51801,2.9883e-06,0,0,-5.9766e-06,0,0,0
1765976281360692,0,-0.384099,4.28139,0,0.855375,0,0,0.51801,-0.384099,4.28139,0,0.855375,0,0,0.51801,0,0,0,0,0,0,0
1765976281360692,0,-0.384099,4.28139,0,0.855375,0,0,0.51801,-0.384099,4.28139,0,0.855375,0,0,0.51801,0,0,0,0,0,0,0
1765976281370635,0,-0.384099,4.28139,0,0.855375,0,0,0.51801,-0.384099,4.28139,0,0.855375,0,0,0.51801,0,0,0,0,0,0,0
1765976281370635,0,-0.384099,4.28139,0,0.855375,0,0,0.51801,-0.384099,4.28139,0,0.855375,0,0,0.51801,0,0,0,0,0,0,0
1765976281380644,0,-0.384099,4.28139,0,0.855375,0,0,0.51801,-0.384099,4.28139,0,0.855375,0,0,0.51801,0,0,0,0,0,0,0
1765976281380644,0,-0.384099,4.28139,0,0.855375,0,0,0.51801,-0.384099,4.28139,0,0.855375,0,0,0.51801,0,0,0,0,0,0,0
1765976281390621,0,-0.384099,4.28139,0,0.855375,0,0,0.51801,-0.384099,4.28139,0,0.855375,0,0,0.51801,0,0,0,0,0,0,0
1765976281390621,0,-0.384099,4.28139,0,0.855375,0,0,0.51801,-0.384099,4.28139,0,0.855375,0,0,0.51801,0,0,0,0,0,0,0
1765976281400683,0,-0.384099,4.28139,0,0.855375,0,0,0.51801,-0.384099,4.28139,0,0.855375,0,0,0.51801,-2.96187e-06,0,0,0,0,0,0
1765976281400683,0,-0.384099,4.28139,0,0.855375,0,0,0.51801,-0.384099,4.28139,0,0.855375,0,0,0.51801,-2.96187e-06,0,0,0,0,0,0
1765976281410595,0,-0.384099,4.28139,0,0.855375,0,0,0.51801,-0.384099,4.28139,0,0.855375,0,0,0.51801,0,0,0,0,0,0,0
1765976281410595,0,-0.384099,4.28139,0,0.855375,0,0,0.51801,-0.384099,4.28139,0,0.855375,0,0,0.51801,0,0,0,0,0,0,0
1765976281420560,0,-0.384099,4.28139,0,0.855375,0,0,0.51801,-0.384099,4.28139,0,0.855375,0,0,0.51801,0,0,0,0,0,0,0
1765976281420560,0,-0.384099,4.28139,0,0.855375,0,0,0.51801,-0.384099,4.28139,0,0.855375,0,0,0.51801,0,0,0,0,0,0,0
1765976281430536,0,-0.384099,4.28139,0,0.855375,0,0,0.51801,-0.384099,4.28139,0,0.855375,0,0,0.51801,0,0,0,5.9748e-06,0,0,0
1765976281430536,0,-0.384099,4.28139,0,0.855375,0,0,0.51801,-0.384099,4.28139,0,0.855375,0,0,0.51801,0,0,0,5.9748e-06,0,0,0
1765976281440672,0,-0.384099,4.28139,0,0.855375,0,0,0.51801,-0.384099,4.28139,0,0.855375,0,0,0.51801,0,0,0,0,0,0,0
1765976281440672,0,-0.384099,4.28139,0,0.855375,0,0,0.51801,-0.384099,4.28139,0,0.855375,0,0,0.51801,0,0,0,0,0,0,0
1765976281450608,0,-0.384099,4.28139,0,0.855375,0,0,0.51801,-0.384099,4.28139,0,0.855375,0,0,0.51801,0,0,0,5.99886e-06,0,0,0
1765976281450608,0,-0.384099,4.28139,0,0.855375,0,0,0.51801,-0.384099,4.28139,0,0.855375,0,0,0.51801,0,0,0,5.99886e-06,0,0,0
1765976281460728,0,-0.384099,4.28139,0,0.855375,0,0,0.51801,-0.384099,4.28139,0,0.855375,0,0,0.51801,0,0,0,0,0,0,0
1765976281460728,0,-0.384099,4.28139,0,0.855375,0,0,0.51801,-0.384099,4.28139,0,0.855375,0,0,0.51801,0,0,0,0,0,0,0
1765976281470597,0,-0.384099,4.28139,0,0.855375,0,0,0.51801,-0.384099,4.28139,0,0.855375,0,0,0.51801,0,0,0,0,0,0,0
1765976281470597,0,-0.384099,4.28139,0,0.855375,0,0,0.51801,-0.384099,4.28139,0,0.855375,0,0,0.51801,0,0,0,0,0,0,0
1765976281480806,0,-0.384099,4.28139,0,0.855375,0,0,0.51801,-0.384099,4.28139,0,0.855375,0,0,0.51801,0,0,0,0,0,0,0
1765976281480806,0,-0.384099,4.28139,0,0.855375,0,0,0.51801,-0.384099,4.28139,0,0.855375,0,0,0.51801,0,0,0,0,0,0,0
1765976281490613,0,-0.384099,4.28139,0,0.855375,0,0,0.51801,-0.384099,4.28139,0,0.855375,0,0,0.51801,0,0,0,0,0,0,0
1765976281490613,0,-0.384099,4.28139,0,0.855375,0,0,0.51801,-0.384099,4.28139,0,0.855375,0,0,0.51801,0,0,0,0,0,0,0
1765976281500682,0,-0.384099,4.28139,0,0.855375,0,0,0.51801,-0.384099,4.28139,0,0.855375,0,0,0.51801,0,0,0,0,0,0,0
1765976281500682,0,-0.384099,4.28139,0,0.855375,0,0,0.51801,-0.384099,4.28139,0,0.855375,0,0,0.51801,0,0,0,0,0,0,0
1765976281510660,0,-0.384099,4.28139,0,0.855375,0,0,0.51801,-0.384099,4.28139,0,0.855375,0,0,0.51801,0,0,0,0,0,0,0
1765976281510660,0,-0.384099,4.28139,0,0.855375,0,0,0.51801,-0.384099,4.28139,0,0.855375,0,0,0.51801,0,0,0,0,0,0,0
1765976281520458,0,-0.384099,4.28139,0,0.855375,0,0,0.51801,-0.384099,4.28139,0,0.855375,0,0,0.51801,0,0,0,0,0,0,0
1765976281520458,0,-0.384099,4.28139,0,0.855375,0,0,0.51801,-0.384099,4.28139,0,0.855375,0,0,0.51801,0,0,0,0,0,0,0
1765976281530472,0,-0.384099,4.28139,0,0.855375,0,0,0.51801,-0.384099,4.28139,0,0.855375,0,0,0.51801,0,0,0,0,0,0,0
1765976281530472,0,-0.384099,4.28139,0,0.855375,0,0,0.51801,-0.384099,4.28139,0,0.855375,0,0,0.51801,0,0,0,0,0,0,0
1765976281540469,0,-0.384099,4.28139,0,0.855375,0,0,0.51801,-0.384099,4.28139,0,0.855375,0,0,0.51801,2.98113e-06,0,0,0,0,0,0
1765976281540469,0,-0.384099,4.28139,0,0.855375,0,0,0.51801,-0.384099,4.28139,0,0.855375,0,0,0.51801,2.98113e-06,0,0,0,0,0,0
1765976281550498,0,-0.384099,4.28139,0,0.855375,0,0,0.51801,-0.384099,4.28139,0,0.855375,0,0,0.51801,0,0,0,0,0,0,0
1765976281550498,0,-0.384099,4.28139,0,0.855375,0,0,0.51801,-0.384099,4.28139,0,0.855375,0,0,0.51801,0,0,0,0,0,0,0
1765976281560574,0,-0.384099,4.28139,0,0.855375,0,0,0.51801,-0.384099,4.28139,0,0.855375,0,0,0.51801,0,0,0,0,0,0,0
1765976281560574,0,-0.384099,4.28139,0,0.855375,0,0,0.51801,-0.384099,4.28139,0,0.855375,0,0,0.51801,0,0,0,0,0,0,0
1765976281570481,0,-0.384099,4.28139,0,0.855375,0,0,0.51801,-0.384099,4.28139,0,0.855375,0,0,0.51801,0,0,0,6.01642e-06,0,0,0
1765976281570481,0,-0.384099,4.28139,0,0.855375,0,0,0.51801,-0.384099,4.28139,0,0.855375,0,0,0.51801,0,0,0,6.01642e-06,0,0,0
1765976281580569,0,-0.384099,4.28139,0,0.855375,0,0,0.51801,-0.384099,4.28139,0,0.855375,0,0,0.51801,-2.95423e-06,0,0,0,0,0,0
1765976281580569,0,-0.384099,4.28139,0,0.855375,0,0,0.51801,-0.384099,4.28139,0,0.855375,0,0,0.51801,-2.95423e-06,0,0,0,0,0,0
1765976281590696,0,-0.384099,4.28139,0,0.855375,0,0,0.51801,-0.384099,4.28139,0,0.855375,0,0,0.51801,0,0,0,-5.88572e-06,0,0,0
1765976281590696,0,-0.384099,4.28139,0,0.855375,0,0,0.51801,-0.384099,4.28139,0,0.855375,0,0,0.51801,0,0,0,-5.88572e-06,0,0,0
1765976281600788,0,-0.384099,4.28139,0,0.855375,0,0,0.51801,-0.384099,4.28139,0,0.855375,0,0,0.51801,0,0,0,0,0,0,0
1765976281600788,0,-0.384099,4.28139,0,0.855375,0,0,0.51801,-0.384099,4.28139,0,0.855375,0,0,0.51801,0,0,0,0,0,0,0
1765976281610690,0,-0.384099,4.28139,0,0.855375,0,0,0.51801,-0.384099,4.28139,0,0.855375,0,0,0.51801,0,0,0,0,0,0,0
1765976281610690,0,-0.384099,4.28139,0,0.855375,0,0,0.51801,-0.384099,4.28139,0,0.855375,0,0,0.51801,0,0,0,0,0,0,0
1765976281620577,0,-0.384099,4.28139,0,0.855375,0,0,0.51801,-0.384099,4.28139,0,0.855375,0,0,0.51801,0,0,0,0,0,0,0
1765976281620577,0,-0.384099,4.28139,0,0.855375,0,0,0.51801,-0.384099,4.28139,0,0.855375,0,0,0.51801,0,0,0,0,0,0,0
1765976281630546,0,-0.384099,4.28139,0,0.855375,0,0,0.51801,-0.384099,4.28139,0,0.855375,0,0,0.51801,0,0,0,0,0,0,0
1765976281630546,0,-0.384099,4.28139,0,0.855375,0,0,0.51801,-0.384099,4.28139,0,0.855375,0,0,0.51801,0,0,0,0,0,0,0
1765976281640800,0,-0.384099,4.28139,0,0.855375,0,0,0.51801,-0.384099,4.28139,0,0.855375,0,0,0.51801,0,0,0,0,0,0,0
1765976281640800,0,-0.384099,4.28139,0,0.855375,0,0,0.51801,-0.384099,4.28139,0,0.855375,0,0,0.51801,0,0,0,0,0,0,0
1765976281650670,0,-0.384099,4.28139,0,0.855375,0,0,0.51801,-0.384099,4.28139,0,0.855375,0,0,0.51801,0,0,0,0,0,0,6.03897e-06
1765976281650670,0,-0.384099,4.28139,0,0.855375,0,0,0.51801,-0.384099,4.28139,0,0.855375,0,0,0.51801,0,0,0,0,0,0,6.03897e-06
1765976281660721,0,-0.384099,4.28139,0,0.855375,0,0,0.51801,-0.384099,4.28139,0,0.855375,0,0,0.51801,2.96511e-06,0,0,0,0,0,0
1765976281660721,0,-0.384099,4.28139,0,0.855375,0,0,0.51801,-0.384099,4.28139,0,0.855375,0,0,0.51801,2.96511e-06,0,0,0,0,0,0
1765976281670676,0,-0.384099,4.28139,0,0.855375,0,0,0.51801,-0.384099,4.28139,0,0.855375,0,0,0.51801,0,0,0,-5.98741e-06,0,0,0
1765976281670676,0,-0.384099,4.28139,0,0.855375,0,0,0.51801,-0.384099,4.28139,0,0.855375,0,0,0.51801,0,0,0,-5.98741e-06,0,0,0
1765976281680853,0,-0.384099,4.28139,0,0.855375,0,0,0.51801,-0.384099,4.28139,0,0.855375,0,0,0.51801,0,0,0,-5.8568e-06,0,0,0
1765976281680853,0,-0.384099,4.28139,0,0.855375,0,0,0.51801,-0.384099,4.28139,0,0.855375,0,0,0.51801,0,0,0,-5.8568e-06,0,0,0
1765976281690658,0,-0.384099,4.28139,0,0.855375,0,0,0.51801,-0.384099,4.28139,0,0.855375,0,0,0.51801,3.0395e-06,0,0,6.079e-06,0,0,0
1765976281690658,0,-0.384099,4.28139,0,0.855375,0,0,0.51801,-0.384099,4.28139,0,0.855375,0,0,0.51801,3.0395e-06,0,0,6.079e-06,0,0,0
1765976281700753,0,-0.384099,4.28139,0,0.855375,0,0,0.51801,-0.384099,4.28139,0,0.855375,0,0,0.51801,0,0,0,0,0,0,0
1765976281700753,0,-0.384099,4.28139,0,0.855375,0,0,0.51801,-0.384099,4.28139,0,0.855375,0,0,0.51801,0,0,0,0,0,0,0
1765976281710711,0,-0.384099,4.28139,0,0.855375,0,0,0.51801,-0.384099,4.28139,0,0.855375,0,0,0.51801,-2.9928e-06,0,0,0,0,0,0
1765976281710711,0,-0.384099,4.28139,0,0.855375,0,0,0.51801,-0.384099,4.28139,0,0.855375,0,0,0.51801,-2.9928e-06,0,0,0,0,0,0
1765976281720489,0,-0.384099,4.28139,0,0.855375,0,0,0.51801,-0.384099,4.28139,0,0.855375,0,0,0.51801,-3.0479e-06,0,0,0,0,0,0
1765976281720489,0,-0.384099,4.28139,0,0.855375,0,0,0.51801,-0.384099,4.28139,0,0.855375,0,0,0.51801,-3.0479e-06,0,0,0,0,0,0
1765976281730727,0,-0.384099,4.28139,0,0.855375,0,0,0.51801,-0.384099,4.28139,0,0.855375,0,0,0.51801,0,0,0,0,0,0,0
1765976281730727,0,-0.384099,4.28139,0,0.855375,0,0,0.51801,-0.384099,4.28139,0,0.855375,0,0,0.51801,0,0,0,0,0,0,0
1765976281740596,0,-0.384099,4.28139,0,0.855375,0,0,0.51801,-0.384099,4.28139,0,0.855375,0,0,0.51801,0,0,0,0,0,0,0
1765976281740596,0,-0.384099,4.28139,0,0.855375,0,0,0.51801,-0.384099,4.28139,0,0.855375,0,0,0.51801,0,0,0,0,0,0,0
1765976281750559,0,-0.384099,4.28139,0,0.855375,0,0,0.51801,-0.384099,4.28139,0,0.855375,0,0,0.51801,-2.9913e-06,0,0,0,0,0,0
1765976281750559,0,-0.384099,4.28139,0,0.855375,0,0,0.51801,-0.384099,4.28139,0,0.855375,0,0,0.51801,-2.9913e-06,0,0,0,0,0,0
1765976281760618,0,-0.384099,4.28139,0,0.855375,0,0,0.51801,-0.384099,4.28139,0,0.855375,0,0,0.51801,0,0,0,0,0,0,0
1765976281760618,0,-0.384099,4.28139,0,0.855375,0,0,0.51801,-0.384099,4.28139,0,0.855375,0,0,0.51801,0,0,0,0,0,0,0
1765976281770544,0,-0.384099,4.28139,0,0.855375,0,0,0.51801,-0.384099,4.28139,0,0.855375,0,0,0.51801,3.00245e-06,0,0,0,0,0,0
1765976281770544,0,-0.384099,4.28139,0,0.855375,0,0,0.51801,-0.384099,4.28139,0,0.855375,0,0,0.51801,3.00245e-06,0,0,0,0,0,0
1765976281780663,0,-0.384099,4.28139,0,0.855375,0,0,0.51801,-0.384099,4.28139,0,0.855375,0,0,0.51801,0,0,0,0,0,0,0
1765976281780663,0,-0.384099,4.28139,0,0.855375,0,0,0.51801,-0.384099,4.28139,0,0.855375,0,0,0.51801,0,0,0,0,0,0,0
1765976281790662,0,-0.384099,4.28139,0,0.855375,0,0,0.51801,-0.384099,4.28139,0,0.855375,0,0,0.51801,0,0,0,0,0,0,0
1765976281790662,0,-0.384099,4.28139,0,0.855375,0,0,0.51801,-0.384099,4.28139,0,0.855375,0,0,0.51801,0,0,0,0,0,0,0
1765976281800645,0,-0.384099,4.28139,0,0.855375,0,0,0.51801,-0.384099,4.28139,0,0.855375,0,0,0.51801,0,0,0,0,0,0,0
1765976281800645,0,-0.384099,4.28139,0,0.855375,0,0,0.51801,-0.384099,4.28139,0,0.855375,0,0,0.51801,0,0,0,0,0,0,0
1765976281810745,0,-0.384099,4.28139,0,0.855375,0,0,0.51801,-0.384099,4.28139,0,0.855375,0,0,0.51801,0,0,0,5.90145e-06,0,0,0
1765976281810745,0,-0.384099,4.28139,0,0.855375,0,0,0.51801,-0.384099,4.28139,0,0.855375,0,0,0.51801,0,0,0,5.90145e-06,0,0,0
1765976281820593,0,-0.384099,4.28139,0,0.855375,0,0,0.51801,-0.384099,4.28139,0,0.855375,0,0,0.51801,0,0,0,0,0,0,0
1765976281820593,0,-0.384099,4.28139,0,0.855375,0,0,0.51801,-0.384099,4.28139,0,0.855375,0,0,0.51801,0,0,0,0,0,0,0
1765976281830567,0,-0.384099,4.28139,0,0.855375,0,0,0.51801,-0.384099,4.28139,0,0.855375,0,0,0.51801,2.988e-06,0,0,0,0,0,0
1765976281830567,0,-0.384099,4.28139,0,0.855375,0,0,0.51801,-0.384099,4.28139,0,0.855375,0,0,0.51801,2.988e-06,0,0,0,0,0,0
1765976281840651,0,-0.384099,4.28139,0,0.855375,0,0,0.51801,-0.384099,4.28139,0,0.855375,0,0,0.51801,0,0,0,0,0,0,0
1765976281840651,0,-0.384099,4.28139,0,0.855375,0,0,0.51801,-0.384099,4.28139,0,0.855375,0,0,0.51801,0,0,0,0,0,0,0
1765976281850653,0,-0.384099,4.28139,0,0.855375,0,0,0.51801,-0.384099,4.28139,0,0.855375,0,0,0.51801,0,0,0,0,0,0,0
1765976281850653,0,-0.384099,4.28139,0,0.855375,0,0,0.51801,-0.384099,4.28139,0,0.855375,0,0,0.51801,0,0,0,0,0,0,0
1765976281860647,0,-0.384099,4.28139,0,0.855375,0,0,0.51801,-0.384099,4.28139,0,0.855375,0,0,0.51801,0,0,0,0,0,0,0
1765976281860647,0,-0.384099,4.28139,0,0.855375,0,0,0.51801,-0.384099,4.28139,0,0.855375,0,0,0.51801,0,0,0,0,0,0,0
1765976281870477,0,-0.384099,4.28139,0,0.855375,0,0,0.51801,-0.384099,4.28139,0,0.855375,0,0,0.51801,0,0,0,0,0,0,0
1765976281870477,0,-0.384099,4.28139,0,0.855375,0,0,0.51801,-0.384099,4.28139,0,0.855375,0,0,0.51801,0,0,0,0,0,0,0
1765976281880655,0,-0.384099,4.28139,0,0.855375,0,0,0.51801,-0.384099,4.28139,0,0.855375,0,0,0.51801,0,0,0,0,0,0,0
1765976281880655,0,-0.384099,4.28139,0,0.855375,0,0,0.51801,-0.384099,4.28139,0,0.855375,0,0,0.51801,0,0,0,0,0,0,0
1765976281890587,0,-0.384099,4.28139,0,0.855375,0,0,0.51801,-0.384099,4.28139,0,0.855375,0,0,0.51801,0,0,0,0,0,0,0
1765976281890587,0,-0.384099,4.28139,0,0.855375,0,0,0.51801,-0.384099,4.28139,0,0.855375,0,0,0.51801,0,0,0,0,0,0,0
1765976281900502,0,-0.384099,4.28139,0,0.855375,0,0,0.51801,-0.384099,4.28139,0,0.855375,0,0,0.51801,0,0,0,0,0,0,0
1765976281900502,0,-0.384099,4.28139,0,0.855375,0,0,0.51801,-0.384099,4.28139,0,0.855375,0,0,0.51801,0,0,0,0,0,0,0
1765976281910495,0,-0.384099,4.28139,0,0.855375,0,0,0.51801,-0.384099,4.28139,0,0.855375,0,0,0.51801,2.98232e-06,0,0,0,0,0,0
1765976281910495,0,-0.384099,4.28139,0,0.855375,0,0,0.51801,-0.384099,4.28139,0,0.855375,0,0,0.51801,2.98232e-06,0,0,0,0,0,0
1765976281920492,0,-0.384099,4.28139,0,0.855375,0,0,0.51801,-0.384099,4.28139,0,0.855375,0,0,0.51801,0,0,0,-5.96225e-06,0,0,-5.96225e-06
1765976281920492,0,-0.384099,4.28139,0,0.855375,0,0,0.51801,-0.384099,4.28139,0,0.855375,0,0,0.51801,0,0,0,-5.96225e-06,0,0,-5.96225e-06
1765976281930695,0,-0.384099,4.28139,0,0.855375,0,0,0.51801,-0.384099,4.28139,0,0.855375,0,0,0.51801,0,0,0,0,0,0,0
1765976281930695,0,-0.384099,4.28139,0,0.855375,0,0,0.51801,-0.384099,4.28139,0,0.855375,0,0,0.51801,0,0,0,0,0,0,0
1765976281940486,0,-0.384099,4.28139,0,0.855375,0,0,0.51801,-0.384099,4.28139,0,0.855375,0,0,0.51801,0,0,0,0,0,0,0
1765976281940486,0,-0.384099,4.28139,0,0.855375,0,0,0.51801,-0.384099,4.28139,0,0.855375,0,0,0.51801,0,0,0,0,0,0,0
1765976281950448,0,-0.384099,4.28139,0,0.855375,0,0,0.51801,-0.384099,4.28139,0,0.855375,0,0,0.51801,0,0,0,0,0,0,0
1765976281950448,0,-0.384099,4.28139,0,0.855375,0,0,0.51801,-0.384099,4.28139,0,0.855375,0,0,0.51801,0,0,0,0,0,0,0
1765976281960572,0,-0.384099,4.28139,0,0.855375,0,0,0.51801,-0.384099,4.28139,0,0.855375,0,0,0.51801,0,0,0,0,0,0,0
1765976281960572,0,-0.384099,4.28139,0,0.855375,0,0,0.51801,-0.384099,4.28139,0,0.855375,0,0,0.51801,0,0,0,0,0,0,0
1765976281970606,0,-0.384099,4.28139,0,0.855375,0,0,0.51801,-0.384099,4.28139,0,0.855375,0,0,0.51801,-2.97013e-06,0,0,0,0,0,0
1765976281970606,0,-0.384099,4.28139,0,0.855375,0,0,0.51801,-0.384099,4.28139,0,0.855375,0,0,0.51801,-2.97013e-06,0,0,0,0,0,0
1765976281980647,0,-0.384099,4.28139,0,0.855375,0,0,0.51801,-0.384099,4.28139,0,0.855375,0,0,0.51801,-2.96806e-06,0,0,0,0,0,0
1765976281980647,0,-0.384099,4.28139,0,0.855375,0,0,0.51801,-0.384099,4.28139,0,0.855375,0,0,0.51801,-2.96806e-06,0,0,0,0,0,0
1765976281990714,0,-0.384099,4.28139,0,0.855375,0,0,0.51801,-0.384099,4.28139,0,0.855375,0,0,0.51801,2.9604e-06,0,0,0,0,0,0
1765976281990714,0,-0.384099,4.28139,0,0.855375,0,0,0.51801,-0.384099,4.28139,0,0.855375,0,0,0.51801,2.9604e-06,0,0,0,0,0,0
1765976282000680,0,-0.384099,4.28139,0,0.855375,0,0,0.51801,-0.384099,4.28139,0,0.855375,0,0,0.51801,0,0,0,0,0,0,0
1765976282000680,0,-0.384099,4.28139,0,0.855375,0,0,0.51801,-0.384099,4.28139,0,0.855375,0,0,0.51801,0,0,0,0,0,0,0
1765976282010625,0,-0.384099,4.28139,0,0.855375,0,0,0.51801,-0.384099,4.28139,0,0.855375,0,0,0.51801,2.99671e-06,0,0,5.99343e-06,0,0,0
1765976282010625,0,-0.384099,4.28139,0,0.855375,0,0,0.51801,-0.384099,4.28139,0,0.855375,0,0,0.51801,2.99671e-06,0,0,5.99343e-06,0,0,0
1765976282020575,0,-0.384099,4.28139,0,0.855375,0,0,0.51801,-0.384099,4.28139,0,0.855375,0,0,0.51801,0,0,0,0,0,0,0
1765976282020575,0,-0.384099,4.28139,0,0.855375,0,0,0.51801,-0.384099,4.28139,0,0.855375,0,0,0.51801,0,0,0,0,0,0,0
1765976282030550,0,-0.384099,4.28139,0,0.855375,0,0,0.51801,-0.384099,4.28139,0,0.855375,0,0,0.51801,0,0,0,-5.9754e-06,0,0,0
1765976282030550,0,-0.384099,4.28139,0,0.855375,0,0,0.51801,-0.384099,4.28139,0,0.855375,0,0,0.51801,0,0,0,-5.9754e-06,0,0,0
1765976282040683,0,-0.384099,4.28139,0,0.855375,0,0,0.51801,-0.384099,4.28139,0,0.855375,0,0,0.51801,0,0,0,0,0,0,0
1765976282040683,0,-0.384099,4.28139,0,0.855375,0,0,0.51801,-0.384099,4.28139,0,0.855375,0,0,0.51801,0,0,0,0,0,0,0
1765976282050592,0,-0.384099,4.28139,0,0.855375,0,0,0.51801,-0.384099,4.28139,0,0.855375,0,0,0.51801,0,0,0,0,0,0,0
1765976282050592,0,-0.384099,4.28139,0,0.855375,0,0,0.51801,-0.384099,4.28139,0,0.855375,0,0,0.51801,0,0,0,0,0,0,0
1765976282060721,0,-0.384099,4.28139,0,0.855375,0,0,0.51801,-0.384099,4.28139,0,0.855375,0,0,0.51801,0,0,0,5.88455e-06,0,0,5.88455e-06
1765976282060721,0,-0.384099,4.28139,0,0.855375,0,0,0.51801,-0.384099,4.28139,0,0.855375,0,0,0.51801,0,0,0,5.88455e-06,0,0,5.88455e-06
1765976282070522,0,-0.384099,4.28139,0,0.855375,0,0,0.51801,-0.384099,4.28139,0,0.855375,0,0,0.51801,0,0,0,0,0,0,0
1765976282070522,0,-0.384099,4.28139,0,0.855375,0,0,0.51801,-0.384099,4.28139,0,0.855375,0,0,0.51801,0,0,0,0,0,0,0
1765976282080717,0,-0.384099,4.28139,0,0.855375,0,0,0.51801,-0.384099,4.28139,0,0.855375,0,0,0.51801,0,0,0,0,0,0,0
1765976282080717,0,-0.384099,4.28139,0,0.855375,0,0,0.51801,-0.384099,4.28139,0,0.855375,0,0,0.51801,0,0,0,0,0,0,0
1765976282090547,0,-0.384099,4.28139,0,0.855375,0,0,0.51801,-0.384099,4.28139,0,0.855375,0,0,0.51801,0,0,0,0,0,0,0
1765976282090547,0,-0.384099,4.28139,0,0.855375,0,0,0.51801,-0.384099,4.28139,0,0.855375,0,0,0.51801,0,0,0,0,0,0,0
1765976282100501,0,-0.384099,4.28139,0,0.855375,0,0,0.51801,-0.384099,4.28139,0,0.855375,0,0,0.51801,0,0,0,0,0,0,0
1765976282100501,0,-0.384099,4.28139,0,0.855375,0,0,0.51801,-0.384099,4.28139,0,0.855375,0,0,0.51801,0,0,0,0,0,0,0
1765976282110508,0,-0.384099,4.28139,0,0.855375,0,0,0.51801,-0.384099,4.28139,0,0.855375,0,0,0.51801,0,0,0,0,0,0,0
1765976282110508,0,-0.384099,4.28139,0,0.855375,0,0,0.51801,-0.384099,4.28139,0,0.855375,0,0,0.51801,0,0,0,0,0,0,0
1765976282120507,0,-0.384099,4.28139,0,0.855375,0,0,0.51801,-0.384099,4.28139,0,0.855375,0,0,0.51801,0,0,0,0,0,0,0
1765976282120507,0,-0.384099,4.28139,0,0.855375,0,0,0.51801,-0.384099,4.28139,0,0.855375,0,0,0.51801,0,0,0,0,0,0,0
